Virtual Brand ID,Account Name,Address,Licensed Virtual Brand,City,State,VB Order Protocol,DoorDash Brand Status,UberEats Brand Status,Grubhub Brand Status,DoorDash StoreID,UberEats UUID,Grubhub CID,QA Auditor (from Account Name),Account Managers Name (from Account Name),CSA Name (from Account Name),Account Advisor (from Account Name),Hours of Operation
recmfukfTshkKdHrr,1 Up Bistro - 1404 Madison Ave,"1404 Madison Ave, New York, NY 10029",Manhattan Salad Bar,New York,NY,Our Otter,DoorDash - Discontinued,Discontinued by UE,Active,1804228,65c96089-15fa-4e93-bb37-68300dca732c,2795257,Mau Liboon,Ria Jain,Ferlyn Torres,Leix Anthony Almeda,"TODC Hours: Monday - Friday: 6:30am - 8pm, Saturday: 6:30am - 7pm, Sunday: 6:30am - 3pm"
recqnRrhcCfEI90nb,1 Up Bistro - 1404 Madison Ave,"1404 Madison Ave, New York, NY 10029",The Bagel Savage,New York,NY,Our Otter,DoorDash - Discontinued,Active,Active,1465631,2eb86432-5509-4fd6-a69f-cc29c10c282f,2489526,Mau Liboon,Ria Jain,Ferlyn Torres,Leix Anthony Almeda,"TODC Hours: Monday - Friday: 6:30am - 8pm, Saturday: 6:30am - 7pm, Sunday: 6:30am - 3pm"
recvRuJ2pjCrqdnnr,1 Up Bistro - 1404 Madison Ave,"1404 Madison Ave, New York, NY 10029",Fiona's Pancake Bar,New York,NY,Our Otter,Active,Discontinued by UE,Active,1008360,a3692f55-575c-4dd4-8785-c3f36ffae7ab,2223864,Mau Liboon,Ria Jain,Ferlyn Torres,Leix Anthony Almeda,"TODC Hours: Monday - Friday: 6:30am - 8pm, Saturday: 6:30am - 7pm, Sunday: 6:30am - 3pm"
recW9HwF3YzYwcqfI,1 Up Bistro - 1404 Madison Ave,"1404 Madison Ave, New York, NY 10029",Wonda's Wrap Cafe,New York,NY,Our Otter,DoorDash - Discontinued,Discontinued TODC audit,Active,1803462,72aad190-309a-4227-b218-b91839208c64,2796225,Mau Liboon,Ria Jain,Ferlyn Torres,Leix Anthony Almeda,"TODC Hours: Monday - Friday: 6:30am - 8pm, Saturday: 6:30am - 7pm, Sunday: 6:30am - 3pm"
rec0Ps5R61LdsgE6i,1 Up Bistro - 1404 Madison Ave,"1404 Madison Ave, New York, NY 10029",Ali's Gyro Lab,New York,NY,Our Otter,Active,Discontinued - UE Low Sales,Active,1581162,d24f3abb-b90c-4740-a6e7-d5925f7a56eb,2730399,Mau Liboon,Ria Jain,Ferlyn Torres,Leix Anthony Almeda,"TODC Hours: Monday - Friday: 6:30am - 8pm, Saturday: 6:30am - 7pm, Sunday: 6:30am - 3pm"
rec1D6HxKsK3iq8lG,1 Up Bistro - 1404 Madison Ave,"1404 Madison Ave, New York, NY 10029",General's French Toast,New York,NY,Our Otter,DoorDash - Discontinued,Discontinued by UE,Active,23047847,be7b5795-aa25-5175-877e-771ec255e5db,3311071,Mau Liboon,Ria Jain,Ferlyn Torres,Leix Anthony Almeda,"TODC Hours: Monday - Friday: 6:30am - 8pm, Saturday: 6:30am - 7pm, Sunday: 6:30am - 3pm"
rec9XZJvRaBqqbkWB,1 Up Bistro - 1404 Madison Ave,"1404 Madison Ave, New York, NY 10029",Mary's Chicken Sandwiches,New York,NY,Our Otter,Discontinued - DoorDash Fraud,Discontinued by UE,Active,25104328,f8d4f6b1-30b4-40c8-84d9-aa391f16f436,2728693,Mau Liboon,Ria Jain,Ferlyn Torres,Leix Anthony Almeda,"TODC Hours: Monday - Friday: 6:30am - 8pm, Saturday: 6:30am - 7pm, Sunday: 6:30am - 3pm"
recg2zCDAy7tnLU3T,1 Up Bistro - 1404 Madison Ave,"1404 Madison Ave, New York, NY 10029",The Burger Co,New York,NY,Our Otter,DoorDash - Discontinued,Discontinued - UE Low Sales,Active,1465055,5b44eeed-6a43-4a90-9508-9a072a176bb4,2489525,Mau Liboon,Ria Jain,Ferlyn Torres,Leix Anthony Almeda,"TODC Hours: Monday - Friday: 6:30am - 8pm, Saturday: 6:30am - 7pm, Sunday: 6:30am - 3pm"
recDVMCJquxJFU5hC,1 Up Bistro - 1404 Madison Ave,"1404 Madison Ave, New York, NY 10029",Fiona's Breakfast Burritos,New York,NY,Our Otter,DoorDash - Discontinued,Discontinued - UE Low Sales,Active,23047842,989a42de-603c-5b76-ab57-6493efe2ca16,3311173,Mau Liboon,Ria Jain,Ferlyn Torres,Leix Anthony Almeda,"TODC Hours: Monday - Friday: 6:30am - 8pm, Saturday: 6:30am - 7pm, Sunday: 6:30am - 3pm"
recOeZFVBFTPt8gSk,1 Up Bistro - 1404 Madison Ave,"1404 Madison Ave, New York, NY 10029",Taco Paradiso,New York,NY,Our Otter,Active,Discontinued - UE Low Sales,Active,1042619,e60d74dd-3e65-4b26-a499-7ad8ebb67787,2285420,Mau Liboon,Ria Jain,Ferlyn Torres,Leix Anthony Almeda,"TODC Hours: Monday - Friday: 6:30am - 8pm, Saturday: 6:30am - 7pm, Sunday: 6:30am - 3pm"
recQl84zj2wKtf5L2,1 Up Bistro - 1404 Madison Ave,"1404 Madison Ave, New York, NY 10029",Hyde's Grilled Cheese,New York,NY,Our Otter,DoorDash - Discontinued,Discontinued - UE Low Sales,Active,23047736,1afd2ce9-e38a-594a-bfd5-f66e9189e052,3310784,Mau Liboon,Ria Jain,Ferlyn Torres,Leix Anthony Almeda,"TODC Hours: Monday - Friday: 6:30am - 8pm, Saturday: 6:30am - 7pm, Sunday: 6:30am - 3pm"
recRHRNUDPFQ5BTe1,1 Up Bistro - 1404 Madison Ave,"1404 Madison Ave, New York, NY 10029",The Omelette Farm,New York,NY,Our Otter,DoorDash - Discontinued,Discontinued - UE Low Sales,Active,23046138,e6e22e5a-2b84-5592-acae-c50cc11cd911,3310989,Mau Liboon,Ria Jain,Ferlyn Torres,Leix Anthony Almeda,"TODC Hours: Monday - Friday: 6:30am - 8pm, Saturday: 6:30am - 7pm, Sunday: 6:30am - 3pm"
recR6ZR6UQUPHrbY2,1 Up Bistro - 1404 Madison Ave,"1404 Madison Ave, New York, NY 10029",Olivia's Omelettes,New York,NY,Our Otter,DoorDash - Discontinued,Discontinued - UE Low Sales,Active,1581138,f9464f1e-cace-4ba0-a9cc-eb386fc77597,2729777,Mau Liboon,Ria Jain,Ferlyn Torres,Leix Anthony Almeda,"TODC Hours: Monday - Friday: 6:30am - 8pm, Saturday: 6:30am - 7pm, Sunday: 6:30am - 3pm"
recqAHSrXmk7OsQAg,1st Ave Gourmet Deli - 1741 1st Avenue,"1741 1st Avenue, New York, NY 10128",Sam's Sandwich Spot,New York,NY,Our Otter,DoorDash - Discontinued,Discontinued - UE Low Sales,Active,23906789,ba6b4d1b-4741-524c-836a-f679abb852df,4518800,Mau Liboon,Chris Garner,Rachelle Kate Funa,Leix Anthony Almeda,TODC Hours: Monday - Sunday: 6:00 AM to 11:30 PM
recsiHDbtcppLXqAy,1st Ave Gourmet Deli - 1741 1st Avenue,"1741 1st Avenue, New York, NY 10128",TacoTaste Mexican,New York,NY,Our Otter,Active,Active,Active,31463157,70a52ee6-4afa-50e5-9ac7-e354f0189bfd,9814992,Mau Liboon,Chris Garner,Rachelle Kate Funa,Leix Anthony Almeda,TODC Hours: Monday - Sunday: 6:00 AM to 11:30 PM
recuVL9DGtM3Udbfi,1st Ave Gourmet Deli - 1741 1st Avenue,"1741 1st Avenue, New York, NY 10128",The Sandwich Slut,New York,NY,Our Otter,Discontinued - DoorDash Fraud,Discontinued - UE Low Sales,Active,1726258,e5da0d67-cfdf-470a-9be7-35c10142a949,2773050,Mau Liboon,Chris Garner,Rachelle Kate Funa,Leix Anthony Almeda,TODC Hours: Monday - Sunday: 6:00 AM to 11:30 PM
recuRsYBjRJom8txu,1st Ave Gourmet Deli - 1741 1st Avenue,"1741 1st Avenue, New York, NY 10128",Princess Panini,New York,NY,Our Otter,Active,Discontinued - UE Low Sales,Grubhub Discontinued - Failed Concept,2145951,3ad89abc-6294-4778-9121-bbb556241200,2900615,Mau Liboon,Chris Garner,Rachelle Kate Funa,Leix Anthony Almeda,TODC Hours: Monday - Sunday: 6:00 AM to 11:30 PM
recv41n9fjqX7eYB4,1st Ave Gourmet Deli - 1741 1st Avenue,"1741 1st Avenue, New York, NY 10128",Tessa's Fruity Treats,New York,NY,Our Otter,Active,Active,Active,24770405,8511b794-752f-5d11-a560-2f49d8d07de3,5850288,Mau Liboon,Chris Garner,Rachelle Kate Funa,Leix Anthony Almeda,TODC Hours: Monday - Sunday: 6:00 AM to 11:30 PM
recXtVnJFdrgvgOhv,1st Ave Gourmet Deli - 1741 1st Avenue,"1741 1st Avenue, New York, NY 10128",The Sandwich Vibe,New York,NY,Our Otter,Active,Discontinued - UE Low Sales,Active,2162544,98788660-14bd-4424-a14b-1649fd71a213,2900428,Mau Liboon,Chris Garner,Rachelle Kate Funa,Leix Anthony Almeda,TODC Hours: Monday - Sunday: 6:00 AM to 11:30 PM
recX9WEFX6iNPhofh,1st Ave Gourmet Deli - 1741 1st Avenue,"1741 1st Avenue, New York, NY 10128",LV Taco bar,New York,NY,Our Otter,DoorDash - Discontinued,Discontinued - UE Low Sales,Active,1731780,83268fdf-21a8-480b-ab1d-0f30ccbd3833,2776714,Mau Liboon,Chris Garner,Rachelle Kate Funa,Leix Anthony Almeda,TODC Hours: Monday - Sunday: 6:00 AM to 11:30 PM
rec02YJjOT1XVtOC0,1st Ave Gourmet Deli - 1741 1st Avenue,"1741 1st Avenue, New York, NY 10128",The Omelette Farm,New York,NY,Our Otter,Active,Discontinued by UE,Active,2162874,d7939464-455a-4f87-b6db-858024d7643a,2900807,Mau Liboon,Chris Garner,Rachelle Kate Funa,Leix Anthony Almeda,TODC Hours: Monday - Sunday: 6:00 AM to 11:30 PM
rec2AvUhSc5VMPAqv,1st Ave Gourmet Deli - 1741 1st Avenue,"1741 1st Avenue, New York, NY 10128",Hero Sandwich Shop,New York,NY,Our Otter,DoorDash - Discontinued,Discontinued - UE Low Sales,Active,23907076,7c887ac4-7107-51a5-bf0c-f2792c6847ea,4514232,Mau Liboon,Chris Garner,Rachelle Kate Funa,Leix Anthony Almeda,TODC Hours: Monday - Sunday: 6:00 AM to 11:30 PM
rec4EMDr6Vof6t3w8,1st Ave Gourmet Deli - 1741 1st Avenue,"1741 1st Avenue, New York, NY 10128",Smoothie And Dessert Bar,New York,NY,Our Otter,Active,Discontinued by UE,Active,1725679,ea72c6be-be9f-4f9f-bc26-82f2977005b6,2775910,Mau Liboon,Chris Garner,Rachelle Kate Funa,Leix Anthony Almeda,TODC Hours: Monday - Sunday: 6:00 AM to 11:30 PM
rec6epN3vVbrhZHXp,1st Ave Gourmet Deli - 1741 1st Avenue,"1741 1st Avenue, New York, NY 10128",The Pancake Snob,New York,NY,Our Otter,Active,Active,Grubhub Discontinued - Failed Concept,1194035,00eeb433-f2e9-49dd-953f-c00327dc385c,2398009,Mau Liboon,Chris Garner,Rachelle Kate Funa,Leix Anthony Almeda,TODC Hours: Monday - Sunday: 6:00 AM to 11:30 PM
rec8cOLna9Uvkv5G7,1st Ave Gourmet Deli - 1741 1st Avenue,"1741 1st Avenue, New York, NY 10128",Nomad's Bagels,New York,NY,Our Otter,Active,Discontinued - UE Low Sales,Active,23906822,05c09630-e4a8-56ae-996c-7cc1bf442a51,4515648,Mau Liboon,Chris Garner,Rachelle Kate Funa,Leix Anthony Almeda,TODC Hours: Monday - Sunday: 6:00 AM to 11:30 PM
rec9KyM96ApXmR8y3,1st Ave Gourmet Deli - 1741 1st Avenue,"1741 1st Avenue, New York, NY 10128",Aldo's Wraps Spot,New York,NY,Our Otter,Active,Discontinued - UE Low Sales,Active,23906937,e0a02173-c639-5dce-b495-69af8c70579e,4517160,Mau Liboon,Chris Garner,Rachelle Kate Funa,Leix Anthony Almeda,TODC Hours: Monday - Sunday: 6:00 AM to 11:30 PM
reciS5qIXsolk3BBu,1st Ave Gourmet Deli - 1741 1st Avenue,"1741 1st Avenue, New York, NY 10128",Jen's Burger Blaze,New York,NY,Our Otter,DoorDash - Discontinued,Discontinued - UE Low Sales,Active,23906761,92cecf67-433f-59e4-9b78-87a9ac2cc14e,4518808,Mau Liboon,Chris Garner,Rachelle Kate Funa,Leix Anthony Almeda,TODC Hours: Monday - Sunday: 6:00 AM to 11:30 PM
recjT7psTNzWdfoxU,1st Ave Gourmet Deli - 1741 1st Avenue,"1741 1st Avenue, New York, NY 10128",Seth's Sandwiches,New York,NY,Our Otter,DoorDash - Discontinued,Discontinued - UE Low Sales,Active,23907201,7a87f431-4990-5c18-b3a2-58bf5533356a,4521912,Mau Liboon,Chris Garner,Rachelle Kate Funa,Leix Anthony Almeda,TODC Hours: Monday - Sunday: 6:00 AM to 11:30 PM
recxdWbsshmPGY0AC,1st Ave Gourmet Deli - 1741 1st Avenue,"1741 1st Avenue, New York, NY 10128",Sarah's Breakfast Bar,New York,NY,Our Otter,DoorDash - Discontinued,Active,Active,24770547,2e669d8b-2a33-5b41-b0d6-3e9012fbf03c,5851928,Mau Liboon,Chris Garner,Rachelle Kate Funa,Leix Anthony Almeda,TODC Hours: Monday - Sunday: 6:00 AM to 11:30 PM
recxhCGAEVsAKQ98u,1st Ave Gourmet Deli - 1741 1st Avenue,"1741 1st Avenue, New York, NY 10128",Insomnia Buffalo Wings,New York,NY,Our Otter,DoorDash - Discontinued,Discontinued - UE Low Sales,Active,1731699,72874e75-649f-4fcc-ba19-c13935c412d4,2776412,Mau Liboon,Chris Garner,Rachelle Kate Funa,Leix Anthony Almeda,TODC Hours: Monday - Sunday: 6:00 AM to 11:30 PM
recFIcgR6sVHwTVCA,1st Ave Gourmet Deli - 1741 1st Avenue,"1741 1st Avenue, New York, NY 10128",The Gourmet Burger,New York,NY,Our Otter,DoorDash - Discontinued,Discontinued - UE Low Sales,Active,1727862,9d32cc13-5426-49a6-a030-1fedcd54787e,2773358,Mau Liboon,Chris Garner,Rachelle Kate Funa,Leix Anthony Almeda,TODC Hours: Monday - Sunday: 6:00 AM to 11:30 PM
recNlUUCoXgwKWOkO,1st Ave Gourmet Deli - 1741 1st Avenue,"1741 1st Avenue, New York, NY 10128",NY Smoothie Joint,New York,NY,Our Otter,Active,Discontinued - UE Low Sales,Active,23907051,9665d1cf-5ec7-5f4f-b828-e698f8bac9b2,4517168,Mau Liboon,Chris Garner,Rachelle Kate Funa,Leix Anthony Almeda,TODC Hours: Monday - Sunday: 6:00 AM to 11:30 PM
recPoHCT0Zv3coXBn,1st Ave Gourmet Deli - 1741 1st Avenue,"1741 1st Avenue, New York, NY 10128",Bosscat Cheesesteaks,New York,NY,Our Otter,DoorDash - Discontinued,Discontinued - UE Low Sales,Active,1723956,24107981-af50-4749-9f3c-a0a9c5e26e02,2772855,Mau Liboon,Chris Garner,Rachelle Kate Funa,Leix Anthony Almeda,TODC Hours: Monday - Sunday: 6:00 AM to 11:30 PM
recVWmLxDCQaKe7rb,1st Ave Gourmet Deli - 1741 1st Avenue,"1741 1st Avenue, New York, NY 10128",La Bella Italian Desserts,New York,NY,Our Otter,DoorDash - Discontinued,Discontinued - UE Low Sales,Active,1728426,ddd7b8b7-fd57-4be4-8230-1c3a4c61794f,8564288,Mau Liboon,Chris Garner,Rachelle Kate Funa,Leix Anthony Almeda,TODC Hours: Monday - Sunday: 6:00 AM to 11:30 PM
recVvLpqsKMKEFTfp,1st Ave Gourmet Deli - 1741 1st Avenue,"1741 1st Avenue, New York, NY 10128",The Fried Chicken Crave,New York,NY,Our Otter,Active,Active,Active,31672379,0d2329a2-02a7-52df-9ee0-ea31d63eb07a,9822520,Mau Liboon,Chris Garner,Rachelle Kate Funa,Leix Anthony Almeda,TODC Hours: Monday - Sunday: 6:00 AM to 11:30 PM
recVGyf2N5slKijyW,1st Ave Gourmet Deli - 1741 1st Avenue,"1741 1st Avenue, New York, NY 10128",Empire State Panini,New York,NY,Our Otter,Active,Discontinued - UE Low Sales,Active,1725776,545f79ea-9216-431e-9d34-238d03d51977,2773656,Mau Liboon,Chris Garner,Rachelle Kate Funa,Leix Anthony Almeda,TODC Hours: Monday - Sunday: 6:00 AM to 11:30 PM
rec7arie7V5EVCO2j,2nd Ave Gourmet Deli & Grill - 53 2nd Ave,"53 2nd Ave, New York, NY 10003",Angelino's Breakfast Snob,New York,NY,Our Otter,Active,Active,Active,34348665,6f061c75-56f6-51d0-a531-5b2befb4960e,10611392,Tana Jean Frances Liboon,Chris Garner,Eve Paraiso,Jixford L. Polo,"Monday – Sunday, 7:00 AM – 12:00 AM; Last acceptance of orders: 10 minutes before closing time
"
recoXExIzlfudKdvf,2nd Ave Gourmet Deli & Grill - 53 2nd Ave,"53 2nd Ave, New York, NY 10003",Olivia's Sandwich Shack,New York,NY,Our Otter,Active,Active,Active,34348671,4fbe7182-0276-586d-bca0-8890a2c34bf0,10608280,Tana Jean Frances Liboon,Chris Garner,Eve Paraiso,Jixford L. Polo,"Monday – Sunday, 7:00 AM – 12:00 AM; Last acceptance of orders: 10 minutes before closing time
"
recVzVGCmkzwi3EYq,2nd Ave Gourmet Deli & Grill - 53 2nd Ave,"53 2nd Ave, New York, NY 10003",Bird's Burger Bar,New York,NY,Our Otter,Active,Active,Active,34348667,739f6271-6802-567b-94d9-f0ed1df83ff1,10611400,Tana Jean Frances Liboon,Chris Garner,Eve Paraiso,Jixford L. Polo,"Monday – Sunday, 7:00 AM – 12:00 AM; Last acceptance of orders: 10 minutes before closing time
"
recaRlaVSh1ub98Rm,2nd Ave Gourmet Deli & Grill - 53 2nd Ave,"53 2nd Ave, New York, NY 10003",Aldo's Wraps Spot,New York,NY,Our Otter,Active,Active,Active,34348845,7bda74d1-c251-5485-a9c7-f374101a70fb,10608288,Tana Jean Frances Liboon,Chris Garner,Eve Paraiso,Jixford L. Polo,"Monday – Sunday, 7:00 AM – 12:00 AM; Last acceptance of orders: 10 minutes before closing time
"
recATKTUj8o2rPxDB,2nd Ave Gourmet Deli & Grill - 53 2nd Ave,"53 2nd Ave, New York, NY 10003",Brenda's Panini Palace,New York,NY,Our Otter,Active,Active,Active,34348849,f84c8132-5404-5d11-a832-c2774e7f8948,10600960,Tana Jean Frances Liboon,Chris Garner,Eve Paraiso,Jixford L. Polo,"Monday – Sunday, 7:00 AM – 12:00 AM; Last acceptance of orders: 10 minutes before closing time
"
recoe3vJ6VCBk0OYl,9th Avenue Gourmet Deli - 769 9th Ave #1,"769 9th Ave #1, New York, NY 10019",Glorious Panini Snob,New York,NY,Our Otter,DoorDash - Discontinued,Discontinued - UE Low Sales,Active,23784936,84615e17-5b94-589e-a37d-68e990e2b76a,4512080,,Chris Garner,Janice Mauricio,Leix Anthony Almeda,
recXBFSpqeWRQ2rKH,9th Avenue Gourmet Deli - 769 9th Ave #1,"769 9th Ave #1, New York, NY 10019",The Village Breakfast,New York,NY,Our Otter,DoorDash - Discontinued,Discontinued - UE Low Sales,Active,23784970,eef639fd-b032-5a02-b936-3a5df52da646,4499064,,Chris Garner,Janice Mauricio,Leix Anthony Almeda,
recXEs6tewuf4sYOU,9th Avenue Gourmet Deli - 769 9th Ave #1,"769 9th Ave #1, New York, NY 10019",Luke's Breakfast Wraps,New York,NY,Our Otter,Active,Discontinued - UE Low Sales,Grubhub Discontinued - Failed Concept,24556171,ce1a19f3-726a-5a95-905c-1ad65b7e13a8,5326400,,Chris Garner,Janice Mauricio,Leix Anthony Almeda,
rec1LRAmVWj7jAaYl,9th Avenue Gourmet Deli - 769 9th Ave #1,"769 9th Ave #1, New York, NY 10019",Angela's Avocado Shack,New York,NY,Our Otter,DoorDash - Discontinued,Discontinued - UE Low Sales,Active,23984094,054a96fd-1119-5039-92da-824cb5b6b9da,4829960,,Chris Garner,Janice Mauricio,Leix Anthony Almeda,
recb1NntZBjY742kw,9th Avenue Gourmet Deli - 769 9th Ave #1,"769 9th Ave #1, New York, NY 10019",Savage Juice Bar,New York,NY,Our Otter,Active,Active,Active,23984324,0434400b-b52b-5f78-b0e8-a131aae23c45,4521968,,Chris Garner,Janice Mauricio,Leix Anthony Almeda,
recBYA9DciJxHK5Wo,9th Avenue Gourmet Deli - 769 9th Ave #1,"769 9th Ave #1, New York, NY 10019",Wraps On Tap,New York,NY,Our Otter,Active,Discontinued - UE Low Sales,Active,23784999,dcd6b7c5-caa6-5670-a0cf-81cab34ad34c,4510640,,Chris Garner,Janice Mauricio,Leix Anthony Almeda,
recLQY0zf95DYO1gS,9th Avenue Gourmet Deli - 769 9th Ave #1,"769 9th Ave #1, New York, NY 10019",The Omelette Farm,New York,NY,Our Otter,Active,Active,Grubhub - Brand Discontinued,23984095,9c22e9e6-6a24-5097-a9ad-c4804d1501da,4515744,,Chris Garner,Janice Mauricio,Leix Anthony Almeda,
recPvx50m7JsVuAfG,9th Avenue Gourmet Deli - 769 9th Ave #1,"769 9th Ave #1, New York, NY 10019",Wonda's Wrap Cafe,New York,NY,Our Otter,DoorDash - Discontinued,Discontinued - UE Low Sales,Active,23984272,54165107-45ed-58fc-9bad-8c13a2ef60b4,4515752,,Chris Garner,Janice Mauricio,Leix Anthony Almeda,
recUMVNBHT0C9aqAc,9th Avenue Gourmet Deli - 769 9th Ave #1,"769 9th Ave #1, New York, NY 10019",Coffee Crema Snob,New York,NY,Our Otter,Active,Active,Grubhub Discontinued - Failed Concept,24556167,199c4363-6972-5229-af94-7b28f0a86af1,5323280,,Chris Garner,Janice Mauricio,Leix Anthony Almeda,
recrmM85MsObWjaIv,382 Farmer Deli & Juice - 382 8th Ave,"382 8th Ave, New York, NY 10001",Amores Taqueria,New York,NY,Our Otter,DoorDash - Discontinued,Active,Active,27682497,0c5dc27e-efe3-59e0-89cd-33a615bbf69b,8565920,Mau Liboon,Chris Garner,Janice Mauricio,Leix Anthony Almeda,24/7
rectknA1sTcwUPuPC,382 Farmer Deli & Juice - 382 8th Ave,"382 8th Ave, New York, NY 10001",Big Belly Paninis,New York,NY,Our Otter,DoorDash - Discontinued,Active,Active,27556338,a55f6837-6a70-5aae-b129-34f8c7812aff,7753968,Mau Liboon,Chris Garner,Janice Mauricio,Leix Anthony Almeda,Monday-Sunday: 12AM-12AM
rec1iGmU6HmP7NwUB,382 Farmer Deli & Juice - 382 8th Ave,"382 8th Ave, New York, NY 10001",Phillz Cheesesteaks,New York,NY,Our Otter,DoorDash - Discontinued,Active,Active,27556326,962b8da4-8b21-55be-920f-518de301504b,7754000,Mau Liboon,Chris Garner,Janice Mauricio,Leix Anthony Almeda,Monday-Sunday: 12AM-12AM
rec86T4NB2kjONFEo,382 Farmer Deli & Juice - 382 8th Ave,"382 8th Ave, New York, NY 10001",Panini's On Panini's,New York,NY,Our Otter,Active,Active,Active,32985001,4bf8d0bc-8a8d-5eb7-9bdd-187e650ce520,10062104,Mau Liboon,Chris Garner,Janice Mauricio,Leix Anthony Almeda,24/7
recksbVdXnxPGQUHV,382 Farmer Deli & Juice - 382 8th Ave,"382 8th Ave, New York, NY 10001",Jacks Cheesesteaks,New York,NY,Our Otter,Active,Active,Active,32863859,fb7d2964-3925-5672-aa2d-04db9eaab46e,10062112,Mau Liboon,Chris Garner,Janice Mauricio,Leix Anthony Almeda,24/7
reckrVWi48f9AC67C,382 Farmer Deli & Juice - 382 8th Ave,"382 8th Ave, New York, NY 10001",Fresh N Fruity Smoothies,New York,NY,Our Otter,Active,Active,Active,32863839,4205c138-52da-5dc6-a320-cb393332d4c9,10078528,Mau Liboon,Chris Garner,Janice Mauricio,Leix Anthony Almeda,24/7
recGeYK74C4XHl28U,382 Farmer Deli & Juice - 382 8th Ave,"382 8th Ave, New York, NY 10001",The Village Smoothie Spot,New York,NY,Our Otter,DoorDash - Discontinued,Active,Active,27556585,aa6b0262-40b5-583f-b5cf-666f019965ab,7747984,Mau Liboon,Chris Garner,Janice Mauricio,Leix Anthony Almeda,Monday-Sunday: 12AM-12AM
recNnTXYnPRqxh29W,382 Farmer Deli & Juice - 382 8th Ave,"382 8th Ave, New York, NY 10001",Smokin' Burger Grille,New York,NY,Our Otter,DoorDash - Not Approved,Active,Active,,8d58d128-76e1-57db-9a20-09faa29bdfbd,8564296,Mau Liboon,Chris Garner,Janice Mauricio,Leix Anthony Almeda,
recvBRjNoBzWThmux,A&Bflower shop - 171 Bleecker St,"171 Bleecker St, New York, NY 10012",Flowers Bouquet Shop,New York,NY,No Aggregator,Active,Active,Not Onboarded by GH,2140050,23f304db-f057-57cb-b64d-1babaab7ed00,,,Chris Garner,Edlyn Manzano,Leix Anthony Almeda,Monday-Sunday: 12AM-12AM
recvRPALLa2JVgcxN,Abby's California Kitchen - 6732 Crenshaw Blvd Ste 10,"6732 Crenshaw Blvd Ste 10, Los Angeles, CA 90043",Olivia's Breakfast Cafe,Los Angeles,CA,Their Otter,Active,Discontinued by UE,Active,31648563,58076bf4-9f96-58e9-b640-fb0d76953bd2,9813432,Mau Liboon,Chris Garner,Eve Paraiso,Leix Anthony Almeda,TODC MENU HRS: Mon - Fri: 7:00am to 9:00 pm; Sat - Sun: 7AM to 2:30pm
recaEp97qExgwOv4b,Abby's California Kitchen - 6732 Crenshaw Blvd Ste 10,"6732 Crenshaw Blvd Ste 10, Los Angeles, CA 90043",Gourmet Omelette Bar,Los Angeles,CA,Their Otter,Active,Discontinued by UE,Active,22997212,0eba11ea-b735-583d-a8a5-05ec6732732b,3310545,Mau Liboon,Chris Garner,Eve Paraiso,Leix Anthony Almeda,TODC MENU HRS: Mon - Fri: 7:00am to 9:00 pm; Sat - Sun: 7AM to 2:30pm
recBBsaZ0tMUoUoeV,Abby's California Kitchen - 6732 Crenshaw Blvd Ste 10,"6732 Crenshaw Blvd Ste 10, Los Angeles, CA 90043",Breakfast Burrito Floozy,Los Angeles,CA,Their Otter,DoorDash - Discontinued,Discontinued by UE,Active,22997731,2077122a-9a47-592b-bf20-cd3922641ec3,3310939,Mau Liboon,Chris Garner,Eve Paraiso,Leix Anthony Almeda,TODC MENU HRS: Mon - Fri: 7:00am to 9:00 pm; Sat - Sun: 7AM to 2:30pm
recCcjnw6SpMz1wcP,Abby's California Kitchen - 6732 Crenshaw Blvd Ste 10,"6732 Crenshaw Blvd Ste 10, Los Angeles, CA 90043",High Life Breakfast Sandwiches,Los Angeles,CA,Their Otter,DoorDash - Discontinued,Discontinued - UE Low Sales,Active,22997271,7c462b13-ac79-5c33-b829-c0a855df3116,3311036,Mau Liboon,Chris Garner,Eve Paraiso,Leix Anthony Almeda,TODC MENU HRS: Mon - Fri: 7:00am to 9:00 pm; Sat - Sun: 7AM to 2:30pm
recNfrVMp1l8T9aQo,Abby's California Kitchen - 6732 Crenshaw Blvd Ste 10,"6732 Crenshaw Blvd Ste 10, Los Angeles, CA 90043",El Azul Tacos,Los Angeles,CA,Their Otter,DoorDash - Discontinued,Discontinued - UE Low Sales,Active,22997785,41170326-0385-5bc3-a87f-5b1104618141,3311137,Mau Liboon,Chris Garner,Eve Paraiso,Leix Anthony Almeda,TODC MENU HRS: Mon - Fri: 7:00am to 9:00 pm; Sat - Sun: 7AM to 2:30pm
recRCLE1ScA5Xc2E5,Abby's California Kitchen - 6732 Crenshaw Blvd Ste 10,"6732 Crenshaw Blvd Ste 10, Los Angeles, CA 90043",Toast N Roast Breakfast Sandwiches,Los Angeles,CA,Their Otter,Active,Active,Active,31492505,b513ba8a-8020-5683-8820-b2af9906b063,9813440,Mau Liboon,Chris Garner,Eve Paraiso,Leix Anthony Almeda,TODC MENU HRS: Mon - Fri: 7:00am to 9:00 pm; Sat - Sun: 7AM to 2:30pm
recrbzevUYVCiF3Qi,Adulis Coffee and Roastery - 7825 EASTERN AVE,"7825 EASTERN AVE, Silver Spring, MD 20910",Luke's Breakfast Club,Silver Spring,MD,Their Otter,Active,Active - Onboarding In Process,Active,33895231,510670f0-7637-5b40-a4a0-e8e5a76c6c76,10559376,Tana Jean Frances Liboon,Chris Garner,Eve Paraiso,Maria Mellanie S. Lapira,"⏰Monday-Saturday 7am-9:30pm; Sunday 8am -9:30pm TODC HRS
"
recAxAtFozhJJSK6Y,Akira Sushi & Steak House - 318 W Lake Mary Blvd,"318 W Lake Mary Blvd, Sanford, FL 32773",Japan's Bento Box,Sanford,FL,Referral: Their Otter,Active,Active,Active,35652838,b761cffb-3dff-55c4-83cf-96e49b21d626,9815128,Jan Ceasar Poblete,Ria Jain,Edlyn Manzano,Leix Anthony Almeda,"Wednesday-Monday: 11AM-9:15PM, Tuesday: Closed"
rectlN12fZ7XIt9MM,Alfredo's Pizza Ristorante - 1 Kedron Ave Unit 4,"1 Kedron Ave Unit 4, Morton, PA 19070",Ambrosial Wings,Morton,PA,Our Otter,DoorDash - Discontinued,Discontinued - UE Low Sales,Active,24194484,ab7a38d0-e4d3-5998-b38f-30a43ddba553,4831616,Jan Ceasar Poblete,Chris Garner,Eve Paraiso,Leix Anthony Almeda,TODC: Monday to Thursday 11am - 10:30pm | Friday to Saturday 11am - 11:30pm | Sunday 12pm - 9:30pm
rece86RWKZnjaWXlx,Alfredo's Pizza Ristorante - 1 Kedron Ave Unit 4,"1 Kedron Ave Unit 4, Morton, PA 19070",Stromboli House,Morton,PA,Our Otter,Active,Discontinued - UE Low Sales,Active,24194482,f2feb36a-555a-5db6-b149-11c97434b2a5,4831632,Jan Ceasar Poblete,Chris Garner,Eve Paraiso,Leix Anthony Almeda,TODC: Monday to Thursday 11am - 10:30pm | Friday to Saturday 11am - 11:30pm | Sunday 12pm - 9:30pm
recfeRFxhl44DnyuW,Alfredo's Pizza Ristorante - 1 Kedron Ave Unit 4,"1 Kedron Ave Unit 4, Morton, PA 19070",Jim's House of Hoagies,Morton,PA,Our Otter,Active,Discontinued - UE Low Sales,Active,24387623,91e4101e-e98d-53e1-90e2-5191aa5a2dce,5037608,Jan Ceasar Poblete,Chris Garner,Eve Paraiso,Leix Anthony Almeda,TODC: Monday to Thursday 11am - 10:30pm | Friday to Saturday 11am - 11:30pm | Sunday 12pm - 9:30pm
reckbpjj0P7RRhkTC,Alfredo's Pizza Ristorante - 1 Kedron Ave Unit 4,"1 Kedron Ave Unit 4, Morton, PA 19070",The Italian Pasta Bar,Morton,PA,Our Otter,DoorDash - Discontinued,Discontinued - UE Low Sales,Active,24194481,5b691f34-842a-5c42-83fa-f416817e7ac4,4831624,Jan Ceasar Poblete,Chris Garner,Eve Paraiso,Leix Anthony Almeda,TODC: Monday to Thursday 11am - 10:30pm | Friday to Saturday 11am - 11:30pm | Sunday 12pm - 9:30pm
recFSBDuKZ47dnpCi,Alfredo's Pizza Ristorante - 1 Kedron Ave Unit 4,"1 Kedron Ave Unit 4, Morton, PA 19070",Luca's Philly Cheesesteak,Morton,PA,Our Otter,DoorDash - Discontinued,Discontinued - UE Low Sales,Active,24194526,3672ef7a-4b9d-5dc6-ab00-0982cd0c551a,4832984,Jan Ceasar Poblete,Chris Garner,Eve Paraiso,Leix Anthony Almeda,TODC: Monday to Thursday 11am - 10:30pm | Friday to Saturday 11am - 11:30pm | Sunday 12pm - 9:30pm
recJYaKCOGE5Zuo1C,Alfredo's Pizza Ristorante - 1 Kedron Ave Unit 4,"1 Kedron Ave Unit 4, Morton, PA 19070",Casa Pasta Ristorante,Morton,PA,Our Otter,Active,Discontinued - UE Low Sales,Active,24387639,455e843a-ffdf-512a-b85e-1a0073ddf8a0,5021648,Jan Ceasar Poblete,Chris Garner,Eve Paraiso,Leix Anthony Almeda,TODC: Monday to Thursday 11am - 10:30pm | Friday to Saturday 11am - 11:30pm | Sunday 12pm - 9:30pm
recL8ZglahlPXVHvx,Alfredo's Pizza Ristorante - 1 Kedron Ave Unit 4,"1 Kedron Ave Unit 4, Morton, PA 19070",Angelo's Wraps Shop,Morton,PA,Our Otter,Active,Discontinued - UE Low Sales,Grubhub - Brand Discontinued,24194520,d9c003b3-5269-5009-9739-98f220180ed9,4837536,Jan Ceasar Poblete,Chris Garner,Eve Paraiso,Leix Anthony Almeda,TODC: Monday to Thursday 11am - 10:30pm | Friday to Saturday 11am - 11:30pm | Sunday 12pm - 9:30pm
recR0x0gabfcoacBa,Alhamra Indian Pizza and Curry - 3083 16th St,"3083 16th St, San Francisco, CA 94103",Indian Chop House,San Francisco,CA,No Aggregator,Active,Discontinued by UE,Not Onboarded by GH,872655,fe5cb4a9-9c78-4f7f-aacf-df2e18ec2670,,,Chris Garner,Janice Mauricio,Leix Anthony Almeda,TODC Menu Hours: Everyday 11AM - 10:30PM
recm8omFN2rulMGCp,All Nite Pizza - 5155 3rd St,"5155 3rd St, San Francisco, CA 94124",Joes Chicken And Waffles,San Francisco,CA,Our Otter,Active,Discontinued by UE,Active,1008261,9c9d79e3-5b11-4c75-8084-844a73c6dad6,2191911,Mau Liboon,Chris Garner,Janice Mauricio,Leix Anthony Almeda,TODC MENU HRS : Mon - Sun: 8:00 AM - 2:30 PM
recoZwhb8KZVIFBVh,All Nite Pizza - 5155 3rd St,"5155 3rd St, San Francisco, CA 94124",Ben's Buffalo Wings,San Francisco,CA,Our Otter,Discontinued due to VB guidelines,Active,Active,1211655,8fc39257-d206-4da6-bd25-ef1fd82d22da,2383189,Mau Liboon,Chris Garner,Janice Mauricio,Leix Anthony Almeda,TODC MENU HRS : Mon - Sun: 8:00 AM - 2:30 PM
recYsEnhjsMK4mDwa,All Nite Pizza - 5155 3rd St,"5155 3rd St, San Francisco, CA 94124",Ice Cream Super Star,San Francisco,CA,Our Otter,DoorDash - Discontinued,Discontinued - UE Low Sales,Active,23065249,970a2961-74a8-5983-af0e-70f5ee1abf47,3310295,Mau Liboon,Chris Garner,Janice Mauricio,Leix Anthony Almeda,TODC MENU HRS : Mon - Sun: 8:00 AM - 2:30 PM
rech85JqkntyWdFRn,All Nite Pizza - 5155 3rd St,"5155 3rd St, San Francisco, CA 94124",The Burger Trilogy,San Francisco,CA,Our Otter,Active,Discontinued - UE Low Sales,Active,969305,dec0ad4e-2014-44b1-8dae-75c192ce91fb,2116552,Mau Liboon,Chris Garner,Janice Mauricio,Leix Anthony Almeda,TODC MENU HRS : Mon - Sun: 8:00 AM - 2:30 PM
reclEwuFOfYnQ1IXm,All Nite Pizza - 5155 3rd St,"5155 3rd St, San Francisco, CA 94124",Two Hand Burger,San Francisco,CA,Our Otter,DoorDash - Discontinued,Discontinued by UE,Active,23065362,3e48c97a-5814-5d65-bee3-c4cd50a66743,3309742,Mau Liboon,Chris Garner,Janice Mauricio,Leix Anthony Almeda,TODC MENU HRS : Mon - Sun: 8:00 AM - 2:30 PM
recGxcoEXjCJXWPDi,All Nite Pizza - 5155 3rd St,"5155 3rd St, San Francisco, CA 94124",Ali's Halal Pizza,San Francisco,CA,Our Otter,DoorDash - Discontinued,Active,Active,1562680,436b9ca3-65e4-4c67-9c16-8c710c193c32,2668034,Mau Liboon,Chris Garner,Janice Mauricio,Leix Anthony Almeda,TODC MENU HRS : Mon - Sun: 8:00 AM - 2:30 PM
recJGiMosOWxAle5i,All Nite Pizza - 5155 3rd St,"5155 3rd St, San Francisco, CA 94124",Smoken Hot Wings Bar,San Francisco,CA,Our Otter,DoorDash - Discontinued,Discontinued - UE Low Sales,Active,23065136,49f433f9-ed7c-5e74-a0b4-67d623cb3b12,3310113,Mau Liboon,Chris Garner,Janice Mauricio,Leix Anthony Almeda,TODC MENU HRS : Mon - Sun: 8:00 AM - 2:30 PM
recMf6vChnwYTqyiS,All Nite Pizza - 5155 3rd St,"5155 3rd St, San Francisco, CA 94124",The Burger Hole,San Francisco,CA,Our Otter,DoorDash - Discontinued,Discontinued - UE Low Sales,Active,23065071,175dc2b8-ead3-5382-ae78-abbc7bf7dfb6,3309832,Mau Liboon,Chris Garner,Janice Mauricio,Leix Anthony Almeda,TODC MENU HRS : Mon - Sun: 8:00 AM - 2:30 PM
recMp83BHYNi19K5L,All Nite Pizza - 5155 3rd St,"5155 3rd St, San Francisco, CA 94124",Chris's Chicken Tenders,San Francisco,CA,Our Otter,Active,Active,Active,1556230,6ad9adbc-aac0-4796-89da-03ca8dfdd12f,2668132,Mau Liboon,Chris Garner,Janice Mauricio,Leix Anthony Almeda,TODC MENU HRS : Mon - Sun: 8:00 AM - 2:30 PM
recO6RTYPDSSuNyBk,All Nite Pizza - 5155 3rd St,"5155 3rd St, San Francisco, CA 94124",Celebrity Vegan Burger,San Francisco,CA,Our Otter,DoorDash - Discontinued,Discontinued - UE Low Sales,Active,23549053,2f270212-895c-5f6b-8c90-f43c47d4e596,3312414,Mau Liboon,Chris Garner,Janice Mauricio,Leix Anthony Almeda,TODC MENU HRS : Mon - Sun: 8:00 AM - 2:30 PM
recReHB9cjfHOUISa,All Nite Pizza - 5155 3rd St,"5155 3rd St, San Francisco, CA 94124",Addictive Fried Chicken,San Francisco,CA,Our Otter,Active,Discontinued by UE,Active,23065118,41541754-5896-51f6-9b01-b7c06a7f2bf6,3309831,Mau Liboon,Chris Garner,Janice Mauricio,Leix Anthony Almeda,TODC MENU HRS : Mon - Sun: 8:00 AM - 2:30 PM
recrQUW0QTIlbHH1I,Allens Restauraunt - 1201 Randall Avenue,"1201 Randall Avenue, Bronx, NY 10474",City Light Wraps,Bronx,NY,Their Otter,Active,Discontinued - UE Low Sales,Grubhub - Brand Discontinued,23693129,853c597e-7181-517d-9592-9ee793c29a50,3372354,Jan Ceasar Poblete,Ria Jain,Ferlyn Torres,Leix Anthony Almeda,"Monday-Saturday: 5AM–4PM, Sunday: Closed"
recvFTVzDDlIapYxj,Allens Restauraunt - 1201 Randall Avenue,"1201 Randall Avenue, Bronx, NY 10474",Country Southern Diner,Bronx,NY,Their Otter,Active,Discontinued - UE Low Sales,Grubhub - Brand Discontinued,23693111,c05d6bc2-db00-5aca-a2c0-de21c2689c46,3372356,Jan Ceasar Poblete,Ria Jain,Ferlyn Torres,Leix Anthony Almeda,"Monday-Saturday: 5AM–4PM, Sunday: Closed"
reclGygVtcrYUhWdB,Allens Restauraunt - 1201 Randall Avenue,"1201 Randall Avenue, Bronx, NY 10474",Olivia's Omelettes,Bronx,NY,Their Otter,Active,Discontinued - UE Low Sales,Active,23692944,f82864d2-fa36-5b66-8554-a67359458e57,3372739,Jan Ceasar Poblete,Ria Jain,Ferlyn Torres,Leix Anthony Almeda,"Monday-Saturday: 5AM–4PM, Sunday: Closed"
recyOieFq6Ro7lUmK,Allens Restauraunt - 1201 Randall Avenue,"1201 Randall Avenue, Bronx, NY 10474",Carmen's Breakfast Burritos,Bronx,NY,Their Otter,Active,Active,Active,32923453,883fd8f0-d437-588a-8479-81ee78a29242,9816376,Jan Ceasar Poblete,Ria Jain,Ferlyn Torres,Leix Anthony Almeda,"Monday-Saturday: 5AM–4PM, Sunday: Closed"
recPeHrTxmOFxjByG,Allens Restauraunt - 1201 Randall Avenue,"1201 Randall Avenue, Bronx, NY 10474",Alberto's Hero Sandwich Spot,Bronx,NY,Their Otter,Active,Discontinued - UE Low Sales,Active,23692696,1936c279-138e-5ab2-91ce-39f236ad58ef,3372846,Jan Ceasar Poblete,Ria Jain,Ferlyn Torres,Leix Anthony Almeda,"Monday-Saturday: 5AM–4PM, Sunday: Closed"
recotWQhn8hFpZA5d,AM PM Deli & Salad Bar - 257 Water Street,"257 Water Street, New York, NY 10038",Bun Works Burgers,New York,NY,Our Otter,Onboarding - Pending,Active,Active,,77f74331-ab9d-5d43-b911-47e6d5afaff0,9820992,Mau Liboon,Chris Garner,Eve Paraiso,Maria Mellanie S. Lapira,
recp1UIunk6muz0mh,AM PM Deli & Salad Bar - 257 Water Street,"257 Water Street, New York, NY 10038",Lettuce N Greens,New York,NY,Our Otter,Active,Active,Active,31313605,219314a0-33ec-5a32-a6d0-24e7246e79fd,9824096,Mau Liboon,Chris Garner,Eve Paraiso,Maria Mellanie S. Lapira,"Monday-Tuesday: 7AM-10:30PM, Wednesday-Thursday: 7AM-11:30PM, Friday-Saturday: 7AM-1:30AM, Sunday: 7AM-9:30AM"
recIiLQZrRc7A1NdA,AM PM Deli & Salad Bar - 257 Water Street,"257 Water Street, New York, NY 10038",Sun's Up Breakfast Wraps,New York,NY,Our Otter,Active,Active,Active,31313887,3b26d419-1aac-5123-b76d-52c91b68b668,9814984,Mau Liboon,Chris Garner,Eve Paraiso,Maria Mellanie S. Lapira,"Monday-Tuesday: 7AM-10:30PM, Wednesday-Thursday: 7AM-11:30PM, Friday-Saturday: 7AM-1:30AM, Sunday: 7AM-9:30AM"
recrwdksgDCqExxQm,American Metro Gourmet Deli - 488 Metropolitan Ave,"488 Metropolitan Ave, Brooklyn, NY 11211",Bri's Breakfast Bar,Brooklyn,NY,Our Otter,DoorDash - Discontinued,Active,Active,24770465,bd19f35a-8a49-5da3-b874-6a548e1df0fa,5851936,Mau Liboon,Chris Garner,Rachelle Kate Funa,Maria Mellanie S. Lapira,Monday-Sunday: 12AM-12AM
recWNHQFmcoKVLvtJ,American Metro Gourmet Deli - 488 Metropolitan Ave,"488 Metropolitan Ave, Brooklyn, NY 11211",Luca's Philly Cheesesteak,Brooklyn,NY,Our Otter,Active,Active,Active,31561737,d8184b53-65a2-581a-ab06-d62b57365007,9822528,Mau Liboon,Chris Garner,Rachelle Kate Funa,Maria Mellanie S. Lapira,Monday-Sunday: 24/7
rec0wJL4ILJDtN6sH,American Metro Gourmet Deli - 488 Metropolitan Ave,"488 Metropolitan Ave, Brooklyn, NY 11211",The Vegan Snob,Brooklyn,NY,Our Otter,DoorDash - Discontinued,Active,Active,24770401,a7e18a4e-3cb5-5c39-9afe-6f71bc577f23,5853472,Mau Liboon,Chris Garner,Rachelle Kate Funa,Maria Mellanie S. Lapira,Monday-Sunday: 12AM-12AM
receUnGsvt5KRaUIj,American Metro Gourmet Deli - 488 Metropolitan Ave,"488 Metropolitan Ave, Brooklyn, NY 11211",Family Sandwich House,Brooklyn,NY,Our Otter,DoorDash - Discontinued,Active,Active,24770477,b2c5821f-8f55-5076-af31-1e2ef7e0ea5c,5851944,Mau Liboon,Chris Garner,Rachelle Kate Funa,Maria Mellanie S. Lapira,Monday-Sunday: 12AM-12AM
rechPqK4HXW1S2x8I,American Metro Gourmet Deli - 488 Metropolitan Ave,"488 Metropolitan Ave, Brooklyn, NY 11211",Haley's Heavenly Burgers,Brooklyn,NY,Our Otter,DoorDash - Discontinued,Active,Active,24770456,1cfc91a8-976d-5d56-ac14-b0caf1352746,5851960,Mau Liboon,Chris Garner,Rachelle Kate Funa,Maria Mellanie S. Lapira,Monday-Sunday: 12AM-12AM
recSd3Pg3XFz6u0P5,American Metro Gourmet Deli - 488 Metropolitan Ave,"488 Metropolitan Ave, Brooklyn, NY 11211",Amore Pasta Ristorante,Brooklyn,NY,Our Otter,Active,Discontinued by UE,Grubhub Discontinued - Failed Concept,24844851,632d9970-10a4-5de4-ad6b-ead1b33b8308,5927648,Mau Liboon,Chris Garner,Rachelle Kate Funa,Maria Mellanie S. Lapira,Monday-Sunday: 12AM-12AM
recT9L2ONhn8UYjXG,American Metro Gourmet Deli - 488 Metropolitan Ave,"488 Metropolitan Ave, Brooklyn, NY 11211",Lola's Smoothie Mix,Brooklyn,NY,Our Otter,Active,Active,Grubhub Discontinued - Failed Concept,31671943,1e7d1d91-ed66-50e5-a4ee-fd1c12142e47,9817888,Mau Liboon,Chris Garner,Rachelle Kate Funa,Maria Mellanie S. Lapira,Monday-Sunday: 24/7
recld2FnITQFuJqZL,APPLETREE MARKET - 1225 Amsterdam Ave,"1225 Amsterdam Ave, New York, NY 10027",NextBagel,New York,NY,Our Otter,Active,Active,Not Onboarded by GH,27456448,98af1534-99b7-5cd0-be6f-94a1c4515ad1,,,Chris Garner,Eve Paraiso,Leix Anthony Almeda,TODC Menu Hours: Monday-Sunday: 6AM-11:30PM
recIvsdo7IP6WabaD,APPLETREE MARKET - 1225 Amsterdam Ave,"1225 Amsterdam Ave, New York, NY 10027",Mighty Grilled Cheese,New York,NY,Our Otter,DoorDash - Not Approved,Active,Active,,9e99877a-749e-5150-a3e9-03f111967cbe,7749200,,Chris Garner,Eve Paraiso,Leix Anthony Almeda,
recUjsb310oDEkqbn,APPLETREE MARKET - 1225 Amsterdam Ave,"1225 Amsterdam Ave, New York, NY 10027",Two Hand Burger,New York,NY,Our Otter,DoorDash - Not Approved,Active,Active,,e2b479cc-8219-5c86-89f3-1d9b1d4eea1a,7753880,,Chris Garner,Eve Paraiso,Leix Anthony Almeda,
recrOfwKi5wouphmq,Arbuz Cafe - 1706 Sheepshead Bay Rd,"1706 Sheepshead Bay Rd, Brooklyn, NY 11235",Smoothie And Dessert Bar,Brooklyn,NY,Their Otter,DoorDash - Discontinued,Active,Active,24099294,4504be7e-93d3-55e6-8a0d-e15d0d137e25,4519080,,Chris Garner,Eve Paraiso,Jixford L. Polo,TODC Menu Hours: Monday-Friday 8 :30AM–8:30PM Saturday-Sunday 9:30AM–8:30 PM
recTubnTrChxPAZbq,Arbuz Cafe - 1706 Sheepshead Bay Rd,"1706 Sheepshead Bay Rd, Brooklyn, NY 11235",Coffee Crema Snob,Brooklyn,NY,Their Otter,DoorDash - Discontinued,Active,Active,24099395,c06e210b-b3f5-5204-98bb-e1647afefc18,4520600,,Chris Garner,Eve Paraiso,Jixford L. Polo,TODC Menu Hours: Monday-Friday 8 :30AM–8:30PM Saturday-Sunday 9:30AM–8:30 PM
rec56CoJJlBF6lkhQ,Aroma Pizza & Pasta - 20491 Alton Pkwy Ste B,"20491 Alton Pkwy Ste B, Lake Forest, CA 92630",Firenze Pasta Ristorante,Lake Forest,CA,Referral: Their Otter,Active,Active,Active,25295187,1010a6ad-5241-54c3-8c32-acb39bee688f,6893832,Jan Ceasar Poblete,Ria Jain,Janice Mauricio,Leix Anthony Almeda,TODC Menu Hours: Monday-Sunday: 10:15AM-9:00PM
recFGHBHx2qIXBrVQ,Aroma Pizza & Pasta - 20491 Alton Pkwy Ste B,"20491 Alton Pkwy Ste B, Lake Forest, CA 92630",Big Nick's Pizza Joint,Lake Forest,CA,Referral: Their Otter,DoorDash - Discontinued,Active,Active,25295662,7b285cfa-6f6e-5c7e-b3d7-4f3e893cd074,6893824,Jan Ceasar Poblete,Ria Jain,Janice Mauricio,Leix Anthony Almeda,TODC Menu Hours: Monday-Sunday: 10:15AM-9:00PM
recjUPA17iSvNLbGZ,Back Nine Grill & Bar - 555 CA-17,"555 CA-17, Santa Cruz, CA 95060",Nancy's Desserts,Santa Cruz,CA,Their Otter,Active,Discontinued by UE,Active,24974708,bfdf562d-4238-55d9-8cb8-85f5c0209ce8,6348248,,Ria Jain,Ferlyn Torres,Leix Anthony Almeda,TODC Hours: Friday and Saturday: 11:00 AM to 9:30 PM Sunday to Thursday: 11:00 AM to 8:30 PM 
recji6YsLcR59qvxK,Back Nine Grill & Bar - 555 CA-17,"555 CA-17, Santa Cruz, CA 95060",Fried Chicken Savage,Santa Cruz,CA,Their Otter,Active,Discontinued by UE,Active,24974898,8b853538-60a1-5c61-bf37-d083093358dd,6348816,,Ria Jain,Ferlyn Torres,Leix Anthony Almeda,TODC Hours: Friday and Saturday: 11:00 AM to 9:30 PM Sunday to Thursday: 11:00 AM to 8:30 PM 
recBMD1wn8hUradLG,Back Nine Grill & Bar - 555 CA-17,"555 CA-17, Santa Cruz, CA 95060",Top Notch Sandwiches,Santa Cruz,CA,Their Otter,DoorDash - Discontinued,Discontinued by UE,Active,24974821,a4f15618-db07-53bc-bdcb-0aabe49dbad2,6346816,,Ria Jain,Ferlyn Torres,Leix Anthony Almeda,TODC Hours: Friday and Saturday: 11:00 AM to 9:30 PM Sunday to Thursday: 11:00 AM to 8:30 PM 
recXwXydj3RzK8m6C,Bagel Nest - 1237 Fulton St,"1237 Fulton St, Brooklyn, NY 11216",Mary's Waffle Bar,Brooklyn,NY,Our Otter,DoorDash - Discontinued,Active,Active,23423665,b6b57a38-1bc2-52ef-a0d6-a880b9b28963,3310454,Mau Liboon,Ria Jain,Ferlyn Torres,Maria Mellanie S. Lapira,Monday to Sunday: 7:00 AM to 4:30 PM TODC
rec1pb72USrUTtiC8,Bagel Nest - 1237 Fulton St,"1237 Fulton St, Brooklyn, NY 11216",The Pancake Flip,Brooklyn,NY,Our Otter,DoorDash - Discontinued,Discontinued - UE Low Sales,Active,23423672,2055d13f-b43f-57ad-b451-504d98e98de4,3310455,Mau Liboon,Ria Jain,Ferlyn Torres,Maria Mellanie S. Lapira,Monday to Sunday: 7:00 AM to 4:30 PM TODC
recbDNQ9GOu60fmgu,Bagel Nest - 1237 Fulton St,"1237 Fulton St, Brooklyn, NY 11216",Bagel Dynasty,Brooklyn,NY,Our Otter,Active,Active,Active,31661381,eadd3130-ed4e-59d2-9b30-c121480c1e77,9815008,Mau Liboon,Ria Jain,Ferlyn Torres,Maria Mellanie S. Lapira,Monday to Sunday: 7:00 AM to 4:30 PM TODC
recy9i7BaLWImn2RN,Bagel Nest - 1237 Fulton St,"1237 Fulton St, Brooklyn, NY 11216",Penny's Pancakes,Brooklyn,NY,Our Otter,DoorDash - Discontinued,Active,Active,873416,ba41eb75-89a7-43bc-9f80-ff46d2c9369e,1968311,Mau Liboon,Ria Jain,Ferlyn Torres,Maria Mellanie S. Lapira,Monday to Sunday: 7:00 AM to 4:30 PM TODC
recGTvnmCo373YJoi,Bagel Nest - 1237 Fulton St,"1237 Fulton St, Brooklyn, NY 11216",Belgian Waffle Bar,Brooklyn,NY,Our Otter,Active,Active,Active,34343091,31b15904-4e8d-5de1-9606-177348ddf3c4,9817904,Mau Liboon,Ria Jain,Ferlyn Torres,Maria Mellanie S. Lapira,Monday to Sunday: 7:00 AM to 4:30 PM TODC
rec22OUHGLvl7rXt0,Bawarchi Biryanis - 11121 N Rodney Parham Rd Ste 36B,"11121 N Rodney Parham Rd Ste 36B, Little Rock, AR 72212",Seema's Indian Bar,Little Rock,AR,Referral: Their Otter,Active,Active,Active,24920612,ff572e1f-294e-57bd-acfb-c29e8a0dec95,6153584,,Ria Jain,Edlyn Manzano,Leix Anthony Almeda,"TODC Hours: Monday: Closed, Tuesday-Sunday: 11AM-2:30PM, 5PM-9:30PM"
rec9udF5Es78Oh6fI,Bawarchi Biryanis - 11121 N Rodney Parham Rd Ste 36B,"11121 N Rodney Parham Rd Ste 36B, Little Rock, AR 72212",Palace Indo-Chnese Fusion,Little Rock,AR,Referral: Their Otter,DoorDash - Discontinued,Active,Active,24920661,aacbce91-c68a-5b72-8629-3ea91e46c8e7,6154848,,Ria Jain,Edlyn Manzano,Leix Anthony Almeda,"TODC Hours: Monday: Closed, Tuesday-Sunday: 11AM-2:30PM, 5PM-9:30PM"
recemKS0TN9OPZuWd,Bawarchi Biryanis - 11121 N Rodney Parham Rd Ste 36B,"11121 N Rodney Parham Rd Ste 36B, Little Rock, AR 72212",Vegetarian Indian Cafe,Little Rock,AR,Referral: Their Otter,Active,Active,Active,24920665,de512e2a-d82b-51d7-8940-9482e54d398d,6154832,,Ria Jain,Edlyn Manzano,Leix Anthony Almeda,"TODC Hours: Monday: Closed, Tuesday-Sunday: 11AM-2:30PM, 5PM-9:30PM"
recRtYKcaCxUk1JBe,Bawarchi Biryanis - 11121 N Rodney Parham Rd Ste 36B,"11121 N Rodney Parham Rd Ste 36B, Little Rock, AR 72212",Chop & Dice Salads,Little Rock,AR,Referral: Their Otter,DoorDash - Discontinued,Active,Active,24920630,f8ebcb3b-9dbd-50e1-be22-c033c1b779b3,6154840,,Ria Jain,Edlyn Manzano,Leix Anthony Almeda,"TODC Hours: Monday: Closed, Tuesday-Sunday: 11AM-2:30PM, 5PM-9:30PM"
rec42j8wMw32Fs8rd,Bay Area PIzza - 2898 Homestead Rd,"2898 Homestead Rd, Santa Clara, CA 95051",Roman's Pizza Oven,Santa Clara,CA,Our Otter,Active,Active,Active,32987475,56cdce42-1573-5985-b8e8-47fcc6d663a0,10076952,Mau Liboon,Chris Garner,Eve Paraiso,Maria Mellanie S. Lapira,"Sunday to Thursday: 9:30 AM to 9:00 PM, Friday to Saturday: 9:30 AM to 10:00 PM (todc)"
recxK0kvQt51VsD4g,Bay Area PIzza - 2898 Homestead Rd,"2898 Homestead Rd, Santa Clara, CA 95051",Francesco Pasta Ristorante,Santa Clara,CA,Our Otter,Active,Active,Active,32926811,cf3fcc1c-96b6-5ad6-a5d0-6d756934285e,10063848,Mau Liboon,Chris Garner,Eve Paraiso,Maria Mellanie S. Lapira,"Sunday to Thursday: 9:30 AM to 9:00 PM, Friday to Saturday: 9:30 AM to 10:00 PM (todc)"
recaVJ5Jlf5albh1P,Bears Ramen House - 2521 Durant Ave Suite D,"2521 Durant Ave Suite D, Berkeley, CA 94704",Sung's Korean Kitchen,Berkeley,CA,Our Otter,DoorDash - Discontinued,Active,Active,25295340,d34f6d9d-e688-5bbf-ae75-33b4c36507c9,6893968,,Chris Garner,Edlyn Manzano,Leix Anthony Almeda,"TODC Menu Hours: Monday - Saturday: 11AM-11:30PM, Sunday CLOSED"
recfhmYfZCMohLpFs,Bears Ramen House - 2521 Durant Ave Suite D,"2521 Durant Ave Suite D, Berkeley, CA 94704",Ramen Noodle Empire,Berkeley,CA,Our Otter,Active,Active,Grubhub Discontinued - Failed Concept,25294875,8428770a-299d-5b5c-90c4-7365da6bc928,6892264,,Chris Garner,Edlyn Manzano,Leix Anthony Almeda,"TODC Menu Hours: Monday - Saturday: 11AM-11:30PM, Sunday CLOSED"
recC62fk12Zj4bUMi,Bellyful - 2102 Utica Ave,"2102 Utica Ave, Brooklyn, NY 11234",The Mac and Cheese Co,Brooklyn,NY,Our Otter,DoorDash - Discontinued,Active,Active,26209899,ff9aff1e-acef-523d-a423-9cf483fa1114,7324168,Tana Jean Frances Liboon,Chris Garner,Rachelle Kate Funa,Jixford L. Polo,"Monday - Thursday: 11:30AM - 9:30PM, Friday - Saturday: 11:30AM - 12:30AM, Sunday: 11:30AM - 9:30PM"
recl7PiRVnpJ3uWbq,Bellyful - 2102 Utica Ave,"2102 Utica Ave, Brooklyn, NY 11234",Bobby's Caribbean Grill,Brooklyn,NY,Our Otter,Active,Active,Active,34347671,79771a1c-60b6-585d-9c5b-2850999be803,10611360,Tana Jean Frances Liboon,Chris Garner,Rachelle Kate Funa,Jixford L. Polo,"Monday - Thursday: 11:30AM - 9:30PM, Friday - Saturday: 11:30AM - 12:30AM, Sunday: 11:30AM - 9:30PM"
recJcIr1IySZPigSJ,Bellyful - 2102 Utica Ave,"2102 Utica Ave, Brooklyn, NY 11234",Mac's Cheese Factory,Brooklyn,NY,Our Otter,Active,Active,Active,34347679,a03fd2fa-216b-5962-89a4-b284d185a630,10602440,Tana Jean Frances Liboon,Chris Garner,Rachelle Kate Funa,Jixford L. Polo,"Monday - Thursday: 11:30AM - 9:30PM, Friday - Saturday: 11:30AM - 12:30AM, Sunday: 11:30AM - 9:30PM"
reciRonjqpo3xxBzo,Between The Bun Deli - 135 E 125th St,"135 E 125th St, New York, NY 10035",The Gyro Brothers,New York,NY,Our Otter,Active,Discontinued - UE Low Sales,Grubhub Discontinued - Failed Concept,23056011,7eadd3b3-5ee5-5a7f-b16a-fed536426135,3310788,Mau Liboon,Chris Garner,Rachelle Kate Funa,Leix Anthony Almeda,TODC Hours: Everyday 7AM - 9:30PM
recu6lQt4ZUK4rEf3,Big Famous Deli & Grill - 244 W. 14th street,"244 W. 14th street, New York, NY 10011",Holly's Burger Bar,New York,NY,Our Otter,DoorDash - Discontinued,Active,Active,997316,1cb5ad90-0551-4bff-8b8e-d75d1238eb6f,,,Ria Jain,Ferlyn Torres,Leix Anthony Almeda,Monday-Sunday: 12AM-12AM
recWb4z2u6MbsITw2,Big Famous Deli & Grill - 244 W. 14th street,"244 W. 14th street, New York, NY 10011",Marty's Wraps Shack,New York,NY,Our Otter,DoorDash - Discontinued,Active,Active,2557695,20fc825c-21fb-5d2f-a17e-d17020d33feb,3300572,,Ria Jain,Ferlyn Torres,Leix Anthony Almeda,Monday-Sunday: 12AM-12AM
rec4M3ElkSK4JOXTp,Big Famous Deli & Grill - 244 W. 14th street,"244 W. 14th street, New York, NY 10011",Halal Chicken Spot,New York,NY,Our Otter,Active,Discontinued - UE Low Sales,Not Onboarded by GH,1451913,cc64d20e-079b-4866-938e-7e6025f97a00,,,Ria Jain,Ferlyn Torres,Leix Anthony Almeda,Monday-Sunday: 12AM-12AM
rec9DTDNJ7SUjwDMK,Big Famous Deli & Grill - 244 W. 14th street,"244 W. 14th street, New York, NY 10011",Famous Gyro Bar,New York,NY,Our Otter,Active,Active,Active,779913,040d6ebc-54f1-407c-988d-40aae720614f,2391353,,Ria Jain,Ferlyn Torres,Leix Anthony Almeda,Monday-Sunday: 12AM-12AM
recem6ygzaTbL8ePv,Big Famous Deli & Grill - 244 W. 14th street,"244 W. 14th street, New York, NY 10011",Chelsea's Breakfast Bar,New York,NY,Our Otter,Active,Active,Active,768849,cc376637-50e4-4038-96d0-c4752a3d990d,2383074,,Ria Jain,Ferlyn Torres,Leix Anthony Almeda,Monday-Sunday: 12AM-12AM
recg6SQFST8YE6HBD,Big Famous Deli & Grill - 244 W. 14th street,"244 W. 14th street, New York, NY 10011",Strictly Vegetarian Sandwich,New York,NY,Our Otter,DoorDash - Discontinued,Active,Active,2559727,84461b5b-df71-5538-b9b8-f1fbed3e3734,3300670,,Ria Jain,Ferlyn Torres,Leix Anthony Almeda,Monday-Sunday: 12AM-12AM
recM1v2lj0fLHNbBU,Big Famous Deli & Grill - 244 W. 14th street,"244 W. 14th street, New York, NY 10011",Halal Gyro Lab,New York,NY,Our Otter,Active,Discontinued by UE,Grubhub Discontinued - Failed Concept,2423067,a27bfeba-3a66-542d-a14a-fe6dc7377e2e,3309474,,Ria Jain,Ferlyn Torres,Leix Anthony Almeda,Monday-Sunday: 12AM-12AM
recNMGf3UcVjnaZeG,Big Famous Deli & Grill - 244 W. 14th street,"244 W. 14th street, New York, NY 10011",Lola's Smoothie Mix,New York,NY,Our Otter,DoorDash - Discontinued,Active,Active,2575068,abac7f35-e3dd-5e5c-9fbf-7e597dcaf87d,3300974,,Ria Jain,Ferlyn Torres,Leix Anthony Almeda,Monday-Sunday: 12AM-12AM
recSFB83En9AhxHVq,Big Famous Deli & Grill - 244 W. 14th street,"244 W. 14th street, New York, NY 10011",Charlie's Chicken Wings,New York,NY,Our Otter,Active,Discontinued - UE Low Sales,Active,1332271,cad11f31-8acb-42c9-8aca-d8da0f348895,2444144,,Ria Jain,Ferlyn Torres,Leix Anthony Almeda,TODC Menu hours : Monday-Sunday: 12AM-12AM
recVbkYolUpOzZhKJ,Big Famous Deli & Grill - 244 W. 14th street,"244 W. 14th street, New York, NY 10011",City Life Breakfast,New York,NY,Our Otter,Discontinued due to VB guidelines,Discontinued - UE Low Sales,Active,2566070,cacbcc3c-e02e-5d10-bc8a-4061983f2340,3301074,,Ria Jain,Ferlyn Torres,Leix Anthony Almeda,TODC Menu hours : Monday-Sunday: 12AM-12AM
recsSL59MErsglV06,Billy's Deli Cafe - 3907 Lee Hwy,"3907 Lee Hwy, Arlington, VA 22207",Martha's Breakfast Sandwiches,Arlington,VA,Our Otter,Active,Discontinued - UE Low Sales,Active,23268680,2d245f0f-b5c4-5002-a1b6-bdf6645bab99,3310144,Tana Jean Frances Liboon,Chris Garner,Janice Mauricio,Vhic Bert Serra,"Mon-Thur: 7:30am-4pm, Fri-Sun: 7:30am-730pm (last order will be accepted 30minutes before the actual closing hours)"
rec39zC4dIXfdJVMC,Billy's Deli Cafe - 3907 Lee Hwy,"3907 Lee Hwy, Arlington, VA 22207",Top Notch Sandwiches,Arlington,VA,Our Otter,Active,Active,Active,33415843,e00dd4dc-c8be-5086-a31b-96df372f9a5f,9815016,Tana Jean Frances Liboon,Chris Garner,Janice Mauricio,Vhic Bert Serra,"Mon-Thur: 7:30am-4pm, Fri-Sun: 7:30am-730pm (last order will be accepted 30minutes before the actual closing hours)"
rec7Ci9uRM8Mz4PtN,Billy's Deli Cafe - 3907 Lee Hwy,"3907 Lee Hwy, Arlington, VA 22207",Breakfast Burrito Joint,Arlington,VA,Our Otter,Active,Discontinued by UE,Active,24387257,01c66d67-15a1-5765-8739-cb6a05df0ee1,5028128,Tana Jean Frances Liboon,Chris Garner,Janice Mauricio,Vhic Bert Serra,"Mon-Thur: 7:30am-4pm, Fri-Sun: 7:30am-730pm (last order will be accepted 30minutes before the actual closing hours)"
recbq3D902a72I1mc,Billy's Deli Cafe - 3907 Lee Hwy,"3907 Lee Hwy, Arlington, VA 22207",Bri's Breakfast Bar,Arlington,VA,Our Otter,Active,Active,Active,23268648,408f2d94-908e-58ab-9272-bdd11fa4be2a,3309956,Tana Jean Frances Liboon,Chris Garner,Janice Mauricio,Vhic Bert Serra,"Mon-Thur: 7:30am-4pm, Fri-Sun: 7:30am-730pm (last order will be accepted 30minutes before the actual closing hours)"
recxmCEthH733k6Bj,Billy's Deli Cafe - 3907 Lee Hwy,"3907 Lee Hwy, Arlington, VA 22207",First Light Breakfast Cafe,Arlington,VA,Our Otter,Active,Discontinued by UE,Active,24387449,9b9e07b1-95a0-580c-924f-7a2ba9208a96,5024720,Tana Jean Frances Liboon,Chris Garner,Janice Mauricio,Vhic Bert Serra,"Mon-Thur: 7:30am-4pm, Fri-Sun: 7:30am-730pm (last order will be accepted 30minutes before the actual closing hours)"
reczIENx8Ecfy98MM,Billy's Deli Cafe - 3907 Lee Hwy,"3907 Lee Hwy, Arlington, VA 22207",Pita Sandwich Bite,Arlington,VA,Our Otter,DoorDash - Discontinued,Discontinued by UE,Active,22980848,51d23eff-81bf-53cb-b789-4807d32b66c5,3310841,Tana Jean Frances Liboon,Chris Garner,Janice Mauricio,Vhic Bert Serra,"Mon-Thur: 7:30am-4pm, Fri-Sun: 7:30am-730pm (last order will be accepted 30minutes before the actual closing hours)"
recz6QfD5vakeViET,Billy's Deli Cafe - 3907 Lee Hwy,"3907 Lee Hwy, Arlington, VA 22207",Chief's Cheesesteaks,Arlington,VA,Our Otter,Active,Discontinued by UE,Active,22981379,0229d5a6-4f3c-5f12-a565-e76123b32fb1,3310840,Tana Jean Frances Liboon,Chris Garner,Janice Mauricio,Vhic Bert Serra,"Mon-Thur: 7:30am-4pm, Fri-Sun: 7:30am-730pm (last order will be accepted 30minutes before the actual closing hours)"
recpIj0au1RZY0S4r,Bistro Express - 3161 Michelson Dr,"3161 Michelson Dr, Irvine, CA 92612",Sunrise Coffee Express,Irvine,CA,Their Otter,Active,Discontinued by UE,Active,22988364,d4b3b559-be0d-5468-bc81-8797e8da338e,3310646,Tana Jean Frances Liboon,Ria Jain,Edlyn Manzano,Leix Anthony Almeda,TODC Menu Hours: Mon - Fri 8:30 AM to 3PM; Sat - Sun 8:30 AM to 12PM
rec0d1A6d2IUQk5JV,Bistro Express - 3161 Michelson Dr,"3161 Michelson Dr, Irvine, CA 92612",The Minister Wraps,Irvine,CA,Their Otter,Active,Discontinued - UE Low Sales,Active,22988570,2bd0dee2-a9e0-56dc-8e69-ad05964bd736,3311226,Tana Jean Frances Liboon,Ria Jain,Edlyn Manzano,Leix Anthony Almeda,TODC Menu Hours: Mon - Fri 8:30 AM to 3PM; Sat - Sun 8:30 AM to 12PM
recUj7Dksnot2CUSr,Bistro Express - 3161 Michelson Dr,"3161 Michelson Dr, Irvine, CA 92612",Fiona's Breakfast Burritos,Irvine,CA,Their Otter,Active,Discontinued - UE Low Sales,Active,22988449,75035e40-9418-5366-992d-fc46664570bb,3310539,Tana Jean Frances Liboon,Ria Jain,Edlyn Manzano,Leix Anthony Almeda,TODC Menu Hours: Mon - Fri 8:30 AM to 3PM; Sat - Sun 8:30 AM to 12PM
recmaE0Gs6T3k0Iut,Bo Asian Bistro - 2711 La Frontera Blvd #260,"2711 La Frontera Blvd #260, Round Rock, TX 78681",Linh's Chinese Restaurant,Round Rock,TX,Our Otter,Active,Active,Active,24872469,60ae3406-424e-5aa4-925c-1b2b24356dfb,6154624,,Ria Jain,Ferlyn Torres,Leix Anthony Almeda,"TODC Menu Hours: Monday-Thursday: 11AM-9:PM, Friday-Saturday: 11AM-9:30PM, Sunday: 12PM-9PM"
recg6dVb2rbUuYTNh,Bo Asian Bistro - 2711 La Frontera Blvd #260,"2711 La Frontera Blvd #260, Round Rock, TX 78681",Vegetarian Chinese Snob,Round Rock,TX,Our Otter,Active,Active,Grubhub Discontinued - Failed Concept,24872465,e371209e-bbed-5afc-8cdc-ea4a27b5f200,6153384,,Ria Jain,Ferlyn Torres,Leix Anthony Almeda,"TODC Menu Hours: Monday-Thursday: 11AM-9:PM, Friday-Saturday: 11AM-9:30PM, Sunday: 12PM-9PM"
recfjnUhub2kYR5Uu,Boba Haus - 333 W St Louis Ave #25,"333 W St Louis Ave #25, Las Vegas, NV 89102",The Smooth Eaze,Las Vegas,NV,Their Otter,DoorDash - Discontinued,Discontinued - UE Low Sales,Active,2431771,2e031b83-95b5-5293-a2d4-50dc8e346329,3301220,,Chris Garner,Janice Mauricio,Maria Mellanie S. Lapira,5pm - 11:00pm everyday (TODC HOURS)
recskaMh3TLcCqip2,Carson Kabab - 675 E University Dr,"675 E University Dr, Carson, CA 90746",101 Hummus,Carson,CA,No Aggregator,Active,Active - Onboarding In Process,Active,32921997,1462f7f8-798a-5fe2-b187-db6cf8898153,10395544,Jan Ceasar Poblete,Ria Jain,Edlyn Manzano,Leix Anthony Almeda,TODC Hours: Wednesday: CLOSED Thursday-Tuesday 11am-7:30pm
rec4z9rUoP8kAIh5m,Carson Kabab - 675 E University Dr,"675 E University Dr, Carson, CA 90746",Wraps On Tap,Carson,CA,No Aggregator,Active,Active - Onboarding In Process,Active,34341025,f52c5aad-f79e-5226-9022-2325d26bc96c,10395536,Jan Ceasar Poblete,Ria Jain,Edlyn Manzano,Leix Anthony Almeda,TODC Hours: Wednesday: CLOSED Thursday-Tuesday 11am-7:30pm
recnWpI9eHFVzrFsU,Broadway Marketplace - 689 Broadway,"689 Broadway, New York, NY 10012",Empire State Panini,New York,NY,Our Otter,Active,Active,Active,31536859,aba82937-cb5d-5d08-859f-222390cda30c,9822544,Mau Liboon,Ria Jain,Ferlyn Torres,Leix Anthony Almeda,"Monday: Closed, Tuesday-Saturday: 11AM-9PM, Sunday: 10AM-7PM"
recqhHEqCS3URryxF,Broadway Marketplace - 689 Broadway,"689 Broadway, New York, NY 10012",Anne's Artisan Coffee,New York,NY,Our Otter,Active,Discontinued by UE,Grubhub Discontinued - Failed Concept,24770455,9fdf3730-d8d5-58ed-bfd3-98955ac6d981,5853360,Mau Liboon,Ria Jain,Ferlyn Torres,Leix Anthony Almeda,Monday-Sunday: 12AM-12AM
recrYD5Pj0VXjhGQB,Broadway Marketplace - 689 Broadway,"689 Broadway, New York, NY 10012",Addictive Burger Bar,New York,NY,Our Otter,Active,Active,Active,24854827,d280ca5c-8df2-5901-ac6b-34fe4421dca6,5927568,Mau Liboon,Ria Jain,Ferlyn Torres,Leix Anthony Almeda,Monday-Sunday: 12AM-12AM
recWNabFeKwKyDeI7,Broadway Marketplace - 689 Broadway,"689 Broadway, New York, NY 10012",Queen's Quesadillas,New York,NY,Our Otter,Active,Active,Active,24854759,a7e97de2-7988-5265-a2ae-11705f8765de,5930240,Mau Liboon,Ria Jain,Ferlyn Torres,Leix Anthony Almeda,Monday-Sunday: 12AM-12AM
rech7NPzI4ln7JovM,Broadway Marketplace - 689 Broadway,"689 Broadway, New York, NY 10012",The Juice Empire,New York,NY,Our Otter,Active,Active,Active,31672166,b14ed281-4803-5785-ba60-1d36ef0d6d0d,9824136,Mau Liboon,Ria Jain,Ferlyn Torres,Leix Anthony Almeda,Monday-Sunday: 7:30AM-3:00PM
reclyryCTFL3bVFZI,Broadway Marketplace - 689 Broadway,"689 Broadway, New York, NY 10012",Home Run Paninis,New York,NY,Our Otter,DoorDash - Discontinued,Active,Active,24770499,93f82b60-a54b-5702-b6ca-98cb844345d2,5850224,Mau Liboon,Ria Jain,Ferlyn Torres,Leix Anthony Almeda,Monday-Sunday: 12AM-12AM
recEiFcY88rpkok2T,Broadway Marketplace - 689 Broadway,"689 Broadway, New York, NY 10012",The Acai Dream,New York,NY,Our Otter,Active,Active,Active,24770466,6ff01a21-a2e0-542d-be90-c8764105b236,5851848,Mau Liboon,Ria Jain,Ferlyn Torres,Leix Anthony Almeda,Monday-Sunday: 12AM-12AM
recG3WQCDLGlDGnno,Broadway Marketplace - 689 Broadway,"689 Broadway, New York, NY 10012",Aldo's Wraps Spot,New York,NY,Our Otter,Active,Active,Active,24770468,a6458ce4-8e5a-5915-a979-30e5f365e618,5851864,Mau Liboon,Ria Jain,Ferlyn Torres,Leix Anthony Almeda,Monday-Sunday: 12AM-12AM
recT9NwUIjSsldc2g,Broadway Marketplace - 689 Broadway,"689 Broadway, New York, NY 10012",Palm Tree Juice Bar,New York,NY,Our Otter,DoorDash - Discontinued,Active,Active,24770410,952d124d-6487-555d-bf71-03fa8dc9e277,5850216,Mau Liboon,Ria Jain,Ferlyn Torres,Leix Anthony Almeda,Monday-Sunday: 12AM-12AM
recFTECYwy9E2VcfH,BROOKLYN'S NATURAL DELI - 2126 Caton Ave,"2126 Caton Ave, Brooklyn, NY 11226",Luke's Breakfast Club,Brooklyn,NY,Referral: Their Otter,Active,Active,Active,31547931,bf426140-1a10-5a32-a80d-1a5fbd2259c2,9817912,lara yao,Chris Garner,Rachelle Kate Funa,Maria Mellanie S. Lapira,"Monday-Sunday: 24/7
"
recwZr3QAeyQYckEs,Brown Derby Pizza - 3402 Tulane Ave,"3402 Tulane Ave, New Orleans, LA 70119",John's Pizza Den,New Orleans,LA,Referral: Their Otter,Active,Active,Active,35871797,c6037e35-6dc7-5dcc-a986-74012b9a1706,10379392,lara yao,Ria Jain,Edlyn Manzano,Maria Mellanie S. Lapira,Monday - Saturday 10am - 2:30am; Sunday - 10am - 11:30pm
recWhtYPvBSi92OlY,Cafe Encore - 488 Post St,"488 Post St, San Francisco, CA 94102",Breakfast Burrito Snob,San Francisco,CA,Their Otter,Active,Discontinued by UE,Active,1340523,7c31470e-cdce-4e29-8de4-1a2eeae64639,2460412,Mau Liboon,Ria Jain,Ferlyn Torres,Leix Anthony Almeda,TODC Menu Hours: Monday-Friday: 7:30AM - 4:30 PM / Saturday-Sunday: 7:30AM - 2:30PM
rec2XnZdFaTD2Vqii,Caffe Venice - 596 3rd Ave,"596 3rd Ave, New York, NY 10016",CJ's Breakfast Sandwich,New York,NY,Referral: Their Otter,Active,Discontinued by UE,Active,25130177,9b59aa15-a0ac-5776-94fe-fb36af39d516,6891024,Mau Liboon,Ria Jain,Ferlyn Torres,Leix Anthony Almeda,24/7
receL4lsJPDfY30Wd,Caffe Venice - 596 3rd Ave,"596 3rd Ave, New York, NY 10016",Smokin' Burger Grille,New York,NY,Referral: Their Otter,DoorDash - Discontinued,Discontinued by UE,Active,25129972,372cb9cf-61ed-5ef9-bd20-9b4caf9a29c2,6891048,Mau Liboon,Ria Jain,Ferlyn Torres,Leix Anthony Almeda,24/7
recf0i8K46DRIhDsT,Caffe Venice - 596 3rd Ave,"596 3rd Ave, New York, NY 10016",Bill's Sandwich Shack,New York,NY,Referral: Their Otter,DoorDash - Discontinued,Discontinued by UE,Active,25130091,08ed5279-a472-502e-918b-6d49d8dfbaac,6891040,Mau Liboon,Ria Jain,Ferlyn Torres,Leix Anthony Almeda,24/7
recmHs2Hen2LnWh9B,California Roll Sushi - 33757 Woodward Ave,"33757 Woodward Ave, Birmingham, MI 48009",Fried Rice Fanatic,Birmingham,MI,Our Otter,Active,Discontinued - UE Low Sales,Grubhub - Brand Discontinued,24387336,54602521-eea8-572a-a4c1-f54a2897c93c,5042472,,Ria Jain,Ferlyn Torres,Leix Anthony Almeda,"⏰TODC Hours: Monday: CLOSED, Tuesday-Thursday: 11:00am - 1:20pm; 4:00pm - 8:10pm, Friday: 11am-8:10pm Saturday-Sunday: 12pm-8:10pm"
recjC77p5Q0VgTDEj,California Roll Sushi - 33757 Woodward Ave,"33757 Woodward Ave, Birmingham, MI 48009",Japanese Teriyaki House,Birmingham,MI,Our Otter,Active,Discontinued - UE Low Sales,Active,24387335,43dd4606-1876-5955-a4b1-ec00e8ef5955,5024816,,Ria Jain,Ferlyn Torres,Leix Anthony Almeda,"⏰TODC Hours: Monday: CLOSED, Tuesday-Thursday: 11:00am - 1:20pm; 4:00pm - 8:10pm, Friday: 11am-8:10pm Saturday-Sunday: 12pm-8:10pm"
recD1dSLZJCrcmxxB,California Roll Sushi - 33757 Woodward Ave,"33757 Woodward Ave, Birmingham, MI 48009",Sizzlin' Hibachi,Birmingham,MI,Our Otter,Active,Discontinued - UE Low Sales,Active,24387337,a46a086c-e123-5be4-92fb-c9b24b6f0120,5044032,,Ria Jain,Ferlyn Torres,Leix Anthony Almeda,"⏰TODC Hours: Monday: CLOSED, Tuesday-Thursday: 11:00am - 1:20pm; 4:00pm - 8:10pm, Friday: 11am-8:10pm Saturday-Sunday: 12pm-8:10pm"
recIPdYyHwDPrPaDI,California Roll Sushi - 33757 Woodward Ave,"33757 Woodward Ave, Birmingham, MI 48009",Exquisite Poke Bowls,Birmingham,MI,Our Otter,Active,Discontinued by UE,Grubhub Discontinued - Failed Concept,24387240,3a1716be-0b4b-520d-a084-d4a4f6f240a9,5024808,,Ria Jain,Ferlyn Torres,Leix Anthony Almeda,"⏰TODC Hours: Monday: CLOSED, Tuesday-Thursday: 11:00am - 1:20pm; 4:00pm - 8:10pm, Friday: 11am-8:10pm Saturday-Sunday: 12pm-8:10pm"
recmJVw47DSuXirLe,Caribbean Deli - 646 E 241st St,"646 E 241st St, Bronx, NY 10470",Top Notch Sandwiches,Bronx,NY,Our Otter,DoorDash - Discontinued,Discontinued - UE Low Sales,Active,25079183,f061fbd9-43af-5b8b-a43a-f9678c41a18c,6539728,,Chris Garner,Eve Paraiso,Maria Mellanie S. Lapira,Tuesday-Saturday: 7AM-11PM
recBO21fvR0P9FU3S,Cazuela Comida Mexicana - 3771 Mission St,"3771 Mission St, San Francisco, CA 94110",The Mexican Cocina,San Francisco,CA,Our Otter,DoorDash - Discontinued,Discontinued by UE,Active,25419977,842309d7-1d6d-525a-a233-aeac4723c2b8,6895800,,Chris Garner,Janice Mauricio,Maria Mellanie S. Lapira,Monday-Sunday: 6AM-8PM
recrnvFVLXTUlTsug,Chaps Grille - 1174 Chapel St,"1174 Chapel St, New Haven, CT 06511",Scotty's Bagel Express,New Haven,CT,Our Otter,Active,Active,Active,31535783,462849fa-1b67-5994-be61-be79c16c908e,9813456,Jan Ceasar Poblete,Ria Jain,Janice Mauricio,Leix Anthony Almeda,Monday-Sunday: 8AM-10PM
rechxVGLcMyYAlkXR,Chaps Grille - 1174 Chapel St,"1174 Chapel St, New Haven, CT 06511",High Life Breakfast Sandwiches,New Haven,CT,Our Otter,Active,Discontinued by UE,Grubhub Discontinued - Failed Concept,23106184,75ff2678-5f81-5577-9ee7-ba31030e2a58,3374638,Jan Ceasar Poblete,Ria Jain,Janice Mauricio,Leix Anthony Almeda,
recwk00V6oAb3OYtz,Chaps Grille - 1174 Chapel St,"1174 Chapel St, New Haven, CT 06511",Slapjack Pancakes,New Haven,CT,Our Otter,Active,Active,Active,31564187,aaf3d4cb-a6a6-50f4-9949-b21a98e5f744,9824152,Jan Ceasar Poblete,Ria Jain,Janice Mauricio,Leix Anthony Almeda,Monday-Sunday: 7AM-8PM
recmEmmkfJJ7lAGV7,Charlie's Homemade Ice Cream - 6600 W Sylvania Ave,"6600 W Sylvania Ave, Sylvania, OH 43560",Two Hand Burger,Sylvania,OH,Our Otter,Active,Active,Active,27741763,5466882e-1503-5556-a5f7-a4a474af1b30,8565936,,Chris Garner,Janice Mauricio,Leix Anthony Almeda,TODC Menu Hours: Monday-Friday: 11am - 7pm Saturday: 12-7pm Sunday: 12pm - 3:30pm
rec7NfCfPMDhnoi9S,Charlie's Homemade Ice Cream - 6600 W Sylvania Ave,"6600 W Sylvania Ave, Sylvania, OH 43560",Mighty Grilled Cheese,Sylvania,OH,Our Otter,Active,Active,Active,27834141,a6bc854f-4ba0-5e5b-94d1-6d194828bedb,8569872,,Chris Garner,Janice Mauricio,Leix Anthony Almeda,TODC Menu Hours: Monday-Friday: 11am - 7pm Saturday: 12-7pm Sunday: 12pm - 3:30pm
recxkcADYw2ARvL8R,Charlie's Homemade Ice Cream - 6600 W Sylvania Ave,"6600 W Sylvania Ave, Sylvania, OH 43560",Chicken Sandwich Loft,Sylvania,OH,Our Otter,Active,Active,Active,27741728,471536f6-e33d-5c46-9080-84dce28ad4e6,8568632,,Chris Garner,Janice Mauricio,Leix Anthony Almeda,TODC Menu Hours: Monday-Friday: 11am - 7pm Saturday: 12-7pm Sunday: 12pm - 3:30pm
recm35YhlVdhCG31t,Cheers Market SF - 867 Fillmore St,"867 Fillmore St, San Francisco, CA 94117",Local Convenience Shop,San Francisco,CA,Our Otter,DoorDash - Discontinued,Discontinued by UE,Active,2110752,27c45107-bd59-497d-bbde-57c9b5650e36,2900611,,Ria Jain,Edlyn Manzano,Leix Anthony Almeda,
reccZlYRnq2FeDbuv,Cheers Market SF - 867 Fillmore St,"867 Fillmore St, San Francisco, CA 94117",Dangerous Ice Cream,San Francisco,CA,Our Otter,Active,Discontinued - UE Low Sales,Active,2110247,f38fa08c-c903-4135-aafd-08cc42831279,2900798,,Ria Jain,Edlyn Manzano,Leix Anthony Almeda,TODC Hours: 6AM - 11:30PM
recl3DG7NOrXsiyo0,Cheers Market SF - 867 Fillmore St,"867 Fillmore St, San Francisco, CA 94117",The Water Distributor,San Francisco,CA,Our Otter,Active,Discontinued by UE,Not Onboarded by GH,651703,,,,Ria Jain,Edlyn Manzano,Leix Anthony Almeda,TODC Hours: 6AM - 11:30PM
recyIfes5piRw10Wq,Cheers Market SF - 867 Fillmore St,"867 Fillmore St, San Francisco, CA 94117",Jude's Cheesecake,San Francisco,CA,Our Otter,Discontinued - DoorDash Fraud,Discontinued by UE,Active,2122589,d9a3e8ec-dfd5-460b-813c-447bb822dc85,2900612,,Ria Jain,Edlyn Manzano,Leix Anthony Almeda,
recynWBwPUBXsmZPR,Cheers Market SF - 867 Fillmore St,"867 Fillmore St, San Francisco, CA 94117",Cappone's Chocolate Cake,San Francisco,CA,Our Otter,Discontinued - DoorDash Fraud,Discontinued by UE,Active,2109120,ef067287-f24f-4d01-b7c2-eaa4433d54c6,2900426,,Ria Jain,Edlyn Manzano,Leix Anthony Almeda,
recLhmfGkG078wJdq,Cheers Market SF - 867 Fillmore St,"867 Fillmore St, San Francisco, CA 94117",The Ice Cream Lab,San Francisco,CA,Our Otter,Active,Discontinued by UE,Not Onboarded by GH,129914,f6cb1173-3d70-4f9f-b934-e1839a0cd098,,,Ria Jain,Edlyn Manzano,Leix Anthony Almeda,
recnzanOeo2ohbJui,Chelsea Fine Food - 300 8th Ave,"300 8th Ave, New York, NY 10001",Despicable Wraps,New York,NY,Our Otter,Active,Discontinued by UE,Active,2102745,e7cb84de-1d9f-4c85-a2d4-775ea2d062a2,2900604,Jan Ceasar Poblete,Chris Garner,Janice Mauricio,Jixford L. Polo,m-f 6am-8pm; sat - sun 10am-5pm
recrLBYc23qdhRaDK,Chelsea Fine Food - 300 8th Ave,"300 8th Ave, New York, NY 10001",Mary's Omelette Bar,New York,NY,Our Otter,Active,Active,Active,1533181,7399f6c1-e1c8-4e42-8d02-736349edfccb,2668111,Jan Ceasar Poblete,Chris Garner,Janice Mauricio,Jixford L. Polo,m-f 6am-8pm; sat - sun 10am-5pm
rec8AjNkM2VezvBCF,Chelsea Fine Food - 300 8th Ave,"300 8th Ave, New York, NY 10001",The Burger Stack,New York,NY,Our Otter,DoorDash - Discontinued,Discontinued by UE,Active,1388527,d17c8a97-d904-4859-ab5e-a6772297bd37,2614747,Jan Ceasar Poblete,Chris Garner,Janice Mauricio,Jixford L. Polo,m-f 6am-8pm; sat - sun 10am-5pm
recb7FzsdjD5McX1p,Chelsea Fine Food - 300 8th Ave,"300 8th Ave, New York, NY 10001",The Pasta Twins,New York,NY,Our Otter,Active,Active,Active,1185887,9b978bde-14de-46e4-93e7-940cbc0fddf1,2353713,Jan Ceasar Poblete,Chris Garner,Janice Mauricio,Jixford L. Polo,m-f 6am-8pm; sat - sun 10am-5pm
rech3xD8P15Dl1MWS,Chelsea Fine Food - 300 8th Ave,"300 8th Ave, New York, NY 10001",Chuck's Cheesesteaks,New York,NY,Our Otter,Active,Discontinued - UE Low Sales,Active,1580781,f55636bc-613c-4a6b-b9ec-3791133628b2,2667898,Jan Ceasar Poblete,Chris Garner,Janice Mauricio,Jixford L. Polo,m-f 6am-8pm; sat - sun 10am-5pm
recwCUSZVrKXxFcxO,Chelsea Fine Food - 300 8th Ave,"300 8th Ave, New York, NY 10001",Pardon My Panini,New York,NY,Our Otter,Active,Discontinued by UE,Active,1389556,d6027c63-084c-4d1c-9a98-08ad363714d6,2622095,Jan Ceasar Poblete,Chris Garner,Janice Mauricio,Jixford L. Polo,m-f 6am-8pm; sat - sun 10am-5pm
recz3xR5HaYHDSXqw,Chelsea Fine Food - 300 8th Ave,"300 8th Ave, New York, NY 10001",The Pancake Spot,New York,NY,Our Otter,Active,Active,Active,919185,38fa2f52-8b71-41cb-9bf0-31d44895d3b9,2016655,Jan Ceasar Poblete,Chris Garner,Janice Mauricio,Jixford L. Polo,m-f 6am-8pm; sat - sun 10am-5pm
recFDDIIOllp0ryEL,Chelsea Fine Food - 300 8th Ave,"300 8th Ave, New York, NY 10001",The Sandwich Cafe,New York,NY,Our Otter,Active,Discontinued - UE Low Sales,Not Onboarded by GH,1533372,cb768aaa-2bbe-4573-87e7-7b66cc9d7641,,Jan Ceasar Poblete,Chris Garner,Janice Mauricio,Jixford L. Polo,m-f 6am-8pm; sat - sun 10am-5pm
reckfuaizjuw7gHmT,Chennai Cafe - 3301 Preston Rd,"3301 Preston Rd, Frisco, TX 75034",Dosa on Dosa,Frisco,TX,No Aggregator,Active,Discontinued - UE Low Sales,Grubhub Discontinued - Failed Concept,24051985,8ea075c5-e694-5cc8-801a-626688a1e442,4523400,,Ria Jain,Edlyn Manzano,Leix Anthony Almeda,Mon: Closed Tue–Thu 11:30am–2:30pm /5:30pm–9:30pm; Fri 11:30am–2:30pm / 5:30pm–10:30pm: Sat 11:30am–3:00pm / 6:00pm–10:30pm : Sun 11:30am–3:00pm / 6:00pm–9:30pm
rec6NfJPNCaE280pT,Chick N Out - 1706 Oakland Rd. Ste 20,"1706 Oakland Rd. Ste 20, San Jose, CA 95131",The Mac and Cheese Co,San Jose,CA,Their Otter,Active,Discontinued by UE,Grubhub Discontinued - Failed Concept,26175096,38e8dc5f-3757-595a-8d1a-961429349cbb,7325520,Jan Ceasar Poblete,Ria Jain,Ferlyn Torres,Vhic Bert Serra,"Adjusted Hours: Monday Closed, Tues & Wed 11am-12:45am, Thurs-Sat 11am-2:45am, Sunday 11am-12:45am"
reccZbaRH513D7evy,Chick N Out - 1706 Oakland Rd. Ste 20,"1706 Oakland Rd. Ste 20, San Jose, CA 95131",Frank's Philly Cheesesteaks,San Jose,CA,Their Otter,Active,Active,Virtual Brand Discontinued,26175160,419e7ee0-1f3e-58d6-adc1-d093b0ceac79,7336200,Jan Ceasar Poblete,Ria Jain,Ferlyn Torres,Vhic Bert Serra,"Adjusted Hours: Monday Closed, Tues & Wed 11am-12:45am, Thurs-Sat 11am-2:45am, Sunday 11am-12:45am"
recxPckzhuNdX7ow0,Chick N Out - 1706 Oakland Rd. Ste 20,"1706 Oakland Rd. Ste 20, San Jose, CA 95131",Chicken Sandwich Loft,San Jose,CA,Their Otter,Active,Active,Grubhub Discontinued - Failed Concept,26174821,4c28bec6-14c5-51d3-9eb3-898862253a74,7751008,Jan Ceasar Poblete,Ria Jain,Ferlyn Torres,Vhic Bert Serra,"Adjusted Hours: Monday Closed, Tues & Wed 11am-12:45am, Thurs-Sat 11am-2:45am, Sunday 11am-12:45am"
recTsskOXRtJfKafh,Chick N Out - 1706 Oakland Rd. Ste 20,"1706 Oakland Rd. Ste 20, San Jose, CA 95131",SugarSlice Cakes,San Jose,CA,Their Otter,Active,Active,Not Onboarded by GH,26174718,0e81e11c-417a-54c0-99f7-bdb343bd5652,,Jan Ceasar Poblete,Ria Jain,Ferlyn Torres,Vhic Bert Serra,"Adjusted Hours: Monday Closed, Tues & Wed 11am-12:45am, Thurs-Sat 11am-2:45am, Sunday 11am-12:45am"
recohflV8e8vwpUeu,Chocolate Cafe - 3319 W Pico Blvd,"3319 W Pico Blvd, Los Angeles, CA 90019",High Life Breakfast Sandwiches,Los Angeles,CA,Their Otter,Active,Active,Active,28605981,fb66a223-1fc8-59d3-bfd7-91948eaa4b2a,8569888,,Ria Jain,Edlyn Manzano,Leix Anthony Almeda,
recaD0FmZ88EPLFk8,Chocolate Cafe - 3319 W Pico Blvd,"3319 W Pico Blvd, Los Angeles, CA 90019",Public Burger Bar,Los Angeles,CA,Their Otter,Active,Active,Active,28607075,c9c0fb24-2bf0-597d-992a-29e8a6d037db,8568640,,Ria Jain,Edlyn Manzano,Leix Anthony Almeda,
recBlqX7WwkJ19yCh,Chocolate Cafe - 3319 W Pico Blvd,"3319 W Pico Blvd, Los Angeles, CA 90019",Prima Panini Bar,Los Angeles,CA,Their Otter,Active,Active,Active,28606994,4bd30c1d-96dc-5974-b857-c87722e0a33f,8569896,,Ria Jain,Edlyn Manzano,Leix Anthony Almeda,
reck78QIgKJ7i65y0,Chopcheese Deli - 1561 St Nicholas Ave,"1561 St Nicholas Ave, New York, NY 10040",The Breakfast Dash,New York,NY,Our Otter,DoorDash - Not Approved,Active,Active,,760bb5ec-7875-5990-ba7f-41681dfafb49,8569904,,Chris Garner,Rachelle Kate Funa,Maria Mellanie S. Lapira,
recBGcfNR7q03eqjF,Chopcheese Deli - 1561 St Nicholas Ave,"1561 St Nicholas Ave, New York, NY 10040",GrillGrub Sandwiches,New York,NY,Our Otter,DoorDash - Not Approved,Active,Active,,ddb96719-d70b-5b57-8919-fffe60f3e6b8,8568648,,Chris Garner,Rachelle Kate Funa,Maria Mellanie S. Lapira,
recnDUQEYCJrzNUyD,ChopCheese Deli 1 - 4234 Broadway,"4234 Broadway, New York, NY 10033",The Burger Blade,New York,NY,Our Otter,Active,Active - Onboarding In Process,Active,32863729,396e14dd-c724-50aa-ad1e-a7e82ecc67bc,10062152,Mau Liboon,Chris Garner,Eve Paraiso,Leix Anthony Almeda,24/7
rec0Mvo6uYf0stYTZ,ChopCheese Deli 1 - 4234 Broadway,"4234 Broadway, New York, NY 10033",Breakfast N Vibe,New York,NY,Our Otter,Active,Active,Active,32923293,48759b81-ff3d-5b88-bd05-1b56823ac204,10062136,Mau Liboon,Chris Garner,Eve Paraiso,Leix Anthony Almeda,24/7
reclOpSUxRClrr5s8,ChopCheese Deli 1 - 4234 Broadway,"4234 Broadway, New York, NY 10033",Village Wraps Snob,New York,NY,Our Otter,Active,Active,Active,34344089,e02eacc3-b3df-5cb9-a11c-fcc0812516eb,10062160,Mau Liboon,Chris Garner,Eve Paraiso,Leix Anthony Almeda,24/7
recmC1islkOGs4oHO,ChopCheese Deli 4 - 3661 Broadway,"3661 Broadway, New York, NY 10031",Wonderland Wraps,New York,NY,Our Otter,Active,Active,Active,32918455,20e6cb28-3373-53e6-abeb-e43c80a168a0,10075304,Tana Jean Frances Liboon,Chris Garner,Eve Paraiso,Leix Anthony Almeda,24/7
rec2fhxgAavxkApfo,ChopCheese Deli 4 - 3661 Broadway,"3661 Broadway, New York, NY 10031",Amanda's Breakfast Lounge,New York,NY,Our Otter,Active,Active,Active,33415771,88f98d42-e24f-5aa5-a7e9-318f11643534,10078560,Tana Jean Frances Liboon,Chris Garner,Eve Paraiso,Leix Anthony Almeda,24/7
recdECbQ9LSwuvCm1,ChopCheese Deli 4 - 3661 Broadway,"3661 Broadway, New York, NY 10031",Bart's Burger Bar,New York,NY,Our Otter,Active,Active,Active,32922801,035b706a-b8cb-567f-93ec-24537d361ab4,10063864,Tana Jean Frances Liboon,Chris Garner,Eve Paraiso,Leix Anthony Almeda,24/7
recXVTZxmWZNp7ODs,City Kitchen - 5225 Lankershim Blvd,"5225 Lankershim Blvd, Los Angeles, CA 91601",Toretto's Breakfast Cafe,Los Angeles,CA,Their Otter,Temporarily Deactivated,Temporarily Deactivated,Temporarily Deactivated,33022161,271c31e6-19fb-5b45-8979-25fcbe654aa7,9845104,Jan Ceasar Poblete,Chris Garner,Eve Paraiso,Maria Mellanie S. Lapira,Monday and Tuesday 9:00AM - 2:30PM; Wednesday to Sunday 9:00AM - 4:30PM TODC HRS
recCPjAsNTVRFYfJu,City Kitchen - 5225 Lankershim Blvd,"5225 Lankershim Blvd, Los Angeles, CA 91601",The Gourmet Burger,Los Angeles,CA,Their Otter,Temporarily Deactivated,Temporarily Deactivated,Temporarily Deactivated,33016935,e36fdc8e-401f-5abd-9499-8de913690c04,9832936,Jan Ceasar Poblete,Chris Garner,Eve Paraiso,Maria Mellanie S. Lapira,Monday and Tuesday 9:00AM - 2:30PM; Wednesday to Sunday 9:00AM - 4:30PM TODC HRS
recoge0jsSKXnf0kW,Classic Pizza - 2624 Pico Blvd,"2624 Pico Blvd, Santa Monica, CA 90405",Firenze Pasta Ristorante,Santa Monica,CA,Our Otter,DoorDash - Discontinued,Discontinued - UE Low Sales,Active,2408675,224a87e2-5fb0-5b7d-b1aa-1e0b3e808ddc,3309585,Mau Liboon,Chris Garner,Rachelle Kate Funa,Jixford L. Polo,
recXeUSDJT4e8aNgy,Classic Pizza - 2624 Pico Blvd,"2624 Pico Blvd, Santa Monica, CA 90405",Celebrity Pizza,Santa Monica,CA,Our Otter,DoorDash - Discontinued,Discontinued by UE,Active,,,1171774,Mau Liboon,Chris Garner,Rachelle Kate Funa,Jixford L. Polo,
rec03EcPmiRcLgvQ3,Classic Pizza - 2624 Pico Blvd,"2624 Pico Blvd, Santa Monica, CA 90405",Nico's Italian Ristorante,Santa Monica,CA,Our Otter,Active,Active,Active,31636133,3f144741-aef2-5043-9485-e1d6611e3b0b,9815048,Mau Liboon,Chris Garner,Rachelle Kate Funa,Jixford L. Polo,"Monday-Tuesday: 11AM-1:30 AM, Wednesday-Saturday: 11AM-2:30AM, Sunday: 12PM-1:30AM"
rec6EI0egxf4dTHOT,Classic Pizza - 2624 Pico Blvd,"2624 Pico Blvd, Santa Monica, CA 90405",Little Italy's Calzones,Santa Monica,CA,Our Otter,Active,Discontinued TODC audit,Active,1534047,db914270-eed5-4a35-b35d-e1755323324b,2642181,Mau Liboon,Chris Garner,Rachelle Kate Funa,Jixford L. Polo,"Monday-Tuesday: 11AM-1:30 AM, Wednesday-Saturday: 11AM-2:30AM, Sunday: 12PM-1:30AM"
rec8o31vzl9qqqelu,Classic Pizza - 2624 Pico Blvd,"2624 Pico Blvd, Santa Monica, CA 90405",Amore Pasta Ristorante,Santa Monica,CA,Our Otter,Temporarily Deactivated,Temporarily Deactivated,Temporarily Deactivated,31535767,1462021d-2b8b-513b-80d2-6ec8fe1b0983,9819528,Mau Liboon,Chris Garner,Rachelle Kate Funa,Jixford L. Polo,"Monday-Saturday: 24 Hours, Sunday: 5AM-8PM"
recwF5KRmeYOlfTIU,Classic Pizza - 2624 Pico Blvd,"2624 Pico Blvd, Santa Monica, CA 90405",Fat Cheesesteaks,Santa Monica,CA,Our Otter,Active,Active,Active,1335600,4f9682eb-1aab-44a0-87c4-0dfa0f886ae7,2030753,Mau Liboon,Chris Garner,Rachelle Kate Funa,Jixford L. Polo,"Monday-Tuesday: 11AM-1:30 AM, Wednesday-Saturday: 11AM-2:30AM, Sunday: 12PM-1:30AM"
recHXgIK27TWQD2cq,Classic Pizza - 2624 Pico Blvd,"2624 Pico Blvd, Santa Monica, CA 90405",Sicily's Calzone House,Santa Monica,CA,Our Otter,DoorDash - Discontinued,Discontinued - UE Low Sales,Active,2409093,d69b4979-cd83-5cd1-8131-8b12e87f72e1,3308893,Mau Liboon,Chris Garner,Rachelle Kate Funa,Jixford L. Polo,
recIGaZtUx44Xxw68,Classic Pizza - 2624 Pico Blvd,"2624 Pico Blvd, Santa Monica, CA 90405",Maria's Italian Meatballs,Santa Monica,CA,Our Otter,DoorDash - Discontinued,Discontinued - UE Low Sales,Active,2423491,91c2ff0b-5cb1-5af7-992c-ae4a0e3788a9,3309093,Mau Liboon,Chris Garner,Rachelle Kate Funa,Jixford L. Polo,
recN8J1EGr98pVXz6,Classic Pizza - 2624 Pico Blvd,"2624 Pico Blvd, Santa Monica, CA 90405",Frankie's Burger Bar,Santa Monica,CA,Our Otter,DoorDash - Discontinued,Discontinued by UE,Active,,1cf44483-9eb3-4f12-b8b6-fd4c4f6074fd,2030767,Mau Liboon,Chris Garner,Rachelle Kate Funa,Jixford L. Polo,
recNalBewXC4EIsjL,Classic Pizza - 2624 Pico Blvd,"2624 Pico Blvd, Santa Monica, CA 90405",Fallon's Fried Chicken,Santa Monica,CA,Our Otter,Active,Discontinued by UE,Active,828125,45e187d8-ec24-49df-934f-d9cce63f5689,2031407,Mau Liboon,Chris Garner,Rachelle Kate Funa,Jixford L. Polo,"Monday-Tuesday: 11AM-1:30 AM, Wednesday-Saturday: 11AM-2:30AM, Sunday: 12PM-1:30AM"
recTGV42tiZQPZqji,Classic Pizza - 2624 Pico Blvd,"2624 Pico Blvd, Santa Monica, CA 90405",The Salad Snob,Santa Monica,CA,Our Otter,Active,Active,Grubhub - Brand Discontinued,564064,0d8eb500-3772-48ec-9b81-85527e539eba,1171534,Mau Liboon,Chris Garner,Rachelle Kate Funa,Jixford L. Polo,"Monday-Tuesday: 11AM-1:30 AM, Wednesday-Saturday: 11AM-2:30AM, Sunday: 12PM-1:30AM"
recTqyI1GLMfm7R48,Classic Pizza - 2624 Pico Blvd,"2624 Pico Blvd, Santa Monica, CA 90405",The Cali Calzone,Santa Monica,CA,Our Otter,Active,Active,Active,31671737,5e89e31c-a3a1-504c-b7ae-752f1b38b838,9819568,Mau Liboon,Chris Garner,Rachelle Kate Funa,Jixford L. Polo,"Monday-Tuesday: 11AM-1:30 AM, Wednesday-Saturday: 11AM-2:30AM, Sunday: 12PM-1:30AM"
recU6NmeAJWr9fMoV,Classic Pizza - 2624 Pico Blvd,"2624 Pico Blvd, Santa Monica, CA 90405",Benny's Buffalo Wings,Santa Monica,CA,Our Otter,DoorDash - Discontinued,Active,Active,,83bf4853-6bad-4f61-9065-f52d4e8bd630,2285408,Mau Liboon,Chris Garner,Rachelle Kate Funa,Jixford L. Polo,
recos06DXHMsPONb0,CONTIGO - 1595 Seminole Blvd,"1595 Seminole Blvd, Largo, FL 33770",Leon's Legendary Pizza,Largo,FL,Our Otter,Discontinued - DoorDash Fraud,Active,Active,31313829,fc6cfe90-2b95-5fce-8a04-c6b7cac82bb6,9820952,Mau Liboon,Chris Garner,Eve Paraiso,Leix Anthony Almeda,"TODC Hours: Monday - Friday: 6AM - 7:30PM, Saturday - Sunday: 9AM - 6:30PM"
recYBTieiHfdFsIs7,CONTIGO - 1595 Seminole Blvd,"1595 Seminole Blvd, Largo, FL 33770",Chicken Sandwich Loft,Largo,FL,Our Otter,Active,Active,Active,28605587,b6eead5e-07d0-54ea-b0df-60f7d2842032,8568664,Mau Liboon,Chris Garner,Eve Paraiso,Leix Anthony Almeda,"TODC Hours: Monday - Friday: 6AM - 7:30PM, Saturday - Sunday: 9AM - 6:30PM"
recEhlbVYkq0MuM74,CONTIGO - 1595 Seminole Blvd,"1595 Seminole Blvd, Largo, FL 33770",The Burger Joint,Largo,FL,Our Otter,Active,Discontinued by UE,Active,28607133,56bf2c2e-6f6d-5786-99f9-cc1f482bd338,8562904,Mau Liboon,Chris Garner,Eve Paraiso,Leix Anthony Almeda,"TODC Hours: Monday - Friday: 6AM - 7:30PM, Saturday - Sunday: 9AM - 6:30PM"
rec8rYs40g512iHW9,Country Squire - 2560 West Chester Pike,"2560 West Chester Pike, Broomall, PA 19008",Jen's Burger Blaze,Broomall,PA,Referral: Their Otter,Active,Active,Grubhub Discontinued - Failed Concept,24920642,e762437a-f68b-5780-875c-7e44142a92c9,6154920,lara yao,Chris Garner,Eve Paraiso,Leix Anthony Almeda,TODC Menu Hours: Monday-Sunday: 7:30AM-6:30PM
recPeVYKH2H6tv3xG,Cozumel Gourmet Deli - 877 10th Ave,"877 10th Ave, New York, NY 10019",Evan's Burger Empire,New York,NY,Our Otter,Active,Discontinued by UE,Active,25130156,a4302088-5efc-5e44-856c-0a26a557d8cb,6893552,Mau Liboon,Ria Jain,Edlyn Manzano,Leix Anthony Almeda,Monday - Sunday: 6am-12am
recZFrYkhEHJHNNee,D&D gourmet - 210 Smith Rd,"210 Smith Rd, Nanuet, NY 10954",Alberto's Hero Sandwich Spot,Nanuet,NY,Our Otter,DoorDash - Discontinued,Discontinued - UE Low Sales,Active,2445744,3411bfd0-ca87-50da-bbd1-2204002cab45,3300764,lara yao,Chris Garner,Janice Mauricio,Leix Anthony Almeda,
recyUrNOlHoaoTgmY,D&D gourmet - 210 Smith Rd,"210 Smith Rd, Nanuet, NY 10954",Toss N' Chop Salad Bar,Nanuet,NY,Our Otter,Active,Discontinued - UE Low Sales,Active,2459220,e060093a-ba76-51bf-aa20-68782a110846,3325673,lara yao,Chris Garner,Janice Mauricio,Leix Anthony Almeda,TODC Menu Hours: Everyday: 5AM - 9PM
reczIS6V4sVZLVubD,D&D gourmet - 210 Smith Rd,"210 Smith Rd, Nanuet, NY 10954",Top Notch Sandwiches,Nanuet,NY,Our Otter,Active,Discontinued by UE,Active,2455636,13dbf548-c3d6-5583-98f4-81b1bb75e0a0,3300843,lara yao,Chris Garner,Janice Mauricio,Leix Anthony Almeda,TODC Menu Hours: Everyday: 5AM - 9PM
recssghHFX14vHJf1,Dean Organik Market - 486 Dean St,"486 Dean St, Brooklyn, NY 11217",Chop & Dice Salads,Brooklyn,NY,Our Otter,Active,Active - Onboarding In Process,Onboarding - Pending,34338911,87bdd746-b607-5f31-b274-9147753c0421,,lara yao,Chris Garner,Edlyn Manzano,Maria Mellanie S. Lapira,Monday - Sunday: 5:00 AM - 12:00 AM
recftz4AMDt4VpG5K,Del Rancho Mexican Grill - 5279 North Roxboro St,"5279 North Roxboro St, Durham, NC 27712",Mia's Breakfast Bar,Durham,NC,Their Otter,DoorDash - Discontinued,Active,Active,26082796,79983b12-22c2-57fe-9ae8-592e24e3c654,7325424,lara yao,Chris Garner,Eve Paraiso,Maria Mellanie S. Lapira,"Monday to Sunday 10:00AM - 9:30PM TODC HRS

"
recIBfi7B6igdeHbR,Del Rancho Mexican Grill - 5279 North Roxboro St,"5279 North Roxboro St, Durham, NC 27712",Veronica's Burrito Bar,Durham,NC,Their Otter,DoorDash - Discontinued,Active,Active,26082775,74dc4d5f-5c56-5ef3-ab21-f33e123a27e9,7323168,lara yao,Chris Garner,Eve Paraiso,Maria Mellanie S. Lapira,"Monday-Thursday: 11AM-9:30PM, Friday-Saturday: 11AM-10PM, Sunday: 12PM-10PM"
recliyFQgCQikwaEm,Del Rancho Mexican Grill - 5279 North Roxboro St,"5279 North Roxboro St, Durham, NC 27712",Top Notch Sandwiches,Durham,NC,Their Otter,Active,Active,Active,34348517,0d9fa0a6-504d-5b48-b284-3c79cd1fc7ab,10608272,lara yao,Chris Garner,Eve Paraiso,Maria Mellanie S. Lapira,"Monday - Thursday: 11AM - 9:30PM, Friday - Saturday: 11AM - 10PM, Sunday: 12PM - 10PM"
recfsNVepwRePqTNx,Del Rancho Mexican Grill - 5279 North Roxboro St,"5279 North Roxboro St, Durham, NC 27712",Holly's Burger Bar,Durham,NC,Their Otter,Active,Active,Active,34348645,679d9a36-c056-50c2-9362-5ac33a98e52e,10600944,lara yao,Chris Garner,Eve Paraiso,Maria Mellanie S. Lapira,"Monday - Thursday: 11AM - 9:30PM, Friday - Saturday: 11AM - 10PM, Sunday: 12PM - 10PM"
recYerw9P14GKz7wf,BOLLYWOOD RASOI - 716 10th Ave,"716 10th Ave, New York, NY 10019",Vegan Indian Company,New York,NY,Our Otter,Active,Discontinued by UE,Not Onboarded by GH,610571,,,,Chris Garner,Janice Mauricio,Jixford L. Polo,
rec1mljNM27mekgTu,BOLLYWOOD RASOI - 716 10th Ave,"716 10th Ave, New York, NY 10019",Halal Indian Monsoon,New York,NY,Our Otter,DoorDash - Discontinued,Discontinued - UE Low Sales,Active,23065338,0af79946-9b57-50a0-b65c-3e1a05a7f1dc,3310024,,Chris Garner,Janice Mauricio,Jixford L. Polo,
receiVwhUG5Haofak,BOLLYWOOD RASOI - 716 10th Ave,"716 10th Ave, New York, NY 10019",Priya's Indian Kitchen,New York,NY,Our Otter,DoorDash - Discontinued,Discontinued by UE,Active,241066,,823219,,Chris Garner,Janice Mauricio,Jixford L. Polo,
reck3IFjbudUy2seb,BOLLYWOOD RASOI - 716 10th Ave,"716 10th Ave, New York, NY 10019",India's Quick Bites,New York,NY,Our Otter,DoorDash - Discontinued,Discontinued by UE,Active,23065532,19daac2e-a2b4-544f-ba16-c9d4b7df7ab6,3309660,,Chris Garner,Janice Mauricio,Jixford L. Polo,
recBr8rmmU4vndAUZ,BOLLYWOOD RASOI - 716 10th Ave,"716 10th Ave, New York, NY 10019",Vegan Indian Company,New York,NY,Our Otter,Active,Active,Not Onboarded by GH,,7c77bac4-dc4b-4d38-92e9-e997c87414aa,,,Chris Garner,Janice Mauricio,Jixford L. Polo,
recGceOXl1lrg8Nlh,BOLLYWOOD RASOI - 716 10th Ave,"716 10th Ave, New York, NY 10019",Indian Biryani Snob,New York,NY,Our Otter,DoorDash - Discontinued,Discontinued - UE Low Sales,Active,23065089,749c6a2e-c7a0-5731-ba9f-8fb4e294a323,3310025,,Chris Garner,Janice Mauricio,Jixford L. Polo,
recPRhnHk0RpyMG7W,BOLLYWOOD RASOI - 716 10th Ave,"716 10th Ave, New York, NY 10019",Kareena's Breakfast Cafe,New York,NY,Our Otter,DoorDash - Discontinued,Discontinued - UE Low Sales,Active,23557489,802144ee-6194-58fc-bf5a-75a78357f477,3346356,,Chris Garner,Janice Mauricio,Jixford L. Polo,
recSlojrGtsaUxpbX,BOLLYWOOD RASOI - 716 10th Ave,"716 10th Ave, New York, NY 10019",Badri's Biryani Bar,New York,NY,Our Otter,DoorDash - Discontinued,Discontinued by UE,Active,1416074,a7c51f64-5984-4c12-851f-22b0c26ec976,2509728,,Chris Garner,Janice Mauricio,Jixford L. Polo,
recp7dZfNWyB6WFPL,Dolce Carini Pizza - 1929 Chestnut St,"1929 Chestnut St, Philadelphia, PA 19103",Chicken Tenders Bar,Philadelphia,PA,Their Otter,DoorDash - Discontinued,Discontinued - UE Low Sales,Active,1388546,5e02a38d-0c46-4485-b9db-72c0de364811,2457881,Jan Ceasar Poblete,Chris Garner,Janice Mauricio,Maria Mellanie S. Lapira,"⏰Monday to Saturday: 11:00 AM to 8:00 PM,  Sundays: 11am-700pm todc hrs"
recvBGtf5O1dyADFT,Dolce Carini Pizza - 1929 Chestnut St,"1929 Chestnut St, Philadelphia, PA 19103",Hot Sandwich Bar,Philadelphia,PA,Their Otter,Active,Active,Active,32863853,e6077760-9901-51fe-b6b9-dfe7fb53d586,10062120,Jan Ceasar Poblete,Chris Garner,Janice Mauricio,Maria Mellanie S. Lapira,"⏰Monday to Saturday: 11:00 AM to 8:00 PM,  Sundays: 11am-700pm todc hrs"
rec13ZWooSQd4ioMY,Dolce Carini Pizza - 1929 Chestnut St,"1929 Chestnut St, Philadelphia, PA 19103",RJ's Philly Cheesesteaks,Philadelphia,PA,Their Otter,DoorDash - Discontinued,Discontinued - UE Low Sales,Active,1281028,73e207a6-518f-4931-b11a-7b948f4c2986,2423891,Jan Ceasar Poblete,Chris Garner,Janice Mauricio,Maria Mellanie S. Lapira,"⏰Monday to Saturday: 11:00 AM to 8:00 PM,  Sundays: 11am-700pm todc hrs"
rec4nckkUPuHuhcKH,Dolce Carini Pizza - 1929 Chestnut St,"1929 Chestnut St, Philadelphia, PA 19103",The Burger Co,Philadelphia,PA,Their Otter,Active,Active,Active,33015885,48fe302a-c951-53c9-b3f9-fb96eb1909f7,10065528,Jan Ceasar Poblete,Chris Garner,Janice Mauricio,Maria Mellanie S. Lapira,"⏰Monday to Saturday: 11:00 AM to 8:00 PM,  Sundays: 11am-700pm todc hrs"
reclQaDGTzcD9P9Yp,Dolce Carini Pizza - 1929 Chestnut St,"1929 Chestnut St, Philadelphia, PA 19103",The Pasta Twins,Philadelphia,PA,Their Otter,Active,Active,Active,31535791,9a2e23e8-f895-5c1f-a640-3efee55a3ccb,9819544,Jan Ceasar Poblete,Chris Garner,Janice Mauricio,Maria Mellanie S. Lapira,"⏰Monday to Saturday: 11:00 AM to 8:00 PM,  Sundays: 11am-700pm todc hrs"
recBWQtYCjMneDup5,Dolce Carini Pizza - 1929 Chestnut St,"1929 Chestnut St, Philadelphia, PA 19103",Mary's Chicken Sandwiches,Philadelphia,PA,Their Otter,Active,Active,Active,32863865,e209006d-7fed-5907-ab95-09fe068ec6dd,9816344,Jan Ceasar Poblete,Chris Garner,Janice Mauricio,Maria Mellanie S. Lapira,"⏰Monday to Saturday: 11:00 AM to 8:00 PM,  Sundays: 11am-700pm todc hrs"
recJFKmrNBlGF8PjD,Dolce Carini Pizza - 1929 Chestnut St,"1929 Chestnut St, Philadelphia, PA 19103",The Salad Dream,Philadelphia,PA,Their Otter,DoorDash - Discontinued,Discontinued - UE Low Sales,Active,1842456,6ad27f70-d2c4-4575-b1cf-4ebe1e0aa866,2886504,Jan Ceasar Poblete,Chris Garner,Janice Mauricio,Maria Mellanie S. Lapira,"⏰Monday to Saturday: 11:00 AM to 8:00 PM,  Sundays: 11am-700pm todc hrs"
rec9IP2zu6WpPJD4j,Dollis - 900 N Citrus Ave,"900 N Citrus Ave, Covina, CA 91722",Carmen's Breakfast Burritos,Covina,CA,Their Otter,Active,Discontinued by UE,Active,2455971,b00f4d5f-bbfd-5601-a582-3944f82a8c4c,3301255,,Chris Garner,Eve Paraiso,Leix Anthony Almeda,TODC Menu Hours: Mon - Fri 7AM - 12 PM | Sat - Sun 7AM - 1PM
reczLAeWQIO8vi4sS,Dollis - 900 N Citrus Ave,"900 N Citrus Ave, Covina, CA 91722",Breakfast N Vibe,Covina,CA,Their Otter,DoorDash - Discontinued,Discontinued by UE,Active,23557099,620675db-3075-5a87-b9e5-1e399937063d,3343880,,Chris Garner,Eve Paraiso,Leix Anthony Almeda,Mon - Fri 7AM - 12:30 PM | Sat - Sun 7AM - 1:30PM
recGD7vRBc3cbcmn3,Dollis - 900 N Citrus Ave,"900 N Citrus Ave, Covina, CA 91722",Holy Grail Omelettes,Covina,CA,Their Otter,Active,Discontinued by UE,Grubhub - Brand Discontinued,2467401,3aae1cc2-223e-5119-8c30-fe30f636de75,3300943,,Chris Garner,Eve Paraiso,Leix Anthony Almeda,TODC Menu Hours: Mon - Fri 7AM - 12 PM | Sat - Sun 7AM - 1PM
recU84OQ4sLNzSwjm,Dollis - 900 N Citrus Ave,"900 N Citrus Ave, Covina, CA 91722",Day N Night Pancakes,Covina,CA,Their Otter,Active,Discontinued - UE Low Sales,Active,2458848,b6a9dcba-2286-558d-9de8-cb5bf85ae3a1,3300844,,Chris Garner,Eve Paraiso,Leix Anthony Almeda,TODC Menu Hours: Mon - Fri 7AM - 12 PM | Sat - Sun 7AM - 1PM
recYnIZol4G9qNEKj,Dream Gourmet Deli inc. - 111 E 161 St,"111 E 161 St, Bronx, NY 10451",Farmer Girl Salad,Bronx,NY,Our Otter,DoorDash - Not Approved,Active,Active,,bc0dd211-30c1-5ef5-b596-62facccce07f,6891152,,Chris Garner,Eve Paraiso,Leix Anthony Almeda,
recc7k6XH5hjel592,Dream Gourmet Deli inc. - 111 E 161 St,"111 E 161 St, Bronx, NY 10451",Amanda's Breakfast Lounge,Bronx,NY,Our Otter,Active,Active,Active,25295448,f240d3a5-c6e6-539d-a813-ecb08ccb1585,6893792,,Chris Garner,Eve Paraiso,Leix Anthony Almeda,Monday-Sunday: 12AM-12AM
recfZyoLhU08sQR2u,Dream Gourmet Deli inc. - 111 E 161 St,"111 E 161 St, Bronx, NY 10451",Prime Burger Lounge,Bronx,NY,Our Otter,Active,Active,Active,25295599,f08d14d5-e46b-5b62-820b-82197706bbc7,6893800,,Chris Garner,Eve Paraiso,Leix Anthony Almeda,Monday-Sunday: 12AM-12AM
recRGxn1V9ISiXVqH,Dream Gourmet Deli inc. - 111 E 161 St,"111 E 161 St, Bronx, NY 10451",Golden Bear Sandwiches,Bronx,NY,Our Otter,Active,Active,Active,25295455,1d0943c6-a463-50eb-aeab-0239d59d9ac8,6892128,,Chris Garner,Eve Paraiso,Leix Anthony Almeda,Monday-Sunday: 12AM-12AM
recbEF5iZz8b4kzDk,Dsign Pizza - 2138 W National Ave,"2138 W National Ave, Milwaukee, WI 53204",The Pasta Story,Milwaukee,WI,Our Otter,Active,Active,Active,33017373,a418dd9a-3524-5605-9471-542cc809e9b4,9813512,Jan Ceasar Poblete,Chris Garner,Eve Paraiso,Maria Mellanie S. Lapira,"⏰Monday-Thursday: 4PM-9:30PM, Friday-Saturday : 2PM - 9:30PM; Sunday: 2PM - 8:30PM TOCD HRS"
recu8Yhyltc6slgi3,Earle Cafe - 57 sip ave,"57 sip ave, Jersey City, NJ 07306",Hot Sandwich Bar,Jersey City,NJ,Our Otter,Active,Active,Active,23906852,f64ab716-18ff-5cee-811d-9bb4d30f5889,4514160,Jan Ceasar Poblete,Ria Jain,Janice Mauricio,Maria Mellanie S. Lapira,Open 24HRS
recy4pYM7QBHA8e6h,Earle Cafe - 57 sip ave,"57 sip ave, Jersey City, NJ 07306",The Kabob Snob,Jersey City,NJ,Our Otter,Active,Active,Active,31577153,2ba532c2-e8ba-530b-b8cb-c33f9e379676,9822568,Jan Ceasar Poblete,Ria Jain,Janice Mauricio,Maria Mellanie S. Lapira,Open 24HRS
recQZo4hbm1eh9poM,Earle Cafe - 57 sip ave,"57 sip ave, Jersey City, NJ 07306",The Sandwich Cafe,Jersey City,NJ,Our Otter,Active,Active,Active,23906853,e3c99e7f-dbb0-54d6-870b-5a9879b9d971,4512440,Jan Ceasar Poblete,Ria Jain,Janice Mauricio,Maria Mellanie S. Lapira,Open 24HRS
recn37sr7bsm8jdXM,East side Deli - 1424 Lexington Ave,"1424 Lexington Ave, New York, NY 10128",Harry's Sandwich House,New York,NY,Our Otter,Active,Active,Active,31635793,947ea98a-c8ca-578f-ba18-f3aa2bbb477a,9819552,Jan Ceasar Poblete,Chris Garner,Rachelle Kate Funa,Leix Anthony Almeda,24/7
recptjOCjQIJherI3,East side Deli - 1424 Lexington Ave,"1424 Lexington Ave, New York, NY 10128",Sip On Smoothie,New York,NY,Our Otter,DoorDash - Discontinued,Discontinued - UE Low Sales,Active,23549201,46ee1354-3a79-5a09-b3c1-f5d5e0e21658,3312896,Jan Ceasar Poblete,Chris Garner,Rachelle Kate Funa,Leix Anthony Almeda,24/7
recvKno8CaZW0g599,East side Deli - 1424 Lexington Ave,"1424 Lexington Ave, New York, NY 10128",Top Panini Shop,New York,NY,Our Otter,Active,Discontinued - UE Low Sales,Active,23907042,351a170d-800e-51ba-a80f-ecf20b746870,4512360,Jan Ceasar Poblete,Chris Garner,Rachelle Kate Funa,Leix Anthony Almeda,24/7
recYwq8R9y8IXlF3r,East side Deli - 1424 Lexington Ave,"1424 Lexington Ave, New York, NY 10128",Casa De Quesadilla,New York,NY,Our Otter,DoorDash - Discontinued,Active,Active,23549468,eb8a2773-10ae-5241-af12-33c0496c113b,3312267,Jan Ceasar Poblete,Chris Garner,Rachelle Kate Funa,Leix Anthony Almeda,24/7
rec8lmuSYnEpwgRwy,East side Deli - 1424 Lexington Ave,"1424 Lexington Ave, New York, NY 10128",Sunrise Coffee Express,New York,NY,Our Otter,DoorDash - Discontinued,Discontinued - UE Low Sales,Active,23907045,da7affe9-57f8-5ec8-9714-a06b4a51fb48,7097528,Jan Ceasar Poblete,Chris Garner,Rachelle Kate Funa,Leix Anthony Almeda,24/7
recdcjl93WUieC3xb,East side Deli - 1424 Lexington Ave,"1424 Lexington Ave, New York, NY 10128",House of Paninis,New York,NY,Our Otter,Active,Active,Active,31636141,ebd4586d-11df-5db9-9b65-cc79b772f19b,9815040,Jan Ceasar Poblete,Chris Garner,Rachelle Kate Funa,Leix Anthony Almeda,24/7
recgYyZ6vvZKjkML5,East side Deli - 1424 Lexington Ave,"1424 Lexington Ave, New York, NY 10128",La Puebla Quesadilla,New York,NY,Our Otter,Active,Active,Active,31635709,ac76beb8-b866-5822-aab3-f5dc9219c512,9824160,Jan Ceasar Poblete,Chris Garner,Rachelle Kate Funa,Leix Anthony Almeda,24/7
recjXXVvWPvO1VtJf,East side Deli - 1424 Lexington Ave,"1424 Lexington Ave, New York, NY 10128",The Acai Station,New York,NY,Our Otter,DoorDash - Discontinued,Discontinued - UE Low Sales,Active,1464987,8d373c49-ba54-4774-9b31-9d2cdd6714a8,2567535,Jan Ceasar Poblete,Chris Garner,Rachelle Kate Funa,Leix Anthony Almeda,24/7
recxIrakeWT33moZJ,East side Deli - 1424 Lexington Ave,"1424 Lexington Ave, New York, NY 10128",The Acai Dream,New York,NY,Our Otter,DoorDash - Discontinued,Discontinued - UE Low Sales,Active,23549455,2ec4003b-4559-5569-b46c-deeeabbe07c5,3312535,Jan Ceasar Poblete,Chris Garner,Rachelle Kate Funa,Leix Anthony Almeda,24/7
reczSb2oIcGDSEcDS,East side Deli - 1424 Lexington Ave,"1424 Lexington Ave, New York, NY 10128",Pressed On Panini's,New York,NY,Our Otter,DoorDash - Discontinued,Discontinued - UE Low Sales,Active,23549460,94d9639a-2e41-5cf2-ae7d-8212ea104942,3312817,Jan Ceasar Poblete,Chris Garner,Rachelle Kate Funa,Leix Anthony Almeda,24/7
recEs8MGRVKwztkid,East side Deli - 1424 Lexington Ave,"1424 Lexington Ave, New York, NY 10128",NY Breakfast Spot,New York,NY,Our Otter,Active,Active,Active,1245783,bc51d43c-87f8-41b5-9ae8-e15be11f4c80,2406921,Jan Ceasar Poblete,Chris Garner,Rachelle Kate Funa,Leix Anthony Almeda,24/7
recIUQwoZkkzoQdrf,East side Deli - 1424 Lexington Ave,"1424 Lexington Ave, New York, NY 10128",Hill Top Sandwich,New York,NY,Our Otter,DoorDash - Discontinued,Discontinued - UE Low Sales,Active,23906901,4607c830-8ba3-54d3-b4c9-e101a95c2896,4510320,Jan Ceasar Poblete,Chris Garner,Rachelle Kate Funa,Leix Anthony Almeda,24/7
recKBrDtqoF6HgAGM,East side Deli - 1424 Lexington Ave,"1424 Lexington Ave, New York, NY 10128",The Smooth Eaze,New York,NY,Our Otter,Active,Active,Active,31636291,81cc1a31-5cef-5451-8f0e-ded0a76dfe2d,9824168,Jan Ceasar Poblete,Chris Garner,Rachelle Kate Funa,Leix Anthony Almeda,24/7
recVJJmksgGN8hnZU,East side Deli - 1424 Lexington Ave,"1424 Lexington Ave, New York, NY 10128",The Pasta Story,New York,NY,Our Otter,Active,Discontinued by UE,Active,1465730,563e7034-16d0-40c1-883d-8739792ec202,2535778,Jan Ceasar Poblete,Chris Garner,Rachelle Kate Funa,Leix Anthony Almeda,24/7
recYJ6JY4vRKwpXKx,East Side Market - 1463 York Ave,"1463 York Ave, New York, NY 10075",High Life Breakfast Sandwiches,New York,NY,Our Otter,DoorDash - Discontinued,Discontinued by UE,Active,25404609,bf77f8ac-3cd3-5970-92b7-bf2ecf6a51dd,6895712,,Ria Jain,Edlyn Manzano,Maria Mellanie S. Lapira,Monday-Sunday: 6AM-12AM
rec4uAtnvMHut1Tqg,El Rincon De Mexico - 730 Astor Ave,"730 Astor Ave, The Bronx, NY 10469",The Smoothie Squeeze,The Bronx,NY,Referral: Their Otter,Temporarily Deactivated,Discontinued - UE Low Sales,Temporarily Deactivated,24099363,f031d210-231c-5580-aa60-144ed07c0534,4519072,,Chris Garner,Janice Mauricio,Jixford L. Polo,TODC: Monday to Thursday: 11:00 AM – 9:10 PM | Friday to Sunday: 11:00 AM – 1:00 PM
recaMduoMzEmUtsUu,El Rincon De Mexico - 730 Astor Ave,"730 Astor Ave, The Bronx, NY 10469",The Burger Joint,The Bronx,NY,Referral: Their Otter,Temporarily Deactivated,Discontinued - UE Low Sales,Temporarily Deactivated,24099359,9180d5a4-ec9e-59a1-a143-1e30bcd8f1f6,4514608,,Chris Garner,Janice Mauricio,Jixford L. Polo,TODC: Monday to Thursday: 11:00 AM – 9:10 PM | Friday to Sunday: 11:00 AM – 1:00 PM
reccQjn1sl0XoEN2N,El Rincon De Mexico - 730 Astor Ave,"730 Astor Ave, The Bronx, NY 10469",Hot Wings Co.,The Bronx,NY,Referral: Their Otter,DoorDash - Discontinued,Discontinued - UE Low Sales,Temporarily Deactivated,24099354,c0c0d08b-e465-51e1-a286-2901e8ce3ed7,4512816,,Chris Garner,Janice Mauricio,Jixford L. Polo,TODC: Monday to Thursday: 11:00 AM – 9:10 PM | Friday to Sunday: 11:00 AM – 1:00 PM
recUfbuq9CKKKElyJ,El Rincon De Mexico - 730 Astor Ave,"730 Astor Ave, The Bronx, NY 10469",Casa De Quesadilla,The Bronx,NY,Referral: Their Otter,Temporarily Deactivated,Discontinued - UE Low Sales,Grubhub Discontinued - Failed Concept,24099355,43712bfb-f878-520b-8a2b-7be155ae3635,4512808,,Chris Garner,Janice Mauricio,Jixford L. Polo,TODC: Monday to Thursday: 11:00 AM – 9:10 PM | Friday to Sunday: 11:00 AM – 1:00 PM
recafaMWEwJ9KTYwS,El Tarasco - 109 Washington Blvd,"109 Washington Blvd, Marina Del Rey, CA 90292",Super Burrito Bar,Marina Del Rey,CA,Our Otter,Active,Discontinued by UE,Active,2427743,44a7ed9e-ec8d-5ca7-8d2f-8382efff832f,3309272,,Chris Garner,Eve Paraiso,Jixford L. Polo,Monday to Thursday: 9:00 AM to 9:00 PM / Friday to Sunday: 9:00 AM to 9:30 PM
recPavfsV6vv7w03f,El Tarasco - 109 Washington Blvd,"109 Washington Blvd, Marina Del Rey, CA 90292",Daybreak Breakfast Club,Marina Del Rey,CA,Our Otter,Active,Discontinued - UE Low Sales,Grubhub - Brand Discontinued,2422926,5ef814e5-bbb2-5427-9295-8a2da0ddda9b,3309366,,Chris Garner,Eve Paraiso,Jixford L. Polo,Monday to Thursday: 9:00 AM to 9:00 PM / Friday to Sunday: 9:00 AM to 9:30 PM
recQ8Dc2abk16Xpto,El Tarasco - 109 Washington Blvd,"109 Washington Blvd, Marina Del Rey, CA 90292",Martha's Mariscos Bar,Marina Del Rey,CA,Our Otter,Active,Discontinued - UE Low Sales,Active,2423511,9b76c2a2-396b-5d7d-b439-a00e05339f94,3309896,,Chris Garner,Eve Paraiso,Jixford L. Polo,Monday to Thursday: 9:00 AM to 9:00 PM / Friday to Sunday: 9:00 AM to 9:30 PM
recS45NOcyrxiIKLQ,El Tarasco - 109 Washington Blvd,"109 Washington Blvd, Marina Del Rey, CA 90292",Jay's Breakfast Bar,Marina Del Rey,CA,Our Otter,Active,Active,Not Onboarded by GH,839909,c4e2c7e0-4408-4298-8df3-3c4b4cd104b4,,,Chris Garner,Eve Paraiso,Jixford L. Polo,Monday to Thursday: 9:00 AM to 9:00 PM / Friday to Sunday: 9:00 AM to 9:30 PM
recoly7lr7c8vmzXq,Express Kitchen - 415 E Windmill Lane,"415 E Windmill Lane, Las Vegas, NV 89123",Wonderland Wraps,Las Vegas,NV,Our Otter,Active,Active,Active,27741749,5b733f43-aee5-53f0-8300-0c3b4f3048de,8565960,Jan Ceasar Poblete,Ria Jain,Edlyn Manzano,Jixford L. Polo,
rec7pp3eQ6EIo7v0m,Express Kitchen - 415 E Windmill Lane,"415 E Windmill Lane, Las Vegas, NV 89123",Little Italy's Calzones,Las Vegas,NV,Our Otter,Active,Active,Active,27741910,d0765f05-6923-570e-b472-757eb5bcef19,8567176,Jan Ceasar Poblete,Ria Jain,Edlyn Manzano,Jixford L. Polo,
rec385duJ6fXdIm3V,Famous Burgers - 2841 E Anaheim St,"2841 E Anaheim St, Long Beach, CA 90804",Breakfast Burrito Floozy,Long Beach,CA,Their Otter,Active,Active,Grubhub - Brand Discontinued,1228046,ae2f1caf-c383-4b0e-8dcc-76e6c2ad93d6,2381936,lara yao,Ria Jain,Ferlyn Torres,Vhic Bert Serra,Daily 7am-10pm
rec9bFWsUsWTY3zLa,Famous Burgers - 2841 E Anaheim St,"2841 E Anaheim St, Long Beach, CA 90804",Sunrise Coffee Express,Long Beach,CA,Their Otter,DoorDash - Discontinued,Active,Active,24838388,739c794a-f715-5057-bb53-66b57ee0dbf9,7097560,lara yao,Ria Jain,Ferlyn Torres,Vhic Bert Serra,Daily 7am-10pm
recdnBgUJLI4CMv1t,Famous Burgers - 2841 E Anaheim St,"2841 E Anaheim St, Long Beach, CA 90804",Classic Cheeseburger Bar,Long Beach,CA,Their Otter,Active,Discontinued - UE Low Sales,Active,1758531,e48d6116-fa12-41a7-9b53-16892e21db54,2785653,lara yao,Ria Jain,Ferlyn Torres,Vhic Bert Serra,Daily 7am-10pm
recKC7Q3ushpk5kEO,Famous Burgers - 2841 E Anaheim St,"2841 E Anaheim St, Long Beach, CA 90804",The Sandwich Cafe,Long Beach,CA,Their Otter,Active,Discontinued - UE Low Sales,Active,1909205,80e63c58-3d32-4be3-8f6c-1e082e6a4300,2786448,lara yao,Ria Jain,Ferlyn Torres,Vhic Bert Serra,Daily 7am-10pm
recbJVLkCeBRtu7ZC,Farmers Pizza Grill - 11725 Farmers Blvd,"11725 Farmers Blvd, Queens, NY 11412",Fiona's French Toast,Queens,NY,Their Otter,DoorDash - Discontinued,Discontinued - UE Low Sales,Temporarily Deactivated,1645106,ef173736-508d-4225-a223-1533058baf07,2747554,,Chris Garner,Janice Mauricio,Jixford L. Polo,TODC Sunday-Wednesday: 10am-10:30pm; Thursday-Saturday: 10am-11:30pm
recwT19tukis64ZfZ,Farmers Pizza Grill - 11725 Farmers Blvd,"11725 Farmers Blvd, Queens, NY 11412",Danny's Desserts,Queens,NY,Their Otter,Discontinued due to VB guidelines,Discontinued by UE,Temporarily Deactivated,1648263,0c43c13a-db13-4ec5-a1e8-faf5ac44d8a5,2747442,,Chris Garner,Janice Mauricio,Jixford L. Polo,TODC Sunday-Wednesday: 10am-10:30pm; Thursday-Saturday: 10am-11:30pm
recScIUXzWPNuLTOQ,Farmers Pizza Grill - 11725 Farmers Blvd,"11725 Farmers Blvd, Queens, NY 11412",Palm Tree Juice Bar,Queens,NY,Their Otter,Temporarily Deactivated,Discontinued by UE,Grubhub Discontinued - Failed Concept,1769977,ec7efdeb-5558-4b5c-81ba-601ceb670210,2786381,,Chris Garner,Janice Mauricio,Jixford L. Polo,TODC Sunday-Wednesday: 10am-10:30pm; Thursday-Saturday: 10am-11:30pm
recUG2R2EUMH9c02B,Farmers Pizza Grill - 11725 Farmers Blvd,"11725 Farmers Blvd, Queens, NY 11412",Philly Cheesesteak Artists,Queens,NY,Their Otter,DoorDash - Discontinued,Discontinued - UE Low Sales,Temporarily Deactivated,1768568,3e9b4d3a-c457-491a-a710-b196035f23b3,2786867,,Chris Garner,Janice Mauricio,Jixford L. Polo,TODC Sunday-Wednesday: 10am-10:30pm; Thursday-Saturday: 10am-11:30pm
recsrovKOpa8rQusG,Figami Asian Fresh - 3446 W Camelback Rd #103,"3446 W Camelback Rd #103, Phoenix, AZ 85017",Japanese Teriyaki House,Phoenix,AZ,Their Otter,DoorDash - Discontinued,Discontinued by UE,Active,23087806,8cc4b690-268b-5667-aa4a-f42ac333e46d,3310034,,Chris Garner,Eve Paraiso,Jixford L. Polo,"Monday - Thursday, Sunday: 10:00 AM - 10:00 PM / Friday - Saturday: 10:00 AM - 11:00 PM"
recZuitD8LNUibSiC,Figami Asian Fresh - 3446 W Camelback Rd #103,"3446 W Camelback Rd #103, Phoenix, AZ 85017",DTLA Ramen Izakaya,Phoenix,AZ,Their Otter,Active,Discontinued by UE,Grubhub - Brand Discontinued,23087632,de9cd60d-5bb0-5029-8322-693f391e647c,3309834,,Chris Garner,Eve Paraiso,Jixford L. Polo,"Monday - Thursday, Sunday: 10:00 AM - 10:00 PM / Friday - Saturday: 10:00 AM - 11:00 PM"
rec4LcoOKRf2bh4fS,Figami Asian Fresh - 3446 W Camelback Rd #103,"3446 W Camelback Rd #103, Phoenix, AZ 85017",Stop N Shop Sushi,Phoenix,AZ,Their Otter,Active,Discontinued by UE,Grubhub - Brand Discontinued,23087847,51a2d671-7266-50a0-b06d-32121a20a4b7,3310405,,Chris Garner,Eve Paraiso,Jixford L. Polo,"Monday - Thursday, Sunday: 10:00 AM - 10:00 PM / Friday - Saturday: 10:00 AM - 11:00 PM"
rec6d25sTEhhVmhNo,Figami Asian Fresh - 3446 W Camelback Rd #103,"3446 W Camelback Rd #103, Phoenix, AZ 85017",Noodle And Rice Bar,Phoenix,AZ,Their Otter,Active,Discontinued by UE,Active,23087659,8739ffd4-6e19-52e3-b59f-4c4f3f990f2a,3309753,,Chris Garner,Eve Paraiso,Jixford L. Polo,"Monday - Thursday, Sunday: 10:00 AM - 10:00 PM / Friday - Saturday: 10:00 AM - 11:00 PM"
rec9pNwqD9DWFUry0,Fitch's Kitchen - 300 The Village,"300 The Village, Redondo Beach, CA 90277",Fiona's Breakfast Burritos,Redondo Beach,CA,Their Otter,DoorDash - Discontinued,Discontinued by UE,Active,25130207,ee940db8-7da8-5a45-aad0-ccae4c36813d,6891568,Tana Jean Frances Liboon,Ria Jain,Ferlyn Torres,Jixford L. Polo,Monday to Friday: 7:45 AM – 6:30 | Saturday to Sunday: 7:45 AM – 4:30 PM
reckj8Wu56PLoR6Ig,Fitch's Kitchen - 300 The Village,"300 The Village, Redondo Beach, CA 90277",The Bagel Savage,Redondo Beach,CA,Their Otter,DoorDash - Discontinued,Active,Active,24931469,2799cefe-569f-5989-a8a8-e315e18ba6b3,6156896,Tana Jean Frances Liboon,Ria Jain,Ferlyn Torres,Jixford L. Polo,Monday to Friday: 7:45 AM – 6:30 | Saturday to Sunday: 7:45 AM – 4:30 PM
recOLBHEQWGJIYXzA,Fitch's Kitchen - 300 The Village,"300 The Village, Redondo Beach, CA 90277",Breakfast Burrito Joint,Redondo Beach,CA,Their Otter,Active,Active,Active,31671733,fa19f232-e296-5de8-b004-20bcb6caa663,9811840,Tana Jean Frances Liboon,Ria Jain,Ferlyn Torres,Jixford L. Polo,Monday to Friday: 7:45 AM – 6:30 | Saturday to Sunday: 7:45 AM – 4:30 PM
recczdzr1LPRJ4wrW,Fleet Organic Market - 168 Myrtle Ave,"168 Myrtle Ave, Brooklyn, NY 11201",Mama's Buffalo Wings,Brooklyn,NY,Our Otter,Active,Active,Active,1580759,94cbcbd5-2824-461c-ac72-bc878513bfec,2730321,Jan Ceasar Poblete,Chris Garner,Rachelle Kate Funa,Jixford L. Polo,24/7
rech2DXE0bDp15k23,Fleet Organic Market - 168 Myrtle Ave,"168 Myrtle Ave, Brooklyn, NY 11201",Daybreak Breakfast Club,Brooklyn,NY,Our Otter,Active,Active,Active,32863821,fae030fc-7aa1-5653-9aa7-c5ac2d866d78,9816352,Jan Ceasar Poblete,Chris Garner,Rachelle Kate Funa,Jixford L. Polo,24/7
recx3jLuVUqUp0B0p,Fleet Organic Market - 168 Myrtle Ave,"168 Myrtle Ave, Brooklyn, NY 11201",Stan's Burger Bar,Brooklyn,NY,Our Otter,Active,Active,Active,32988873,53d22e86-8d53-57f8-99e1-8ecd572e9086,9822552,Jan Ceasar Poblete,Chris Garner,Rachelle Kate Funa,Jixford L. Polo,24/7
recE2VCTJB5gmyDEQ,Fleet Organic Market - 168 Myrtle Ave,"168 Myrtle Ave, Brooklyn, NY 11201",Ice Cream and Cake Shop,Brooklyn,NY,Our Otter,Active,Discontinued by UE,Grubhub Discontinued - Failed Concept,1581202,01258af7-285e-4824-88d7-3d8fc4b66d5d,7102512,Jan Ceasar Poblete,Chris Garner,Rachelle Kate Funa,Jixford L. Polo,24/7
recF6qollzCFM0TcV,Fleet Organic Market - 168 Myrtle Ave,"168 Myrtle Ave, Brooklyn, NY 11201",The Sandwich Cafe,Brooklyn,NY,Our Otter,VR -Discontinued due to Poor Operations,Discontinued by UE,Active,32863879,4a8b358c-70fa-551d-adec-b220c4e0703c,9845032,Jan Ceasar Poblete,Chris Garner,Rachelle Kate Funa,Jixford L. Polo,24/7
recQSMHPyKIhAapGv,Fleet Organic Market - 168 Myrtle Ave,"168 Myrtle Ave, Brooklyn, NY 11201",Mia's Breakfast Bar,Brooklyn,NY,Our Otter,DoorDash - Discontinued,Discontinued by UE,Active,1581153,1602975d-6da5-4a8d-9338-b5de21949914,2731101,Jan Ceasar Poblete,Chris Garner,Rachelle Kate Funa,Jixford L. Polo,24/7
recu4vwVic6YL0w7c,Flipper's Gourmet Burgers - 1428 Polk St,"1428 Polk St, San Francisco, CA 94109",Good Planet Vegan Burgers,San Francisco,CA,Their Otter,Active,Active - Onboarding In Process,Active,33558983,cbc095bc-a82b-5e19-b8bd-e96d69de27e8,10357752,lara yao,Chris Garner,Rachelle Kate Funa,Jixford L. Polo,"Monday-Thursday 11AM-1: 30AM; Friday-Saturday: 11AM-2:30AM (DD) TODC HRS

Friday-Saturday:
11AM-2AM (DD)
11AM-1:45AM (UE & GH)

Sunday: 
11AM-1AM (DD)
11AM-12:45AM (UE & GH)"
recWGrH0QEIXOJwNc,Flipper's Gourmet Burgers - 1428 Polk St,"1428 Polk St, San Francisco, CA 94109",Fat Cheesesteaks,San Francisco,CA,Their Otter,DoorDash - Discontinued,Discontinued by UE,Active,22932346,2f482173-14de-5d3a-86d0-6f90bfdce625,3310512,lara yao,Chris Garner,Rachelle Kate Funa,Jixford L. Polo,"Monday-Thursday 11AM-1: 30AM; Friday-Saturday: 11AM-2:30AM (DD) TODC HRS

Friday-Saturday:
11AM-2AM (DD)
11AM-1:45AM (UE & GH)

Sunday: 
11AM-1AM (DD)
11AM-12:45AM (UE & GH)"
recYR5nL3DXckiIhb,Flipper's Gourmet Burgers - 1428 Polk St,"1428 Polk St, San Francisco, CA 94109",Kevins Cheesesteaks,San Francisco,CA,Their Otter,Active,Active - Onboarding In Process,Active,34345601,e8bc3906-291a-538b-b6e5-a0865cd9f3c4,10356120,lara yao,Chris Garner,Rachelle Kate Funa,Jixford L. Polo,"Monday-Thursday 11AM-1: 30AM; Friday-Saturday: 11AM-2:30AM (DD) TODC HRS

Friday-Saturday:
11AM-2AM (DD)
11AM-1:45AM (UE & GH)

Sunday: 
11AM-1AM (DD)
11AM-12:45AM (UE & GH)"
rec9AAU3civ744obm,Flipper's Gourmet Burgers - 1428 Polk St,"1428 Polk St, San Francisco, CA 94109",Breakfast Burrito Floozy,San Francisco,CA,Their Otter,Active,Active,Active,34345807,0966419e-7caf-52c5-9973-c0c4bd45ff5e,10363728,lara yao,Chris Garner,Rachelle Kate Funa,Jixford L. Polo,"Monday-Thursday 11AM-1: 30AM; Friday-Saturday: 11AM-2:30AM (DD) TODC HRS

Friday-Saturday:
11AM-2AM (DD)
11AM-1:45AM (UE & GH)

Sunday: 
11AM-1AM (DD)
11AM-12:45AM (UE & GH)"
reccPdEsNHENPICx6,Flipper's Gourmet Burgers - 1428 Polk St,"1428 Polk St, San Francisco, CA 94109",Fried Chicken Savage,San Francisco,CA,Their Otter,Active,Active,Active,33558841,5abf087a-6413-5924-b57a-2496789fc27e,10362136,lara yao,Chris Garner,Rachelle Kate Funa,Jixford L. Polo,"Monday-Thursday 11AM-1: 30AM; Friday-Saturday: 11AM-2:30AM (DD) TODC HRS

Friday-Saturday:
11AM-2AM (DD)
11AM-1:45AM (UE & GH)

Sunday: 
11AM-1AM (DD)
11AM-12:45AM (UE & GH)"
recdLDVDqWCS08hut,Flipper's Gourmet Burgers - 1428 Polk St,"1428 Polk St, San Francisco, CA 94109",The Hot Dog Village,San Francisco,CA,Their Otter,Active,Active,Active,34345716,b29dd42b-e80a-5aa5-8b54-4d7257a91d01,10359528,lara yao,Chris Garner,Rachelle Kate Funa,Jixford L. Polo,"Monday-Thursday 11AM-1: 30AM; Friday-Saturday: 11AM-2:30AM (DD) TODC HRS

Friday-Saturday:
11AM-2AM (DD)
11AM-1:45AM (UE & GH)

Sunday: 
11AM-1AM (DD)
11AM-12:45AM (UE & GH)"
recwpKRCIJxa1iaOX,Flipper's Gourmet Burgers - 1428 Polk St,"1428 Polk St, San Francisco, CA 94109",Addictive Burger Bar,San Francisco,CA,Their Otter,Active,Active,Active,31577141,3d2af70e-248a-5549-b467-7dc560b48162,9815080,lara yao,Chris Garner,Rachelle Kate Funa,Jixford L. Polo,"Monday-Thursday 11AM-1: 30AM; Friday-Saturday: 11AM-2:30AM (DD) TODC HRS

Friday-Saturday:
11AM-2AM (DD)
11AM-1:45AM (UE & GH)

Sunday: 
11AM-1AM (DD)
11AM-12:45AM (UE & GH)"
recA0WEW6m1LXaFee,Flipper's Gourmet Burgers - 1428 Polk St,"1428 Polk St, San Francisco, CA 94109",Original Burger Bar,San Francisco,CA,Their Otter,Active,Active,Active,34344990,7df2bfa4-d848-5a37-a4b3-f6624b5df41c,10359496,lara yao,Chris Garner,Rachelle Kate Funa,Jixford L. Polo,"Monday-Thursday 11AM-1: 30AM; Friday-Saturday: 11AM-2:30AM (DD) TODC HRS

Friday-Saturday:
11AM-2AM (DD)
11AM-1:45AM (UE & GH)

Sunday: 
11AM-1AM (DD)
11AM-12:45AM (UE & GH)"
recR8Z8uapbav3F3I,Flipper's Gourmet Burgers - 1428 Polk St,"1428 Polk St, San Francisco, CA 94109",The American Cheesesteaks,San Francisco,CA,Their Otter,Active,Discontinued - UE Low Sales,Active,22932399,614e6ee9-4ec1-5a56-a3a3-0da4e5e08864,3311006,lara yao,Chris Garner,Rachelle Kate Funa,Jixford L. Polo,"Monday-Thursday 11AM-1: 30AM; Friday-Saturday: 11AM-2:30AM (DD) TODC HRS

Friday-Saturday:
11AM-2AM (DD)
11AM-1:45AM (UE & GH)

Sunday: 
11AM-1AM (DD)
11AM-12:45AM (UE & GH)"
receGOUSDH9NA9cns,Food and Liquor World SF - 726-28 Post St,"726-28 Post St, San Francisco, CA 94109",The Ice Cream Snob- DO NOT INCLUDE IN ACCOUNTING,San Francisco,CA,Our Otter,Active,Active,Not Onboarded by GH,635466,23b50a43-0eb0-4d24-93e1-187805fb9e02,,,Chris Garner,Edlyn Manzano,Jixford L. Polo,
recLNtPPIBSsvU1BN,Food and Liquor World SF - 726-28 Post St,"726-28 Post St, San Francisco, CA 94109",The Milk Snob,San Francisco,CA,Our Otter,Active,Active,Grubhub Discontinued - Failed Concept,873421,cb4742e1-32ee-4731-ae94-4fe671e4f277,1967335,,Chris Garner,Edlyn Manzano,Jixford L. Polo,
recqSO25g8kSSjkwd,Frank's Pizzeria - 4410 Bergen Turnpike,"4410 Bergen Turnpike, North Bergen, NJ 07047",Philly Cheesesteak Company,North Bergen,NJ,Our Otter,Active,Discontinued - UE Low Sales,Active,1611988,b50c98ab-5c90-4107-9016-91bc02d10e0f,8565968,Tana Jean Frances Liboon,Chris Garner,Janice Mauricio,Jixford L. Polo,
rec4mghfIBXVdnVOx,Frank's Pizzeria - 4410 Bergen Turnpike,"4410 Bergen Turnpike, North Bergen, NJ 07047",Alfredo's Parmigiana House,North Bergen,NJ,Our Otter,DoorDash - Discontinued,Discontinued - UE Low Sales,Active,1619478,b2f8fcd8-7354-471c-ab58-ee8b5e7e3477,2732641,Tana Jean Frances Liboon,Chris Garner,Janice Mauricio,Jixford L. Polo,
recedUwCe00wcQ2rb,Frank's Pizzeria - 4410 Bergen Turnpike,"4410 Bergen Turnpike, North Bergen, NJ 07047",Charlie's Calzone Co,North Bergen,NJ,Our Otter,Active,Discontinued - UE Low Sales,Active,1767132,78677f37-843a-4e89-bf2d-c6da6b5f297f,2789205,Tana Jean Frances Liboon,Chris Garner,Janice Mauricio,Jixford L. Polo,
rec8cVlDGIE8lXXH1,Fresca Pizza & Pasta 560 E 149th St - 560 E 149th St,"560 E 149th St, Bronx, NY 10455",Fresh N Fruity Smoothies,Bronx,NY,Their Otter,Active,Active,Active,32863833,4efe2f89-79fe-514e-a858-415566f0fee5,9813496,Jan Ceasar Poblete,Ria Jain,Edlyn Manzano,Maria Mellanie S. Lapira,Monday to Thursday 11:00 AM – 8:30 PM; Friday to Saturday: 11:30 AM – 8:30 PM; Sunday: 12:00 PM – 8:30 PM
recaQq0ATf55xiNX3,Fresca Pizza & Pasta 560 E 149th St - 560 E 149th St,"560 E 149th St, Bronx, NY 10455",C's Greens Salad,Bronx,NY,Their Otter,DoorDash - Discontinued,Discontinued - UE Low Sales,Active,24438129,3cd64f14-7376-5e68-a8ef-51c3cecfded2,7101000,Jan Ceasar Poblete,Ria Jain,Edlyn Manzano,Maria Mellanie S. Lapira,Monday to Thursday 11:00 AM – 8:30 PM; Friday to Saturday: 11:30 AM – 8:30 PM; Sunday: 12:00 PM – 8:30 PM
recEtbAn3H3RqqnI5,Fresca Pizza & Pasta 560 E 149th St - 560 E 149th St,"560 E 149th St, Bronx, NY 10455",Taco Paradiso,Bronx,NY,Their Otter,DoorDash - Discontinued,Discontinued - UE Low Sales,Active,24438113,965c2813-f52d-5fc4-b397-cf74ebf1d34c,7097576,Jan Ceasar Poblete,Ria Jain,Edlyn Manzano,Maria Mellanie S. Lapira,Monday to Thursday 11:00 AM – 8:30 PM; Friday to Saturday: 11:30 AM – 8:30 PM; Sunday: 12:00 PM – 8:30 PM
recItazGMbzdcwDZB,Fresca Pizza & Pasta 560 E 149th St - 560 E 149th St,"560 E 149th St, Bronx, NY 10455",Nino's Nacho Bar,Bronx,NY,Their Otter,DoorDash - Discontinued,Active,Active,24438006,54c93f19-a80f-5ea7-a30f-666e828e1252,7102528,Jan Ceasar Poblete,Ria Jain,Edlyn Manzano,Maria Mellanie S. Lapira,Monday to Thursday 11:00 AM – 8:30 PM; Friday to Saturday: 11:30 AM – 8:30 PM; Sunday: 12:00 PM – 8:30 PM
recq6IPUiJLJyE0JX,Fresco Pizza & Shawarma - 1338 Polk St,"1338 Polk St, San Francisco, CA 94109",Carmen's Breakfast Burritos,San Francisco,CA,Their Otter,DoorDash - Not Approved,Active,Active,,3937d7c9-0a2f-5cc6-9ef0-63dbb7a71e71,9811792,Mau Liboon,Chris Garner,Rachelle Kate Funa,Vhic Bert Serra,8:00 AM – 5:30 AM daily (last order accepted 30 minutes before closing time)
recYMGq29jWRh81Rr,Fresco Pizza & Shawarma - 1338 Polk St,"1338 Polk St, San Francisco, CA 94109",Fiona's Breakfast Burritos,San Francisco,CA,Their Otter,Active,Discontinued by UE,Grubhub - Brand Discontinued,1456061,8ece10ee-2f3c-4570-98dc-91b2bde008ba,2560941,Mau Liboon,Chris Garner,Rachelle Kate Funa,Vhic Bert Serra,8:00 AM – 5:30 AM daily (last order accepted 30 minutes before closing time)
recZgHZ9BOkJ4mAZ5,Fresco Pizza & Shawarma - 1338 Polk St,"1338 Polk St, San Francisco, CA 94109",Halal Pasta Lounge,San Francisco,CA,Their Otter,DoorDash - Discontinued,Active,Active,1608232,27ef7ac6-35f5-4c0f-b082-d9a20a7a8dc1,2730077,Mau Liboon,Chris Garner,Rachelle Kate Funa,Vhic Bert Serra,8:00 AM – 5:30 AM daily (last order accepted 30 minutes before closing time)
rec3kLKz788wmQb9K,Fresco Pizza & Shawarma - 1338 Polk St,"1338 Polk St, San Francisco, CA 94109",The Shawarma Bar,San Francisco,CA,Their Otter,DoorDash - Discontinued,Discontinued by UE,Active,2128180,5eb09035-73cc-45a7-b68d-5807bca1be69,2900806,Mau Liboon,Chris Garner,Rachelle Kate Funa,Vhic Bert Serra,8:00 AM – 5:30 AM daily (last order accepted 30 minutes before closing time)
rec91N9aTqfQeuY9i,Fresco Pizza & Shawarma - 1338 Polk St,"1338 Polk St, San Francisco, CA 94109",Sicily's Calzone House,San Francisco,CA,Their Otter,Active,Active,Active,32988371,06af1faa-1ab0-559a-9ba7-e9bf5a46e81d,10359536,Mau Liboon,Chris Garner,Rachelle Kate Funa,Vhic Bert Serra,8:00 AM – 5:30 AM daily (last order accepted 30 minutes before closing time)
rec9HjuiZWTUGWpcl,Fresco Pizza & Shawarma - 1338 Polk St,"1338 Polk St, San Francisco, CA 94109",Blake's Dessert Lounge,San Francisco,CA,Their Otter,Active,Active,Active,34346369,63945ca0-bb1d-5841-909a-2c6e3b82430f,10363736,Mau Liboon,Chris Garner,Rachelle Kate Funa,Vhic Bert Serra,8:00 AM – 5:30 AM daily (last order accepted 30 minutes before closing time)
reccv29UObh0zlt6O,Fresco Pizza & Shawarma - 1338 Polk St,"1338 Polk St, San Francisco, CA 94109",The American Vegan Burger,San Francisco,CA,Their Otter,Active,Active,Grubhub - Brand Discontinued,31314345,a48387e1-bb99-5803-b757-3124de5dea41,9814968,Mau Liboon,Chris Garner,Rachelle Kate Funa,Vhic Bert Serra,8:00 AM – 5:30 AM daily (last order accepted 30 minutes before closing time)
rechwc112yQ4Iumon,Fresco Pizza & Shawarma - 1338 Polk St,"1338 Polk St, San Francisco, CA 94109",Allan's Cheesesteaks,San Francisco,CA,Their Otter,DoorDash - Not Approved,Active,Active,,8b4b26af-4911-5d61-ae57-ed15d4041c80,9813416,Mau Liboon,Chris Garner,Rachelle Kate Funa,Vhic Bert Serra,8:00 AM – 5:30 AM daily (last order accepted 30 minutes before closing time)
reckEwSDpSJRUw7eh,Fresco Pizza & Shawarma - 1338 Polk St,"1338 Polk St, San Francisco, CA 94109",Chucks Cheesesteaks,San Francisco,CA,Their Otter,DoorDash - Discontinued,Active,Active,739979,804b23b1-15cf-4ed6-ab38-0635a18b6061,1949699,Mau Liboon,Chris Garner,Rachelle Kate Funa,Vhic Bert Serra,8:00 AM – 5:30 AM daily (last order accepted 30 minutes before closing time)
reclYmnU8Pfbmhlau,Fresco Pizza & Shawarma - 1338 Polk St,"1338 Polk St, San Francisco, CA 94109",Celebrity Vegan Burger,San Francisco,CA,Their Otter,Active,Discontinued by UE,Active,1045862,799288ff-51de-415b-a81e-e350c11f8665,2285324,Mau Liboon,Chris Garner,Rachelle Kate Funa,Vhic Bert Serra,8:00 AM – 5:30 AM daily (last order accepted 30 minutes before closing time)
recxzJGv69tglbF3T,Fresco Pizza & Shawarma - 1338 Polk St,"1338 Polk St, San Francisco, CA 94109",Big Daddy's Wings,San Francisco,CA,Their Otter,Active,Discontinued by UE,Grubhub - Brand Discontinued,850451,1a922f27-c31d-41ad-9f23-fdfa0d290e51,1947460,Mau Liboon,Chris Garner,Rachelle Kate Funa,Vhic Bert Serra,8:00 AM – 5:30 AM daily (last order accepted 30 minutes before closing time)
recx8y52Woycr7uSg,Fresco Pizza & Shawarma - 1338 Polk St,"1338 Polk St, San Francisco, CA 94109",Halal Cheesesteak Snob,San Francisco,CA,Their Otter,Active,Discontinued by UE,Grubhub - Brand Discontinued,1608268,fb5f3465-ffa8-4611-811f-f0c50b43ac37,2728758,Mau Liboon,Chris Garner,Rachelle Kate Funa,Vhic Bert Serra,8:00 AM – 5:30 AM daily (last order accepted 30 minutes before closing time)
recBBOwknAMOKpmMV,Fresco Pizza & Shawarma - 1338 Polk St,"1338 Polk St, San Francisco, CA 94109",Halal Chicken Spot,San Francisco,CA,Their Otter,DoorDash - Discontinued,Discontinued by UE,Active,1455630,44ea46d6-0afa-47bf-8f3e-09ffc83ba029,2560632,Mau Liboon,Chris Garner,Rachelle Kate Funa,Vhic Bert Serra,8:00 AM – 5:30 AM daily (last order accepted 30 minutes before closing time)
recCHw5fklhffjebd,Fresco Pizza & Shawarma - 1338 Polk St,"1338 Polk St, San Francisco, CA 94109",Jolie's Mediterranean Kitchen,San Francisco,CA,Their Otter,Active,Active,Active,34346511,57c9e4ae-f617-5d88-8516-b29abb3a259c,10363712,Mau Liboon,Chris Garner,Rachelle Kate Funa,Vhic Bert Serra,8:00 AM – 5:30 AM daily (last order accepted 30 minutes before closing time)
recGQjHORZO8bkKZR,Fresco Pizza & Shawarma - 1338 Polk St,"1338 Polk St, San Francisco, CA 94109",The Pasta Slut,San Francisco,CA,Their Otter,DoorDash - Discontinued,Discontinued by UE,Active,1082408,,2285322,Mau Liboon,Chris Garner,Rachelle Kate Funa,Vhic Bert Serra,8:00 AM – 5:30 AM daily (last order accepted 30 minutes before closing time)
recIqLrSaw8iIbrG8,Fresco Pizza & Shawarma - 1338 Polk St,"1338 Polk St, San Francisco, CA 94109",The Fried Chicken Crave,San Francisco,CA,Their Otter,Active,Active,Active,31313963,3c2ea295-d95c-54a7-8f40-891b02ef54d2,9813424,Mau Liboon,Chris Garner,Rachelle Kate Funa,Vhic Bert Serra,8:00 AM – 5:30 AM daily (last order accepted 30 minutes before closing time)
recKFE81dw2TVph8H,Fresco Pizza & Shawarma - 1338 Polk St,"1338 Polk St, San Francisco, CA 94109",Cheesecake And Dessert Bar,San Francisco,CA,Their Otter,DoorDash - Discontinued,Discontinued - UE Low Sales,Active,2123782,a7f70e60-2577-4180-a3bb-a47237650b97,2900330,Mau Liboon,Chris Garner,Rachelle Kate Funa,Vhic Bert Serra,8:00 AM – 5:30 AM daily (last order accepted 30 minutes before closing time)
recMtuiiM18IxzpcP,Fresco Pizza & Shawarma - 1338 Polk St,"1338 Polk St, San Francisco, CA 94109",The Burger Joint,San Francisco,CA,Their Otter,Active,Discontinued by UE,Active,34340106,778c35be-359f-541c-9a0d-9c6e0f71ab50,10357768,Mau Liboon,Chris Garner,Rachelle Kate Funa,Vhic Bert Serra,8:00 AM – 5:30 AM daily (last order accepted 30 minutes before closing time)
recSSilP8XQnsItNJ,Fresco Pizza & Shawarma - 1338 Polk St,"1338 Polk St, San Francisco, CA 94109",The Italian Pizza Co,San Francisco,CA,Their Otter,Active - Onboarding In Process,Discontinued by UE,Active,35647715,c0686d1e-6d4b-52ba-83b7-abe4e3eee6f2,10357784,Mau Liboon,Chris Garner,Rachelle Kate Funa,Vhic Bert Serra,8:00 AM – 5:30 AM daily (last order accepted 30 minutes before closing time)
recWHw6NaFUFAeHTM,Fresh Origin Market - 1117 Broadway,"1117 Broadway, Brooklyn, NY 11221",The Gyro Shop,Brooklyn,NY,Our Otter,Active,Active,Grubhub - Brand Discontinued,1556279,2821be0b-5537-4380-9269-7dac9da47878,2710076,,Chris Garner,Eve Paraiso,Jixford L. Polo,"TODC Hours: Monday to Sunday, 7:30 AM to 9PM"
recxCbEs2NP1o9I2z,Fresh Origin Market - 1117 Broadway,"1117 Broadway, Brooklyn, NY 11221",Big Ease Smoothies,Brooklyn,NY,Our Otter,Active,Discontinued - UE Low Sales,Grubhub - Brand Discontinued,23423347,646c2a41-c26b-5421-ba1d-62e9f05d6e6f,3309975,,Chris Garner,Eve Paraiso,Jixford L. Polo,"TODC Hours: Monday to Sunday, 7:30 AM to 9PM"
recMuXV3nOg4WszYP,Fresh Origin Market - 1117 Broadway,"1117 Broadway, Brooklyn, NY 11221",The Breakfast Dream,Brooklyn,NY,Our Otter,Active,Active,Grubhub Discontinued - Failed Concept,1556211,5afed9d2-f16f-4f16-9b80-35a490672eda,2709987,,Chris Garner,Eve Paraiso,Jixford L. Polo,"TODC Hours: Monday to Sunday, 7:30 AM to 9PM"
recNL0dINd146T5PO,Fresh Origin Market - 1117 Broadway,"1117 Broadway, Brooklyn, NY 11221",Stella's Pancake Bar,Brooklyn,NY,Our Otter,Active,Discontinued by UE,Grubhub Discontinued - Failed Concept,2548384,aaa855b8-0da4-5d80-b4c3-c1ad3491f418,3300667,,Chris Garner,Eve Paraiso,Jixford L. Polo,"TODC Hours: Monday to Sunday, 7:30 AM to 9PM"
recyMroySGwAv48lw,Fuji Sushi - 5021 Verdugo Way #109-A,"5021 Verdugo Way #109-A, Camarillo, CA 93012",Exquisite Poke Bowls,Camarillo,CA,No Aggregator / Fax Orders,Active,Virtual Brand Discontinued,Not Onboarded by GH,27478242,,,,Chris Garner,Eve Paraiso,Jixford L. Polo,Monday to Sunday: 11:00 AM to 9:00 PM
recpqmCH0SvXfvC0a,Gate Of India - 7300 Sunset Blvd,"7300 Sunset Blvd, Los Angeles, CA 90046",Indian Veg House,Los Angeles,CA,Referral: Their Otter,DoorDash - Not Approved,Active,Active,,2bbeff8a-91f6-563e-87d5-77f88b6f2401,6345488,,Chris Garner,Eve Paraiso,Maria Mellanie S. Lapira,
rec2MbtKGjfwrGPZJ,Gate Of India - 7300 Sunset Blvd,"7300 Sunset Blvd, Los Angeles, CA 90046",C's Greens Salad,Los Angeles,CA,Referral: Their Otter,DoorDash - Not Approved,Active,Active,,f44160cb-55c5-5da6-8e6f-8b7d12d8bb08,6348120,,Chris Garner,Eve Paraiso,Maria Mellanie S. Lapira,
recC4jr85ugbBVto5,Gate Of India - 7300 Sunset Blvd,"7300 Sunset Blvd, Los Angeles, CA 90046",India's Quick Bites,Los Angeles,CA,Referral: Their Otter,DoorDash - Discontinued,Discontinued due to VB guidelines,Active,24974976,b2bf5b46-83c3-5abe-a7a8-539df3bc9d97,6348128,,Chris Garner,Eve Paraiso,Maria Mellanie S. Lapira,"TODC Menu HRS: Monday: 11:30AM-12:30AM, Tuesday: 12:00PM-12:30AM, Wednesday-Sunday: 11 :30AM–12:30 AM"
recXt9ig5cNSoSyMI,Gaters - 3846 Mowry Ave,"3846 Mowry Ave, Fremont, CA 94538",Finn's Famous Fries,Fremont,CA,Our Otter,Active,Active,Active,32926642,431f99cb-3c33-56d7-8c19-9bee695fef7a,9813504,Tana Jean Frances Liboon,Chris Garner,Rachelle Kate Funa,Jixford L. Polo,"10 am - 12 am, seven days a week"
recZIqRNQS0LjJfzv,Gaters - 3846 Mowry Ave,"3846 Mowry Ave, Fremont, CA 94538",The Salad Snob,Fremont,CA,Our Otter,Active,Active,Active,1478850,6755d2ca-23ee-4f58-8704-7a56ad9b08e1,2549235,Tana Jean Frances Liboon,Chris Garner,Rachelle Kate Funa,Jixford L. Polo,"10 am - 12 am, seven days a week"
rec0o4eFjgEulYN8s,Gaters - 3846 Mowry Ave,"3846 Mowry Ave, Fremont, CA 94538",Jacks Cheesesteaks,Fremont,CA,Our Otter,DoorDash - Discontinued,Discontinued - UE Low Sales,Active,23532757,2eb0fe70-2018-513b-9e26-5c189d3f61fe,3312320,Tana Jean Frances Liboon,Chris Garner,Rachelle Kate Funa,Jixford L. Polo,"10 am - 12 am, seven days a week"
rec1fFB7n6Vb4w4wj,Gaters - 3846 Mowry Ave,"3846 Mowry Ave, Fremont, CA 94538",Shawarma Kabab House,Fremont,CA,Our Otter,DoorDash - Discontinued,Discontinued - UE Low Sales,Active,1790171,fc2adb33-31aa-4b3e-8786-abcb3c67d944,2795532,Tana Jean Frances Liboon,Chris Garner,Rachelle Kate Funa,Jixford L. Polo,"10 am - 12 am, seven days a week"
rece7i2cTa8dK1BYb,Gaters - 3846 Mowry Ave,"3846 Mowry Ave, Fremont, CA 94538",EZ Cheesesteaks,Fremont,CA,Our Otter,Active,Active,Active,32926571,653dfb3b-f287-5e7a-bd6a-380d55595699,9822592,Tana Jean Frances Liboon,Chris Garner,Rachelle Kate Funa,Jixford L. Polo,"10 am - 12 am, seven days a week"
recfgcrshRnpGZUXD,Gaters - 3846 Mowry Ave,"3846 Mowry Ave, Fremont, CA 94538",Halal Chicken Gyros Co.,Fremont,CA,Our Otter,Active,Active,Active,873424,c694839f-1ef7-4a5c-a83a-99970eeb9ed4,5289640,Tana Jean Frances Liboon,Chris Garner,Rachelle Kate Funa,Jixford L. Polo,"10 am - 12 am, seven days a week"
recxv4ht8n8VJiXd1,Gaters - 3846 Mowry Ave,"3846 Mowry Ave, Fremont, CA 94538",The French Fries God,Fremont,CA,Our Otter,DoorDash - Discontinued,Active,Active,23532729,0ff9bbd4-c680-5731-86ad-cdc6f361d5b9,8564336,Tana Jean Frances Liboon,Chris Garner,Rachelle Kate Funa,Jixford L. Polo,"10 am - 12 am, seven days a week"
recBLr9MWaQjitw53,Gaters - 3846 Mowry Ave,"3846 Mowry Ave, Fremont, CA 94538",Wonderland Wraps,Fremont,CA,Our Otter,Active,Active,Active,32918453,86ba25df-0077-56d1-abbe-d1da568f820b,9818000,Tana Jean Frances Liboon,Chris Garner,Rachelle Kate Funa,Jixford L. Polo,"10 am - 12 am, seven days a week"
recIO6jIc07AWbZC2,Gaters - 3846 Mowry Ave,"3846 Mowry Ave, Fremont, CA 94538",The Burger Hole,Fremont,CA,Our Otter,DoorDash - Discontinued,Discontinued - UE Low Sales,Active,23532742,65abfcfd-7087-5c8d-a185-332e75a75709,3312408,Tana Jean Frances Liboon,Chris Garner,Rachelle Kate Funa,Jixford L. Polo,"10 am - 12 am, seven days a week"
recKULFLlybEeLk7N,Gaters - 3846 Mowry Ave,"3846 Mowry Ave, Fremont, CA 94538",101 Hummus,Fremont,CA,Our Otter,Active,Active,Active,32921995,a41061c9-3bfd-5de0-8e79-073f825bd708,9817984,Tana Jean Frances Liboon,Chris Garner,Rachelle Kate Funa,Jixford L. Polo,"10 am - 12 am, seven days a week"
recMA4amGKeOYWnpq,Gaters - 3846 Mowry Ave,"3846 Mowry Ave, Fremont, CA 94538",Vegan Falafel Joint,Fremont,CA,Our Otter,Active,Active,Active,35639573,d771b5a3-9856-56c4-b965-74d494a46c44,9817992,Tana Jean Frances Liboon,Chris Garner,Rachelle Kate Funa,Jixford L. Polo,"10 am - 12 am, seven days a week"
recEzbP8mKhczNi3h,General Tso's - 4957 Winters Chapel Rd B,"4957 Winters Chapel Rd B, Dunwoody, GA 30360",Connie's Soup Station,Dunwoody,GA,Our Otter,DoorDash - Discontinued,Discontinued by UE,Active,25079068,75e88edb-3be4-5528-81ad-f648be31fe4a,6539752,,Ria Jain,Ferlyn Torres,Jixford L. Polo,
recJbaQLk8Q0sFwAD,General Tso's - 4957 Winters Chapel Rd B,"4957 Winters Chapel Rd B, Dunwoody, GA 30360",Kung Fu Fried Rice,Dunwoody,GA,Our Otter,Active,Discontinued by UE,Active,25079045,81a0d02e-ab71-5d79-8530-a1f9644ead6b,6537920,,Ria Jain,Ferlyn Torres,Jixford L. Polo,
recRBSJI78t5ynTqL,General Tso's - 4957 Winters Chapel Rd B,"4957 Winters Chapel Rd B, Dunwoody, GA 30360",The Chinese Noodle Palace,Dunwoody,GA,Our Otter,Active,Discontinued by UE,Active,25079119,4d0c3753-3717-5d55-acd9-b281a19ab189,6536784,,Ria Jain,Ferlyn Torres,Jixford L. Polo,
recqdrx0s9I3VUOv3,Giulianos Italian Kitchen - 1708 Livernois Rd,"1708 Livernois Rd, Troy, MI 48083",Amore Pasta Ristorante,Troy,MI,Our Otter,DoorDash - Discontinued,Discontinued by UE,Active,25404406,8cd7b323-6269-5b18-8f45-70658140d7a2,6895768,Tana Jean Frances Liboon,Ria Jain,Ferlyn Torres,Vhic Bert Serra,"Mon, Wed ,Thurs, Fri and Sat: 11am-9pm; Sunday: 12pm-8pm; Tuesday: Closed"
recvYttCDaH2gWm4j,Giulianos Italian Kitchen - 1708 Livernois Rd,"1708 Livernois Rd, Troy, MI 48083",The Pasta Brothers,Troy,MI,Our Otter,Active,Active,Active,32882525,86eba1b0-f337-5550-a7c9-8aadd3e344bf,9832944,Tana Jean Frances Liboon,Ria Jain,Ferlyn Torres,Vhic Bert Serra,"Monday: 11AM-9PM, Tuesday: Closed, Wednesday-Saturday: 11AM-9PM, Sunday: 12PM-8PM"
recupYW0UPgexpyig,Gold Organic Farm - 277 Gold Street,"277 Gold Street, Brooklyn, NY 11201",The Burger Hole,Brooklyn,NY,Their Otter,Active,Discontinued by UE,Active,37530982,45c9c7a1-4ea7-5aa4-808e-53d8c0ca1d71,9843248,Tana Jean Frances Liboon,Chris Garner,Rachelle Kate Funa,Jixford L. Polo,24/7
rec5kZxZFTX6SZuIQ,Gold Organic Farm - 277 Gold Street,"277 Gold Street, Brooklyn, NY 11201",Fiona's Breakfast Burritos,Brooklyn,NY,Their Otter,Active,Discontinued by UE,Active,32863837,90736c28-2402-5bad-a137-7d63e87db654,9834480,Tana Jean Frances Liboon,Chris Garner,Rachelle Kate Funa,Jixford L. Polo,24/7
reciyz7QAsIh2yPeN,Gold Organic Farm - 277 Gold Street,"277 Gold Street, Brooklyn, NY 11201",Golden Bear Sandwiches,Brooklyn,NY,Their Otter,Active,Discontinued by UE,Active,32927159,97ebee07-088b-59ce-baf8-062beb01b393,9841984,Tana Jean Frances Liboon,Chris Garner,Rachelle Kate Funa,Jixford L. Polo,24/7
recCNlpia7MmDq4XX,Gold Organic Farm - 277 Gold Street,"277 Gold Street, Brooklyn, NY 11201",Amanda's Breakfast Lounge,Brooklyn,NY,Their Otter,Active,Active,Active,28605460,4e6f2890-da3e-53f0-a08a-967840f39ef6,8565992,Tana Jean Frances Liboon,Chris Garner,Rachelle Kate Funa,Jixford L. Polo,24/7
recKFHzHq2RqCPT0a,Gold Organic Farm - 277 Gold Street,"277 Gold Street, Brooklyn, NY 11201",Livia's Mediterranean Table,Brooklyn,NY,Their Otter,DoorDash - Not Approved,Active,Active,,74ec3ea7-9b35-5491-b93f-5433b6efcc04,8566000,Tana Jean Frances Liboon,Chris Garner,Rachelle Kate Funa,Jixford L. Polo,
recuIuUw6XgWLKt8T,Gold Street Market - 257 Gold St,"257 Gold St, Brooklyn, NY 11201",The Sandwich Vibe,Brooklyn,NY,Our Otter,Active,Active,Active,33017475,7f247fd9-3939-50a3-87fd-847e964fb481,9815096,Jan Ceasar Poblete,Chris Garner,Rachelle Kate Funa,Jixford L. Polo,24/7
recWHdovNTDmTUpkr,Gold Street Market - 257 Gold St,"257 Gold St, Brooklyn, NY 11201",Burrito Lovers Bar,Brooklyn,NY,Our Otter,DoorDash - Discontinued,Discontinued - UE Low Sales,Active,1803469,49e7013d-5888-4641-b06e-843459c9cb73,2817380,Jan Ceasar Poblete,Chris Garner,Rachelle Kate Funa,Jixford L. Polo,24/7
recYncTNoOlcyhfFK,Gold Street Market - 257 Gold St,"257 Gold St, Brooklyn, NY 11201",Bosscat Burgers,Brooklyn,NY,Our Otter,DoorDash - Discontinued,Discontinued by UE,Active,1591953,ee4468dc-e4aa-4a75-ba73-9e94e5dc043d,2732838,Jan Ceasar Poblete,Chris Garner,Rachelle Kate Funa,Jixford L. Polo,24/7
rec03pIz1IiQFtwG5,Gold Street Market - 257 Gold St,"257 Gold St, Brooklyn, NY 11201",Justin's Juice Bar,Brooklyn,NY,Our Otter,DoorDash - Discontinued,Discontinued - UE Low Sales,Active,1801890,6c5876c5-d736-43db-9e98-2435dc289b2e,2816779,Jan Ceasar Poblete,Chris Garner,Rachelle Kate Funa,Jixford L. Polo,24/7
rec26skbqIpBLFncb,Gold Street Market - 257 Gold St,"257 Gold St, Brooklyn, NY 11201",Jasmin's Coffee Bar,Brooklyn,NY,Our Otter,DoorDash - Discontinued,Discontinued - UE Low Sales,Active,23549399,65d27bf2-df9d-53b2-9002-3a4b40516ba5,3312894,Jan Ceasar Poblete,Chris Garner,Rachelle Kate Funa,Jixford L. Polo,24/7
rec57IpCSe4hkUJ5y,Gold Street Market - 257 Gold St,"257 Gold St, Brooklyn, NY 11201",Heaven's Burgers,Brooklyn,NY,Our Otter,DoorDash - Discontinued,Active,Active,32974345,19373696-317d-546c-9607-c5da486513ef,9811880,Jan Ceasar Poblete,Chris Garner,Rachelle Kate Funa,Jixford L. Polo,24/7
rec74X6LNKpFtV6aw,Gold Street Market - 257 Gold St,"257 Gold St, Brooklyn, NY 11201",Mary's Chicken Sandwiches,Brooklyn,NY,Our Otter,Active,Active,Active,32863869,9b11aee4-6430-58fc-9234-f1c9e45c18f4,10065536,Jan Ceasar Poblete,Chris Garner,Rachelle Kate Funa,Jixford L. Polo,24/7
rec8pyBzZeZQH7OOo,Gold Street Market - 257 Gold St,"257 Gold St, Brooklyn, NY 11201",The Shawarma Bar,Brooklyn,NY,Our Otter,DoorDash - Discontinued,Discontinued by UE,Active,1592122,4ce35a42-deb8-4d79-bad2-a80521dbe553,2732251,Jan Ceasar Poblete,Chris Garner,Rachelle Kate Funa,Jixford L. Polo,24/7
recfBaLPgS5wIyoNt,Gold Street Market - 257 Gold St,"257 Gold St, Brooklyn, NY 11201",The Pancake Snob,Brooklyn,NY,Our Otter,Active,Discontinued by UE,Active,1184943,5ff7b3bb-113d-43a2-bd53-a6281d6d8803,2365500,Jan Ceasar Poblete,Chris Garner,Rachelle Kate Funa,Jixford L. Polo,24/7
reczJvY9JL5tjFizX,Gold Street Market - 257 Gold St,"257 Gold St, Brooklyn, NY 11201",RJ's Philly Cheesesteaks,Brooklyn,NY,Our Otter,DoorDash - Discontinued,Discontinued by UE,Active,1592255,dd4a7229-6ebc-4878-88bc-06cd76421618,2732932,Jan Ceasar Poblete,Chris Garner,Rachelle Kate Funa,Jixford L. Polo,24/7
recGeASgleiQp4FoK,Gold Street Market - 257 Gold St,"257 Gold St, Brooklyn, NY 11201",Doughboys Sandwiches,Brooklyn,NY,Our Otter,DoorDash - Discontinued,Discontinued - UE Low Sales,Active,23549347,805c7408-0486-52ae-a793-4c8f1a06ff1e,3312349,Jan Ceasar Poblete,Chris Garner,Rachelle Kate Funa,Jixford L. Polo,24/7
recJWAlm7dsD4zMIn,Gold Street Market - 257 Gold St,"257 Gold St, Brooklyn, NY 11201",Marty's Wraps Shack,Brooklyn,NY,Our Otter,DoorDash - Discontinued,Discontinued - UE Low Sales,Active,23558138,9ed710c7-a5d2-5dc1-8b60-9151cd523537,3312534,Jan Ceasar Poblete,Chris Garner,Rachelle Kate Funa,Jixford L. Polo,24/7
recSaWKlCGCsQREvd,Gold Street Market - 257 Gold St,"257 Gold St, Brooklyn, NY 11201",Sizzlin' Omelette Cafe,Brooklyn,NY,Our Otter,Active,Active - Onboarding In Process,Active,32863707,f4046121-208b-5155-9fc4-9b8656928fae,10078568,Jan Ceasar Poblete,Chris Garner,Rachelle Kate Funa,Jixford L. Polo,24/7
recTICHC63HcOGaKn,Gold Street Market - 257 Gold St,"257 Gold St, Brooklyn, NY 11201",Papa's Panini,Brooklyn,NY,Our Otter,DoorDash - Discontinued,Discontinued - UE Low Sales,Active,1805984,b656de8a-66d8-4cf4-a9a3-8ef35eb1ade6,2817575,Jan Ceasar Poblete,Chris Garner,Rachelle Kate Funa,Jixford L. Polo,24/7
recoIa2f7mER2ESJ3,Golden Eagle diner 2 - 682 Morris Park Avenue,"682 Morris Park Avenue, Bronx, NY 10462",Chucks Cheesecakes,Bronx,NY,Our Otter,Active,Active,Active,37530643,32ea5867-0a36-53aa-a116-f760705ccf98,9816368,Jan Ceasar Poblete,Ria Jain,Edlyn Manzano,Jixford L. Polo,Monday-Sunday: 6:30AM-8PM
recJByJYARGvGTPpm,Golden Eagle diner 2 - 682 Morris Park Avenue,"682 Morris Park Avenue, Bronx, NY 10462",Anne's Artisan Coffee,Bronx,NY,Our Otter,Active,Active,Grubhub - Brand Discontinued,24703993,4b812f15-01b7-58e0-a670-0ac3ebd145ad,5847896,Jan Ceasar Poblete,Ria Jain,Edlyn Manzano,Jixford L. Polo,Monday-Sunday: 6:30AM-8PM
recLP6PXIhuKnmYrX,Golden Eagle diner 2 - 682 Morris Park Avenue,"682 Morris Park Avenue, Bronx, NY 10462",The Burger Blade,Bronx,NY,Our Otter,Active,Active,Active,32863731,f0aafcb9-3212-5ad0-b8ba-3dfbda1866da,9824208,Jan Ceasar Poblete,Ria Jain,Edlyn Manzano,Jixford L. Polo,Monday-Sunday: 6:30AM-8PM
recL7x1soFJbq80hu,Golden Eagle diner 2 - 682 Morris Park Avenue,"682 Morris Park Avenue, Bronx, NY 10462",Jewel's Breakfast Joint,Bronx,NY,Our Otter,DoorDash - Discontinued,Active,Active,24703847,54c7a6d5-a714-5362-ac64-250bfb16490b,5849392,Jan Ceasar Poblete,Ria Jain,Edlyn Manzano,Jixford L. Polo,Monday-Sunday: 6:30AM-8PM
recWpIFdqARLZxbQ5,Golden Restaurant and Bakery - 1849 N Scottsdale Rd,"1849 N Scottsdale Rd, Scottsdale, AZ 85257",Hassan's Mediterranean Flatbreads,Scottsdale,AZ,Our Otter,Active,Discontinued - UE Low Sales,Grubhub Discontinued - Failed Concept,24606197,9d586ba2-ef26-541a-bfe0-6e0fea409826,5314856,lara yao,Ria Jain,Ferlyn Torres,Jixford L. Polo,"TODC: Monday-Thursday: 10AM-8:30PM, Friday: Closed, Saturday: 10AM-9:30PM, Sunday: 10AM-7:30PM"
rec5SaOxLWurAyLyd,Golden Restaurant and Bakery - 1849 N Scottsdale Rd,"1849 N Scottsdale Rd, Scottsdale, AZ 85257",The Crimson Gyro,Scottsdale,AZ,Our Otter,DoorDash - Not Approved,Discontinued - UE Low Sales,Active,,eb8f4a10-4c1a-5ced-b375-1a6ae4703ce0,5314872,lara yao,Ria Jain,Ferlyn Torres,Jixford L. Polo,
rec5aCyVl8ktNlGyv,Golden Restaurant and Bakery - 1849 N Scottsdale Rd,"1849 N Scottsdale Rd, Scottsdale, AZ 85257",Livia's Mediterranean Table,Scottsdale,AZ,Our Otter,Active,Active,Active,24506648,742c53cc-8405-57a4-8813-0b34d87f0030,5318408,lara yao,Ria Jain,Ferlyn Torres,Jixford L. Polo,"TODC: Monday-Thursday: 10AM-8:30PM, Friday: Closed, Saturday: 10AM-9:30PM, Sunday: 10AM-7:30PM"
recfKvIu3CtzW75Hz,Golden Restaurant and Bakery - 1849 N Scottsdale Rd,"1849 N Scottsdale Rd, Scottsdale, AZ 85257",Amal's Flatbread Recipe,Scottsdale,AZ,Our Otter,Active,Active,Grubhub - Brand Discontinued,24606369,edaa0999-240c-54a8-ac4b-4c1a3cb3e6d3,5314848,lara yao,Ria Jain,Ferlyn Torres,Jixford L. Polo,"TODC: Monday-Thursday: 10AM-8:30PM, Friday: Closed, Saturday: 10AM-9:30PM, Sunday: 10AM-7:30PM"
recFwfRJQOki2hmAv,Golden Restaurant and Bakery - 1849 N Scottsdale Rd,"1849 N Scottsdale Rd, Scottsdale, AZ 85257",Mohamed's Pizza Flip,Scottsdale,AZ,Our Otter,DoorDash - Discontinued,Discontinued - UE Low Sales,Active,24606368,c6d3d98d-ee7f-51cf-9dc8-d205659f505d,5314864,lara yao,Ria Jain,Ferlyn Torres,Jixford L. Polo,"TODC: Monday-Thursday: 10AM-8:30PM, Friday: Closed, Saturday: 10AM-9:30PM, Sunday: 10AM-7:30PM"
recrlNaCPCIuX61ho,Golden State Pizza & Grill - 3349 Mission St,"3349 Mission St, San Francisco, CA 94110",Philly Cheesesteak Company,San Francisco,CA,Our Otter,DoorDash - Discontinued,Active,Active,24051341,b7f45ebf-8765-5212-ba11-35c967cbb296,7097584,Jan Ceasar Poblete,Chris Garner,Janice Mauricio,Jixford L. Polo,"Sunday to Wednesday: 11:00 AM – 9:30 PM
Thursday: 11:00 AM – 1:30 AM
Friday to Saturday: 11:00 AM – 2:30 AM"
rectA31opHLmQbkDW,Golden State Pizza & Grill - 3349 Mission St,"3349 Mission St, San Francisco, CA 94110",Holly's Burger Bar,San Francisco,CA,Our Otter,Active - Onboarding In Process,Active,Active,37531899,90470027-c4fb-56b6-b769-61e8bf64530f,9811896,Jan Ceasar Poblete,Chris Garner,Janice Mauricio,Jixford L. Polo,"Sunday to Wednesday: 11:00 AM – 9:30 PM
Thursday: 11:00 AM – 1:30 AM
Friday to Saturday: 11:00 AM – 2:30 AM"
recXA55hqAGlbaBjp,Golden State Pizza & Grill - 3349 Mission St,"3349 Mission St, San Francisco, CA 94110",Chop & Dice Salads,San Francisco,CA,Our Otter,Active,Active,Active,34338815,08f7b46e-a782-5da5-a15b-9c8f603c2812,9815104,Jan Ceasar Poblete,Chris Garner,Janice Mauricio,Jixford L. Polo,"Sunday to Wednesday: 11:00 AM – 9:30 PM
Thursday: 11:00 AM – 1:30 AM
Friday to Saturday: 11:00 AM – 2:30 AM"
recw2mBSxS2zd1ADg,Golden State Pizza & Grill - 3349 Mission St,"3349 Mission St, San Francisco, CA 94110",Twin Peaks Burger,San Francisco,CA,Our Otter,DoorDash - Discontinued,Discontinued - UE Low Sales,Active,24051992,fd484c5d-2425-5396-8abb-716b56149bb6,4517328,Jan Ceasar Poblete,Chris Garner,Janice Mauricio,Jixford L. Polo,"Sunday to Wednesday: 11:00 AM – 9:30 PM
Thursday: 11:00 AM – 1:30 AM
Friday to Saturday: 11:00 AM – 2:30 AM"
recDEm1YKWnkczVhh,Golden State Pizza & Grill - 3349 Mission St,"3349 Mission St, San Francisco, CA 94110",Leon's Legendary Pizza,San Francisco,CA,Our Otter,Active,Active,Active,34343685,4fe2a1b6-206d-5610-8310-fd494075af53,9815152,Jan Ceasar Poblete,Chris Garner,Janice Mauricio,Jixford L. Polo,"Sunday to Wednesday: 11:00 AM – 9:30 PM
Thursday: 11:00 AM – 1:30 AM
Friday to Saturday: 11:00 AM – 2:30 AM"
recN5vY950WfalY2o,Golden State Pizza & Grill - 3349 Mission St,"3349 Mission St, San Francisco, CA 94110",Henry's Chicken Wings,San Francisco,CA,Our Otter,DoorDash - Discontinued,Discontinued - UE Low Sales,Active,24051980,42a38516-f360-56e9-aca0-8c84d5ae6cbd,7102536,Jan Ceasar Poblete,Chris Garner,Janice Mauricio,Jixford L. Polo,"Sunday to Wednesday: 11:00 AM – 9:30 PM
Thursday: 11:00 AM – 1:30 AM
Friday to Saturday: 11:00 AM – 2:30 AM"
recOj9GHK9cdhSud5,Golden State Pizza & Grill - 3349 Mission St,"3349 Mission St, San Francisco, CA 94110",The Craft Pizza,San Francisco,CA,Our Otter,DoorDash - Discontinued,Discontinued - UE Low Sales,Active,24051989,4b5dd974-f1f0-563d-9bf8-221febead8b9,7101016,Jan Ceasar Poblete,Chris Garner,Janice Mauricio,Jixford L. Polo,"Sunday to Wednesday: 11:00 AM – 9:30 PM
Thursday: 11:00 AM – 1:30 AM
Friday to Saturday: 11:00 AM – 2:30 AM"
rect1dXvkl3cctjQi,Gourmet Market and Bagel - 5993 Broadway,"5993 Broadway, Bronx, NY 10471",Salad Kreation,Bronx,NY,Our Otter,Active,Active,Active,32863688,21c1925c-5bef-5519-a310-4b8094eff600,9815112,Jan Ceasar Poblete,Chris Garner,Janice Mauricio,Leix Anthony Almeda,24/7
rec0QTKzicxXGUIkP,Gourmet Market and Bagel - 5993 Broadway,"5993 Broadway, Bronx, NY 10471",Sal's Smoothie Spot,Bronx,NY,Our Otter,Active,Active,Active,23906725,bde90c7a-720f-5b84-8a4e-9406c080735a,4511000,Jan Ceasar Poblete,Chris Garner,Janice Mauricio,Leix Anthony Almeda,Monday-Sunday: 12AM-12AM
rec42NkayAzsMXyI9,Gourmet Market and Bagel - 5993 Broadway,"5993 Broadway, Bronx, NY 10471",House of Paninis,Bronx,NY,Our Otter,Active,Discontinued - UE Low Sales,Grubhub - Brand Discontinued,24556139,dbd3fd2e-bcc6-56c5-95e5-13b3afa059b1,5320120,Jan Ceasar Poblete,Chris Garner,Janice Mauricio,Leix Anthony Almeda,Monday-Sunday: 12AM-12AM
rec7eH65WXUBtV2Jg,Gourmet Market and Bagel - 5993 Broadway,"5993 Broadway, Bronx, NY 10471",The Cheeseburger Paradise,Bronx,NY,Our Otter,Active,Active,Grubhub - Brand Discontinued,24556258,517b2aaa-c213-5dd4-92c0-6e3b55b3e5ba,5321784,Jan Ceasar Poblete,Chris Garner,Janice Mauricio,Leix Anthony Almeda,Monday-Sunday: 12AM-12AM
rec7o9MamU7YLdwMI,Gourmet Market and Bagel - 5993 Broadway,"5993 Broadway, Bronx, NY 10471",The Minister Wraps,Bronx,NY,Our Otter,Active,Discontinued - UE Low Sales,Active,23106174,ce8528d4-0fb7-52cf-856a-e67fd684cd67,3310307,Jan Ceasar Poblete,Chris Garner,Janice Mauricio,Leix Anthony Almeda,Monday-Sunday: 12AM-12AM
recfhocLTjnDRlsMs,Gourmet Market and Bagel - 5993 Broadway,"5993 Broadway, Bronx, NY 10471",Lucy's Pancake Bar,Bronx,NY,Our Otter,Active,Active,Grubhub - Paused for 120 days,24556140,79896e0f-e2c6-5cf5-8884-95543d1cb7f4,5318728,Jan Ceasar Poblete,Chris Garner,Janice Mauricio,Leix Anthony Almeda,Monday-Sunday: 12AM-12AM
rechlWXXNCsg4epgM,Gourmet Market and Bagel - 5993 Broadway,"5993 Broadway, Bronx, NY 10471",Sam's Sandwich Spot,Bronx,NY,Our Otter,Active,Discontinued - UE Low Sales,Active,23906729,66e9d240-01bb-551d-8a08-c2a72160cf0a,4514152,Jan Ceasar Poblete,Chris Garner,Janice Mauricio,Leix Anthony Almeda,Monday-Sunday: 12AM-12AM
reclzPlEIM6bBIpk6,Gourmet Market and Bagel - 5993 Broadway,"5993 Broadway, Bronx, NY 10471",Grandma's Breakfast Sandwiches,Bronx,NY,Our Otter,Active,Discontinued - UE Low Sales,Grubhub - Brand Discontinued,24556141,b1c3b36a-d026-568e-9768-ccc70b328786,5324824,Jan Ceasar Poblete,Chris Garner,Janice Mauricio,Leix Anthony Almeda,Monday-Sunday: 12AM-12AM
recx4Yprb3iDAUHZe,Gourmet Market and Bagel - 5993 Broadway,"5993 Broadway, Bronx, NY 10471",Breakfast Sandwich Express,Bronx,NY,Our Otter,Active,Active,Active,32923301,e8e9e72f-345f-5835-9690-845a83937863,9822600,Jan Ceasar Poblete,Chris Garner,Janice Mauricio,Leix Anthony Almeda,24/7
recAQMslCTEYpKnmA,Gourmet Market and Bagel - 5993 Broadway,"5993 Broadway, Bronx, NY 10471",Marty's Wraps Shack,Bronx,NY,Our Otter,Active,Discontinued - UE Low Sales,Grubhub Discontinued - Failed Concept,24556142,bee11fd6-d26e-5ebf-b8bd-a05782da00ad,5324832,Jan Ceasar Poblete,Chris Garner,Janice Mauricio,Leix Anthony Almeda,Monday-Sunday: 12AM-12AM
recCApaLPSoaAf9S0,Gourmet Market and Bagel - 5993 Broadway,"5993 Broadway, Bronx, NY 10471",The Pancake Flip,Bronx,NY,Our Otter,Active,Discontinued - UE Low Sales,Grubhub Discontinued - Failed Concept,23106170,fa1874aa-76ab-532f-ab5d-c26617ba755c,3309760,Jan Ceasar Poblete,Chris Garner,Janice Mauricio,Leix Anthony Almeda,Monday-Sunday: 12AM-12AM
recFXadOWn0QdJR5m,Gourmet Market and Bagel - 5993 Broadway,"5993 Broadway, Bronx, NY 10471",The Salad Dream,Bronx,NY,Our Otter,DoorDash - Discontinued,Discontinued - UE Low Sales,Active,23906818,e1953939-957d-53c6-9729-02275ddd11a4,4510360,Jan Ceasar Poblete,Chris Garner,Janice Mauricio,Leix Anthony Almeda,Monday-Sunday: 12AM-12AM
recI3TOZB4Aqpe7u5,Gourmet Market and Bagel - 5993 Broadway,"5993 Broadway, Bronx, NY 10471",The Burger Blade,Bronx,NY,Our Otter,DoorDash - Discontinued,Discontinued - UE Low Sales,Active,23106199,d855e969-48fa-59ae-a7c5-3c4b1654d4bd,3309674,Jan Ceasar Poblete,Chris Garner,Janice Mauricio,Leix Anthony Almeda,Monday-Sunday: 12AM-12AM
recUI9MkIu1bJGwSe,Gourmet Market and Bagel - 5993 Broadway,"5993 Broadway, Bronx, NY 10471",Prima Panini Bar,Bronx,NY,Our Otter,DoorDash - Not Approved,Discontinued - UE Low Sales,Active,,11a61537-5e88-5446-9971-24bb0ccfa3d2,3310222,Jan Ceasar Poblete,Chris Garner,Janice Mauricio,Leix Anthony Almeda,
recmH5MR4TLjPJSP6,Great Indian Cuisine - 2026 Agnew Rd,"2026 Agnew Rd, Santa Clara, CA 95054",Sasha's Indian Restaurant,Santa Clara,CA,Their Otter,Active,Active,Grubhub Discontinued - Failed Concept,1228070,650040f5-56a7-4787-8046-1b374974d15f,8566008,Jan Ceasar Poblete,Chris Garner,Rachelle Kate Funa,Vhic Bert Serra,"Mon-Sat: 11am-10pm, Sunday: Closed"
recpkoNygo9l9Expk,Great Indian Cuisine - 2026 Agnew Rd,"2026 Agnew Rd, Santa Clara, CA 95054",The Indian Spice Kitchen,Santa Clara,CA,Their Otter,Active,Active,Active,33017061,abda8ba9-bcea-50bd-8f6f-9b13227208fb,9815064,Jan Ceasar Poblete,Chris Garner,Rachelle Kate Funa,Vhic Bert Serra,"Mon-Sat: 11am-10pm, Sunday: Closed"
recsokyGZIuyQGhT7,Green Olive Deli And Grill Juice Bar - 309 7th Ave,"309 7th Ave, Brooklyn, NY 11215",The Bagel Savage,Brooklyn,NY,Their Otter,Active,Active,Active,27667602,f7e564bc-d295-5124-990b-5086ec5a2787,8566016,,Ria Jain,Edlyn Manzano,Jixford L. Polo,TODC: Monday-Sunday: 6:30AM-12:30AM
rec3JCY2XJ9WT0ec3,Green Olive Deli And Grill Juice Bar - 309 7th Ave,"309 7th Ave, Brooklyn, NY 11215",Original Burger Bar,Brooklyn,NY,Their Otter,Active,Active,Active,27667595,f5cd5e1e-1fe1-56b2-ba11-ad8c138d3aab,8569936,,Ria Jain,Edlyn Manzano,Jixford L. Polo,TODC: Monday-Sunday: 6:30AM-12:30AM
recIfdIGv9MN0hhMz,Green Olive Deli And Grill Juice Bar - 309 7th Ave,"309 7th Ave, Brooklyn, NY 11215",Bosscat Wraps,Brooklyn,NY,Their Otter,Active,Active,Active,27667568,88e8e53b-6cd5-5a86-8fd9-729d8d6a544e,8568696,,Ria Jain,Edlyn Manzano,Jixford L. Polo,TODC: Monday-Sunday: 6:30AM-12:30AM
reckOhcLZnBMWChuw,Gyro 101 Phoenix - 7126 N 35th ave,"7126 N 35th ave, Phoenix, AZ 85051",The Gyro Snob,Phoenix,AZ,Our Otter,Active,Discontinued - UE Low Sales,Grubhub - Brand Discontinued,23906819,f3d2dc91-d45c-5137-bba3-602086c1a895,4518672,,Ria Jain,Ferlyn Torres,Jixford L. Polo,
recQnwcS1FSLMvMxt,Gyro 101 Scottsdale - 8770 E McDowell Rd,"8770 E McDowell Rd, Scottsdale, AZ 85257",The Gyro Bar,Scottsdale,AZ,Our Otter,Active,Discontinued - UE Low Sales,Grubhub - Brand Discontinued,23907282,8bbd56b3-d623-5274-9ae2-46ba86c4f519,4517064,Mau Liboon,Ria Jain,Ferlyn Torres,Jixford L. Polo,
recakn5D0o1RRXgVA,Gyro 101 Tempe - 2126 E Apache Blvd,"2126 E Apache Blvd, Tempe, AZ 85281",Local Breakfast Spot,Tempe,AZ,Our Otter,Active,Active - Onboarding In Process,Active,32863757,d9735ae6-8f18-5c1c-a4e5-b98df2cf7c39,10075296,lara yao,Ria Jain,Janice Mauricio,Leix Anthony Almeda,Mondays - Saturdays (Except Fridays) - 11:00 AM - 10:00 PM / Fridays - 2:00 PM - 10:00 PM
recIp8hHyYZPy73vP,Gyro 101 Tempe - 2126 E Apache Blvd,"2126 E Apache Blvd, Tempe, AZ 85281",Chicken Sandwich Loft,Tempe,AZ,Our Otter,Active,Active - Onboarding In Process,Active,32923527,1ac47b69-cf6f-5b5e-ab88-1d3388448a2f,10078552,lara yao,Ria Jain,Janice Mauricio,Leix Anthony Almeda,Mondays - Saturdays (Except Fridays) - 11:00 AM - 10:00 PM / Fridays - 2:00 PM - 10:00 PM
recsLTZZ1k0QnFiiU,H - 450 9th Ave #35st,"450 9th Ave #35st, New York, NY 10018",Nomad's Bagels,New York,NY,Our Otter,DoorDash - Discontinued,Discontinued - UE Low Sales,Active,23007084,39b897e6-67d7-51c4-9156-7d024a63b930,3311345,Mau Liboon,Ria Jain,Ferlyn Torres,Vhic Bert Serra,Open 24 hours
rec0sarvkqla3rg3V,H - 450 9th Ave #35st,"450 9th Ave #35st, New York, NY 10018",NY Dessert Bar,New York,NY,Our Otter,Active,Discontinued by UE,Grubhub - Brand Discontinued,23007130,5962a508-f8e7-5697-9bfb-c52d654bca7c,3311145,Mau Liboon,Ria Jain,Ferlyn Torres,Vhic Bert Serra,Open 24 hours
rec9X2krmk32kD45L,H - 450 9th Ave #35st,"450 9th Ave #35st, New York, NY 10018",The Breakfast Dream,New York,NY,Our Otter,Active,Discontinued - UE Low Sales,Grubhub - Brand Discontinued,23007040,b6b7148a-2feb-5fe1-9b0e-5d126641a022,3311346,Mau Liboon,Ria Jain,Ferlyn Torres,Vhic Bert Serra,Open 24 hours
recl6jlOrA58v0DRD,H - 450 9th Ave #35st,"450 9th Ave #35st, New York, NY 10018",The Smoothie Squeeze,New York,NY,Our Otter,Active,Discontinued by UE,Grubhub Discontinued - Failed Concept,23007066,5e06bc69-e9ee-58c8-b2c9-9948eb99bafe,3311146,Mau Liboon,Ria Jain,Ferlyn Torres,Vhic Bert Serra,Open 24 hours
recEHDcpONrBCn2VJ,H - 450 9th Ave #35st,"450 9th Ave #35st, New York, NY 10018",Bain's Burger Bar,New York,NY,Our Otter,DoorDash - Discontinued,Discontinued - UE Low Sales,Active,23006975,1313d84a-89bf-5440-a46a-3a983387b7f9,3310547,Mau Liboon,Ria Jain,Ferlyn Torres,Vhic Bert Serra,Open 24 hours
rec3KhaSvbFD665AJ,Halal N Out - 197 Havemeyer St.,"197 Havemeyer St., Brooklyn, NY 11211",Hero Sandwich Shop,Brooklyn,NY,Their Otter,DoorDash - Discontinued,Discontinued - UE Low Sales,Active,24257529,922e27ff-eba7-5907-b3dd-590e3f2809d0,4839312,,Ria Jain,Ferlyn Torres,Jixford L. Polo,"Monday-Thursday: 11AM-11:30PM, Friday-Saturday: 11AM-1:30AM, Sunday: 11AM-11:30PM"
rec8FWjySYPcrMG37,Halal N Out - 197 Havemeyer St.,"197 Havemeyer St., Brooklyn, NY 11211",The Mazza Palace,Brooklyn,NY,Their Otter,DoorDash - Discontinued,Discontinued - UE Low Sales,Active,24257477,75d69726-975c-5c15-ada2-c3a79138f5b2,4834440,,Ria Jain,Ferlyn Torres,Jixford L. Polo,"Monday-Thursday: 11AM-11:30PM, Friday-Saturday: 11AM-1:30AM, Sunday: 11AM-11:30PM"
reclHhqoTUJjhecM5,Halal N Out - 197 Havemeyer St.,"197 Havemeyer St., Brooklyn, NY 11211",Mediterranean Salad Chop,Brooklyn,NY,Their Otter,Active,Active,Active,24257608,9b392e79-85b6-5b61-8fe5-f33d1e2d8556,4833232,,Ria Jain,Ferlyn Torres,Jixford L. Polo,"TODC Hours: Sunday-Thursday: 11AM-11PM, Friday-Saturday: 11AM-1AM"
recxFq2xIeO9JxVsV,Halal N Out - 197 Havemeyer St.,"197 Havemeyer St., Brooklyn, NY 11211",Twin Peaks Burger,Brooklyn,NY,Their Otter,DoorDash - Discontinued,Discontinued - UE Low Sales,Active,24257631,96d60898-d97f-510c-add8-c1436feb2065,4836096,,Ria Jain,Ferlyn Torres,Jixford L. Polo,"Monday-Thursday: 11AM-11:30PM, Friday-Saturday: 11AM-1:30AM, Sunday: 11AM-11:30PM"
recH7410eRgu4MUNa,Halal N Out - 197 Havemeyer St.,"197 Havemeyer St., Brooklyn, NY 11211",Pita Sandwich Bite,Brooklyn,NY,Their Otter,DoorDash - Discontinued,Discontinued - UE Low Sales,Active,24257582,40a2f37b-cbd0-58c1-9ef2-f8ada332f417,4831888,,Ria Jain,Ferlyn Torres,Jixford L. Polo,"Monday-Thursday: 11AM-11:30PM, Friday-Saturday: 11AM-1:30AM, Sunday: 11AM-11:30PM"
recqaAHW7p2U2MUaU,Halal N Out - 783 Hillside Avenue,"783 Hillside Avenue, New Hyde Park, NY 11040",Smokin' Burger Grille,New Hyde Park,NY,Their Otter,DoorDash - Discontinued,Discontinued - UE Low Sales,Active,24257640,1776ad95-e3d8-5e99-8ebe-f5a207caaf26,4842280,Tana Jean Frances Liboon,Ria Jain,Janice Mauricio,Vhic Bert Serra,"TODC Hours: Sunday-Thursday: 11AM-11PM, Friday-Saturday: 11AM-1AM"
rec2Uf8Z5m8LE4VjJ,Halal N Out - 783 Hillside Avenue,"783 Hillside Avenue, New Hyde Park, NY 11040",Doughboys Sandwiches,New Hyde Park,NY,Their Otter,DoorDash - Discontinued,Discontinued - UE Low Sales,Active,24257661,2b05ca95-dc09-543a-93ea-3709a195afa5,4836112,Tana Jean Frances Liboon,Ria Jain,Janice Mauricio,Vhic Bert Serra,"TODC Hours: Sunday-Thursday: 11AM-11PM, Friday-Saturday: 11AM-1AM"
rec4ImwUNYfcqtbBm,Halal N Out - 783 Hillside Avenue,"783 Hillside Avenue, New Hyde Park, NY 11040",Chop & Dice Salads,New Hyde Park,NY,Their Otter,DoorDash - Discontinued,Discontinued - UE Low Sales,Active,24257638,9c91cabc-0f1b-5372-949c-a75cd8018965,4834448,Tana Jean Frances Liboon,Ria Jain,Janice Mauricio,Vhic Bert Serra,"TODC Hours: Sunday-Thursday: 11AM-11PM, Friday-Saturday: 11AM-1AM"
reca9YgFjMZyHCEfN,Halal N Out - 783 Hillside Avenue,"783 Hillside Avenue, New Hyde Park, NY 11040",Flavor of Greek,New Hyde Park,NY,Their Otter,DoorDash - Discontinued,Active,Active,24257634,77bacaf3-53b2-55aa-9bfb-c46fb46f57c3,4840552,Tana Jean Frances Liboon,Ria Jain,Janice Mauricio,Vhic Bert Serra,"TODC Hours: Sunday-Thursday: 11AM-11PM, Friday-Saturday: 11AM-1AM"
recpGCGTGfeHVncz8,Hamptons Fresh Deli - 217 1st Avenue,"217 1st Avenue, New York, NY 10003",Philly Cheesesteak Artists,New York,NY,Our Otter,DoorDash - Discontinued,Discontinued - UE Low Sales,Active,1761941,1afae13f-35e2-43dd-b1d5-f5299e09b13f,2786287,,Ria Jain,Ferlyn Torres,Jixford L. Polo,24/7
recqwQljK0gUqzwvi,Hamptons Fresh Deli - 217 1st Avenue,"217 1st Avenue, New York, NY 10003",Farmer Girl Salad,New York,NY,Our Otter,DoorDash - Discontinued,Active,Active,1518377,def9bc45-62c9-4e10-bc84-e74ebcf883f0,2626075,,Ria Jain,Ferlyn Torres,Jixford L. Polo,24/7
recZw5zdzC0aWJQES,Hamptons Fresh Deli - 217 1st Avenue,"217 1st Avenue, New York, NY 10003",The Pancake Snob,New York,NY,Our Otter,Active,Discontinued - UE Low Sales,Active,1180434,89f98017-f7ad-44dc-8b98-824c56bb54ba,2344366,,Ria Jain,Ferlyn Torres,Jixford L. Polo,24/7
rec1jiT9OCWC5wy3n,Hamptons Fresh Deli - 217 1st Avenue,"217 1st Avenue, New York, NY 10003",Hero Sandwich Shop,New York,NY,Our Otter,DoorDash - Discontinued,Discontinued - UE Low Sales,Active,1767200,e34b5dff-d265-4ef5-b2a9-a9f6c7007c1e,2789142,,Ria Jain,Ferlyn Torres,Jixford L. Polo,24/7
rec9RtWTLU4WWJiw9,Hamptons Fresh Deli - 217 1st Avenue,"217 1st Avenue, New York, NY 10003",Crack N Omelette,New York,NY,Our Otter,DoorDash - Discontinued,Discontinued - UE Low Sales,Active,23562268,63054ba4-cfa1-5498-8cb9-a43d2324b96d,3312411,,Ria Jain,Ferlyn Torres,Jixford L. Polo,24/7
recaztRU3jRIPcJ8Y,Hamptons Fresh Deli - 217 1st Avenue,"217 1st Avenue, New York, NY 10003",Palm Tree Juice Bar,New York,NY,Our Otter,DoorDash - Discontinued,Discontinued - UE Low Sales,Active,1776051,73f45684-dea4-44a3-880c-52e23d36a08f,2786288,,Ria Jain,Ferlyn Torres,Jixford L. Polo,24/7
recybratqVhyA7GiP,Hamptons Fresh Deli - 217 1st Avenue,"217 1st Avenue, New York, NY 10003",Jane's Juice Bar,New York,NY,Our Otter,DoorDash - Discontinued,Discontinued - UE Low Sales,Active,23556169,095e66dd-8c2e-5e28-8299-df44d311176b,3310467,,Ria Jain,Ferlyn Torres,Jixford L. Polo,24/7
reczC7o2ier8PRO5u,Hamptons Fresh Deli - 217 1st Avenue,"217 1st Avenue, New York, NY 10003",Wonderland Wraps,New York,NY,Our Otter,Active,Discontinued by UE,Active,1769351,09921e2a-a77c-4bca-9c00-92ba14eb558d,2821699,,Ria Jain,Ferlyn Torres,Jixford L. Polo,24/7
recEjAZ6iwBtZLrbN,Hamptons Fresh Deli - 217 1st Avenue,"217 1st Avenue, New York, NY 10003",La Mexicana Quesadilla,New York,NY,Our Otter,DoorDash - Discontinued,Discontinued - UE Low Sales,Active,23556176,fe9e1c28-391f-5949-adbe-f48ad98cf324,3309992,,Ria Jain,Ferlyn Torres,Jixford L. Polo,24/7
recHYcikikpYjx084,Hamptons Fresh Deli - 217 1st Avenue,"217 1st Avenue, New York, NY 10003",High Life Coffee Shop,New York,NY,Our Otter,DoorDash - Discontinued,Discontinued - UE Low Sales,Active,23556054,c66dfd0f-d04c-54d1-8ecf-980fd58d2943,3310369,,Ria Jain,Ferlyn Torres,Jixford L. Polo,24/7
recHgSGHN9fAeIEbw,Hamptons Fresh Deli - 217 1st Avenue,"217 1st Avenue, New York, NY 10003",Bosscat Wings,New York,NY,Our Otter,DoorDash - Discontinued,Active,Active,1518378,47e3c2e5-c29e-4b02-b1c1-ea844f736e5b,2626167,,Ria Jain,Ferlyn Torres,Jixford L. Polo,24/7
recQMsULBh5TNve2z,Hamptons Fresh Deli - 217 1st Avenue,"217 1st Avenue, New York, NY 10003",The Burger Bae,New York,NY,Our Otter,DoorDash - Discontinued,Discontinued by UE,Active,1209717,53c598cf-c6ac-4c25-b740-c825ae5a4c2f,2407121,,Ria Jain,Ferlyn Torres,Jixford L. Polo,24/7
recXddvGe2HeGVXP6,Harden's Hamburgers of Tulsa - 6611 S 101st E Ave,"6611 S 101st E Ave, Tulsa, OK 74133",The Gourmet Burger,Tulsa,OK,Their Cuboh,Active,Discontinued - UE Low Sales,Grubhub Discontinued - Failed Concept,2272754,ebe1c332-9d69-4ff6-92f9-582fdb6e2498,2964868,Tana Jean Frances Liboon,Ria Jain,Ferlyn Torres,Jixford L. Polo,Monday - Friday: 10:00 am-4:00pm; Saturday: 10:00 am- 5:00 pm; Sunday: 11:00 am - 4:00 pm ***Last order taking would be 15 minutes before store closes.
recb50TUtKSfAZfaC,Harden's Hamburgers of Tulsa - 6611 S 101st E Ave,"6611 S 101st E Ave, Tulsa, OK 74133",The Breakfast Dream,Tulsa,OK,Their Cuboh,Active,Discontinued - UE Low Sales,Grubhub Discontinued - Failed Concept,24051979,6a344c5a-77ae-5ed9-a30e-5f4048d4d233,4522112,Tana Jean Frances Liboon,Ria Jain,Ferlyn Torres,Jixford L. Polo,Monday - Friday: 10:00 am-4:00pm; Saturday: 10:00 am- 5:00 pm; Sunday: 11:00 am - 4:00 pm ***Last order taking would be 15 minutes before store closes.
recIELveEjuWUO9EM,Harden's Hamburgers of Tulsa - 6611 S 101st E Ave,"6611 S 101st E Ave, Tulsa, OK 74133",Breakfast Burrito Floozy,Tulsa,OK,Their Cuboh,Active,Discontinued - UE Low Sales,Grubhub Discontinued - Failed Concept,2255754,6732f433-b6fd-4e79-8263-01c3e3286211,2964678,Tana Jean Frances Liboon,Ria Jain,Ferlyn Torres,Jixford L. Polo,Monday - Friday: 10:00 am-4:00pm; Saturday: 10:00 am- 5:00 pm; Sunday: 11:00 am - 4:00 pm ***Last order taking would be 15 minutes before store closes.
recagONPMpcEPj5cW,Havana Heights - 4083 Broadway,"4083 Broadway, New York, NY 10033",Blanca's Breakfast Bites,New York,NY,Referral: Their Otter,Active,Active,Active,32923083,3bdc760d-388a-5bab-a2e4-6d7690655d49,9815136,lara yao,Chris Garner,Eve Paraiso,Jixford L. Polo,"Monday to Thursday: 9:00 AM – 11:00 PM
Friday and Saturday: 9:00 AM – 12:00 AM
Sunday: 9:00 AM – 11:00 PM"
recdcibeLk2aAJQIh,Havana Heights - 4083 Broadway,"4083 Broadway, New York, NY 10033",The Scorchin' Burger,New York,NY,Referral: Their Otter,DoorDash - Discontinued,Active,Active,26292078,d5932c3f-44e7-5b22-a7bc-89223a7e1fb6,7746488,lara yao,Chris Garner,Eve Paraiso,Jixford L. Polo,"Monday to Thursday: 9:00 AM – 11:00 PM
Friday and Saturday: 9:00 AM – 12:00 AM
Sunday: 9:00 AM – 11:00 PM"
recj7NdbFTRvhlfC7,Havana Heights - 4083 Broadway,"4083 Broadway, New York, NY 10033",Two Hand Burger,New York,NY,Referral: Their Otter,Active,Active,Active,37532343,0046be4b-48f2-582d-a253-8a2a14af5128,9821064,lara yao,Chris Garner,Eve Paraiso,Jixford L. Polo,"Monday to Thursday: 9:00 AM – 11:00 PM
Friday and Saturday: 9:00 AM – 12:00 AM
Sunday: 9:00 AM – 11:00 PM"
recD7XQvWkfCPV1gd,Havana Heights - 4083 Broadway,"4083 Broadway, New York, NY 10033",Bri's Breakfast Bar,New York,NY,Referral: Their Otter,DoorDash - Discontinued,Active,Active,26292176,8ac08fb4-3f19-5052-9b04-e1ba46a46e4b,7750984,lara yao,Chris Garner,Eve Paraiso,Jixford L. Polo,"Monday to Thursday: 9:00 AM – 11:00 PM
Friday and Saturday: 9:00 AM – 12:00 AM
Sunday: 9:00 AM – 11:00 PM"
recQOsm5KessjKWmG,Havana Heights - 4083 Broadway,"4083 Broadway, New York, NY 10033",Seth's Sandwiches,New York,NY,Referral: Their Otter,Active,Active,Active,26291987,f0d63a28-5d16-5032-b842-3484f845259e,7749136,lara yao,Chris Garner,Eve Paraiso,Jixford L. Polo,"Monday to Thursday: 9:00 AM – 11:00 PM
Friday and Saturday: 9:00 AM – 12:00 AM
Sunday: 9:00 AM – 11:00 PM"
recmOFncOBvXM3BiT,Healthy Choice Food Market - 93 Avenue A,"93 Avenue A, New York, NY 10009",Casa De Quesadilla,New York,NY,Our Otter,Active,Discontinued - UE Low Sales,Active,23134862,41d7036c-0c1d-5235-b5ac-8e340531cf6b,3309685,lara yao,Ria Jain,Ferlyn Torres,Jixford L. Polo,
recnCiz6pSYG8uNq0,Healthy Choice Food Market - 93 Avenue A,"93 Avenue A, New York, NY 10009",Beeman's Burger Bar,New York,NY,Our Otter,Active,Active,Active,32923019,b699d1fc-aec6-51a9-b00e-5b2035daa559,9822616,lara yao,Ria Jain,Ferlyn Torres,Jixford L. Polo,Open 24HRS
reco9VHrFd0wG9ulm,Healthy Choice Food Market - 93 Avenue A,"93 Avenue A, New York, NY 10009",Sun's Up Breakfast Wraps,New York,NY,Our Otter,DoorDash - Discontinued,Discontinued - UE Low Sales,Active,23549603,19c892b0-9073-5c92-98b4-6e7cae8f54ac,3325818,lara yao,Ria Jain,Ferlyn Torres,Jixford L. Polo,
recp20Cm37X2y6bYw,Healthy Choice Food Market - 93 Avenue A,"93 Avenue A, New York, NY 10009",Mufasa's Pancakes & French Toast,New York,NY,Our Otter,DoorDash - Discontinued,Discontinued - UE Low Sales,Active,23134847,2aebb859-cca4-59df-9bcb-2b1d9dd805e5,3309772,lara yao,Ria Jain,Ferlyn Torres,Jixford L. Polo,
recWwjZpfWaxChpXI,Healthy Choice Food Market - 93 Avenue A,"93 Avenue A, New York, NY 10009",City Light Wraps,New York,NY,Our Otter,DoorDash - Discontinued,Discontinued - UE Low Sales,Active,23134797,614f6c08-9413-530c-aa82-e43eea7bcb04,3309846,lara yao,Ria Jain,Ferlyn Torres,Jixford L. Polo,
recfX9nQ3tkL7kg7B,Healthy Choice Food Market - 93 Avenue A,"93 Avenue A, New York, NY 10009",Holy Grail Omelettes,New York,NY,Our Otter,DoorDash - Discontinued,Discontinued - UE Low Sales,Active,23549530,2fa4b3c4-963a-5673-94f7-f0c2becc3744,3325480,lara yao,Ria Jain,Ferlyn Torres,Jixford L. Polo,
recAk9v7Yp9FNHr0q,Healthy Choice Food Market - 93 Avenue A,"93 Avenue A, New York, NY 10009",Top Panini Shop,New York,NY,Our Otter,DoorDash - Discontinued,Discontinued - UE Low Sales,Active,23133079,41c6c940-b84a-5aa2-9c22-18e343dfc8fa,3309686,lara yao,Ria Jain,Ferlyn Torres,Jixford L. Polo,
recGMxGYKIYFZxex7,Healthy Choice Food Market - 93 Avenue A,"93 Avenue A, New York, NY 10009",Luke's Breakfast Wraps,New York,NY,Our Otter,Active,Active,Active,37532867,7dc3af66-7b62-54ca-9343-c0193d858897,9811888,lara yao,Ria Jain,Ferlyn Torres,Jixford L. Polo,Open 24HRS
recRE2p0UFhrS2GDE,Healthy Choice Food Market - 93 Avenue A,"93 Avenue A, New York, NY 10009",Pardon My Panini,New York,NY,Our Otter,Active,Active,Active,33436433,9f5397ab-bf6f-5991-8ade-100f59450d07,9818016,lara yao,Ria Jain,Ferlyn Torres,Jixford L. Polo,Open 24HRS
recmN3l1iTBFseUf6,Healthy Way Organic Market - 265 Bedford Ave,"265 Bedford Ave, Brooklyn, NY 11211",Bart's Breakfast Sandwiches,Brooklyn,NY,Our Otter,Active,Discontinued by UE,Active,32863871,1a5f42e7-158c-570c-a958-5ae750c2fa25,9845040,lara yao,Chris Garner,Rachelle Kate Funa,Leix Anthony Almeda,24/7
recmb8g4VGU90mvV0,Healthy Way Organic Market - 265 Bedford Ave,"265 Bedford Ave, Brooklyn, NY 11211",The Minister Wraps,Brooklyn,NY,Our Otter,Active,Active,Active,24194630,0a1f71e3-0c93-506c-b4eb-df7b47a27fae,4835904,lara yao,Chris Garner,Rachelle Kate Funa,Leix Anthony Almeda,24/7
recnErA6CAddWjgoj,Healthy Way Organic Market - 265 Bedford Ave,"265 Bedford Ave, Brooklyn, NY 11211",Sal's Smoothie Spot,Brooklyn,NY,Our Otter,Active,Discontinued - UE Low Sales,Active,24194387,5f630cd8-1f1e-5d01-83d7-8944ed811445,4840360,lara yao,Chris Garner,Rachelle Kate Funa,Leix Anthony Almeda,24/7
recnaG56QTZCIeqlK,Healthy Way Organic Market - 265 Bedford Ave,"265 Bedford Ave, Brooklyn, NY 11211",House of Paninis,Brooklyn,NY,Our Otter,DoorDash - Discontinued,Discontinued - UE Low Sales,Active,24194629,347c147b-0095-5e91-920d-50186001d1f8,4830064,lara yao,Chris Garner,Rachelle Kate Funa,Leix Anthony Almeda,24/7
recvMwqjVOajk62pb,Healthy Way Organic Market - 265 Bedford Ave,"265 Bedford Ave, Brooklyn, NY 11211",Manhattan Salad Bar,Brooklyn,NY,Our Otter,Active,Discontinued by UE,Grubhub Discontinued - Failed Concept,1834903,af031636-c5fd-4e44-979d-f3afc010b3da,2849000,lara yao,Chris Garner,Rachelle Kate Funa,Leix Anthony Almeda,24/7
recvkVrtRAN8jvXWR,Healthy Way Organic Market - 265 Bedford Ave,"265 Bedford Ave, Brooklyn, NY 11211",The Panini Project,Brooklyn,NY,Our Otter,Active,Discontinued - UE Low Sales,Active,1836485,2352446e-9524-4630-b221-671271ed0402,2848521,lara yao,Chris Garner,Rachelle Kate Funa,Leix Anthony Almeda,24/7
recYd4u3sufJU6X3o,Healthy Way Organic Market - 265 Bedford Ave,"265 Bedford Ave, Brooklyn, NY 11211",Penny's Pancakes,Brooklyn,NY,Our Otter,Active,Discontinued by UE,Active,23026166,0f79344e-504d-5026-8c8c-bb5425192039,3310669,lara yao,Chris Garner,Rachelle Kate Funa,Leix Anthony Almeda,24/7
recZWT9qyjbB63qGo,Healthy Way Organic Market - 265 Bedford Ave,"265 Bedford Ave, Brooklyn, NY 11211",Arifs Mediterranean Grill,Brooklyn,NY,Our Otter,Active,Discontinued - UE Low Sales,Grubhub Discontinued - Failed Concept,23026068,3e5c2806-bb78-5b2b-9009-000240ca5478,3311355,lara yao,Chris Garner,Rachelle Kate Funa,Leix Anthony Almeda,24/7
rec5Zbr3tPnAAXlo1,Healthy Way Organic Market - 265 Bedford Ave,"265 Bedford Ave, Brooklyn, NY 11211",Julia's Juice Shack,Brooklyn,NY,Our Otter,Active,Discontinued - UE Low Sales,Active,1834934,b9d3cf0a-1854-463e-9b01-9c5b20e5571d,2847792,lara yao,Chris Garner,Rachelle Kate Funa,Leix Anthony Almeda,24/7
rechxoH3QI5IZbedR,Healthy Way Organic Market - 265 Bedford Ave,"265 Bedford Ave, Brooklyn, NY 11211",Headlines Mexican Spot,Brooklyn,NY,Our Otter,Active,Discontinued - UE Low Sales,Virtual Brand Discontinued,1834983,704c4463-d843-48f8-bb4e-9cf3f6824df2,2849595,lara yao,Chris Garner,Rachelle Kate Funa,Leix Anthony Almeda,24/7
recjxE5hFhYw8g1k8,Healthy Way Organic Market - 265 Bedford Ave,"265 Bedford Ave, Brooklyn, NY 11211",Greek Gyro Spot,Brooklyn,NY,Our Otter,Active,Discontinued - UE Low Sales,Active,1834947,e83a3511-3780-4002-b354-2d469f745310,2847690,lara yao,Chris Garner,Rachelle Kate Funa,Leix Anthony Almeda,24/7
reczP9TUe3RcaCQJg,Healthy Way Organic Market - 265 Bedford Ave,"265 Bedford Ave, Brooklyn, NY 11211",Village Quesadilla,Brooklyn,NY,Our Otter,Active,Discontinued - UE Low Sales,Active,23026318,ff74a00e-4bb3-5bd2-8019-72eab0f3d233,3310560,lara yao,Chris Garner,Rachelle Kate Funa,Leix Anthony Almeda,24/7
reczrtO80LZDqwyxJ,Healthy Way Organic Market - 265 Bedford Ave,"265 Bedford Ave, Brooklyn, NY 11211",Casa Pasta Ristorante,Brooklyn,NY,Our Otter,Active,Discontinued by UE,Active,23026219,6bfb981c-840e-5f5c-a20e-3d59acb51847,3310559,lara yao,Chris Garner,Rachelle Kate Funa,Leix Anthony Almeda,24/7
recLLVAvUKig5owA1,Healthy Way Organic Market - 265 Bedford Ave,"265 Bedford Ave, Brooklyn, NY 11211",Sam's Sandwich Spot,Brooklyn,NY,Our Otter,Active,Discontinued - UE Low Sales,Active,1834080,73a810ea-c9a1-4280-8043-b7537ef76ee5,2847689,lara yao,Chris Garner,Rachelle Kate Funa,Leix Anthony Almeda,24/7
recMfOdoJ30MTAzus,Healthy Way Organic Market - 265 Bedford Ave,"265 Bedford Ave, Brooklyn, NY 11211",Two Hand Burger,Brooklyn,NY,Our Otter,DoorDash - Discontinued,Discontinued - UE Low Sales,Active,1836865,2211fccb-ad23-4f8e-908a-82c11dba8ca8,2847793,lara yao,Chris Garner,Rachelle Kate Funa,Leix Anthony Almeda,24/7
recOz0l3uNflPNy5N,Healthy Way Organic Market - 265 Bedford Ave,"265 Bedford Ave, Brooklyn, NY 11211",Mary's Chicken Sandwiches,Brooklyn,NY,Our Otter,Active,Discontinued by UE,Active,32863867,4f8e85fe-f7a7-5b09-bddc-8c8aceac4682,9837376,lara yao,Chris Garner,Rachelle Kate Funa,Leix Anthony Almeda,24/7
recPOYwZ53MERFZld,Healthy Way Organic Market - 265 Bedford Ave,"265 Bedford Ave, Brooklyn, NY 11211",The Pasta Brothers,Brooklyn,NY,Our Otter,Active,Discontinued by UE,Active,2400705,e80400d5-11b1-4a2c-894b-166a2e3acc1b,2848424,lara yao,Chris Garner,Rachelle Kate Funa,Leix Anthony Almeda,24/7
recQs88IjLUKY7VUH,Healthy Way Organic Market - 265 Bedford Ave,"265 Bedford Ave, Brooklyn, NY 11211",Finish Line Burgers,Brooklyn,NY,Our Otter,DoorDash - Discontinued,Discontinued - UE Low Sales,Active,24194512,f3825982-3f08-593c-aee5-ea2b72241200,4835896,lara yao,Chris Garner,Rachelle Kate Funa,Leix Anthony Almeda,24/7
recVmITU8boCj6bqi,Healthy Way Organic Market - 265 Bedford Ave,"265 Bedford Ave, Brooklyn, NY 11211",Village Breakfast Snob,Brooklyn,NY,Our Otter,DoorDash - Discontinued,Discontinued by UE,Active,1836833,4c1ce1f4-2970-400f-94fa-0c818fdc0350,2848423,lara yao,Chris Garner,Rachelle Kate Funa,Leix Anthony Almeda,24/7
recZTPo8VWPg5F6xV,Heavenly Market - 172 Prince St,"172 Prince St, New York, NY 10012",Daybreak Breakfast Club,New York,NY,Our Otter,DoorDash - Discontinued,Active,Active,27667575,87a4b196-34f4-5f5d-8cb7-aa225b29bd6b,8562960,,Chris Garner,Rachelle Kate Funa,Jixford L. Polo,24/7
rec4uvkmcyMelHuLV,Heavenly Market - 172 Prince St,"172 Prince St, New York, NY 10012",Fierce Chicken Sandwich,New York,NY,Our Otter,DoorDash - Discontinued,Active,Active,27667579,1d0f3499-3f05-5eed-b20e-bf99d0d894df,8562968,,Chris Garner,Rachelle Kate Funa,Jixford L. Polo,24/7
recK0xvBuiinUA1Uf,Heavenly Market - 172 Prince St,"172 Prince St, New York, NY 10012",Public Burger Bar,New York,NY,Our Otter,DoorDash - Discontinued,Active,Active,27667598,02a98acf-5c35-56bf-86d7-7b7a1abb4d07,8569952,,Chris Garner,Rachelle Kate Funa,Jixford L. Polo,24/7
recZmzHIeRdD41cka,Heavenly Market - 303 East 9th Street,"303 East 9th Street, New York, NY 10003",Stella's Slammin' Burgers,New York,NY,Our Otter,Active,Active,Active,31313647,923ff513-e667-5834-89a2-aafee9087bf7,9819488,Mau Liboon,Chris Garner,Eve Paraiso,Vhic Bert Serra,"TODC Monday-Tuesday: 7AM-10:30PM, Wednesday: 7AM-11:30AM, Thursday-Saturday: 7AM-1:30AM, Sunday: 7AM-10:30AM"
rec6TtF5sA4LX3Wgy,Heavenly Market - 303 East 9th Street,"303 East 9th Street, New York, NY 10003",Green Vibes Salad,New York,NY,Our Otter,Active,Active,Active,31313941,63a04770-df9b-54a2-94cd-131aff784a33,9800672,Mau Liboon,Chris Garner,Eve Paraiso,Vhic Bert Serra,"TODC Monday-Tuesday: 7AM-10:30PM, Wednesday: 7AM-11:30AM, Thursday-Saturday: 7AM-1:30AM, Sunday: 7AM-10:30AM"
recDaegGlPk4aSIRi,Heavenly Market - 303 East 9th Street,"303 East 9th Street, New York, NY 10003",First Light Breakfast Cafe,New York,NY,Our Otter,Active,Active,Active,31314233,cd75b894-b0bd-5a2d-a324-30d148964655,9821000,Mau Liboon,Chris Garner,Eve Paraiso,Vhic Bert Serra,"TODC Monday-Tuesday: 7AM-10:30PM, Wednesday: 7AM-11:30AM, Thursday-Saturday: 7AM-1:30AM, Sunday: 7AM-10:30AM"
recoJwnG2bD5TeeXX,Heavenly Market - 440 10th Ave,"440 10th Ave, New York, NY 10001",High Life Breakfast Sandwiches,New York,NY,Our Otter,DoorDash - Discontinued,Active,Active,27667585,e268c2c8-17f9-56ca-96cf-e486d397ea4d,8567216,,Chris Garner,Rachelle Kate Funa,Jixford L. Polo,Monday-Sunday: 7AM-9PM
recD3reDwNezih8vG,Heavenly Market - 440 10th Ave,"440 10th Ave, New York, NY 10001",Chicken Sandwich Loft,New York,NY,Our Otter,DoorDash - Discontinued,Active,Active,27667572,eafac61c-7ce6-56f5-8b75-acc175ce7f45,8562976,,Chris Garner,Rachelle Kate Funa,Jixford L. Polo,Monday-Sunday: 7AM-9PM
reczlnc43PLYfJakj,Heavenly Market - 1175 2nd Ave,"1175 2nd Ave, New York, NY 10065",The Village Smoothie Spot,New York,NY,Our Otter,DoorDash - Discontinued,Active,Active,23784960,cffeb11d-8cf9-56db-b0bf-d4da828b24e0,8568712,lara yao,Chris Garner,Rachelle Kate Funa,Vhic Bert Serra,24/7
recIxNfbAOWmlV5L1,Heavenly Market - 1175 2nd Ave,"1175 2nd Ave, New York, NY 10065",Top Panini Shop,New York,NY,Our Otter,DoorDash - Discontinued,Active,Active,23906905,1f2ea41d-702a-52d1-a7dc-39f8e7d84f10,8569944,lara yao,Chris Garner,Rachelle Kate Funa,Vhic Bert Serra,24/7
recNovDCOxl2zyzYt,Heavenly Market - 1175 2nd Ave,"1175 2nd Ave, New York, NY 10065",Evan's Burger Empire,New York,NY,Our Otter,DoorDash - Discontinued,Discontinued - UE Low Sales,Active,23785042,fe0f6a82-162f-5b49-addb-e5b4ba57e04f,8568728,lara yao,Chris Garner,Rachelle Kate Funa,Vhic Bert Serra,24/7
recOFKbJ5QHKxQP87,Heavenly Market - 1175 2nd Ave,"1175 2nd Ave, New York, NY 10065",The Breakfast Dream,New York,NY,Our Otter,DoorDash - Discontinued,Discontinued - UE Low Sales,Active,23784991,0f95bbeb-330e-55ef-be34-fda24d8d19e4,8562952,lara yao,Chris Garner,Rachelle Kate Funa,Vhic Bert Serra,24/7
recozxgGkB8Ephfaq,Heavenly Market & Cafe - 44 E 8th St,"44 E 8th St, New York, NY 10003",Mama's Buffalo Wings,New York,NY,Our Otter,Active,Active,Active,23367545,0a64b814-3fd8-5db2-b748-d1e3bcacc5c3,3310345,Tana Jean Frances Liboon,Chris Garner,Rachelle Kate Funa,Leix Anthony Almeda,Everyday: 24 hours
rectqwRMnBPbMvbzS,Heavenly Market & Cafe - 44 E 8th St,"44 E 8th St, New York, NY 10003",Mia's Breakfast Bar,New York,NY,Our Otter,Active,Discontinued - UE Low Sales,Not Onboarded by GH,1008526,8a836e42-ab30-45d1-b545-38dd36fa4883,,Tana Jean Frances Liboon,Chris Garner,Rachelle Kate Funa,Leix Anthony Almeda,Everyday: 24 hours
rec4erJTdbgXUzSdz,Heavenly Market & Cafe - 44 E 8th St,"44 E 8th St, New York, NY 10003",Phillz Cheesesteaks,New York,NY,Our Otter,DoorDash - Discontinued,Discontinued by UE,Active,1714553,1fda5e64-cdd3-4bd8-8e7f-7c7034f0415d,2750933,Tana Jean Frances Liboon,Chris Garner,Rachelle Kate Funa,Leix Anthony Almeda,Everyday: 24 hours
rec6fMJ8hbNYfHxGI,Heavenly Market & Cafe - 44 E 8th St,"44 E 8th St, New York, NY 10003",Pardon My Panini,New York,NY,Our Otter,Active,Active,Active,1714540,93f13342-02ca-5854-8cff-2dd3a9441b3e,2751237,Tana Jean Frances Liboon,Chris Garner,Rachelle Kate Funa,Leix Anthony Almeda,Everyday: 24 hours
rec8Z97TLkYdonsrv,Heavenly Market & Cafe - 44 E 8th St,"44 E 8th St, New York, NY 10003",Grandpa's Omelette Crack,New York,NY,Our Otter,DoorDash - Discontinued,Discontinued - UE Low Sales,Active,23367546,8082198f-9260-5a82-81c5-918a4431ce81,3310082,Tana Jean Frances Liboon,Chris Garner,Rachelle Kate Funa,Leix Anthony Almeda,Everyday: 24 hours
recyD4P1yrtJ9ch1d,Heavenly Market & Cafe - 44 E 8th St,"44 E 8th St, New York, NY 10003",Amanda's Breakfast Lounge,New York,NY,Our Otter,Active,Active,Active,33415769,f608b7b1-b99b-5e49-b564-66c5a0dd3403,9819624,Tana Jean Frances Liboon,Chris Garner,Rachelle Kate Funa,Leix Anthony Almeda,Open 24HRS
recIo8O6QEae3kgeF,Heavenly Market & Cafe - 44 E 8th St,"44 E 8th St, New York, NY 10003",Grilled Cheese Ecstatic,New York,NY,Our Otter,Active,Discontinued by UE,Active,23367290,10828fee-1f79-5427-b1db-64e740120cb4,3310261,Tana Jean Frances Liboon,Chris Garner,Rachelle Kate Funa,Leix Anthony Almeda,Everyday: 24 hours
recPzhFtJS5Ai8wij,Heavenly Market & Cafe - 44 E 8th St,"44 E 8th St, New York, NY 10003",Prime Burger Lounge,New York,NY,Our Otter,Active,Discontinued - UE Low Sales,Active,1248514,,1976524,Tana Jean Frances Liboon,Chris Garner,Rachelle Kate Funa,Leix Anthony Almeda,Everyday: 24 hours
recV8rlFd2v8W2DkJ,Heavenly Market & Cafe - 44 E 8th St,"44 E 8th St, New York, NY 10003",The Salad Dream,New York,NY,Our Otter,DoorDash - Not Approved,Discontinued - UE Low Sales,Active,,4a339203-8698-57aa-a5f1-75ce88ed9e71,3310083,Tana Jean Frances Liboon,Chris Garner,Rachelle Kate Funa,Leix Anthony Almeda,
recY8iT07XGJueQxh,Heavenly Market 7 - 296 3rd Ave,"296 3rd Ave, New York, NY 10010",The Juice Affair,New York,NY,Our Otter,Active,Active,Active,33017211,0a5b0df2-8cb7-5d29-a046-8a771fb55596,9819632,lara yao,Chris Garner,Rachelle Kate Funa,Maria Mellanie S. Lapira,24/7
recapGOIaYxjChP8i,Heavenly Market 7 - 296 3rd Ave,"296 3rd Ave, New York, NY 10010",Savage Juice Bar,New York,NY,Our Otter,DoorDash - Discontinued,Discontinued - UE Low Sales,Active,24387595,f3be4ece-776c-5fd3-b30f-05341a228404,5024688,lara yao,Chris Garner,Rachelle Kate Funa,Maria Mellanie S. Lapira,24/7
recbWIbEFhQBTdRxA,Heavenly Market 7 - 296 3rd Ave,"296 3rd Ave, New York, NY 10010",Mia's Quesadillas,New York,NY,Our Otter,Active,Active,Active,32973053,c0de612a-627e-5930-ac2c-39f420a6d629,9815144,lara yao,Chris Garner,Rachelle Kate Funa,Maria Mellanie S. Lapira,24/7
recx4P2sx1mJ2MJUo,Heavenly Market 7 - 296 3rd Ave,"296 3rd Ave, New York, NY 10010",The Smoothie Squeeze,New York,NY,Our Otter,Active - Onboarding In Process,Active,Active,40010777,08a408d1-8286-5119-9580-dedf51392f7b,9816392,lara yao,Chris Garner,Rachelle Kate Funa,Maria Mellanie S. Lapira,24/7
recCIW5iwUaMGvdMI,Heavenly Market 7 - 296 3rd Ave,"296 3rd Ave, New York, NY 10010",Sarah's Salad Bar,New York,NY,Our Otter,DoorDash - Discontinued,Discontinued - UE Low Sales,Active,24387362,ead9aec9-3d3d-55fe-8014-7afbe273d1ad,5031120,lara yao,Chris Garner,Rachelle Kate Funa,Maria Mellanie S. Lapira,24/7
recoxzIbgamW4hPVa,Heavenly Market IV - 1760 3rd Ave,"1760 3rd Ave, New York, NY 10029",Charlie's Chicken Wings,New York,NY,Our Otter,Active,Active,Active,1591153,c7bd7c44-e646-4ab1-83a3-592095db0a80,2730695,lara yao,Chris Garner,Janice Mauricio,Vhic Bert Serra,24/7
recsBuCDEMVRKq3rz,Heavenly Market IV - 1760 3rd Ave,"1760 3rd Ave, New York, NY 10029",Cheesecake And Dessert Bar,New York,NY,Our Otter,Active,Active,Active,1591183,26921c28-1956-416f-908b-88cad6bdc6ce,2728293,lara yao,Chris Garner,Janice Mauricio,Vhic Bert Serra,24/7
recsb5397FpwzbYuj,Heavenly Market IV - 1760 3rd Ave,"1760 3rd Ave, New York, NY 10029",The French Fries God,New York,NY,Our Otter,DoorDash - Discontinued,Active,Active,23367753,22925c2a-199a-59f9-8a29-1fd351051f44,3310448,lara yao,Chris Garner,Janice Mauricio,Vhic Bert Serra,24/7
recvzdT4eTkankZbz,Heavenly Market IV - 1760 3rd Ave,"1760 3rd Ave, New York, NY 10029",Halal Gyro Lab,New York,NY,Our Otter,Active,Discontinued - UE Low Sales,Active,1497405,4ac255f3-2d67-4b4e-a66a-e1ce592d551c,2634275,lara yao,Chris Garner,Janice Mauricio,Vhic Bert Serra,24/7
rec0h3tJDmB7i1mxZ,Heavenly Market IV - 1760 3rd Ave,"1760 3rd Ave, New York, NY 10029",Two Hand Burger,New York,NY,Our Otter,DoorDash - Discontinued,Discontinued by UE,Active,1497429,fcdf73fd-0d3c-4014-bfc4-34e2c57a68d9,2569730,lara yao,Chris Garner,Janice Mauricio,Vhic Bert Serra,24/7
rec11qnT7DHD0dItH,Heavenly Market IV - 1760 3rd Ave,"1760 3rd Ave, New York, NY 10029",French Omelette Bar,New York,NY,Our Otter,DoorDash - Discontinued,Discontinued by UE,Active,1783249,0583be1a-c893-44ce-9e25-d52ae24423d8,2794277,lara yao,Chris Garner,Janice Mauricio,Vhic Bert Serra,24/7
rec7OOnwdoJ08dGfg,Heavenly Market IV - 1760 3rd Ave,"1760 3rd Ave, New York, NY 10029",Mighty Grilled Cheese,New York,NY,Our Otter,Active,Active,Active,23367132,7bc944c2-63bd-5787-9f8c-25d654e331e9,3310266,lara yao,Chris Garner,Janice Mauricio,Vhic Bert Serra,24/7
rec9dhDNTGFox9i5w,Heavenly Market IV - 1760 3rd Ave,"1760 3rd Ave, New York, NY 10029",Healthy Salad Bar,New York,NY,Our Otter,Active,Discontinued by UE,Active,1619091,a980b940-6140-4fe4-9024-eb854288f8ca,2741201,lara yao,Chris Garner,Janice Mauricio,Vhic Bert Serra,24/7
recbUcKv2A8c5jt5q,Heavenly Market IV - 1760 3rd Ave,"1760 3rd Ave, New York, NY 10029",Holy Grail Omelettes,New York,NY,Our Otter,Active,Active,Active,32974745,66b03fe1-e97d-5e42-b4fa-aac69a00121c,9819640,lara yao,Chris Garner,Janice Mauricio,Vhic Bert Serra,Open 24HRS
reciWkZrdzeaH2BQJ,Heavenly Market IV - 1760 3rd Ave,"1760 3rd Ave, New York, NY 10029",Golden Bear Sandwiches,New York,NY,Our Otter,Active,Discontinued - UE Low Sales,Active,1783362,7f694725-8153-4547-9ccf-4aa53bb42ef0,2794276,lara yao,Chris Garner,Janice Mauricio,Vhic Bert Serra,24/7
reciMIU0MPJqklZMk,Heavenly Market IV - 1760 3rd Ave,"1760 3rd Ave, New York, NY 10029",Patricia's Paninis,New York,NY,Our Otter,Active,Discontinued by UE,Active,1518324,84ce4a18-e5cc-47a5-a762-5e79a20cd1c3,2638604,lara yao,Chris Garner,Janice Mauricio,Vhic Bert Serra,24/7
reci6ofpK0b4IsNxp,Heavenly Market IV - 1760 3rd Ave,"1760 3rd Ave, New York, NY 10029",Nancy's Grilled Cheese,New York,NY,Our Otter,Active,Discontinued by UE,Active,1619022,64521e3a-eb27-426f-a994-f2d2f1a8fa7a,2741308,lara yao,Chris Garner,Janice Mauricio,Vhic Bert Serra,24/7
recjOj4mK4aUJ0ZL7,Heavenly Market IV - 1760 3rd Ave,"1760 3rd Ave, New York, NY 10029",Fried Munchies Shack,New York,NY,Our Otter,Active,Discontinued - UE Low Sales,Active,23268670,bd0754df-6168-516c-a6ec-a06e4d5a6fe4,3310146,lara yao,Chris Garner,Janice Mauricio,Vhic Bert Serra,24/7
reczzKn3pSAgGZzv5,Heavenly Market IV - 1760 3rd Ave,"1760 3rd Ave, New York, NY 10029",The Minister Wraps,New York,NY,Our Otter,Active,Discontinued - UE Low Sales,Active,1785496,5dfa937f-0ae7-458d-8deb-988f27b9987a,2794275,lara yao,Chris Garner,Janice Mauricio,Vhic Bert Serra,24/7
recAX8q9oh0naqqyf,Heavenly Market IV - 1760 3rd Ave,"1760 3rd Ave, New York, NY 10029",Sarah's Breakfast Bar,New York,NY,Our Otter,DoorDash - Discontinued,Discontinued - UE Low Sales,Active,1611979,d71c72a9-e8bb-429d-a1ff-3a13fd0b4e34,2741495,lara yao,Chris Garner,Janice Mauricio,Vhic Bert Serra,24/7
recI20iBg143f8Dqj,Heavenly Market IV - 1760 3rd Ave,"1760 3rd Ave, New York, NY 10029",Frank's French Toast,New York,NY,Our Otter,DoorDash - Discontinued,Discontinued - UE Low Sales,Active,23367759,8f49fa80-67a6-566a-899b-7f6c8399f6bd,3310349,lara yao,Chris Garner,Janice Mauricio,Vhic Bert Serra,24/7
recM2gZbJ0xrpg2tp,Heavenly Market IV - 1760 3rd Ave,"1760 3rd Ave, New York, NY 10029",Philly Cheesesteak Company,New York,NY,Our Otter,Active,Discontinued by UE,Active,1612008,3e6f0af0-bf68-40d7-a37c-db03055db686,2741113,lara yao,Chris Garner,Janice Mauricio,Vhic Bert Serra,24/7
recStXooAuavtgqL5,Heavenly Market IV - 1760 3rd Ave,"1760 3rd Ave, New York, NY 10029",Penny's Pancakes,New York,NY,Our Otter,Active,Discontinued - UE Low Sales,Grubhub Discontinued - Failed Concept,1497417,db73df8f-56d3-4c0c-b0ca-98566bdf0f13,2634354,lara yao,Chris Garner,Janice Mauricio,Vhic Bert Serra,24/7
recU6nQDcCm17KJ9j,Heavenly Market IV - 1760 3rd Ave,"1760 3rd Ave, New York, NY 10029",Hero Sandwich Shop,New York,NY,Our Otter,DoorDash - Discontinued,Discontinued - UE Low Sales,Active,1619357,300fd952-a116-4405-9448-17943e19f18e,2744794,lara yao,Chris Garner,Janice Mauricio,Vhic Bert Serra,24/7
recp34y259uB4LY4L,Heavenly Market Sullivan Inc - 240 Sullivan St,"240 Sullivan St, New York, NY 10012",The Juice Affair,New York,NY,Our Otter,Active,Discontinued by UE,Grubhub - Brand Discontinued,1834918,6ab4d1e5-3fcd-438e-897a-6d47459adb7b,2847547,Mau Liboon,Chris Garner,Ferlyn Torres,Vhic Bert Serra,24/7
rectFmSu14j2RLGsE,Heavenly Market Sullivan Inc - 240 Sullivan St,"240 Sullivan St, New York, NY 10012",Julia's Juice Shack,New York,NY,Our Otter,Active,Discontinued - UE Low Sales,Active,23280263,4f9bcb8d-cff8-51c1-9d58-697a570b863e,3310336,Mau Liboon,Chris Garner,Ferlyn Torres,Vhic Bert Serra,24/7
recvUDhZVndMvHrdV,Heavenly Market Sullivan Inc - 240 Sullivan St,"240 Sullivan St, New York, NY 10012",Antonio's Quesadilla Shack,New York,NY,Our Otter,Active,Discontinued by UE,Active,1833053,7d770825-57d9-401a-a56f-d549ff174ce6,2848139,Mau Liboon,Chris Garner,Ferlyn Torres,Vhic Bert Serra,24/7
rec1OIGVSXD18HBBy,Heavenly Market Sullivan Inc - 240 Sullivan St,"240 Sullivan St, New York, NY 10012",The Bagel Savage,New York,NY,Our Otter,DoorDash - Discontinued,Discontinued - UE Low Sales,Active,1835652,1ae979c1-fb29-4a32-ad7b-0291fea1ff3d,2847334,Mau Liboon,Chris Garner,Ferlyn Torres,Vhic Bert Serra,24/7
rec31p7MszngHyUM1,Heavenly Market Sullivan Inc - 240 Sullivan St,"240 Sullivan St, New York, NY 10012",The Burger Blade,New York,NY,Our Otter,DoorDash - Discontinued,Discontinued - UE Low Sales,Active,1835860,3c4adb75-27f3-437e-8939-2d2470822cff,2848035,Mau Liboon,Chris Garner,Ferlyn Torres,Vhic Bert Serra,24/7
rec3jwMk7acen0cL6,Heavenly Market Sullivan Inc - 240 Sullivan St,"240 Sullivan St, New York, NY 10012",Chicken Salad Bar,New York,NY,Our Otter,Active,Discontinued - UE Low Sales,Active,23280271,d039fed4-3069-543b-b3be-99572fd75980,3310335,Mau Liboon,Chris Garner,Ferlyn Torres,Vhic Bert Serra,24/7
recbKZjIlMnZrlIJD,Heavenly Market Sullivan Inc - 240 Sullivan St,"240 Sullivan St, New York, NY 10012",Alberto's Hero Sandwich Spot,New York,NY,Our Otter,Active,Discontinued - UE Low Sales,Grubhub - Brand Discontinued,1827403,70f4310c-aa1f-435e-8b1e-02b2aa97f680,2847546,Mau Liboon,Chris Garner,Ferlyn Torres,Vhic Bert Serra,24/7
recbNdIeQW5XIVGeE,Heavenly Market Sullivan Inc - 240 Sullivan St,"240 Sullivan St, New York, NY 10012",Wonda's Wrap Cafe,New York,NY,Our Otter,DoorDash - Discontinued,Discontinued - UE Low Sales,Active,1834928,9d12960f-456e-49a0-a90c-f78fc8630e01,2847442,Mau Liboon,Chris Garner,Ferlyn Torres,Vhic Bert Serra,24/7
recdxc0rK2eBmNcZa,Heavenly Market Sullivan Inc - 240 Sullivan St,"240 Sullivan St, New York, NY 10012",The Omelette Farm,New York,NY,Our Otter,Active,Discontinued - UE Low Sales,Active,2273066,0624f439-72e2-46df-9243-eb11ca6ee099,2964952,Mau Liboon,Chris Garner,Ferlyn Torres,Vhic Bert Serra,24/7
recdK2Zmb7KbineB1,Heavenly Market Sullivan Inc - 240 Sullivan St,"240 Sullivan St, New York, NY 10012",Day N Night Pancakes,New York,NY,Our Otter,Active,Discontinued by UE,Active,2269274,b1dcde87-bf25-4a22-9d58-83433ae269c6,2964464,Mau Liboon,Chris Garner,Ferlyn Torres,Vhic Bert Serra,24/7
recgq8Dfkqd0iJD9k,Heavenly Market Sullivan Inc - 240 Sullivan St,"240 Sullivan St, New York, NY 10012",Sunrise Breakfast Club,New York,NY,Our Otter,Active,Discontinued - UE Low Sales,Active,23328728,6e933ed2-0a29-565c-b8d9-20c5166ce7ec,3309880,Mau Liboon,Chris Garner,Ferlyn Torres,Vhic Bert Serra,24/7
recHiy9SEf6K6aBgd,Heavenly Market Sullivan Inc - 240 Sullivan St,"240 Sullivan St, New York, NY 10012",Brenda's Panini Palace,New York,NY,Our Otter,Active,Discontinued - UE Low Sales,Grubhub - Brand Discontinued,1824090,c74dc5fb-02a6-49ba-bf56-4c8d2d18a379,2847733,Mau Liboon,Chris Garner,Ferlyn Torres,Vhic Bert Serra,24/7
recNBBUoebtlitEKK,Heavenly Market Sullivan Inc - 240 Sullivan St,"240 Sullivan St, New York, NY 10012",The Village Smoothie Spot,New York,NY,Our Otter,DoorDash - Discontinued,Discontinued - UE Low Sales,Active,23326393,f69f1cc2-bbce-5d08-89ec-cfa8cf8840b9,3309881,Mau Liboon,Chris Garner,Ferlyn Torres,Vhic Bert Serra,24/7
recPHoFWp2ks6xXQT,Heavenly Market Sullivan Inc - 240 Sullivan St,"240 Sullivan St, New York, NY 10012",Despicable Wraps,New York,NY,Our Otter,DoorDash - Discontinued,Discontinued by UE,Active,23280307,26cc3283-94ab-5265-94ea-cf91fa5313ab,3312208,Mau Liboon,Chris Garner,Ferlyn Torres,Vhic Bert Serra,24/7
recUyJOhZ9RC9H81g,Heavenly Market Sullivan Inc - 240 Sullivan St,"240 Sullivan St, New York, NY 10012",Grilled Cheese Ecstatic,New York,NY,Our Otter,Active,Active,Active,23326403,289c1f2f-61a2-5436-a566-47b079baa663,3309965,Mau Liboon,Chris Garner,Ferlyn Torres,Vhic Bert Serra,24/7
recreL7Fur6RJKTQJ,Hello! Bangladesh Restaurant - 3005 36th Ave,"3005 36th Ave, Queens, NY 11106",The Indian Spice Palace,Queens,NY,Our VGrubs,Active,Active,Grubhub Discontinued - Failed Concept,26000771,ae3c104a-e0ec-505c-90b8-d8eca6202b68,7096976,,Ria Jain,Edlyn Manzano,Jixford L. Polo,Monday-Sunday: 10AM-2AM
recqUgcDNzatdTdLV,Highline deli II - 83 Canal St #6019,"83 Canal St #6019, New York, NY 10002",Brenda's Panini Palace,New York,NY,Our Otter,Temporarily Deactivated,Discontinued - UE Low Sales,Temporarily Deactivated,23549497,71a67548-0c13-570b-be94-827952012e2d,3325090,Jan Ceasar Poblete,Chris Garner,Rachelle Kate Funa,Vhic Bert Serra,24/7
recuQ7pCXkmzS6rts,Highline deli II - 83 Canal St #6019,"83 Canal St #6019, New York, NY 10002",The Sandwich Doctor,New York,NY,Our Otter,Temporarily Deactivated,Discontinued - UE Low Sales,Grubhub Discontinued - Failed Concept,23549534,c06899ff-7350-58c7-850f-9f2ccd64a9b9,3326000,Jan Ceasar Poblete,Chris Garner,Rachelle Kate Funa,Vhic Bert Serra,24/7
recYQmm3nXXhGu44F,Highline deli II - 83 Canal St #6019,"83 Canal St #6019, New York, NY 10002",Pressed On Panini's,New York,NY,Our Otter,DoorDash - Discontinued,Discontinued by UE,Temporarily Deactivated,2557750,0e8c4d91-3ec8-574c-b004-630d4dd23037,3300571,Jan Ceasar Poblete,Chris Garner,Rachelle Kate Funa,Vhic Bert Serra,24/7
rec2TZSm4wkNe7CPa,Highline deli II - 83 Canal St #6019,"83 Canal St #6019, New York, NY 10002",The Dessert Shack,New York,NY,Our Otter,Temporarily Deactivated,Discontinued - UE Low Sales,Temporarily Deactivated,23549559,b7b1565f-d11f-56c3-afc1-6048114c47e1,3325802,Jan Ceasar Poblete,Chris Garner,Rachelle Kate Funa,Vhic Bert Serra,24/7
recdlL67jbbuEYyEJ,Highline deli II - 83 Canal St #6019,"83 Canal St #6019, New York, NY 10002",Bosscat Breakfast,New York,NY,Our Otter,Temporarily Deactivated,Temporarily Deactivated,Grubhub Discontinued - Failed Concept,1608749,8c4fd62a-d196-470e-82a2-bdb815ff4d81,2727955,Jan Ceasar Poblete,Chris Garner,Rachelle Kate Funa,Vhic Bert Serra,24/7
recw8CJVa0TFXylDJ,Highline deli II - 83 Canal St #6019,"83 Canal St #6019, New York, NY 10002",Coffee Crema Snob,New York,NY,Our Otter,Temporarily Deactivated,Discontinued - UE Low Sales,Temporarily Deactivated,2566101,ecc9518f-74da-56a5-b2ce-47425a5a81b6,3300570,Jan Ceasar Poblete,Chris Garner,Rachelle Kate Funa,Vhic Bert Serra,24/7
recxn9FHJOcfXSgE5,Highline deli II - 83 Canal St #6019,"83 Canal St #6019, New York, NY 10002",Sunny's Sandwich Bistro,New York,NY,Our Otter,DoorDash - Discontinued,Discontinued - UE Low Sales,Temporarily Deactivated,2548338,65f6d8b5-d0f9-508e-aa22-a0d096e8eacf,3300666,Jan Ceasar Poblete,Chris Garner,Rachelle Kate Funa,Vhic Bert Serra,24/7
recOTMrU6JGtGKDwZ,Highline deli II - 83 Canal St #6019,"83 Canal St #6019, New York, NY 10002",Golden Bear Sandwiches,New York,NY,Our Otter,Temporarily Deactivated,Discontinued by UE,Temporarily Deactivated,23558050,2ccc9888-4093-5e26-8d56-16b26c726800,3325801,Jan Ceasar Poblete,Chris Garner,Rachelle Kate Funa,Vhic Bert Serra,24/7
recO9zKINjy2yYliu,Highline deli II - 83 Canal St #6019,"83 Canal St #6019, New York, NY 10002",The Gourmet Burger,New York,NY,Our Otter,DoorDash - Discontinued,Discontinued - UE Low Sales,Temporarily Deactivated,2548428,8a4d13de-9a33-5821-9ca6-1135984273a5,3301166,Jan Ceasar Poblete,Chris Garner,Rachelle Kate Funa,Vhic Bert Serra,24/7
recSYXQG8BqVXFwPn,Highline deli II - 83 Canal St #6019,"83 Canal St #6019, New York, NY 10002",Despicable Wraps,New York,NY,Our Otter,Temporarily Deactivated,Discontinued - UE Low Sales,Temporarily Deactivated,2548391,7a50bdc6-d4b3-5afb-8707-4deae6a8b264,3300782,Jan Ceasar Poblete,Chris Garner,Rachelle Kate Funa,Vhic Bert Serra,24/7
recqQK4j93VU6Ut7k,Hudson Food Market - 2909A Queens Plaza North,"2909A Queens Plaza North, Long Island City, NY 11101",Mia's Quesadillas,Long Island City,NY,Our Cuboh,Active,Discontinued - UE Low Sales,Active,2359023,0017fccf-01c4-5ee1-8d73-00d1fe25525b,3007005,lara yao,Chris Garner,Eve Paraiso,Jixford L. Polo,24/7
recsnL1ONRpUQHM4H,Hudson Food Market - 2909A Queens Plaza North,"2909A Queens Plaza North, Long Island City, NY 11101",Hill Top Sandwich,Long Island City,NY,Our Cuboh,DoorDash - Discontinued,Discontinued by UE,Active,2358952,76d19117-0e2f-5aba-94c3-3a1d88fda7fa,3006814,lara yao,Chris Garner,Eve Paraiso,Jixford L. Polo,24/7
recvSz1It00qwpe2j,Hudson Food Market - 2909A Queens Plaza North,"2909A Queens Plaza North, Long Island City, NY 11101",Luca's Chicken Wings,Long Island City,NY,Our Cuboh,DoorDash - Discontinued,Active,Active,24934851,7bec60c1-016a-5a54-9b13-31ae7384e038,6157016,lara yao,Chris Garner,Eve Paraiso,Jixford L. Polo,24/7
rec1IqNktHtYNMBu6,Hudson Food Market - 2909A Queens Plaza North,"2909A Queens Plaza North, Long Island City, NY 11101",Crack N Omelette,Long Island City,NY,Our Cuboh,DoorDash - Discontinued,Discontinued by UE,Active,2358423,,3007004,lara yao,Chris Garner,Eve Paraiso,Jixford L. Polo,24/7
rec9RanngVzWk5oYl,Hudson Food Market - 2909A Queens Plaza North,"2909A Queens Plaza North, Long Island City, NY 11101",Finish Line Burgers,Long Island City,NY,Our Cuboh,DoorDash - Discontinued,Discontinued by UE,Active,2358672,fee15b28-0f82-5673-9451-5d79bbcae798,3006815,lara yao,Chris Garner,Eve Paraiso,Jixford L. Polo,24/7
reca7zEmNuUxkWJyk,Hudson Food Market - 2909A Queens Plaza North,"2909A Queens Plaza North, Long Island City, NY 11101",The American Cheesesteaks,Long Island City,NY,Our Cuboh,DoorDash - Discontinued,Discontinued - UE Low Sales,Active,2358549,f2fb802b-92f6-50b9-8152-024627de331d,3006703,lara yao,Chris Garner,Eve Paraiso,Jixford L. Polo,24/7
recajY9Vuc3UehAzn,Hudson Food Market - 2909A Queens Plaza North,"2909A Queens Plaza North, Long Island City, NY 11101",High Life Coffee Shop,Long Island City,NY,Our Cuboh,DoorDash - Discontinued,Discontinued - UE Low Sales,Active,2358916,f661cc66-feaa-5d74-9d99-6ffc83ac922c,3004663,lara yao,Chris Garner,Eve Paraiso,Jixford L. Polo,24/7
recfoceOsEiqvvXyC,Hudson Food Market - 2909A Queens Plaza North,"2909A Queens Plaza North, Long Island City, NY 11101",The Montage Vegetarian,Long Island City,NY,Our Cuboh,DoorDash - Discontinued,Discontinued - UE Low Sales,Active,2358731,94e97cd5-1780-5df0-9c69-f3ac0361a408,3007006,lara yao,Chris Garner,Eve Paraiso,Jixford L. Polo,24/7
reckO8Ks8zzp2TSyS,Hudson Food Market - 2909A Queens Plaza North,"2909A Queens Plaza North, Long Island City, NY 11101",Sip On Smoothie,Long Island City,NY,Our Cuboh,Active,Discontinued - UE Low Sales,Active,2361507,38e7c504-3971-5146-a396-7e2c61de55f2,3006549,lara yao,Chris Garner,Eve Paraiso,Jixford L. Polo,24/7
recwT25L2OWST6pk0,Hudson Food Market - 2909A Queens Plaza North,"2909A Queens Plaza North, Long Island City, NY 11101",Gourmet Omelette Bar,Long Island City,NY,Our Cuboh,Active,Active,Active,32863841,d6086cdc-fcf6-5d3e-a102-f6e1170b4b6d,9843624,lara yao,Chris Garner,Eve Paraiso,Jixford L. Polo,Open 24HRS
reczdOYKLExBCvk6k,Hudson Food Market - 2909A Queens Plaza North,"2909A Queens Plaza North, Long Island City, NY 11101",Toss N' Chop Salad Bar,Long Island City,NY,Our Cuboh,Active,Discontinued by UE,Active,2359110,,3004743,lara yao,Chris Garner,Eve Paraiso,Jixford L. Polo,24/7
recBZPhsTfPcUOI41,Hudson Food Market - 2909A Queens Plaza North,"2909A Queens Plaza North, Long Island City, NY 11101",Big E's Wraps,Long Island City,NY,Our Cuboh,DoorDash - Discontinued,Discontinued - UE Low Sales,Active,2358074,eb46ba8a-cb95-50f5-b2d8-b19851b46e14,3006704,lara yao,Chris Garner,Eve Paraiso,Jixford L. Polo,24/7
recHRfSIOMXpNtecD,Hudson Food Market - 2909A Queens Plaza North,"2909A Queens Plaza North, Long Island City, NY 11101",Amore Pasta Ristorante,Long Island City,NY,Our Cuboh,Active,Active,Active,32863770,9bf8091e-7422-5c23-a42a-d4c59a767272,9843632,lara yao,Chris Garner,Eve Paraiso,Jixford L. Polo,Open 24HRS
recJC1gVyt8LiqHDU,Hudson Food Market - 2909A Queens Plaza North,"2909A Queens Plaza North, Long Island City, NY 11101",The Pasta Co.,Long Island City,NY,Our Cuboh,DoorDash - Discontinued,Discontinued - UE Low Sales,Active,2358758,d89c5453-30f5-5b1f-841f-7d79f45f9929,3006904,lara yao,Chris Garner,Eve Paraiso,Jixford L. Polo,24/7
recVG5HRpvohFujkk,Hudson Food Market - 2909A Queens Plaza North,"2909A Queens Plaza North, Long Island City, NY 11101",Big Belly Paninis,Long Island City,NY,Our Cuboh,Active,Discontinued - UE Low Sales,Grubhub Discontinued - Failed Concept,2358047,c8e8af94-e020-5260-9fe6-ff21e7f662b0,3004665,lara yao,Chris Garner,Eve Paraiso,Jixford L. Polo,24/7
recq3odq72FIZAfO8,Hudson Market Place - 755 9th Ave,"755 9th Ave, New York, NY 10019",Philly Cheesesteak Artists,New York,NY,Our Otter,Active,Discontinued by UE,Active,1667941,57f18b6b-a240-42ad-850b-835970a5a15f,2727983,,Chris Garner,Edlyn Manzano,Leix Anthony Almeda,24/7
rec2YgeIXphhwPhOu,Hudson Market Place - 755 9th Ave,"755 9th Ave, New York, NY 10019",The Juice Empire,New York,NY,Our Otter,Active,Discontinued - UE Low Sales,Active,23060304,5bb98f32-0fe2-5258-8a5a-3bb2039b5e4a,3310203,,Chris Garner,Edlyn Manzano,Leix Anthony Almeda,24/7
receJIF5Xb4I2N9VE,Hudson Market Place - 755 9th Ave,"755 9th Ave, New York, NY 10019",Pardon My Panini,New York,NY,Our Otter,DoorDash - Discontinued,Discontinued by UE,Active,1667996,d2173e58-a762-42a1-be34-8bc447749cb4,2729147,,Chris Garner,Edlyn Manzano,Leix Anthony Almeda,24/7
recg0IgUVasSvZ8tw,Hudson Market Place - 755 9th Ave,"755 9th Ave, New York, NY 10019",Smoothie And Dessert Bar,New York,NY,Our Otter,Active,Active,Active,1518347,c2071e86-d394-4d03-93f7-24a837c90507,2642274,,Chris Garner,Edlyn Manzano,Leix Anthony Almeda,24/7
reciljKEQyi3ZEFjx,Hudson Market Place - 755 9th Ave,"755 9th Ave, New York, NY 10019",The Burger Blade,New York,NY,Our Otter,Active,Active,Active,1518350,836679b4-aa97-434f-bfe0-2348679cbb80,2643384,,Chris Garner,Edlyn Manzano,Leix Anthony Almeda,24/7
recjNWPkbgxuoguT6,Hudson Market Place - 755 9th Ave,"755 9th Ave, New York, NY 10019",The Salad Prince,New York,NY,Our Otter,DoorDash - Discontinued,Discontinued - UE Low Sales,Active,23058945,d6be817c-303c-5243-8f39-e18fceb04521,3309928,,Chris Garner,Edlyn Manzano,Leix Anthony Almeda,24/7
recwor35tVYt1SfVn,Hudson Market Place - 755 9th Ave,"755 9th Ave, New York, NY 10019",Grilled Cheese Ecstatic,New York,NY,Our Otter,Active,Discontinued - UE Low Sales,Active,23060370,85bb2c03-ddca-547c-ab1e-3f0a30c961b0,3309654,,Chris Garner,Edlyn Manzano,Leix Anthony Almeda,24/7
recxsRnzJO0XTjqXS,Hudson Market Place - 755 9th Ave,"755 9th Ave, New York, NY 10019",Local Breakfast Spot,New York,NY,Our Otter,Active,Active,Active,1518316,490e68c6-122a-4e05-9b46-5b62c3196374,2644602,,Chris Garner,Edlyn Manzano,Leix Anthony Almeda,24/7
recEYZkuao2Pr5S8c,Hudson Market Place - 755 9th Ave,"755 9th Ave, New York, NY 10019",Halal Lamb Gyro Spot,New York,NY,Our Otter,DoorDash - Discontinued,Discontinued by UE,Active,1665929,795d92c6-502b-4d0b-adef-5434c84bdc74,2729151,,Chris Garner,Edlyn Manzano,Leix Anthony Almeda,24/7
recFdcylfzCATm9cw,Hudson Market Place - 755 9th Ave,"755 9th Ave, New York, NY 10019",Mufasa's Pancakes & French Toast,New York,NY,Our Otter,Active,Discontinued by UE,Active,23059102,c1a9a99c-5c73-533c-a37e-f8cae532fdb0,3310395,,Chris Garner,Edlyn Manzano,Leix Anthony Almeda,24/7
recqWxcWLnnMOewdg,I Heart Pancakes - 3001 S Bristol St,"3001 S Bristol St, Santa Ana, CA 92704",Sweet Crepe Delights,Santa Ana,CA,Our Otter,Active,Discontinued - UE Low Sales,Grubhub - Brand Discontinued,24438079,e95119a2-c27b-5c35-b9b7-9728fe70b9dc,5146720,,Ria Jain,Edlyn Manzano,Jixford L. Polo,"Monday-Thursday: 7AM-2PM, Friday-Sunday: 7AM-3PM"
rec8x9XLY0xEeQX9F,I Heart Pancakes - 3001 S Bristol St,"3001 S Bristol St, Santa Ana, CA 92704",Crack N Omelette,Santa Ana,CA,Our Otter,Active,Discontinued - UE Low Sales,Active,24438076,b28815f7-81c3-5ce9-aeb9-5ee40c8d4a7e,5151576,,Ria Jain,Edlyn Manzano,Jixford L. Polo,"Monday-Thursday: 7AM-2PM, Friday-Sunday: 7AM-3PM"
recAjHmodFh9v2hF4,I Heart Pancakes - 3001 S Bristol St,"3001 S Bristol St, Santa Ana, CA 92704",The French Toast Flip,Santa Ana,CA,Our Otter,Active,Discontinued - UE Low Sales,Grubhub - Brand Discontinued,24438078,c7c40c99-f150-596a-9772-cddbb5a3bc2d,5149936,,Ria Jain,Edlyn Manzano,Jixford L. Polo,"Monday-Thursday: 7AM-2PM, Friday-Sunday: 7AM-3PM"
recLxJd8JnQo2Okk3,I Heart Pancakes - 3001 S Bristol St,"3001 S Bristol St, Santa Ana, CA 92704",Mary's Pancake House,Santa Ana,CA,Our Otter,Active,Discontinued - UE Low Sales,Active,24438074,2cd6c9ac-5b5d-59b0-a673-e4f65028bc21,5148440,,Ria Jain,Edlyn Manzano,Jixford L. Polo,"TODC Monday-Thursday: 7AM-1:30PM, Friday-Sunday: 7AM-2:30PM"
recojceraxk3topj7,iKraveit Foods - 34-02 30th St,"34-02 30th St, Astoria, NY 11106",Big Ease Smoothies,Astoria,NY,Their Otter,Active,Discontinued - UE Low Sales,Active,2487028,70564389-237a-541d-ba25-b09e2ae3ceb5,3300657,Mau Liboon,Chris Garner,Eve Paraiso,Jixford L. Polo,TODC: Monday - Saturday 7 AM - 3:30 AM | Sunday 7 AM - 8:30 PM
recopRO8Dvgxwi5Cz,iKraveit Foods - 34-02 30th St,"34-02 30th St, Astoria, NY 11106",Viva Vegan Sandwiches,Astoria,NY,Their Otter,Active,Discontinued - UE Low Sales,Active,2477395,68583001-42ea-585b-be24-0f94f401165e,3301264,Mau Liboon,Chris Garner,Eve Paraiso,Jixford L. Polo,TODC: Monday - Saturday 7 AM - 3:30 AM | Sunday 7 AM - 8:30 PM
recWXcRZM0Snsxn1e,iKraveit Foods - 34-02 30th St,"34-02 30th St, Astoria, NY 11106",Sarah's Salad Bar,Astoria,NY,Their Otter,DoorDash - Discontinued,Discontinued - UE Low Sales,Active,23556887,285d3261-4c3a-516c-ae11-fb5233657094,7102576,Mau Liboon,Chris Garner,Eve Paraiso,Jixford L. Polo,TODC: Monday - Saturday 7 AM - 3:30 AM | Sunday 7 AM - 8:30 PM
recZutToRGZQGpsaZ,iKraveit Foods - 34-02 30th St,"34-02 30th St, Astoria, NY 11106",Breakfast Sandwich Express,Astoria,NY,Their Otter,Active,Discontinued - UE Low Sales,Active,2487370,aeeec74c-0e98-5c7c-84eb-362f1f59d657,3300957,Mau Liboon,Chris Garner,Eve Paraiso,Jixford L. Polo,TODC: Monday - Saturday 7 AM - 3:30 AM | Sunday 7 AM - 8:30 PM
rec1ccdGm2lMAt6S4,iKraveit Foods - 34-02 30th St,"34-02 30th St, Astoria, NY 11106",NY Dessert Bar,Astoria,NY,Their Otter,Active,Discontinued by UE,Active,23556864,65e615bd-ec7d-5a86-9612-d3b7725c43e6,3326032,Mau Liboon,Chris Garner,Eve Paraiso,Jixford L. Polo,TODC: Monday - Saturday 7 AM - 3:30 AM | Sunday 7 AM - 8:30 PM
rec2A1838ymQNfJ7X,iKraveit Foods - 34-02 30th St,"34-02 30th St, Astoria, NY 11106",Dangerous Ice Cream,Astoria,NY,Their Otter,Active,Discontinued - UE Low Sales,Active,24227750,2159bf25-58c4-5be5-b3c1-de3068faafef,4831776,Mau Liboon,Chris Garner,Eve Paraiso,Jixford L. Polo,TODC: Monday - Saturday 7 AM - 3:30 AM | Sunday 7 AM - 8:30 PM
rec4CDhfjrOe8BUx9,iKraveit Foods - 34-02 30th St,"34-02 30th St, Astoria, NY 11106",Pardon My Panini,Astoria,NY,Their Otter,Active,Active,Active,33506133,a981fa01-8327-5b39-a746-b89d51483cb2,9822624,Mau Liboon,Chris Garner,Eve Paraiso,Jixford L. Polo,TODC: Monday - Saturday 7 AM - 3:30 AM | Sunday 7 AM - 8:30 PM
rec6B82sTDrc2rHyj,iKraveit Foods - 34-02 30th St,"34-02 30th St, Astoria, NY 11106",Lovin' Vegan Desserts,Astoria,NY,Their Otter,DoorDash - Discontinued,Discontinued - UE Low Sales,Active,24227749,6c2ea121-9614-52f0-b4d2-35871561818c,4831784,Mau Liboon,Chris Garner,Eve Paraiso,Jixford L. Polo,TODC: Monday - Saturday 7 AM - 3:30 AM | Sunday 7 AM - 8:30 PM
recbYmUuIf1yEQIMR,iKraveit Foods - 34-02 30th St,"34-02 30th St, Astoria, NY 11106",The Acai Dream,Astoria,NY,Their Otter,Active,Active,Grubhub Discontinued - Failed Concept,27833963,4e4461fd-e23a-5c2e-a4b3-4bfcdb1c0e0d,8566048,Mau Liboon,Chris Garner,Eve Paraiso,Jixford L. Polo,TODC: Monday - Saturday 7 AM - 3:30 AM | Sunday 7 AM - 8:30 PM
recH4HCqByf6cXtSJ,iKraveit Foods - 34-02 30th St,"34-02 30th St, Astoria, NY 11106",Bagel Dynasty,Astoria,NY,Their Otter,Active,Discontinued by UE,Active,23556771,efd489ae-a51b-5dde-8d8d-add937f76d5c,3325823,Mau Liboon,Chris Garner,Eve Paraiso,Jixford L. Polo,TODC: Monday - Saturday 7 AM - 3:30 AM | Sunday 7 AM - 8:30 PM
recNbrXkNwpuElfD0,iKraveit Foods - 34-02 30th St,"34-02 30th St, Astoria, NY 11106",Farmer's Village Breakfast,Astoria,NY,Their Otter,Active,Active,Not Onboarded by GH,24637114,fc3519cd-068d-590b-9d01-e0d12978f8b6,,Mau Liboon,Chris Garner,Eve Paraiso,Jixford L. Polo,TODC: Monday - Saturday 7 AM - 3:30 AM | Sunday 7 AM - 8:30 PM
recOsNXzgSnoQljUO,iKraveit Foods - 34-02 30th St,"34-02 30th St, Astoria, NY 11106",Papa's Panini,Astoria,NY,Their Otter,Active,Discontinued - UE Low Sales,Active,2479531,383d40ef-3b9f-5d36-9377-099325961e89,3300658,Mau Liboon,Chris Garner,Eve Paraiso,Jixford L. Polo,TODC: Monday - Saturday 7 AM - 3:30 AM | Sunday 7 AM - 8:30 PM
recTgiV3aj4QMAdlS,iKraveit Foods - 34-02 30th St,"34-02 30th St, Astoria, NY 11106",Jewel's Breakfast Joint,Astoria,NY,Their Otter,DoorDash - Discontinued,Discontinued by UE,Active,23556850,3f752184-cb8a-5175-9aa0-3a344675804f,3326210,Mau Liboon,Chris Garner,Eve Paraiso,Jixford L. Polo,TODC: Monday - Saturday 7 AM - 3:30 AM | Sunday 7 AM - 8:30 PM
recVdrVZsEJ9YJoWY,iKraveit Foods - 34-02 30th St,"34-02 30th St, Astoria, NY 11106",Sin City Burger Spot,Astoria,NY,Their Otter,DoorDash - Discontinued,Discontinued - UE Low Sales,Active,2479761,88ef330a-8f61-55ac-be9a-f81afce30ddc,3300958,Mau Liboon,Chris Garner,Eve Paraiso,Jixford L. Polo,TODC: Monday - Saturday 7 AM - 3:30 AM | Sunday 7 AM - 8:30 PM
rec89CtUShDBnfZsv,Illiano's Real Italian Pizzeria - 709 Broad Street Ext,"709 Broad Street Ext, Waterford, CT 06385",The Salad Prince,Waterford,CT,Their Otter,DoorDash - Discontinued,Discontinued - UE Low Sales,Active,2705824,8d43ce67-81be-5912-82c6-cbe51437fb61,3310894,,Ria Jain,Edlyn Manzano,Jixford L. Polo,
recbb4E7aNJtHVgfc,Illiano's Real Italian Pizzeria - 709 Broad Street Ext,"709 Broad Street Ext, Waterford, CT 06385",Salvatore's Sicilian Pizza,Waterford,CT,Their Otter,DoorDash - Discontinued,Discontinued - UE Low Sales,Active,2705704,554fbf84-6bf1-519e-b55b-4f21eafc70e8,3310503,,Ria Jain,Edlyn Manzano,Jixford L. Polo,
recR3XHdpJPSKedyJ,Illiano's Real Italian Pizzeria - 709 Broad Street Ext,"709 Broad Street Ext, Waterford, CT 06385",The Calzone Empire,Waterford,CT,Their Otter,Active,Discontinued - UE Low Sales,Active,2705628,eb0f1445-a350-5d64-9ace-24f4aceaa981,3310504,,Ria Jain,Edlyn Manzano,Jixford L. Polo,
recLPnuoHMz7xO3nG,Italian Village Pizza - 5532 W Saginaw Hwy,"5532 W Saginaw Hwy, Lansing, MI 48917",Jim's House of Hoagies,Lansing,MI,Their Otter,DoorDash - Discontinued,Discontinued by UE,Temporarily Deactivated,25129911,76976cd6-62ac-558f-b7d4-617cf5ccb5ab,6891008,Jan Ceasar Poblete,Ria Jain,Edlyn Manzano,Jixford L. Polo,
recQXoLkhc7vb7cAb,Italian Village Pizza - 5532 W Saginaw Hwy,"5532 W Saginaw Hwy, Lansing, MI 48917",Charlie's Calzone Co,Lansing,MI,Their Otter,Temporarily Deactivated,Discontinued by UE,Temporarily Deactivated,25130224,7ed17d50-717d-5139-ae53-6e627b36a2e5,6893696,Jan Ceasar Poblete,Ria Jain,Edlyn Manzano,Jixford L. Polo,
recuVXClcg6mxjf1W,Prince Grill & Juice Bar - 38-01 Vernon Boulevard,"38-01 Vernon Boulevard, Long Island City, NY 11101",Brenda's Panini Palace,Long Island City,NY,Our Otter,DoorDash - Discontinued,Active,Active,24770463,200e6b57-d93c-5331-9930-cf74b438f3fd,5853328,lara yao,Chris Garner,Rachelle Kate Funa,Jixford L. Polo,
rec7XS2EkKAiimTtM,Prince Grill & Juice Bar - 38-01 Vernon Boulevard,"38-01 Vernon Boulevard, Long Island City, NY 11101",Martha's Pancake Bar,Long Island City,NY,Our Otter,Active,Active,Active,35639462,8b8c373e-1432-51e1-b6a5-eae4e66b8de1,9817944,lara yao,Chris Garner,Rachelle Kate Funa,Jixford L. Polo,
recz5L97IFZ3IJVEq,Prince Grill & Juice Bar - 38-01 Vernon Boulevard,"38-01 Vernon Boulevard, Long Island City, NY 11101",Penny's Pancakes,Long Island City,NY,Our Otter,DoorDash - Discontinued,Active,Active,24770543,bf731c1d-33d1-53d6-ad54-e3ed0ee4890b,5850184,lara yao,Chris Garner,Rachelle Kate Funa,Jixford L. Polo,
recKiBhaQRccSyZlN,Prince Grill & Juice Bar - 38-01 Vernon Boulevard,"38-01 Vernon Boulevard, Long Island City, NY 11101",Cameron's Breakfast Cafe,Long Island City,NY,Our Otter,Active,Active,Active,24770396,f883fe50-68e9-5dec-a592-08c78637bdf8,5853312,lara yao,Chris Garner,Rachelle Kate Funa,Jixford L. Polo,
recYOsmvyDKTthw90,Jonny's Place - 370 Main St,"370 Main St, East orange, NJ 07018",Jewel's Breakfast Joint,East orange,NJ,Our Otter,DoorDash - Discontinued,Active,Active,25601715,d376d0fe-111a-57b7-9f7b-8b0a7a71fb64,7099080,Tana Jean Frances Liboon,Chris Garner,Janice Mauricio,Maria Mellanie S. Lapira,⏰Monday - Wednesday	6:00 AM–9:15 PM; Thursday - Saturday	6:00 AM–11:15 PM; Sunday	8:00  AM–5:30 PM; Todc hrs
recebJQfWVRoyh9Ln,Jonny's Place - 370 Main St,"370 Main St, East orange, NJ 07018",Fry Bird Sandwiches,East orange,NJ,Our Otter,Active,Active,Active,31313869,1dfe6e38-ef09-5b8e-8890-3792a7c2e415,9820968,Tana Jean Frances Liboon,Chris Garner,Janice Mauricio,Maria Mellanie S. Lapira,⏰Monday - Wednesday	6:00 AM–9:00 PM; Thursday - Saturday	6:00 AM–11:00 PM; Sunday	8:00  AM–5:00 PM; Todc hrs
recl6IhXp525eP8R1,Jonny's Place - 370 Main St,"370 Main St, East orange, NJ 07018",Burritos to Bowls,East orange,NJ,Our Otter,DoorDash - Discontinued,Active,Active,25600781,2bc3e9d4-79d5-5539-80f6-4e70ab6c4224,7097240,Tana Jean Frances Liboon,Chris Garner,Janice Mauricio,Maria Mellanie S. Lapira,⏰Monday - Wednesday	6:00 AM–9:15 PM; Thursday - Saturday	6:00 AM–11:15 PM; Sunday	8:00  AM–5:30 PM; Todc hrs
recE2vTzAtbHiZ6I7,Jonny's Place - 370 Main St,"370 Main St, East orange, NJ 07018",FirstBite Breakfast Sandwiches,East orange,NJ,Our Otter,Active,Active,Active,31314269,25f4ceb6-d6ba-56df-8961-6a8c9051442f,9820960,Tana Jean Frances Liboon,Chris Garner,Janice Mauricio,Maria Mellanie S. Lapira,⏰Monday - Wednesday	6:00 AM–9:00 PM; Thursday - Saturday	6:00 AM–11:00 PM; Sunday	8:00  AM–5:00 PM; Todc hrs
recOn29975vZTAYyy,Jonny's Place - 370 Main St,"370 Main St, East orange, NJ 07018",Addictive Burger Bar,East orange,NJ,Our Otter,Active - Onboarding In Process,Active,Active,37565941,6a65b1e6-1f7c-5bbe-8691-89da4f9b4f0a,9824080,Tana Jean Frances Liboon,Chris Garner,Janice Mauricio,Maria Mellanie S. Lapira,⏰Monday - Wednesday	6:00 AM–9:00 PM; Thursday - Saturday	6:00 AM–11:00 PM; Sunday	8:00  AM–5:00 PM; Todc hrs
recneWAv9EQ4rJHJy,Karmale Cafe - 5701 Executive Center Dr,"5701 Executive Center Dr, Charlotte, NC 28212",City Light Wraps,Charlotte,NC,Their Otter,Active,Active,Active,26292131,09dd94fe-5c9d-594a-936a-47b31d2dc3fb,7753832,,Chris Garner,Edlyn Manzano,Jixford L. Polo,"Monday-Friday: 8AM-2:30PM, Saturday-Sunday: Closed"
recrMH2YRamO5Xw8U,Karmale Cafe - 5701 Executive Center Dr,"5701 Executive Center Dr, Charlotte, NC 28212",Nomad's Bagels,Charlotte,NC,Their Otter,Active,Active,Grubhub Discontinued - Failed Concept,26292154,5350447a-cb2b-5b8f-a9da-6213416c9f79,7749160,,Chris Garner,Edlyn Manzano,Jixford L. Polo,"Monday-Friday: 8AM-2:30PM, Saturday-Sunday: Closed"
recsSRl7lITJSxSvM,Kennedy Chicken & Burger - 3955 Bronxwood Ave,"3955 Bronxwood Ave, Bronx, NY 10466",Blake's Bubblin' Mac,Bronx,NY,Their Otter,Active,Active,Active,32923077,d0e74835-74fc-5f21-9fde-e3d7c5ed45da,10065544,lara yao,Ria Jain,Ferlyn Torres,Leix Anthony Almeda,Monday-Sunday: 11am-11:45pm
rec1m3A00YqmoNbGH,Kennedy Chicken & Burger - 3955 Bronxwood Ave,"3955 Bronxwood Ave, Bronx, NY 10466",Mason's Burger Bar,Bronx,NY,Their Otter,DoorDash - Discontinued,Active,Active,24872328,15383ff3-0f83-54a4-98b3-fac765b385b1,6156384,lara yao,Ria Jain,Ferlyn Torres,Leix Anthony Almeda,Monday-Sunday: 11am-11:45pm
recyZJuqPjfmJCFdb,Kennedy Chicken & Burger - 3955 Bronxwood Ave,"3955 Bronxwood Ave, Bronx, NY 10466",Mac N' Cheez Hut,Bronx,NY,Their Otter,DoorDash - Discontinued,Active,Active,24872368,02fc913e-4bdc-5c46-a95a-c2ea10a44034,6154632,lara yao,Ria Jain,Ferlyn Torres,Leix Anthony Almeda,Monday-Sunday: 11am-11:45pm
recaIbRbrsuAagidv,Kenny's Ribs & Chicken - 1746 W 127th St,"1746 W 127th St, Calumet Park, IL 60827",Country Southern Diner,Calumet Park,IL,Referral: Their Otter,DoorDash - Discontinued,Discontinued - UE Low Sales,Active,24556416,55733c88-865a-5b7f-9627-104c09c2df2e,5326424,,Ria Jain,Edlyn Manzano,Vhic Bert Serra,"Monday-Thursday: 11AM-9PM, Friday-Saturday: 11AM-11PM, Sunday: 12:00 PM - 10:00 PM"
rec1kIaofaKOZoo6o,La Strada Pizza and Pasta - 278 N Brewster Rd,"278 N Brewster Rd, Brewster, NY 10509",Nico's Italian Ristorante,Brewster,NY,Their Otter,DoorDash - Discontinued,Active,Active,24931335,593f82b9-8904-58fd-b1cc-6b82abec36f2,6157024,,Chris Garner,Janice Mauricio,Jixford L. Polo,Monday-Sunday: 11AM-9PM
recbe7FPNZ5DjSSsU,La Strada Pizza and Pasta - 278 N Brewster Rd,"278 N Brewster Rd, Brewster, NY 10509",The Pasta Story,Brewster,NY,Their Otter,DoorDash - Discontinued,Discontinued - UE Low Sales,Active,24099305,ae36ecf8-594f-5b7e-8329-bc3ca08642d3,4511496,,Chris Garner,Janice Mauricio,Jixford L. Polo,Monday-Sunday: 11AM-9PM
recd7AlYUzSATbxPu,La Strada Pizza and Pasta - 278 N Brewster Rd,"278 N Brewster Rd, Brewster, NY 10509",Sandwich On Fleek,Brewster,NY,Their Otter,DoorDash - Discontinued,Active,Active,24934823,b5f801bb-ebd2-5ede-b020-f03a1bf56be6,6156776,,Chris Garner,Janice Mauricio,Jixford L. Polo,Monday-Sunday: 11AM-9PM
reczFdG0m6GNKPUHU,La Strada Pizza and Pasta - 278 N Brewster Rd,"278 N Brewster Rd, Brewster, NY 10509",Marco's Pizza Party,Brewster,NY,Their Otter,DoorDash - Discontinued,Discontinued - UE Low Sales,Active,24099609,baf16057-9772-5808-a28f-df38b0838228,4514544,,Chris Garner,Janice Mauricio,Jixford L. Polo,Monday-Sunday: 11AM-9PM
recLx43CsS604ZSAv,La Strada Pizza and Pasta - 278 N Brewster Rd,"278 N Brewster Rd, Brewster, NY 10509",Fiona's Ultimate Wraps,Brewster,NY,Their Otter,DoorDash - Discontinued,Discontinued - UE Low Sales,Active,24099487,ab866fe1-c3e0-56ee-a0f5-6c0f056881e9,4515984,,Chris Garner,Janice Mauricio,Jixford L. Polo,Monday-Sunday: 11AM-9PM
recNa1QSlHqV2Bmt4,La Strada Pizza and Pasta - 278 N Brewster Rd,"278 N Brewster Rd, Brewster, NY 10509",Quick Bite Munchies,Brewster,NY,Their Otter,Active,Discontinued - UE Low Sales,Active,24099579,5fac167d-3168-5824-871a-a2b63431c14d,4512728,,Chris Garner,Janice Mauricio,Jixford L. Polo,Monday-Sunday: 11AM-9PM
recaLHtyqESLvRYP8,La Taqueria Express - 916 Hempstead Turnpike,"916 Hempstead Turnpike, Franklin Square, NY 11010",Camila's Famous Fajitas,Franklin Square,NY,Their Otter,DoorDash - Discontinued,Active,Active,23557798,ff7accb3-c149-5013-8819-2bbfe14e0278,3346820,Mau Liboon,Chris Garner,Janice Mauricio,Leix Anthony Almeda,
recDfmsbvgMGtxjIq,La Taqueria Express - 916 Hempstead Turnpike,"916 Hempstead Turnpike, Franklin Square, NY 11010",Mexican Tostadas Shack,Franklin Square,NY,Their Otter,DoorDash - Discontinued,Active,Active,23557790,8c32a23b-18e7-5be3-bfd6-f0642f0dec99,3344617,Mau Liboon,Chris Garner,Janice Mauricio,Leix Anthony Almeda,
recIgVAFjw3aOEb0z,La Taqueria Express - 916 Hempstead Turnpike,"916 Hempstead Turnpike, Franklin Square, NY 11010",Crunchy Taco Snob,Franklin Square,NY,Their Otter,DoorDash - Discontinued,Active,Active,23557771,8d141c49-c3dd-5de2-8aa8-b7694e1bfcdf,3344282,Mau Liboon,Chris Garner,Janice Mauricio,Leix Anthony Almeda,
recPTsObxlOCNyG54,La Taqueria Express - 916 Hempstead Turnpike,"916 Hempstead Turnpike, Franklin Square, NY 11010",Casa De Quesadilla,Franklin Square,NY,Their Otter,DoorDash - Discontinued,Active,Active,23557778,bf748817-f3d4-5477-91c2-716395c73804,3344172,Mau Liboon,Chris Garner,Janice Mauricio,Leix Anthony Almeda,
recVzFbB27Tpv8dY2,La Taqueria Express - 916 Hempstead Turnpike,"916 Hempstead Turnpike, Franklin Square, NY 11010",Pedro's Burrito Bar,Franklin Square,NY,Their Otter,DoorDash - Discontinued,Discontinued - UE Low Sales,Active,23557750,3a7410e6-fbe7-539c-a6f6-68a9d2ecaedf,3344171,Mau Liboon,Chris Garner,Janice Mauricio,Leix Anthony Almeda,
recni3Un4wCBeuOcn,Lemon Tree Gourmet Deli - 330 W Broadway,"330 W Broadway, New York, NY 10013",Planet Earth Salad,New York,NY,Our Otter,DoorDash - Discontinued,Discontinued - UE Low Sales,Temporarily Deactivated,2291169,fd84ff48-8b70-4191-9a50-e8a42ff69d50,2964755,lara yao,Chris Garner,Janice Mauricio,Jixford L. Polo,Monday-Sunday: 12AM-12AM
recohXeeeSAM8mRRg,Lemon Tree Gourmet Deli - 330 W Broadway,"330 W Broadway, New York, NY 10013",Mary's Omelette Bar,New York,NY,Our Otter,Active,Discontinued - UE Low Sales,Active,2291104,9b28f2cc-80bb-4eee-8eda-cd9ed62e6969,2964684,lara yao,Chris Garner,Janice Mauricio,Jixford L. Polo,Monday-Sunday: 12AM-12AM
recqCPXArjdaIjlR4,Lemon Tree Gourmet Deli - 330 W Broadway,"330 W Broadway, New York, NY 10013",City Light Wraps,New York,NY,Our Otter,Temporarily Deactivated,Discontinued by UE,Temporarily Deactivated,32923563,6bb65a50-0afb-5aca-aa40-9d8202f20d72,9841960,lara yao,Chris Garner,Janice Mauricio,Jixford L. Polo,24/7
rectYwoYDSLGPWVLd,Lemon Tree Gourmet Deli - 330 W Broadway,"330 W Broadway, New York, NY 10013",Top Notch Sandwiches,New York,NY,Our Otter,Active,Discontinued - UE Low Sales,Grubhub - Brand Discontinued,2291207,9ea39b1c-961b-4f8c-a7b1-ce5e549d6e3e,2964869,lara yao,Chris Garner,Janice Mauricio,Jixford L. Polo,Monday-Sunday: 12AM-12AM
recvjrxl4GeqQODaX,Lemon Tree Gourmet Deli - 330 W Broadway,"330 W Broadway, New York, NY 10013",Grandma's Breakfast Sandwiches,New York,NY,Our Otter,Temporarily Deactivated,Discontinued by UE,Temporarily Deactivated,32927450,3bb23f1c-42dc-5ce2-9859-baf4d0c494f3,9832864,lara yao,Chris Garner,Janice Mauricio,Jixford L. Polo,24/7
recZdodVUjTo2PUpT,Lemon Tree Gourmet Deli - 330 W Broadway,"330 W Broadway, New York, NY 10013",The Pancake Hero,New York,NY,Our Otter,DoorDash - Discontinued,Discontinued - UE Low Sales,Temporarily Deactivated,2291138,26e00dbd-a47d-4a13-b880-0b91a23518cf,2964279,lara yao,Chris Garner,Janice Mauricio,Jixford L. Polo,Monday-Sunday: 12AM-12AM
rec427iubNVfGZ29Q,Lemon Tree Gourmet Deli - 330 W Broadway,"330 W Broadway, New York, NY 10013",Hyde's Grilled Cheese,New York,NY,Our Otter,Active,Discontinued - UE Low Sales,Grubhub Discontinued - Failed Concept,2291215,09f635c6-a3f7-4453-bf2d-40476b8ede6a,2964756,lara yao,Chris Garner,Janice Mauricio,Jixford L. Polo,Monday-Sunday: 12AM-12AM
rec4fNloom1RzszyP,Lemon Tree Gourmet Deli - 330 W Broadway,"330 W Broadway, New York, NY 10013",Big Ease Smoothies,New York,NY,Our Otter,DoorDash - Discontinued,Discontinued - UE Low Sales,Temporarily Deactivated,23065373,335e39a9-c85f-59bf-8584-779a2ba80b5e,3310294,lara yao,Chris Garner,Janice Mauricio,Jixford L. Polo,Monday-Sunday: 12AM-12AM
rec8qLI5w8VRVLeoa,Lemon Tree Gourmet Deli - 330 W Broadway,"330 W Broadway, New York, NY 10013",Queen's Quesadillas,New York,NY,Our Otter,Temporarily Deactivated,Discontinued by UE,Temporarily Deactivated,32986919,ad7e9cf7-0030-5d9b-9549-020d823770c9,9834448,lara yao,Chris Garner,Janice Mauricio,Jixford L. Polo,24/7
rec9LcD6zAywKcbWn,Lemon Tree Gourmet Deli - 330 W Broadway,"330 W Broadway, New York, NY 10013",The Smoothie Squeeze,New York,NY,Our Otter,Temporarily Deactivated,Discontinued - UE Low Sales,Grubhub Discontinued - Failed Concept,2291200,cd4ba9c0-b5f8-4cb1-980f-4ca3e3825714,2964683,lara yao,Chris Garner,Janice Mauricio,Jixford L. Polo,Monday-Sunday: 7 AM - 8 PM
recaHwZQu7WzTPAyM,Lemon Tree Gourmet Deli - 330 W Broadway,"330 W Broadway, New York, NY 10013",Bagel Dynasty,New York,NY,Our Otter,Active,Discontinued by UE,Active,2290794,c527aa51-5d60-47b9-8215-f83e7964e388,2964956,lara yao,Chris Garner,Janice Mauricio,Jixford L. Polo,Monday-Sunday: 12AM-12AM
recc3ju67bqOCgv6h,Lemon Tree Gourmet Deli - 330 W Broadway,"330 W Broadway, New York, NY 10013",Alyssas Dessert Bar,New York,NY,Our Otter,DoorDash - Discontinued,Discontinued - UE Low Sales,Temporarily Deactivated,2291278,c37d0fab-89d1-4f71-abdd-3fcec87bc64c,8567264,lara yao,Chris Garner,Janice Mauricio,Jixford L. Polo,24/7
reclAw5uWcyCZzRcd,Lemon Tree Gourmet Deli - 330 W Broadway,"330 W Broadway, New York, NY 10013",Wraps On Crack,New York,NY,Our Otter,DoorDash - Discontinued,Discontinued by UE,Temporarily Deactivated,23082231,7ae0eed2-8efb-5d4d-b422-83c86c0b445a,3310397,lara yao,Chris Garner,Janice Mauricio,Jixford L. Polo,Monday-Sunday: 12AM-12AM
recx8m8N6oGcFbCfe,Lemon Tree Gourmet Deli - 330 W Broadway,"330 W Broadway, New York, NY 10013",Suzanne's Sub Sandwiches,New York,NY,Our Otter,DoorDash - Discontinued,Discontinued - UE Low Sales,Temporarily Deactivated,2291146,583586fc-5bcd-454b-9eb5-1496a26aa82d,2964389,lara yao,Chris Garner,Janice Mauricio,Jixford L. Polo,Monday-Sunday: 12AM-12AM
recxjjG53ZTu5BZ6d,Lemon Tree Gourmet Deli - 330 W Broadway,"330 W Broadway, New York, NY 10013",Glorious Panini Snob,New York,NY,Our Otter,Temporarily Deactivated,Discontinued - UE Low Sales,Grubhub - Brand Discontinued,24556145,c629b8a8-a04d-5677-8481-636787afe027,5324840,lara yao,Chris Garner,Janice Mauricio,Jixford L. Polo,Monday-Sunday: 12AM-12AM
recG7RezEeUbm8O2g,Lemon Tree Gourmet Deli - 330 W Broadway,"330 W Broadway, New York, NY 10013",Luca's Chicken Wings,New York,NY,Our Otter,Temporarily Deactivated,Discontinued - UE Low Sales,Temporarily Deactivated,2291226,142e5698-9fd4-4bda-8b56-4c1eaa628240,2964957,lara yao,Chris Garner,Janice Mauricio,Jixford L. Polo,Monday-Sunday: 12AM-12AM
recI8B5RsJVB6iDsB,Lemon Tree Gourmet Deli - 330 W Broadway,"330 W Broadway, New York, NY 10013",Sandwich On Fleek,New York,NY,Our Otter,Temporarily Deactivated,Discontinued - UE Low Sales,Temporarily Deactivated,2291126,01426b06-ed65-44be-929c-889f856f4760,2964688,lara yao,Chris Garner,Janice Mauricio,Jixford L. Polo,Monday-Sunday: 12AM-12AM
recONyyfiW01DHf8I,Lemon Tree Gourmet Deli - 330 W Broadway,"330 W Broadway, New York, NY 10013",The Burger Stack,New York,NY,Our Otter,Temporarily Deactivated,Discontinued by UE,Grubhub Discontinued - Failed Concept,2291140,f52b9307-e328-4485-a25c-b78f9143400e,2964686,lara yao,Chris Garner,Janice Mauricio,Jixford L. Polo,Monday-Sunday: 12AM-12AM
recRjiTQmP3a17MR6,Lemon Tree Gourmet Deli - 330 W Broadway,"330 W Broadway, New York, NY 10013",Big E's Wraps,New York,NY,Our Otter,Active,Discontinued - UE Low Sales,Active,2291401,68aae11e-b750-47e5-b8a5-91b8b0798707,2969670,lara yao,Chris Garner,Janice Mauricio,Jixford L. Polo,Monday-Sunday: 12AM-12AM
recmY1iENYe8N5wcT,Leo's Coney Island - 15198 E 13 Mile Rd,"15198 E 13 Mile Rd, Warren, MI 48088",Grandma's Breakfast Sandwiches,Warren,MI,Their Otter,Active,Discontinued by UE,Grubhub Discontinued - Failed Concept,25833954,ec4b29c6-49fc-54c2-a1ae-a7612ba4a986,7100248,,Ria Jain,Ferlyn Torres,Jixford L. Polo,"TODC: Monday-Thursday: 8AM-8PM, Friday-Sunday: 7AM-9PM"
recgLIA9ZHr18RXcN,Leo's Coney Island - 15198 E 13 Mile Rd,"15198 E 13 Mile Rd, Warren, MI 48088",Italiano Mac's,Warren,MI,Their Otter,Active,Discontinued by UE,Active,25832485,4e5d4755-6854-5b48-8641-a64babdce1db,7096928,,Ria Jain,Ferlyn Torres,Jixford L. Polo,"TODC: Monday-Thursday: 8AM-8PM, Friday-Sunday: 7AM-9PM"
recKeGIwlxNVmZvwI,Leo's Coney Island - 15198 E 13 Mile Rd,"15198 E 13 Mile Rd, Warren, MI 48088",The Scorchin' Burger,Warren,MI,Their Otter,DoorDash - Discontinued,Discontinued by UE,Active,25833479,d5955344-03e4-5033-a52d-df05400cae97,7100256,,Ria Jain,Ferlyn Torres,Jixford L. Polo,"TODC: Monday-Thursday: 8AM-8PM, Friday-Sunday: 7AM-9PM"
recQuzkr0hNN44UdY,Leo's Coney Island - 15198 E 13 Mile Rd,"15198 E 13 Mile Rd, Warren, MI 48088",Zinger's Famous Chicken,Warren,MI,Their Otter,Discontinued - DoorDash Fraud,Discontinued by UE,Active,25831530,09b6db43-fe6e-515b-a5bd-9df03dd13f4a,7096920,,Ria Jain,Ferlyn Torres,Jixford L. Polo,"TODC: Monday-Thursday: 8AM-8PM, Friday-Sunday: 7AM-9PM"
recSoLbT20RitC0Ok,Leo's Coney Island - 15198 E 13 Mile Rd,"15198 E 13 Mile Rd, Warren, MI 48088",Get Grilled Cheesin',Warren,MI,Their Otter,Active,Discontinued by UE,Active,25832877,7ad1ad67-26e5-574d-9174-d444090425bf,7100264,,Ria Jain,Ferlyn Torres,Jixford L. Polo,"TODC: Monday-Thursday: 8AM-8PM, Friday-Sunday: 7AM-9PM"
recoYMxKC78AD2Ful,Leo's Coney Island - 28501 Hoover Rd,"28501 Hoover Rd, Warren, MI 48093",The Breakfast Skillet,Warren,MI,Our Otter,Active,Active,Active,31535742,339803ab-c252-5240-b7d7-a40fd04fa3bd,9815032,Tana Jean Frances Liboon,Ria Jain,Edlyn Manzano,Jixford L. Polo,TODC⏰Monday to Wednesday: 8:00 AM – 9:30 PM | Thursday to Saturday: 8:00 AM – 10:30 PM | Sunday: 8:00 AM – 8:30 PM
recorLEoF3n8CyQC2,Leo's Coney Island - 28501 Hoover Rd,"28501 Hoover Rd, Warren, MI 48093",Prime Burger Lounge,Warren,MI,Our Otter,Active,Discontinued - UE Low Sales,Grubhub Discontinued - Failed Concept,2405858,ea6c1ff8-5b49-4263-bbbd-614c2f5bc3c1,2964384,Tana Jean Frances Liboon,Ria Jain,Edlyn Manzano,Jixford L. Polo,TODC⏰Monday to Wednesday: 8:00 AM – 9:30 PM | Thursday to Saturday: 8:00 AM – 10:30 PM | Sunday: 8:00 AM – 8:30 PM
recuERqZz8IG53rg7,Leo's Coney Island - 28501 Hoover Rd,"28501 Hoover Rd, Warren, MI 48093",The Farmers Salad,Warren,MI,Our Otter,Active,Active,Active,31619827,c6068464-1818-595f-81b8-236c34e4a370,9819584,Tana Jean Frances Liboon,Ria Jain,Edlyn Manzano,Jixford L. Polo,TODC⏰Monday to Wednesday: 8:00 AM – 9:30 PM | Thursday to Saturday: 8:00 AM – 10:30 PM | Sunday: 8:00 AM – 8:30 PM
rec1KUar7Yv2padpx,Leo's Coney Island - 28501 Hoover Rd,"28501 Hoover Rd, Warren, MI 48093",Bosscat Breakfast,Warren,MI,Our Otter,Active,Active,Active,31619809,3349b9e5-7741-560a-8090-1705d954cccf,9819592,Tana Jean Frances Liboon,Ria Jain,Edlyn Manzano,Jixford L. Polo,TODC⏰Monday to Wednesday: 8:00 AM – 9:30 PM | Thursday to Saturday: 8:00 AM – 10:30 PM | Sunday: 8:00 AM – 8:30 PM
recw5ncnW4k8cWgtp,Leo's Coney Island - 28501 Hoover Rd,"28501 Hoover Rd, Warren, MI 48093",The Mac and Cheese Co,Warren,MI,Our Otter,Active,Discontinued - UE Low Sales,Active,23045828,f08bd5d2-9080-5ceb-b408-965a1a88eba1,3311362,Tana Jean Frances Liboon,Ria Jain,Edlyn Manzano,Jixford L. Polo,TODC⏰Monday to Wednesday: 8:00 AM – 9:30 PM | Thursday to Saturday: 8:00 AM – 10:30 PM | Sunday: 8:00 AM – 8:30 PM
recMbVjjAVwGhJ8ei,Leo's Coney Island - 28501 Hoover Rd,"28501 Hoover Rd, Warren, MI 48093",Mufasa's Pancakes & French Toast,Warren,MI,Our Otter,Active,Discontinued - UE Low Sales,Grubhub Discontinued - Failed Concept,23045822,4dcc92a3-c05b-5df4-add1-66f05f860361,3311168,Tana Jean Frances Liboon,Ria Jain,Edlyn Manzano,Jixford L. Polo,TODC⏰Monday to Wednesday: 8:00 AM – 9:30 PM | Thursday to Saturday: 8:00 AM – 10:30 PM | Sunday: 8:00 AM – 8:30 PM
recNCQqM407qgHzm9,Leo's Coney Island - 28501 Hoover Rd,"28501 Hoover Rd, Warren, MI 48093",The Dessert Dream,Warren,MI,Our Otter,Active,Active,Grubhub Discontinued - Failed Concept,2272718,e6303ab0-b76b-4952-939e-157be3228a1c,2964463,Tana Jean Frances Liboon,Ria Jain,Edlyn Manzano,Jixford L. Polo,TODC⏰Monday to Wednesday: 8:00 AM – 9:30 PM | Thursday to Saturday: 8:00 AM – 10:30 PM | Sunday: 8:00 AM – 8:30 PM
recObckeVJZnvy37e,Leo's Coney Island - 28501 Hoover Rd,"28501 Hoover Rd, Warren, MI 48093",Greek Gyro Spot,Warren,MI,Our Otter,Active,Discontinued - UE Low Sales,Active,23045876,893f11ac-1ad0-54c5-84c7-cc7fc1c411f7,3310775,Tana Jean Frances Liboon,Ria Jain,Edlyn Manzano,Jixford L. Polo,TODC⏰Monday to Wednesday: 8:00 AM – 9:30 PM | Thursday to Saturday: 8:00 AM – 10:30 PM | Sunday: 8:00 AM – 8:30 PM9:20
recpQvdAeHQ5GZe38,Lex Grill & Juice Bar - 97 Lexington Ave,"97 Lexington Ave, New York, NY 10010",Two Hand Burger,New York,NY,Our Otter,Active,Active,Grubhub - Brand Discontinued,26152960,f66fe773-03ff-5dcc-9231-c8ec813d1cb4,7331232,Tana Jean Frances Liboon,Chris Garner,Rachelle Kate Funa,Jixford L. Polo,Monday-Sunday: 12AM-12AM
rec91D97EfHbZcbWP,Lex Grill & Juice Bar - 97 Lexington Ave,"97 Lexington Ave, New York, NY 10010",Chicken Sandwich Loft,New York,NY,Our Otter,Active,Active,Active,26152966,3c69b030-9afd-595c-8983-61ab43955f8b,7331240,Tana Jean Frances Liboon,Chris Garner,Rachelle Kate Funa,Jixford L. Polo,Monday-Sunday: 12AM-12AM
recBRf3KVmDOCfvOY,Lex Grill & Juice Bar - 97 Lexington Ave,"97 Lexington Ave, New York, NY 10010",Toast N Roast Breakfast Sandwiches,New York,NY,Our Otter,Active,Active,Active,26152963,5e1a3bca-e5ba-504b-bde2-0723233fc74a,7334536,Tana Jean Frances Liboon,Chris Garner,Rachelle Kate Funa,Jixford L. Polo,Monday-Sunday: 12AM-12AM
recqGTrZ4gToBGhGu,Liticker's Mexican & Vegan Cuisine - 4955 Voltaire St,"4955 Voltaire St, San Diego, CA 92107",Fiesta Vegan Mexican,San Diego,CA,Their Otter,Active,Discontinued - UE Low Sales,Grubhub Discontinued - Failed Concept,24270691,b831a422-5a70-5f5e-ae67-2ed0e8a78bb6,4830320,,Chris Garner,Eve Paraiso,Jixford L. Polo,TODC Monday-Sunday: 11:00AM-8:30PM
recsq56WuLGoUZgAt,Liticker's Mexican & Vegan Cuisine - 4955 Voltaire St,"4955 Voltaire St, San Diego, CA 92107",Burritos to Bowls,San Diego,CA,Their Otter,Active,Discontinued - UE Low Sales,Active,24270704,697608ec-ccf1-50c5-a01e-0b94b5886d97,4842320,,Chris Garner,Eve Paraiso,Jixford L. Polo,TODC Monday-Sunday: 11:00AM-8:30PM
rectvlhLlTPw19sip,Liticker's Mexican & Vegan Cuisine - 4955 Voltaire St,"4955 Voltaire St, San Diego, CA 92107",Breakfast Burrito Floozy,San Diego,CA,Their Otter,Active,Discontinued - UE Low Sales,Active,24270689,8bc1355d-1c0a-5fa8-8a45-98858005d0de,4836168,,Chris Garner,Eve Paraiso,Jixford L. Polo,TODC Monday-Sunday: 11:00AM-8:30PM
rec1BFlLjgVpEchpq,Liticker's Mexican & Vegan Cuisine - 4955 Voltaire St,"4955 Voltaire St, San Diego, CA 92107",Veronica's Burrito Bar,San Diego,CA,Their Otter,Active,Active,Grubhub - Brand Discontinued,24270701,ae95986f-5ad4-5f7b-9806-75f3daefa3da,4840616,,Chris Garner,Eve Paraiso,Jixford L. Polo,TODC Monday-Sunday: 11:00AM-8:30PM
recbh0G3LUK7LqaOf,Liticker's Mexican & Vegan Cuisine - 4955 Voltaire St,"4955 Voltaire St, San Diego, CA 92107",El Azul Tacos,San Diego,CA,Their Otter,DoorDash - Discontinued,Discontinued - UE Low Sales,Active,24270692,31f27882-178c-52e9-ae5a-a65e9c33a438,4831960,,Chris Garner,Eve Paraiso,Jixford L. Polo,TODC Monday-Sunday: 11:00AM-8:30PM
recd0jj8QsRQYHICE,Liticker's Mexican & Vegan Cuisine - 4955 Voltaire St,"4955 Voltaire St, San Diego, CA 92107",Antonio's Quesadilla Shack,San Diego,CA,Their Otter,DoorDash - Discontinued,Discontinued - UE Low Sales,Active,24270690,44faa525-4362-5076-8325-03e1f9364859,4836152,,Chris Garner,Eve Paraiso,Jixford L. Polo,TODC Monday-Sunday: 11:00AM-8:30PM
recICmXeyyExTnW3t,Liticker's Mexican & Vegan Cuisine - 4955 Voltaire St,"4955 Voltaire St, San Diego, CA 92107",The Smoothie Savage,San Diego,CA,Their Otter,DoorDash - Not Approved,Active,Active,,56d36b89-d5f5-57b7-9fb1-7ce2ecffe7ac,9820976,,Chris Garner,Eve Paraiso,Jixford L. Polo,
reca5YOj1syRcoDhb,Little Szechuan - 501 Broadway St,"501 Broadway St, San Francisco, CA 94133",Linh's Chinese Restaurant,San Francisco,CA,Their Otter,DoorDash - Discontinued,Active,Active,23548708,63efaf3b-9b50-5651-bb73-3cdb162cf8e2,3344616,Miguel Josue,Ria Jain,Ferlyn Torres,Vhic Bert Serra,"Adjusted Hours: Monday: 11am-7pm, Tuesday-Saturday: 11am-10pm, Sunday: 4pm-10pm"
recAzEZUuF5YkJBk2,Little Szechuan - 501 Broadway St,"501 Broadway St, San Francisco, CA 94133",Bubble Tea Garden,San Francisco,CA,Their Otter,DoorDash - Discontinued,Discontinued - UE Low Sales,Active,1868877,70d159c1-8627-4572-9e16-474c66e03f46,2886102,Miguel Josue,Ria Jain,Ferlyn Torres,Vhic Bert Serra,"Monday-Saturday: 11am-10:00pm, Sunday: 4pm-10:00pm"
recUWWEWsNWsWWSXB,Little Szechuan - 501 Broadway St,"501 Broadway St, San Francisco, CA 94133",NY Boba Bae,San Francisco,CA,Their Otter,Active,Active,Active,32973995,4f2b43e1-4d0d-5138-8e64-800a9618d0d8,9834512,Miguel Josue,Ria Jain,Ferlyn Torres,Vhic Bert Serra,"Monday-Saturday: 11am-10:00pm, Sunday: 4pm-10:00pm"
recPlkOMObC3zdLnm,Los barriles mexican restaurant - 6845 Doniphan Dr,"6845 Doniphan Dr, Canutillo, TX 79835",The Breakfast Skillet,Canutillo,TX,Their Otter,DoorDash - Not Approved,Discontinued by UE,Active,,319c970f-2716-5f6f-b25a-691fda9157d6,6890824,,Chris Garner,Janice Mauricio,Vhic Bert Serra,Monday-Sunday: 7AM-8PM
recojFtL0LYLWPx43,"""LuLu Chinese & Dim Sum - 
9737 Manchester Rd""","
9737 Manchester Rd, St. Louis, MO 63119


",The Dumpling Snob,St. Louis,63,Our Otter,DoorDash - Discontinued,Discontinued by UE,Active,1790333,b273c555-072c-43ca-9127-e87105061087,2796118,Miguel Josue,Ria Jain,Ferlyn Torres,Jixford L. Polo,
rec6SBfCoq4kuOkJ5,"""LuLu Chinese & Dim Sum - 
9737 Manchester Rd""","
9737 Manchester Rd, St. Louis, MO 63119


",Chef's Chicken Bowls,St. Louis,63,Our Otter,Active,Active,Active,32863708,452e3207-69e1-5f2b-b9f0-df61aee86e55,10063872,Miguel Josue,Ria Jain,Ferlyn Torres,Jixford L. Polo,Monday to Sunday: 11AM - 9PM
recf3b9H1rp2HOxdt,"""LuLu Chinese & Dim Sum - 
9737 Manchester Rd""","
9737 Manchester Rd, St. Louis, MO 63119


",Vegetarian Chinese Snob,St. Louis,63,Our Otter,DoorDash - Discontinued,Discontinued - UE Low Sales,Active,1791743,a4d6d7b5-e039-414e-a5ca-6b555db9aab9,2796221,Miguel Josue,Ria Jain,Ferlyn Torres,Jixford L. Polo,
rechkTIyo8OyRkUsZ,"""LuLu Chinese & Dim Sum - 
9737 Manchester Rd""","
9737 Manchester Rd, St. Louis, MO 63119


",Morning Seafood Catch,St. Louis,63,Our Otter,DoorDash - Discontinued,Discontinued by UE,Active,1789893,3c4ac181-8b59-4ab6-9027-ef51272fba35,2796222,Miguel Josue,Ria Jain,Ferlyn Torres,Jixford L. Polo,
recl0MBeHVzsQbngg,"""LuLu Chinese & Dim Sum - 
9737 Manchester Rd""","
9737 Manchester Rd, St. Louis, MO 63119


",The Chinese Noodle Palace,St. Louis,63,Our Otter,Active,Discontinued - UE Low Sales,Active,1790286,aa1e0f27-8661-4fa2-b149-da5256fad32e,2794878,Miguel Josue,Ria Jain,Ferlyn Torres,Jixford L. Polo,
recDxk4wG7HyQQ5kp,"""LuLu Chinese & Dim Sum - 
9737 Manchester Rd""","
9737 Manchester Rd, St. Louis, MO 63119


",Orange Chicken Snob,St. Louis,63,Our Otter,DoorDash - Discontinued,Discontinued by UE,Active,1789919,c32bd6e1-4f57-4607-8716-f2336993b5a1,2795077,Miguel Josue,Ria Jain,Ferlyn Torres,Jixford L. Polo,
recM9c50Cy9B6gP7l,"""LuLu Chinese & Dim Sum - 
9737 Manchester Rd""","
9737 Manchester Rd, St. Louis, MO 63119


",Xiu's Vegetarian Chinese,St. Louis,63,Our Otter,Active,Active - Onboarding In Process,Active,34344011,6828c9cb-06ff-5b36-a81b-5025f9db253b,10078576,Miguel Josue,Ria Jain,Ferlyn Torres,Jixford L. Polo,Monday to Sunday: 11AM - 9PM
receROZ0gLfzPoJhW,M&M Deli Cafe - 514 Main St,"514 Main St, New Rochelle, NY 10801",Rooftop Sandwiches,New Rochelle,NY,Our Otter,DoorDash - Discontinued,Discontinued by UE,Active,24637046,7fac3e08-cc2e-509c-90c3-ce521a4bdac9,5396080,,Ria Jain,Edlyn Manzano,Jixford L. Polo,TODC Monday-Sunday: 6AM-11:30AM
recQNa0QSgzgLHXVw,M&M Deli Cafe - 514 Main St,"514 Main St, New Rochelle, NY 10801",Taco Paradiso,New Rochelle,NY,Our Otter,Active,Discontinued by UE,Active,24637043,457b3ff7-3480-56e5-8320-ddc5d9ea73b7,5397528,,Ria Jain,Edlyn Manzano,Jixford L. Polo,TODC Monday-Sunday: 6AM-11:30AM
recjJlZt5MlwJUwD6,Majnoon Cafe - 128-12 Liberty Ave,"128-12 Liberty Ave, Jamaica, NY 11419",Devil's Hot Wings,Jamaica,NY,Referral: Their Otter,DoorDash - Discontinued,Discontinued - UE Low Sales,Active,24099463,15019f65-6145-5414-9fb0-64f066b45961,4523480,,Chris Garner,Edlyn Manzano,Vhic Bert Serra,TODC menu hours: 5:30 PM - 1:30 AM daily
reckUa34n3T6JAQeE,Majnoon Cafe - 128-12 Liberty Ave,"128-12 Liberty Ave, Jamaica, NY 11419",The Fried Chicken Crave,Jamaica,NY,Referral: Their Otter,DoorDash - Discontinued,Active,Active,24099713,b7bd2df4-fd3b-5636-9aa4-3376955d309d,4519040,,Chris Garner,Edlyn Manzano,Vhic Bert Serra,TODC menu hours: 5:30 PM - 1:30 AM daily
recKIbk1n1itKegdD,Majnoon Cafe - 128-12 Liberty Ave,"128-12 Liberty Ave, Jamaica, NY 11419",Prime Burger Lounge,Jamaica,NY,Referral: Their Otter,DoorDash - Discontinued,Discontinued - UE Low Sales,Active,24099372,70dd23ea-617d-5d12-8766-e342e111e7df,4520544,,Chris Garner,Edlyn Manzano,Vhic Bert Serra,TODC menu hours: 5:30 PM - 1:30 AM daily
recpYiVEDadjoPdjI,Manhattan Market Place - 196 1st Ave,"196 1st Ave, New York, NY 10009",Chicken Sandwich Loft,New York,NY,Our Otter,Active,Active,Active,31313617,c21fb6e8-4266-5f02-8f2c-cf2ec82e9b34,9824088,Tana Jean Frances Liboon,Ria Jain,Edlyn Manzano,Vhic Bert Serra,TODC hours: Monday- Sunday 9:00 AM- 11:30 PM
rec71ZNkUSBey3iI0,Manhattan Market Place - 196 1st Ave,"196 1st Ave, New York, NY 10009",Angelo's Wraps Shop,New York,NY,Our Otter,DoorDash - Not Approved,Active,Active,,c880a1d4-ba40-5156-a818-ce0b661fa596,9816304,Tana Jean Frances Liboon,Ria Jain,Edlyn Manzano,Vhic Bert Serra,TODC hours: Monday- Sunday 9:00 AM- 11:30 PM
recCSfcgdKg31KelN,Manhattan Market Place - 196 1st Ave,"196 1st Ave, New York, NY 10009",Bosscat Burgers,New York,NY,Our Otter,Active,Active,Active,31313633,6b9bbcd8-ea1a-51ef-bc96-77ff5269697f,9814976,Tana Jean Frances Liboon,Ria Jain,Edlyn Manzano,Vhic Bert Serra,TODC hours: Monday- Sunday 9:00 AM- 11:30 PM
recMGpHNzZYFDAl7M,Manhattan Market Place - 196 1st Ave,"196 1st Ave, New York, NY 10009",NextBagel,New York,NY,Our Otter,Active,Active,Active,31313749,6a1f5b82-0822-5773-821d-2972eb8a7a00,9816296,Tana Jean Frances Liboon,Ria Jain,Edlyn Manzano,Vhic Bert Serra,TODC hours: Monday- Sunday 9:00 AM- 11:30 PM
recpOkzMuksMfUGea,Marina’s Pizza & Pasta - 12121 W Linebaugh Ave,"12121 W Linebaugh Ave, Tampa, FL 33626",Little Italy's Calzones,Tampa,FL,Their Otter,Active,Active,Active,26152910,c3575235-c30b-525f-84da-0f1fe9aae22f,7325448,,Chris Garner,Eve Paraiso,Vhic Bert Serra," Monday-Saturday: 11AM-9PM, Sunday: Closed(Adjusted hours: Monday-Thursday: 11AM-8:30PM, Friday-Sunday: Closed)"
recVvpGWgeoaEZSod,Marina’s Pizza & Pasta - 12121 W Linebaugh Ave,"12121 W Linebaugh Ave, Tampa, FL 33626",Fierce Chicken Sandwich,Tampa,FL,Their Otter,DoorDash - Discontinued,Active,Active,26153000,15cbcc34-1a77-5727-bcaf-09b06981c712,7331208,,Chris Garner,Eve Paraiso,Vhic Bert Serra," Monday-Saturday: 11AM-9PM, Sunday: Closed(Adjusted hours: Monday-Thursday: 11AM-8:30PM, Friday-Sunday: Closed)"
recm64yxOiZryFL47,Mario The Baker - 43 W Flagler St,"43 W Flagler St, Miami, FL 33130",Hella Good Chicken Wings,Miami,FL,Our Otter,Active,Active,Active,28606154,bdcfdc95-4b66-5ed4-8cb4-b5c662d15975,8563016,,Ria Jain,Ferlyn Torres,Vhic Bert Serra,Everyday - 10:30am to 11:30pm
recnmzlWqyUKjsdVW,Mario The Baker - 43 W Flagler St,"43 W Flagler St, Miami, FL 33130",Sicily's Calzone House,Miami,FL,Our Otter,Active,Discontinued - UE Low Sales,Grubhub - Brand Discontinued,1877353,636cb07e-7607-4497-9893-d8fb4e0f0306,2896902,,Ria Jain,Ferlyn Torres,Vhic Bert Serra,Everyday - 10:30am to 11:30pm
recpYDMDTOuHMsZV5,Mario The Baker - 43 W Flagler St,"43 W Flagler St, Miami, FL 33130",High Life Pizzas,Miami,FL,Our Otter,Active,Discontinued - UE Low Sales,Active,1556609,a5c7cded-5118-4669-b3ad-0797c566be57,2717846,,Ria Jain,Ferlyn Torres,Vhic Bert Serra,Everyday - 10:30am to 11:30pm
recrEmCtbyZgHsZdO,Mario The Baker - 43 W Flagler St,"43 W Flagler St, Miami, FL 33130",Luigi's Pasta Ristorante,Miami,FL,Our Otter,DoorDash - Discontinued,Discontinued - UE Low Sales,Active,2398361,83bf5efd-f212-443c-8fef-144d60099d99,2896508,,Ria Jain,Ferlyn Torres,Vhic Bert Serra,Everyday - 10:30am to 11:30pm
recyErFy7nLJpGB6Q,Mario The Baker - 43 W Flagler St,"43 W Flagler St, Miami, FL 33130",Salvatore's Parmigiana Sandwiches,Miami,FL,Our Otter,Active,Discontinued - UE Low Sales,Active,1877090,f7e7beb7-41de-4a12-838f-93429528169d,2896403,,Ria Jain,Ferlyn Torres,Vhic Bert Serra,Everyday - 10:30am to 11:30pm
recy3kr7u7KNKylNZ,Mario The Baker - 43 W Flagler St,"43 W Flagler St, Miami, FL 33130",The Pasta Story,Miami,FL,Our Otter,Active,Active,Active,28607208,a21f3f75-c60d-5e47-8028-9ec0ee2171cc,8563008,,Ria Jain,Ferlyn Torres,Vhic Bert Serra,Everyday - 10:30am to 11:30pm
recB0vlJKxG6SooQU,Mario The Baker - 43 W Flagler St,"43 W Flagler St, Miami, FL 33130",Allan's Cheesesteaks,Miami,FL,Our Otter,Active,Active,Active,842311,a901539f-9193-4d33-80e8-1ac30394085d,2011407,,Ria Jain,Ferlyn Torres,Vhic Bert Serra,Everyday - 10:30am to 11:30pm
recJydCBQcyhosyG4,Mario The Baker - 43 W Flagler St,"43 W Flagler St, Miami, FL 33130",Nico's Italian Ristorante,Miami,FL,Our Otter,Active,Active,Active,775642,e520ab02-6ec1-4fdf-b810-0d1b74fc719c,1998870,,Ria Jain,Ferlyn Torres,Vhic Bert Serra,Everyday - 10:30am to 11:30pm
recKOxhYFZNbSPub7,Mario The Baker - 43 W Flagler St,"43 W Flagler St, Miami, FL 33130",Healthy Salad Bar,Miami,FL,Our Otter,DoorDash - Discontinued,Discontinued - UE Low Sales,Active,2390364,8b14204c-4e66-4944-b09e-8af4eeed913c,2896994,,Ria Jain,Ferlyn Torres,Vhic Bert Serra,Everyday - 10:30am to 11:30pm
recnx3HVvbo28Uazi,Mas Chingon Mexican Grill - 1541 Glenn School Rd suite 17,"1541 Glenn School Rd suite 17, Durham, NC 27704",Fierce Chicken Sandwich,Durham,NC,Our Otter,Active,Active,Active,31314095,c0383cc2-2644-5535-8a10-cb9a8b32c90c,9822512,Tana Jean Frances Liboon,Ria Jain,Eve Paraiso,Vhic Bert Serra,"TODC hours: Sunday to Thursday 10:00AM - 9:30PM, Friday and Saturday 10:00AM - 10:30PM"
reczNBfcGNa7Weodl,Mas Chingon Mexican Grill - 1541 Glenn School Rd suite 17,"1541 Glenn School Rd suite 17, Durham, NC 27704",Burning Burger Stack,Durham,NC,Our Otter,Active,Active,Active,31313915,f15ffdc3-97d9-5d21-bf1a-41471a267db2,9796240,Tana Jean Frances Liboon,Ria Jain,Eve Paraiso,Vhic Bert Serra,"TODC hours: Sunday to Thursday 10:00AM - 9:30PM, Friday and Saturday 10:00AM - 10:30PM"
recNYnvUPItQkxFxv,Mas Chingon Mexican Grill - 1541 Glenn School Rd suite 17,"1541 Glenn School Rd suite 17, Durham, NC 27704",Burrito Lovers Bar,Durham,NC,Our Otter,DoorDash - Discontinued,Active,Active,26000402,c6b3adde-0cab-5d3a-8395-8f954fae7546,7098800,Tana Jean Frances Liboon,Ria Jain,Eve Paraiso,Vhic Bert Serra,"TODC hours: Sunday to Thursday 10:00AM - 9:30PM, Friday and Saturday 10:00AM - 10:30PM"
recZt39CpN9pnnke1,Medina Halal Gril - 114 East Main Street,"114 East Main Street, Richardson, TX 75081",Ali's Mediterranean Sandwiches,Richardson,TX,Our Otter,Active,Active,Active,25294190,fedeaf21-586b-5a13-97f0-294c87939614,6894736,,Ria Jain,Edlyn Manzano,Vhic Bert Serra,Monday-Sunday 10am-1am
rec0YhZdyFAucijpA,Mi Finca Mexican Food and Pizzeria - 4249 Washington St,"4249 Washington St, Rosilidale, MA 02131",Chicken Tenders Bar,Rosilidale,MA,Referral: Their Otter,Active,Discontinued - UE Low Sales,Active,23785266,95d387df-df22-5be2-9735-442a7c4115cb,4516952,Miguel Josue,Ria Jain,Ferlyn Torres,Vhic Bert Serra,Mon-Sun: 11:00 AM - 11:00 PM
rec4vdy8Bd2jCURa3,Mi Finca Mexican Food and Pizzeria - 4249 Washington St,"4249 Washington St, Rosilidale, MA 02131",Quatro's Quesadilla Bar,Rosilidale,MA,Referral: Their Otter,Active,Discontinued - UE Low Sales,Grubhub Discontinued - Failed Concept,23784901,89b7a639-cc86-5741-916e-04a3e49116c0,4520056,Miguel Josue,Ria Jain,Ferlyn Torres,Vhic Bert Serra,Mon-Sun: 11:00 AM - 11:00 PM
recx2h5luGnRL9d6y,Mi Finca Mexican Food and Pizzeria - 4249 Washington St,"4249 Washington St, Rosilidale, MA 02131",Cherry's Chic Desserts,Rosilidale,MA,Referral: Their Otter,Active,Active,Active,23784850,64da2202-9968-5947-b3e4-43d52c38deb9,4512256,Miguel Josue,Ria Jain,Ferlyn Torres,Vhic Bert Serra,Mon-Sun: 11:00 AM - 11:00 PM
recXZ89t9iHw5aL0L,Michaelangelo's Pizza -  329 Union St," 329 Union St, Nashville, TN 37201",Charlie's Chicken Wings,Nashville,TN,Our Otter,DoorDash - Discontinued,Active,Active,1303861,0bc68c2b-b6a0-4666-ba20-09a422e52cc3,2423690,Miguel Josue,Chris Garner,Janice Mauricio,Vhic Bert Serra,Mon-Sun: 10am-3am
rec08kdN3am0uZAqZ,Michaelangelo's Pizza -  329 Union St," 329 Union St, Nashville, TN 37201",The Salad God,Nashville,TN,Our Otter,DoorDash - Discontinued,Discontinued by UE,Active,1556675,1e611511-3c74-415a-8c77-b7ee040b621d,8567296,Miguel Josue,Chris Garner,Janice Mauricio,Vhic Bert Serra,Mon-Sun: 10am-3am
recjFuQpakNUsH16X,Michaelangelo's Pizza -  329 Union St," 329 Union St, Nashville, TN 37201",The Pasta Twins,Nashville,TN,Our Otter,DoorDash - Discontinued,Active,Active,1212115,f77f3ab3-aef3-47ee-9459-cba124b098e8,2353835,Miguel Josue,Chris Garner,Janice Mauricio,Vhic Bert Serra,Mon-Sun: 10am-3am
reck2C2nJnAITNRtu,Michaelangelo's Pizza -  329 Union St," 329 Union St, Nashville, TN 37201",Luigi's Pasta Ristorante,Nashville,TN,Our Otter,Active,Discontinued by UE,Active,32863674,c00d9ebe-dbb7-52fe-ac66-653d288ec954,9832880,Miguel Josue,Chris Garner,Janice Mauricio,Vhic Bert Serra,Mon-Sun: 10am-3am
recIX3oHJ7GwAexSr,Michaelangelo's Pizza -  329 Union St," 329 Union St, Nashville, TN 37201",Salad Kreation,Nashville,TN,Our Otter,Active,Discontinued by UE,Grubhub Discontinued - Failed Concept,32863709,852b0664-3bff-5193-8048-cddb9fd16c18,9841968,Miguel Josue,Chris Garner,Janice Mauricio,Vhic Bert Serra,Mon-Sun: 10am-3am
recPvaASKU5V2TwgJ,Michaelangelo's Pizza -  329 Union St," 329 Union St, Nashville, TN 37201",Chris's Chicken Tenders,Nashville,TN,Our Otter,DoorDash - Discontinued,Discontinued by UE,Active,1556523,b0939453-c3cc-41f2-9fc9-0e87ee526ce5,2709985,Miguel Josue,Chris Garner,Janice Mauricio,Vhic Bert Serra,Mon-Sun: 10am-3am
recV7Gx8L2ijJBbPt,Michaelangelo's Pizza -  329 Union St," 329 Union St, Nashville, TN 37201",The Pasta Slut,Nashville,TN,Our Otter,DoorDash - Discontinued,Discontinued by UE,Active,23057011,,3310782,Miguel Josue,Chris Garner,Janice Mauricio,Vhic Bert Serra,Mon-Sun: 10am-3am
recmAJMCYfydD1QCw,Midtown Bar and Grill - 415 W Gray St,"415 W Gray St, Houston, TX 77019",The Bagel Savage,Houston,TX,Their Otter,Active,Active,Active,26210048,8123dbd6-3f65-537f-9a1f-40cc3256dd0a,7332904,Jan Ceasar Poblete,Ria Jain,Ferlyn Torres,Vhic Bert Serra,Monday-Sunday: 6:30AM-12AM
rec82IuATfd4pq30M,Midtown Bar and Grill - 415 W Gray St,"415 W Gray St, Houston, TX 77019",Hyde's Grilled Cheese,Houston,TX,Their Otter,Active,Active,Active,26209885,e17ef87c-443a-54e3-a7ee-57dabe2b92b9,7323992,Jan Ceasar Poblete,Ria Jain,Ferlyn Torres,Vhic Bert Serra,Monday-Sunday: 6:30AM-12AM
receTQnecM7YaVkAO,Midtown Bar and Grill - 415 W Gray St,"415 W Gray St, Houston, TX 77019",Original Burger Bar,Houston,TX,Their Otter,DoorDash - Discontinued,Active,Active,26210052,94e03187-8b90-5a13-b6dc-d9b21ee1b028,7325392,Jan Ceasar Poblete,Ria Jain,Ferlyn Torres,Vhic Bert Serra,Monday-Sunday: 6:30AM-12AM
recm3U4njQlxwX6N3,Milan's Pizza - 9061 Van Nuys Blvd,"9061 Van Nuys Blvd, Panorama City, CA 91402",The Burger Bae,Panorama City,CA,Their Otter,Active,Discontinued - UE Low Sales,Grubhub Discontinued - Failed Concept,23532702,941945a8-9969-5989-a6e6-80ca2e65f1dd,8569984,Miguel Josue,Ria Jain,Ferlyn Torres,Vhic Bert Serra,TODC Hours: Monday - Sunday: 12:00 PM – 3:00 AM
recmr70wubjOGBUWU,Milan's Pizza - 9061 Van Nuys Blvd,"9061 Van Nuys Blvd, Panorama City, CA 91402",Perry's Pizza Parlour,Panorama City,CA,Their Otter,Active,Active,Active,32985155,35fb52f2-7688-5ca5-b4ca-5cfe82fe6b48,10062176,Miguel Josue,Ria Jain,Ferlyn Torres,Vhic Bert Serra,TODC Hours: Monday - Sunday: 12:00 PM – 3:00 AM
recWgBPoMasPRhnXw,Milan's Pizza - 9061 Van Nuys Blvd,"9061 Van Nuys Blvd, Panorama City, CA 91402",Francesco Pasta Ristorante,Panorama City,CA,Their Otter,DoorDash - Discontinued,Discontinued - UE Low Sales,Active,23532721,67925e5c-1f32-5479-8611-7054946cb8de,8563032,Miguel Josue,Ria Jain,Ferlyn Torres,Vhic Bert Serra,TODC Hours: Monday - Sunday: 12:00 PM – 3:00 AM
rec9BGLLvp1AdYQqo,Milan's Pizza - 9061 Van Nuys Blvd,"9061 Van Nuys Blvd, Panorama City, CA 91402",The Gourmet Burger,Panorama City,CA,Their Otter,DoorDash - Discontinued,Discontinued by UE,Active,24387357,a0ea2105-0af4-5111-b375-77c8b862c08d,5037632,Miguel Josue,Ria Jain,Ferlyn Torres,Vhic Bert Serra,TODC Hours: Monday - Sunday: 12:00 PM – 3:00 AM
reccILlQnq2cbOzGe,Milan's Pizza - 9061 Van Nuys Blvd,"9061 Van Nuys Blvd, Panorama City, CA 91402",Sicily's Calzone House,Panorama City,CA,Their Otter,Active,Discontinued - UE Low Sales,Active,23532708,d2674fa6-f92b-5344-9c50-e8d06182297f,8568808,Miguel Josue,Ria Jain,Ferlyn Torres,Vhic Bert Serra,TODC Hours: Monday - Sunday: 12:00 PM – 3:00 AM
rece7jhEmUX3QDJM1,Milan's Pizza - 9061 Van Nuys Blvd,"9061 Van Nuys Blvd, Panorama City, CA 91402",Top Notch Sandwiches,Panorama City,CA,Their Otter,Active,Active,Active,33415839,faab2002-e954-5dc8-93fc-776b9a57b29c,10078584,Miguel Josue,Ria Jain,Ferlyn Torres,Vhic Bert Serra,TODC Hours: Monday - Sunday: 12:00 PM – 3:00 AM
rechsbkXJnmM7uoxV,Milan's Pizza - 9061 Van Nuys Blvd,"9061 Van Nuys Blvd, Panorama City, CA 91402",Sam's Scrumptious Subs,Panorama City,CA,Their Otter,DoorDash - Discontinued,Discontinued - UE Low Sales,Active,23532710,7fdec0e7-a4db-5f71-8f27-83c82a17254c,8568792,Miguel Josue,Ria Jain,Ferlyn Torres,Vhic Bert Serra,TODC Hours: Monday - Sunday: 12:00 PM – 3:00 AM
recjLmRkh8qWEF82z,Milan's Pizza - 9061 Van Nuys Blvd,"9061 Van Nuys Blvd, Panorama City, CA 91402",Danny's Desserts,Panorama City,CA,Their Otter,Active,Active,Active,23532713,3babe60f-90c2-5160-93ca-d317ab88ff03,8568800,Miguel Josue,Ria Jain,Ferlyn Torres,Vhic Bert Serra,TODC Hours: Monday - Sunday: 12:00 PM – 3:00 AM
recQB4J4vXqdDYm2g,Milan's Pizza - 9061 Van Nuys Blvd,"9061 Van Nuys Blvd, Panorama City, CA 91402",John's Pizza Den,Panorama City,CA,Their Otter,DoorDash - Discontinued,Discontinued by UE,Active,24387325,734e779f-bd8e-503e-8652-762ca08d78a0,5042408,Miguel Josue,Ria Jain,Ferlyn Torres,Vhic Bert Serra,TODC Hours: Monday - Sunday: 12:00 PM – 3:00 AM
recI2XRcXH3JAeslh,Milan's Pizza - 9061 Van Nuys Blvd,"9061 Van Nuys Blvd, Panorama City, CA 91402",Casa Pasta Ristorante,Panorama City,CA,Their Otter,Active,Active - Onboarding In Process,Active,33886671,71ef6973-7fca-5e5a-bf34-9ebb226686f1,5040864,Miguel Josue,Ria Jain,Ferlyn Torres,Vhic Bert Serra,TODC Hours: Monday - Sunday: 12:00 PM – 3:00 AM
rec2wyyN9Kfu6VTAb,Milan's Pizzeria - 18300 Vanowen Street Suite 3,"18300 Vanowen Street Suite 3, Reseda, CA 91335",The Calzone Empire,Reseda,CA,Their Otter,Active,Active,Active,31314365,18393931-6bc4-58db-a182-9ee554ac4ad6,9814952,Miguel Josue,Ria Jain,Ferlyn Torres,Maria Mellanie S. Lapira,"10am-2:00 am everyday todc hours
"
recdhqw4RPH6uNzX0,Milan's Pizzeria - 18300 Vanowen Street Suite 3,"18300 Vanowen Street Suite 3, Reseda, CA 91335",K's Slice of Cake,Reseda,CA,Their Otter,Active,Temporarily Deactivated,Active,31671965,eab993b2-8084-535d-aa24-64eae7b64341,9819608,Miguel Josue,Ria Jain,Ferlyn Torres,Maria Mellanie S. Lapira,"10am-2:00 am everyday todc hours
"
recLOLd7aYEnBkSV0,Milan's Pizzeria - 18300 Vanowen Street Suite 3,"18300 Vanowen Street Suite 3, Reseda, CA 91335",Jen's Burger Blaze,Reseda,CA,Their Otter,Active,Active,Active,31313819,73f25fd8-209f-5304-a9ec-9de4b11994f0,9819464,Miguel Josue,Ria Jain,Ferlyn Torres,Maria Mellanie S. Lapira,"10am-2:00 am everyday todc hours
"
recQzm4vnl0XZ6NLz,Milan's Pizzeria - 18300 Vanowen Street Suite 3,"18300 Vanowen Street Suite 3, Reseda, CA 91335",BigLeaf Salads,Reseda,CA,Their Otter,Active,Active,Active,31313343,c47a5d62-2706-581f-87bc-4c890a86147e,9824064,Miguel Josue,Ria Jain,Ferlyn Torres,Maria Mellanie S. Lapira,"10am-2:30 am everyday todc hours
v"
recp9Moru4qNUUhnm,Millan's Pizzeria North Hollywood - 12453 Oxnard St,"12453 Oxnard St, North Hollywood, CA 91606",Mario's Italian Ristorante,North Hollywood,CA,Their Otter,Active,Discontinued by UE,Grubhub - Brand Discontinued,1743858,8c48d012-40b8-4c61-bc45-f4f86361f952,2785774,Tana Jean Frances Liboon,Ria Jain,Edlyn Manzano,Vhic Bert Serra,TODC Hours: Mon-Sun: 11:00am - 12:30am
recO5Fqpe7KvX3pvT,Millan's Pizzeria North Hollywood - 12453 Oxnard St,"12453 Oxnard St, North Hollywood, CA 91606",Fine Line Desserts,North Hollywood,CA,Their Otter,Active,Active,Active,26153026,5c8fd523-b576-545b-b749-5ad71c73b543,7332936,Tana Jean Frances Liboon,Ria Jain,Edlyn Manzano,Vhic Bert Serra,TODC Hours: Mon-Sun: 11:00am - 12:30am
rectAfebNhYEq0C3Y,Mix Platters Halal - 101 Plaza Center,"101 Plaza Center, Secaucus, NJ 07094",Sizzlin' Omelette Cafe,Secaucus,NJ,Their Otter,Active,Active,Active,32863721,ec4d731f-8234-571f-9376-7bbdaf752d55,9822632,Miguel Josue,Ria Jain,Ferlyn Torres,Vhic Bert Serra,⏰8:00 AM to 11:00 PM daily (the last order should be accepted 30 minutes before closing time)
recnnl23VSG37gujD,Mustafio's Pizza - 1116 Polk St,"1116 Polk St, San Francisco, CA 94109",The Cali Calzone,San Francisco,CA,Our Otter,Active,Active,Active,33016661,e198775a-5ac0-573e-b6a5-dfade4ef34e5,10075272,Miguel Josue,Ria Jain,Edlyn Manzano,Vhic Bert Serra,"TODC Hours: Sunday-Thursday 5:00PM-3:00AM, Friday-Saturday 5:00 PM-3:30AM"
recoY3yCDjjb5aPva,Mustafio's Pizza - 1116 Polk St,"1116 Polk St, San Francisco, CA 94109",Local Pizza Boy,San Francisco,CA,Our Otter,Active,Active,Active,32863767,9c3d3735-0e7e-5e9b-a76b-1d828af65c64,10078520,Miguel Josue,Ria Jain,Edlyn Manzano,Vhic Bert Serra,"TODC Hours: Sunday-Thursday 5:00PM-3:00AM, Friday-Saturday 5:00 PM-3:30AM"
rec5F3UQUdKhktqsd,Mustafio's Pizza - 1116 Polk St,"1116 Polk St, San Francisco, CA 94109",Green Vibes Salad,San Francisco,CA,Our Otter,Active,Active,Active,32927659,d247be57-f141-59e8-8308-cfd9f2322ad5,10075280,Miguel Josue,Ria Jain,Edlyn Manzano,Vhic Bert Serra,"TODC Hours: Sunday-Thursday 5:00PM-3:00AM, Friday-Saturday 5:00 PM-3:30AM"
recGpNeZwp4PGuCvL,Mustafio's Pizza - 1116 Polk St,"1116 Polk St, San Francisco, CA 94109",Bosscat Wings,San Francisco,CA,Our Otter,DoorDash - Discontinued,Active,Active,1505439,36145ce6-21b5-447b-bef5-e9f9531d94cc,2634355,Miguel Josue,Ria Jain,Edlyn Manzano,Vhic Bert Serra,"TODC Hours: Sunday-Thursday 5:00PM-3:00AM, Friday-Saturday 5:00 PM-3:30AM"
recO5EEtprFoc6LMT,Mustafio's Pizza - 1116 Polk St,"1116 Polk St, San Francisco, CA 94109",Molly's Chicken Wings,San Francisco,CA,Our Otter,DoorDash - Discontinued,Discontinued - UE Low Sales,Active,23556133,090466f0-90ac-54f6-bd81-eb5d8cd315d6,3312409,Miguel Josue,Ria Jain,Edlyn Manzano,Vhic Bert Serra,"TODC Hours: Sunday-Thursday 5:00PM-3:00AM, Friday-Saturday 5:00 PM-3:30AM"
rec8T13LPcAEE97cr,New York Giant Pizza - 9083 Dallas St,"9083 Dallas St, La Mesa, CA 91942",Luigi's Pasta Ristorante,La Mesa,CA,Their Otter,DoorDash - Discontinued,Active,Active,23549324,a3dda3a6-b165-5f23-b8a2-a8ab10f6e77b,3310191,Miguel Josue,Ria Jain,Ferlyn Torres,Jixford L. Polo,Sunday - Thursday: 11AM - 8:30PM / Friday - Saturday: 11AM - 9PM
recc60opoinKuYbQp,New York Giant Pizza - 9083 Dallas St,"9083 Dallas St, La Mesa, CA 91942",Amore Pasta Ristorante,La Mesa,CA,Their Otter,Active,Active,Grubhub - Brand Discontinued,31313153,11e6a898-ea98-567f-8d3e-3d28a4e51318,9819480,Miguel Josue,Ria Jain,Ferlyn Torres,Jixford L. Polo,Sunday - Thursday: 11AM - 8:30PM / Friday - Saturday: 11AM - 9PM
recouCY9dQt0W1jXJ,NoRa Asian Fresh - 400 W Indian School Rd,"400 W Indian School Rd, Phoenix, AZ 85013",Sunshine Sushi Bar,Phoenix,AZ,Their Otter,Active,Active,Active,33015551,b2b02271-1ee4-5c77-a17c-21f9641e272f,10075328,Miguel Josue,Chris Garner,Eve Paraiso,Vhic Bert Serra,"Adjusted hours: Sunday-Thursday: 10:30am-9:00pm, Friday & Saturday: 12:30pm- 10:00pm"
recsvslT6nsF5TQDw,NoRa Asian Fresh - 400 W Indian School Rd,"400 W Indian School Rd, Phoenix, AZ 85013",Fried Rice Fanatic,Phoenix,AZ,Their Otter,Churned - TODC AUDIT,Discontinued by UE,Active,23085517,2ba79039-f6e1-5efc-aaf7-74c9ca9c58e2,3310118,Miguel Josue,Chris Garner,Eve Paraiso,Vhic Bert Serra,"Sunday-Thursday: 10:00am-9:10pm, Friday & Saturday: 12:00pm- 10:10pm"
reccsZ3e5qy3lPA4C,NoRa Asian Fresh - 400 W Indian School Rd,"400 W Indian School Rd, Phoenix, AZ 85013",Kung Fu Fried Rice,Phoenix,AZ,Their Otter,DoorDash - Not Approved,Active,Active,,04dbf5fc-ae4d-54ad-b9f5-523543f8ca23,9798936,Miguel Josue,Chris Garner,Eve Paraiso,Vhic Bert Serra,"Sunday-Thursday: 10:00am-9:10pm, Friday & Saturday: 12:00pm- 10:10pm"
recxiUXiVbE9CWOLm,NoRa Asian Fresh - 400 W Indian School Rd,"400 W Indian School Rd, Phoenix, AZ 85013",Nakamura Ramen House,Phoenix,AZ,Their Otter,Active,Discontinued by UE,Active,23085722,45f77af2-eefe-51c9-99db-a21d7eedf16a,3310403,Miguel Josue,Chris Garner,Eve Paraiso,Vhic Bert Serra,"Sunday-Thursday: 10:00am-9:10pm, Friday & Saturday: 12:00pm- 10:10pm"
recAawr2XMtt6z3bD,NoRa Asian Fresh - 400 W Indian School Rd,"400 W Indian School Rd, Phoenix, AZ 85013",Sizzlin' Hibachi,Phoenix,AZ,Their Otter,DoorDash - Discontinued,Discontinued - UE Low Sales,Active,23085696,d8019d49-40a8-50df-873d-32132247879c,3310215,Miguel Josue,Chris Garner,Eve Paraiso,Vhic Bert Serra,"Sunday-Thursday: 10:00am-9:10pm, Friday & Saturday: 12:00pm- 10:10pm"
recq3b6umTYHzujKH,NoRa Asian Fresh - 1121 S Higley Rd #102,"1121 S Higley Rd #102, Mesa, AZ 85206",The Chinese Noodle Palace,Mesa,AZ,Their Otter,Temporarily Deactivated,Discontinued - UE Low Sales,Grubhub - Brand Discontinued,23087616,25f782c3-1b10-566a-b069-42fe3be059f2,3309934,,Chris Garner,Eve Paraiso,Vhic Bert Serra,"Adjusted hours Monday to Saturday: 11:00 AM – 7:00 PM, Closed every Sunday"
rectS3OtD1VYOxzSW,NoRa Asian Fresh - 1121 S Higley Rd #102,"1121 S Higley Rd #102, Mesa, AZ 85206",Sensai Sushi Bar,Mesa,AZ,Their Otter,Temporarily Deactivated,Discontinued - UE Low Sales,Grubhub Discontinued - Failed Concept,23087824,d0f80b9c-06cc-5c7b-a041-ce1e34a2d57d,3309836,,Chris Garner,Eve Paraiso,Vhic Bert Serra,"Adjusted hours Monday to Saturday: 11:00 AM – 7:00 PM, Closed every Sunday"
recuDITiERg4lVUit,NoRa Asian Fresh - 1121 S Higley Rd #102,"1121 S Higley Rd #102, Mesa, AZ 85206",Chinese Fried Rice Spot,Mesa,AZ,Their Otter,Temporarily Deactivated,Discontinued by UE,Grubhub Discontinued - Failed Concept,23087862,f5711b10-9475-5876-9d98-c0b395beef41,3309835,,Chris Garner,Eve Paraiso,Vhic Bert Serra,"Adjusted hours Monday to Saturday: 11:00 AM – 7:00 PM, Closed every Sunday"
recXUfeRtY2TRATav,NoRa Asian Fresh - 1401 E Arapaho Rd #F,"1401 E Arapaho Rd #F, Richardson, TX 75081",Chef Hanoka Sushi,Richardson,TX,Their Otter,DoorDash - Discontinued,Discontinued - UE Low Sales,Active,23087813,ff8b1f5a-7386-5d2a-8f2f-345820b1ee3a,3309671,Miguel Josue,Chris Garner,Eve Paraiso,Vhic Bert Serra,Mon - Thu: 10 am - 10 pm / Fri - Sun: 10 am - 11 pm
rec6C18a5jiHaDPi2,NoRa Asian Fresh - 1401 E Arapaho Rd #F,"1401 E Arapaho Rd #F, Richardson, TX 75081",Golden Dragon Asian Bowls,Richardson,TX,Their Otter,Active,Onboarding - Pending,Active,32927301,a6fa08e9-c170-5828-b771-c823b0dcb797,10494960,Miguel Josue,Chris Garner,Eve Paraiso,Vhic Bert Serra,"Monday - Thursday: 10 AM - 10 PM, Friday - Sunday: 10 AM - 11 PM"
reccQBA1mrt52dufF,NoRa Asian Fresh - 1401 E Arapaho Rd #F,"1401 E Arapaho Rd #F, Richardson, TX 75081",Ryu's Ramen Bar,Richardson,TX,Their Otter,DoorDash - Not Approved,Active,Active,,cfc21a45-05db-5091-88fa-8910ba946f77,9794808,Miguel Josue,Chris Garner,Eve Paraiso,Vhic Bert Serra,
recztGsf0mmeD8X0B,NoRa Asian Fresh - 1401 E Arapaho Rd #F,"1401 E Arapaho Rd #F, Richardson, TX 75081",Roll N Chop Sushi's,Richardson,TX,Their Otter,Active,Active,Active,32987257,997b9587-4347-5112-a57f-f9807c268c38,10075344,Miguel Josue,Chris Garner,Eve Paraiso,Vhic Bert Serra,"Monday - Thursday: 10 AM - 10 PM, Friday - Sunday: 10 AM - 11 PM"
recAqeRl7oG4gxnm5,NoRa Asian Fresh - 1401 E Arapaho Rd #F,"1401 E Arapaho Rd #F, Richardson, TX 75081",The Chinese Joint,Richardson,TX,Their Otter,DoorDash - Discontinued,Discontinued - UE Low Sales,Active,23087650,c3b886e3-2b05-58d0-952c-61ad2b883b6f,3310408,Miguel Josue,Chris Garner,Eve Paraiso,Vhic Bert Serra,Mon - Thu: 10 am - 10 pm / Fri - Sun: 10 am - 11 pm
recDOnYjtyMk66A4U,NoRa Asian Fresh - 1401 E Arapaho Rd #F,"1401 E Arapaho Rd #F, Richardson, TX 75081",Hollywood Hand Rolls,Richardson,TX,Their Otter,DoorDash - Discontinued,Discontinued by UE,Active,23087666,1e895c3f-40b6-5dd6-8e75-ebd03721a0cb,3310406,Miguel Josue,Chris Garner,Eve Paraiso,Vhic Bert Serra,Mon - Thu: 10 am - 10 pm / Fri - Sun: 10 am - 11 pm
recHOdqIyqbEi5qMp,NoRa Asian Fresh - 1401 E Arapaho Rd #F,"1401 E Arapaho Rd #F, Richardson, TX 75081",Master Yamamoto Ramen Bar,Richardson,TX,Their Otter,Churned - TODC AUDIT,Discontinued by UE,Active,23087769,81829bd8-3a88-54aa-8eb4-5fc51b900248,3310407,Miguel Josue,Chris Garner,Eve Paraiso,Vhic Bert Serra,Mon - Thu: 10 am - 10 pm / Fri - Sun: 10 am - 11 pm
recQRnZkbdvdnpzWd,NoRa Asian Fresh - 1401 E Arapaho Rd #F,"1401 E Arapaho Rd #F, Richardson, TX 75081",Sizzlin' Hibachi,Richardson,TX,Their Otter,DoorDash - Discontinued,Discontinued by UE,Active,23087626,1bd3b784-ecf5-5cf1-9993-3869c6aa2a0f,3310119,Miguel Josue,Chris Garner,Eve Paraiso,Vhic Bert Serra,Mon - Thu: 10 am - 10 pm / Fri - Sun: 10 am - 11 pm
recTb8gGxNIB0jD3g,NoRa Asian Fresh - 1401 E Arapaho Rd #F,"1401 E Arapaho Rd #F, Richardson, TX 75081",Nakamura Ramen House,Richardson,TX,Their Otter,Active,Onboarding - Pending,Active,32973693,90815d57-15c7-518f-aa4f-491f0d503085,10499888,Miguel Josue,Chris Garner,Eve Paraiso,Vhic Bert Serra,"Monday - Thursday: 10 AM - 10 PM, Friday - Sunday: 10 AM - 11 PM"
reczr3zhpZD4srY3m,NoRa Asian Fresh - 4015 E Bell Rd #132,"4015 E Bell Rd #132, Phoenix, AZ 85032",Master Yamamoto Ramen Bar,Phoenix,AZ,Their Otter,Active,Discontinued by UE,Grubhub Discontinued - Failed Concept,23087583,8e1d9aa0-5af7-5cab-83ae-5508dd591799,3310304,,Chris Garner,Eve Paraiso,Vhic Bert Serra,"Adjusted hours: Mon-Thur: 10:00 AM - 8:45 PM, Fri-Sat: 11:00 AM - 9:45 PM, Sun: Closed"
recVwHyea3X0SnG5G,NoRa Asian Fresh - 4015 E Bell Rd #132,"4015 E Bell Rd #132, Phoenix, AZ 85032",The Chinese Joint,Phoenix,AZ,Their Otter,DoorDash - Discontinued,Discontinued by UE,Active,23087602,7d765fee-3081-5c81-a16b-cede45386040,3310218,,Chris Garner,Eve Paraiso,Vhic Bert Serra,TODC Menu hours: Sunday-Thursday 10:00AM-9:30PM;  Friday-Saturday 10:00AM-10:30PM
recnmyN3euTQkgdkW,NoRa Asian Fresh - 8520 W Peoria Ave #116,"8520 W Peoria Ave #116, Peoria, AZ 85345",Chef Hanoka Sushi,Peoria,AZ,Their Otter,Active,Discontinued - UE Low Sales,Grubhub Discontinued - Failed Concept,23085625,ea0d1cad-6d9c-576f-adaa-8dd553616b42,3309661,,Chris Garner,Eve Paraiso,Jixford L. Polo,
recbRATZyiAIYyCWt,NoRa Asian Fresh - 8520 W Peoria Ave #116,"8520 W Peoria Ave #116, Peoria, AZ 85345",Kung Fu Chinese Kitchen,Peoria,AZ,Their Otter,DoorDash - Discontinued,Discontinued - UE Low Sales,Active,23085646,6809af66-afea-5b35-9a0e-f344ca87d994,3310297,,Chris Garner,Eve Paraiso,Jixford L. Polo,
recIZrIBfgJWBEbxS,NoRa Asian Fresh - 8520 W Peoria Ave #116,"8520 W Peoria Ave #116, Peoria, AZ 85345",Nakamura Ramen House,Peoria,AZ,Their Otter,Active,Discontinued by UE,Active,23085638,39964f62-8f3d-5724-87d0-b88a1a4a29c5,3309662,,Chris Garner,Eve Paraiso,Jixford L. Polo,
rec8D7QuUu3lRb2MF,NoRa Asian Fresh - 13011 W Greenway Rd,"13011 W Greenway Rd, El Mirage, AZ 85335",Linh's Chinese Restaurant,El Mirage,AZ,Their Otter,Active,Discontinued - UE Low Sales,Active,23085566,5f1cce8e-ba59-5d1c-944f-786f47ef1de9,3310209,,Chris Garner,Eve Paraiso,Jixford L. Polo,TODC: Mon - Thru 10AM - 9:30PM; Fri - Sat 10AM - 10:30PM; Sun 11AM - 9:30PM
recdBiV0aSRH1PLym,NoRa Asian Fresh - 13011 W Greenway Rd,"13011 W Greenway Rd, El Mirage, AZ 85335",Chef Hanoka Sushi,El Mirage,AZ,Their Otter,Active,Discontinued - UE Low Sales,Grubhub - Brand Discontinued,23085448,85b83289-9b13-5ba3-b359-9e0c47540b2e,3310208,,Chris Garner,Eve Paraiso,Jixford L. Polo,TODC: Mon - Thru 10AM - 9:30PM; Fri - Sat 10AM - 10:30PM; Sun 11AM - 9:30PM
reczgO4jcBgsvzSDn,NoRa Asian Fresh - 13011 W Greenway Rd,"13011 W Greenway Rd, El Mirage, AZ 85335",Kung Fu Chinese Kitchen,El Mirage,AZ,Their Otter,Active,Discontinued - UE Low Sales,Active,23085637,b3d88fb9-01f8-53db-97ad-875c41738196,3310399,,Chris Garner,Eve Paraiso,Jixford L. Polo,TODC: Mon - Thru 10AM - 9:30PM; Fri - Sat 10AM - 10:30PM; Sun 11AM - 9:30PM
reczi7vynD0BvAHT0,NoRa Asian Fresh - 13011 W Greenway Rd,"13011 W Greenway Rd, El Mirage, AZ 85335",Nakamura Ramen House,El Mirage,AZ,Their Otter,Active,Discontinued by UE,Active,23085594,e823310f-0cc6-5fe7-9687-8785026d7145,8568824,,Chris Garner,Eve Paraiso,Jixford L. Polo,TODC: Mon - Thru 10AM - 9:30PM; Fri - Sat 10AM - 10:30PM; Sun 11AM - 9:30PM
recp3P8pkcK7abMYf,Not Just Pizza - 1715 Sicklerville Rd,"1715 Sicklerville Rd, Sicklerville, NJ 08081",Danny's Burger Den,Sicklerville,NJ,Their Otter,DoorDash - Discontinued,Discontinued by UE,Active,25092264,27794f83-fd4c-517d-a4f0-0ea0d66f7b38,6539928,,Chris Garner,Janice Mauricio,Vhic Bert Serra,"Sunday -Thurs 9:00am-8:30pm , Fri-Sat 9:00am-9:30pm"
rec1VpgEOjio4HgBf,Not Just Pizza - 1715 Sicklerville Rd,"1715 Sicklerville Rd, Sicklerville, NJ 08081",Bruno's Burning Pizza,Sicklerville,NJ,Their Otter,Active,Discontinued by UE,Active,25092242,1a7b017f-e0db-53d7-ad65-e8056dcfe645,6539920,,Chris Garner,Janice Mauricio,Vhic Bert Serra,"Sunday -Thurs 9:00am-8:30pm , Fri-Sat 9:00am-9:30pm"
rec9mweFL2nHIRFgQ,Not Just Pizza - 1715 Sicklerville Rd,"1715 Sicklerville Rd, Sicklerville, NJ 08081",Jim's House of Hoagies,Sicklerville,NJ,Their Otter,Active,Discontinued by UE,Active,25092329,c48b09ee-d4a6-550f-ba8b-19d5ad6ebaf2,6538040,,Chris Garner,Janice Mauricio,Vhic Bert Serra,"Sunday -Thurs 9:00am-8:30pm , Fri-Sat 9:00am-9:30pm"
recAmO2AQwMOe6NNr,Not Just Pizza - 1715 Sicklerville Rd,"1715 Sicklerville Rd, Sicklerville, NJ 08081",Green Leaf Salads,Sicklerville,NJ,Their Otter,DoorDash - Discontinued,Discontinued by UE,Active,25092374,b7a60510-4d8a-5650-94bb-c7dceda80bd0,6538032,,Chris Garner,Janice Mauricio,Vhic Bert Serra,"Sunday -Thurs 9:00am-8:30pm , Fri-Sat 9:00am-9:30pm"
recUKJRAzIQOGw393,Not Just Pizza - 1715 Sicklerville Rd,"1715 Sicklerville Rd, Sicklerville, NJ 08081",Times French Fries,Sicklerville,NJ,Their Otter,Active,Discontinued by UE,Active,25092392,555e6fb3-42f7-51f3-a079-a62013d04e7c,6539936,,Chris Garner,Janice Mauricio,Vhic Bert Serra,"Sunday -Thurs 9:00am-8:30pm , Fri-Sat 9:00am-9:30pm"
recuc34jMSUMzuf4Z,Not Just Pizza - 2240 S 11th St,"2240 S 11th St, Philadelphia, PA 19148",Heaven's Burgers,Philadelphia,PA,Their Otter,Active,Discontinued by UE,Active,25404570,3a1d3e7f-b507-5bb4-be80-d89521a5678d,6895688,,Chris Garner,Eve Paraiso,Vhic Bert Serra,TODC menu hours: Mon - Sun: 9:30 AM - 10:30 PM
rec6bfltdHjyepReQ,Not Just Pizza - 2240 S 11th St,"2240 S 11th St, Philadelphia, PA 19148",Pardon My Panini,Philadelphia,PA,Their Otter,DoorDash - Discontinued,Discontinued by UE,Active,25404601,f6815ef8-a53a-5f66-8354-4812f126915b,6895704,,Chris Garner,Eve Paraiso,Vhic Bert Serra,Monday-Sunday: 9AM-11PM
recV1wu0BE0BpzCHn,Not Just Pizza - 2240 S 11th St,"2240 S 11th St, Philadelphia, PA 19148",The Pizza Obsession,Philadelphia,PA,Their Otter,DoorDash - Discontinued,Discontinued by UE,Active,25404725,abb9345c-b743-5be7-860d-e419dc557083,6895680,,Chris Garner,Eve Paraiso,Vhic Bert Serra,Monday-Sunday: 9AM-11PM
reconmvEN3F9crSjX,O's American Kitchen - 137 S Las Posas Rd #153,"137 S Las Posas Rd #153, San Marcos, CA 92078",Leon's Legendary Pizza,San Marcos,CA,Our Otter,Active,Active,Active,24800337,8bc46dce-1ac2-5b18-b18b-c56e846d8108,5852168,,Chris Garner,Eve Paraiso,Vhic Bert Serra,Monday-Sunday: 11AM-9PM
recA2Ie9oJhZ9jjbO,O's American Kitchen - 137 S Las Posas Rd #153,"137 S Las Posas Rd #153, San Marcos, CA 92078",The Sandwich Vibe,San Marcos,CA,Our Otter,Active,Active,Active,24800718,f415507a-76aa-574a-8599-0d667b8c7bd4,5853656,,Chris Garner,Eve Paraiso,Vhic Bert Serra,Monday-Sunday: 11AM-9PM
recHcZjuDIYYZZuAV,Oakwood Bagels - 101 Guyon Ave,"101 Guyon Ave, Staten Island, NY 10306",Doughboys Sandwiches,Staten Island,NY,Their Otter,Active,Active,Active,26292279,685be89d-d648-5498-bea7-c5d4e8414113,7753808,,Ria Jain,Edlyn Manzano,Vhic Bert Serra,Monday-Sunday: 12AM-12AM
recIY4VUyjz2HUxNS,Oakwood Bagels - 101 Guyon Ave,"101 Guyon Ave, Staten Island, NY 10306",First Light Breakfast Cafe,Staten Island,NY,Their Otter,Active,Active,Grubhub Discontinued - Failed Concept,26292110,f32132a9-a77c-51c3-823b-15af1bca706c,7750976,,Ria Jain,Edlyn Manzano,Vhic Bert Serra,Monday-Sunday: 12AM-12AM
rectFx7XO5ByACKZM,Omega Deli & Cafe - 5423 2nd Ave,"5423 2nd Ave, Brooklyn, NY 11220",Suzanne's Sub Sandwiches,Brooklyn,NY,Our Otter,Active,Discontinued by UE,Temporarily Deactivated,2339943,04764d14-7b9d-5fd8-9cfb-b3c523917f3e,8564408,Mau Liboon,Chris Garner,Edlyn Manzano,Vhic Bert Serra, 24/7
recZSDF84URG25a0P,Omega Deli & Cafe - 5423 2nd Ave,"5423 2nd Ave, Brooklyn, NY 11220",Luke's Breakfast Club,Brooklyn,NY,Our Otter,DoorDash - Discontinued,Discontinued by UE,Temporarily Deactivated,23129899,1168c94c-9c62-5679-ba1c-fecdccfd720e,3309768,Mau Liboon,Chris Garner,Edlyn Manzano,Vhic Bert Serra, 24/7
rec3TonsljtOg6MLk,Omega Deli & Cafe - 5423 2nd Ave,"5423 2nd Ave, Brooklyn, NY 11220",Village Quesadilla,Brooklyn,NY,Our Otter,DoorDash - Discontinued,Discontinued - UE Low Sales,Temporarily Deactivated,23367622,06962155-a21b-57e2-89d2-47c106546528,3310162,Mau Liboon,Chris Garner,Edlyn Manzano,Vhic Bert Serra, 24/7
rec4CfDGEFVFcZkvN,Omega Deli & Cafe - 5423 2nd Ave,"5423 2nd Ave, Brooklyn, NY 11220",Healthy Salad Bar,Brooklyn,NY,Our Otter,Active,Discontinued by UE,Grubhub - Brand Discontinued,1585823,fe4af2cb-4faf-4af7-9c06-a831379e65ff,2711623,Mau Liboon,Chris Garner,Edlyn Manzano,Vhic Bert Serra, 24/7
rec7M45P8aXfhCVIB,Omega Deli & Cafe - 5423 2nd Ave,"5423 2nd Ave, Brooklyn, NY 11220",Brenda's Panini Palace,Brooklyn,NY,Our Otter,DoorDash - Discontinued,Active,Temporarily Deactivated,1793841,7e997eda-105b-49dd-b54b-6ecc2ee7bf3f,2849615,Mau Liboon,Chris Garner,Edlyn Manzano,Vhic Bert Serra, 24/7
reckb35okKtsizwwr,Omega Deli & Cafe - 5423 2nd Ave,"5423 2nd Ave, Brooklyn, NY 11220",Amore Italian Desserts,Brooklyn,NY,Our Otter,DoorDash - Discontinued,Discontinued by UE,Temporarily Deactivated,1586207,8f1528bb-b329-4ddc-97b2-7d71992c1ef1,8563040,Mau Liboon,Chris Garner,Edlyn Manzano,Vhic Bert Serra, 24/7
recwZMvfUKptyGQls,Omega Deli & Cafe - 5423 2nd Ave,"5423 2nd Ave, Brooklyn, NY 11220",The Burger Joint,Brooklyn,NY,Our Otter,Active,Discontinued by UE,Grubhub - Brand Discontinued,1413374,ffd498b9-91ad-457c-9b50-9171fe36d691,2522901,Mau Liboon,Chris Garner,Edlyn Manzano,Vhic Bert Serra, 24/7
reczGOmGIMwrb7Es5,Omega Deli & Cafe - 5423 2nd Ave,"5423 2nd Ave, Brooklyn, NY 11220",Pete's Famous Hot Wings,Brooklyn,NY,Our Otter,DoorDash - Discontinued,Discontinued - UE Low Sales,Temporarily Deactivated,1797910,77234896-0873-4d12-a44f-b092932ce33e,2795078,Mau Liboon,Chris Garner,Edlyn Manzano,Vhic Bert Serra, 24/7
recBc3RrP5iRmAlSg,Omega Deli & Cafe - 5423 2nd Ave,"5423 2nd Ave, Brooklyn, NY 11220",Mary's Omelette Bar,Brooklyn,NY,Our Otter,DoorDash - Discontinued,Discontinued by UE,Temporarily Deactivated,23129944,754621c6-78aa-5bef-8546-230ae6c0c815,3310415,Mau Liboon,Chris Garner,Edlyn Manzano,Vhic Bert Serra, 24/7
recD8GeCCpCGll6RH,Omega Deli & Cafe - 5423 2nd Ave,"5423 2nd Ave, Brooklyn, NY 11220",The Smooth Eaze,Brooklyn,NY,Our Otter,DoorDash - Discontinued,Discontinued by UE,Temporarily Deactivated,23129970,e71afedb-308c-57a0-a372-9776b0446137,3309841,Mau Liboon,Chris Garner,Edlyn Manzano,Vhic Bert Serra, 24/7
recmlqYqzbwzPUBZZ,Omega Grill - 253 E 172nd St,"253 E 172nd St, The Bronx, NY 10457",The Burger Bae,The Bronx,NY,Our Otter,Temporarily Deactivated,Discontinued - UE Low Sales,Grubhub - Brand Discontinued,23134814,dc07d1f1-d0a2-5fb4-9dfa-1730bb4cbd2a,3310312,Tana Jean Frances Liboon,Chris Garner,Edlyn Manzano,Vhic Bert Serra,"Monday–Friday: 6:00 AM – 10:00 PM, Saturday–Sunday: 8:00 AM – 9:00 PM (Last Order Acceptance: 30 minutes prior to closing time)"
recpjkd4V98rRR8VP,Omega Grill - 253 E 172nd St,"253 E 172nd St, The Bronx, NY 10457",The Trojan Gyro Bar,The Bronx,NY,Our Otter,DoorDash - Discontinued,Discontinued - UE Low Sales,Temporarily Deactivated,23158866,53b9ffa1-b2a0-564f-8d9d-67044dc8c365,3309769,Tana Jean Frances Liboon,Chris Garner,Edlyn Manzano,Vhic Bert Serra,"Monday–Friday: 6:00 AM – 10:00 PM, Saturday–Sunday: 8:00 AM – 9:00 PM (Last Order Acceptance: 30 minutes prior to closing time)"
recqXpFuurDrpnT5K,Omega Grill - 253 E 172nd St,"253 E 172nd St, The Bronx, NY 10457",The Burger Project,The Bronx,NY,Our Otter,DoorDash - Discontinued,Discontinued by UE,Temporarily Deactivated,1413385,1a8c1c6b-78eb-484a-8259-430573ea6241,2509865,Tana Jean Frances Liboon,Chris Garner,Edlyn Manzano,Vhic Bert Serra,"Monday–Friday: 6:00 AM – 10:00 PM, Saturday–Sunday: 8:00 AM – 9:00 PM (Last Order Acceptance: 30 minutes prior to closing time)"
rec4QI2SaDFhsOLnj,Omega Grill - 253 E 172nd St,"253 E 172nd St, The Bronx, NY 10457",The Pancake Spot,The Bronx,NY,Our Otter,Temporarily Deactivated,Discontinued by UE,Grubhub - Brand Discontinued,1567795,4a31dcac-c7d8-48ac-9367-9940e9be8e0a,2715511,Tana Jean Frances Liboon,Chris Garner,Edlyn Manzano,Vhic Bert Serra,"Monday–Friday: 6:00 AM – 10:00 PM, Saturday–Sunday: 8:00 AM – 9:00 PM (Last Order Acceptance: 30 minutes prior to closing time)"
recAh1g85Z6ImLpU2,Omega Grill - 253 E 172nd St,"253 E 172nd St, The Bronx, NY 10457",Fat Cheesesteaks,The Bronx,NY,Our Otter,Temporarily Deactivated,Discontinued - UE Low Sales,Grubhub Discontinued - Failed Concept,1413372,e913d988-4f0a-43b0-adab-678539cf2c47,8568832,Tana Jean Frances Liboon,Chris Garner,Edlyn Manzano,Vhic Bert Serra,"Monday–Friday: 6:00 AM – 10:00 PM, Saturday–Sunday: 8:00 AM – 9:00 PM (Last Order Acceptance: 30 minutes prior to closing time)"
recrVrWKebb9yNDAG,Omega Salad Bar & Deli - 353 W 125th St,"353 W 125th St, New York, NY 10027",Famous Gyro Bar,New York,NY,Our Otter,Temporarily Deactivated,Discontinued by UE,Grubhub Discontinued - Failed Concept,23135972,4e7665a6-219c-5189-b52c-dc3caa7a1dac,3310047,,Ria Jain,Rachelle Kate Funa,Vhic Bert Serra,24/7
recttYA513hUXUZSf,Omega Salad Bar & Deli - 353 W 125th St,"353 W 125th St, New York, NY 10027",Sal's Smoothie Spot,New York,NY,Our Otter,Temporarily Deactivated,Discontinued - UE Low Sales,Grubhub Discontinued - Failed Concept,1835949,25d1c1ef-97b2-418c-827b-aa5b0e1d6e1d,2817174,,Ria Jain,Rachelle Kate Funa,Vhic Bert Serra,24/7
rec9AHKr69x1snm4V,Omega Salad Bar & Deli - 353 W 125th St,"353 W 125th St, New York, NY 10027",Italian Dessert Spot,New York,NY,Our Otter,Temporarily Deactivated,Temporarily Deactivated,Temporarily Deactivated,1588326,cf2431fb-294a-4cb6-82c8-299ae115ef89,2711621,,Ria Jain,Rachelle Kate Funa,Vhic Bert Serra,24/7
recSI3nAuC9N2H1Ls,Omega Salad Bar & Deli - 353 W 125th St,"353 W 125th St, New York, NY 10027",Lucy's Pancake Bar,New York,NY,Our Otter,Temporarily Deactivated,Temporarily Deactivated,Grubhub - Brand Discontinued,1591151,cd3fd674-db5b-4eff-bc2d-d5778e5561ca,2711724,,Ria Jain,Rachelle Kate Funa,Vhic Bert Serra,24/7
recTYX7Ni4MQamYdU,Omega Salad Bar & Deli - 353 W 125th St,"353 W 125th St, New York, NY 10027",The Gyro Snob,New York,NY,Our Otter,Temporarily Deactivated,Temporarily Deactivated,Temporarily Deactivated,1586776,450b24c3-c874-46fe-894a-849569ed0c8b,2648256,,Ria Jain,Rachelle Kate Funa,Vhic Bert Serra,24/7
recUir5L8YiG3fX5c,Omega Salad Bar & Deli - 353 W 125th St,"353 W 125th St, New York, NY 10027",The Burger Passion,New York,NY,Our Otter,Temporarily Deactivated,Discontinued by UE,Grubhub - Brand Discontinued,23135532,06bedd1e-2b74-54ac-96e9-64888c43e311,3309847,,Ria Jain,Rachelle Kate Funa,Vhic Bert Serra,24/7
recVtFrtLLke18eVo,Omega Salad Bar & Deli - 353 W 125th St,"353 W 125th St, New York, NY 10027",The Chopped Salad,New York,NY,Our Otter,Temporarily Deactivated,Temporarily Deactivated,Temporarily Deactivated,1586799,8059adc0-e6b7-4a57-86c3-19c6fe86a1f8,8564416,,Ria Jain,Rachelle Kate Funa,Vhic Bert Serra,24/7
recVJH4wlrMCldsF7,Omega Salad Bar & Deli - 353 W 125th St,"353 W 125th St, New York, NY 10027",The Gourmet Burger,New York,NY,Our Otter,DoorDash - Discontinued,Discontinued - UE Low Sales,Temporarily Deactivated,1413386,365aabab-014e-4bf1-9f9b-5cb0711aa77b,2534012,,Ria Jain,Rachelle Kate Funa,Vhic Bert Serra,24/7
recnNJFfZJ5IKWqvV,Original Picken Chicken - 228 George St,"228 George St, New Brunswick, NJ 08901",Philly Cheesesteak Artists,New Brunswick,NJ,Our Otter,DoorDash - Discontinued,Discontinued - UE Low Sales,Active,1797916,3311bd65-0fa4-46bc-b3f0-44519876730b,2795258,Tana Jean Frances Liboon,Chris Garner,Edlyn Manzano,Jixford L. Polo,"Monday - Thursday: 11am - 12am, Friday - Saturday: 11am - 1am, Sunday: 11am - 9pm"
rect5cfvtfrwjYVLa,Original Picken Chicken - 228 George St,"228 George St, New Brunswick, NJ 08901",Sandwich On Fleek,New Brunswick,NJ,Our Otter,DoorDash - Discontinued,Discontinued - UE Low Sales,Active,23046217,99a40362-bdde-50c7-a480-3d314d6c1fe7,3310580,Tana Jean Frances Liboon,Chris Garner,Edlyn Manzano,Jixford L. Polo,"Monday - Thursday: 11am - 12am, Friday - Saturday: 11am - 1am, Sunday: 11am - 9pm"
rectqxGy30HbhHBXs,Original Picken Chicken - 228 George St,"228 George St, New Brunswick, NJ 08901",Fried Chicken Savage,New Brunswick,NJ,Our Otter,Active,Discontinued by UE,Active,23046055,43e2ccc3-94e5-5fa2-ae92-bb117a017476,3310982,Tana Jean Frances Liboon,Chris Garner,Edlyn Manzano,Jixford L. Polo,"Monday - Thursday: 11am - 12am, Friday - Saturday: 11am - 1am, Sunday: 11am - 9pm"
recvVprmu7UqTg2p8,Original Picken Chicken - 228 George St,"228 George St, New Brunswick, NJ 08901",Wraps On Tap,New Brunswick,NJ,Our Otter,Active,Onboarding - Pending,Active,34340759,f2286e3f-a79c-5f54-bf54-7ad6aed677ea,10493408,Tana Jean Frances Liboon,Chris Garner,Edlyn Manzano,Jixford L. Polo,"Monday-Saturday: 10:30AM-1:00AM, Sunday: 10:30AM-9PM"
recvKFx9U1JQDTpsi,Original Picken Chicken - 228 George St,"228 George St, New Brunswick, NJ 08901",Harry's Sandwich House,New Brunswick,NJ,Our Otter,Active,Onboarding - Pending,Active,32863831,e7c17cf2-dfad-5dcf-9bbe-8fd53578274b,10493416,Tana Jean Frances Liboon,Chris Garner,Edlyn Manzano,Jixford L. Polo,"Monday-Saturday: 10:30AM-1:00AM, Sunday: 10:30AM-9PM"
recWspkzLjB6RvtAT,Original Picken Chicken - 228 George St,"228 George St, New Brunswick, NJ 08901",High Life Pizzas,New Brunswick,NJ,Our Otter,DoorDash - Discontinued,Active,Active,1340365,d62628f4-9b10-4099-aed0-69f904a3a91e,2457878,Tana Jean Frances Liboon,Chris Garner,Edlyn Manzano,Jixford L. Polo,"Monday - Thursday: 11am - 12am, Friday - Saturday: 11am - 1am, Sunday: 11am - 9pm"
rec2WjcRaqBm92bbk,Original Picken Chicken - 228 George St,"228 George St, New Brunswick, NJ 08901",Addictive Fried Chicken,New Brunswick,NJ,Our Otter,Active,Discontinued by UE,Active,1183154,dd9e229b-96d8-4f4d-bc0f-6394b9185a32,2353632,Tana Jean Frances Liboon,Chris Garner,Edlyn Manzano,Jixford L. Polo,"Monday - Thursday: 11am - 12am, Friday - Saturday: 11am - 1am, Sunday: 11am - 9pm"
reccY8B78g8GOhDBl,Original Picken Chicken - 228 George St,"228 George St, New Brunswick, NJ 08901",Jacks Cheesesteaks,New Brunswick,NJ,Our Otter,Temp Deactivated (was Active - ob in process),Onboarding - Pending,Active,37566147,aa5d2130-ab2e-5978-b17a-f0b227f60689,10491640,Tana Jean Frances Liboon,Chris Garner,Edlyn Manzano,Jixford L. Polo,"Monday - Thursday: 11:00 AM - 12:00 AM, Friday - Saturday: 11:00 AM - 1:00 AM, Sunday: 11:00 AM - 9:00 PM"
recfmq0QA44SWmSrH,Original Picken Chicken - 228 George St,"228 George St, New Brunswick, NJ 08901",BBQ Ribs Co.,New Brunswick,NJ,Our Otter,Active,Discontinued by UE,Active,1477944,e393510f-e1a5-458b-b256-092a7e5a962b,2457466,Tana Jean Frances Liboon,Chris Garner,Edlyn Manzano,Jixford L. Polo,"Monday - Thursday: 11am - 12am, Friday - Saturday: 11am - 1am, Sunday: 11am - 9pm"
rechU3hhBJ5FicdEK,Original Picken Chicken - 228 George St,"228 George St, New Brunswick, NJ 08901",The Minister Wraps,New Brunswick,NJ,Our Otter,DoorDash - Discontinued,Discontinued by UE,Active,1795240,d0b30bbe-f441-4f50-9df3-23136de0307c,2795348,Tana Jean Frances Liboon,Chris Garner,Edlyn Manzano,Jixford L. Polo,"Monday - Thursday: 11am - 12am, Friday - Saturday: 11am - 1am, Sunday: 11am - 9pm"
reciHyFfEKqbJblkb,Original Picken Chicken - 228 George St,"228 George St, New Brunswick, NJ 08901",Erica's Shake Shack,New Brunswick,NJ,Our Otter,Temp Deactivated (was Active - ob in process),Onboarding - Pending,Active,37566393,9f97fe81-7002-50a7-9e3b-3b98e226237a,10494968,Tana Jean Frances Liboon,Chris Garner,Edlyn Manzano,Jixford L. Polo,"Monday - Thursday: 11:00 AM - 12:00 AM, Friday - Saturday: 11:00 AM - 1:00 AM, Sunday: 11:00 AM - 9:00 PM"
recjBbSsqq0W6fKdC,Original Picken Chicken - 228 George St,"228 George St, New Brunswick, NJ 08901",The Breakfast Snob,New Brunswick,NJ,Our Otter,DoorDash - Discontinued,Discontinued - UE Low Sales,Active,1328686,1747d549-5dd1-4722-945b-26c77d5e6411,2457681,Tana Jean Frances Liboon,Chris Garner,Edlyn Manzano,Jixford L. Polo,"Monday - Thursday: 11am - 12am, Friday - Saturday: 11am - 1am, Sunday: 11am - 9pm"
reclVjDbJfLKaUv81,Original Picken Chicken - 228 George St,"228 George St, New Brunswick, NJ 08901",Midtown Quesadillas Snob,New Brunswick,NJ,Our Otter,DoorDash - Discontinued,Discontinued - UE Low Sales,Active,1797903,8965f5d6-25c6-4564-8a93-4606ccce526a,2796227,Tana Jean Frances Liboon,Chris Garner,Edlyn Manzano,Jixford L. Polo,"Monday - Thursday: 11am - 12am, Friday - Saturday: 11am - 1am, Sunday: 11am - 9pm"
recxeoMynG2G4gM04,Original Picken Chicken - 228 George St,"228 George St, New Brunswick, NJ 08901",Healthy Salad Bar,New Brunswick,NJ,Our Otter,DoorDash - Discontinued,Discontinued by UE,Active,1797472,1a8a0735-5458-411f-a1fa-6076ba0044ad,2796228,Tana Jean Frances Liboon,Chris Garner,Edlyn Manzano,Jixford L. Polo,"Monday - Thursday: 11am - 12am, Friday - Saturday: 11am - 1am, Sunday: 11am - 9pm"
recCFBdhVyTISPGHG,Original Picken Chicken - 228 George St,"228 George St, New Brunswick, NJ 08901",Village Quesadilla,New Brunswick,NJ,Our Otter,Active,Onboarding - Pending,Active,34344153,af46b707-c926-592e-8473-a7b25a17ad75,10498104,Tana Jean Frances Liboon,Chris Garner,Edlyn Manzano,Jixford L. Polo,"Monday - Thursday: 11:00 AM - 12:00 AM, Friday - Saturday: 11:00 AM - 1:00 AM, Sunday: 11:00 AM - 9:00 PM"
recFuCl4pqV3cXOFi,Original Picken Chicken - 228 George St,"228 George St, New Brunswick, NJ 08901",Danny's Desserts,New Brunswick,NJ,Our Otter,DoorDash - Discontinued,Discontinued by UE,Active,1794368,93dde8ec-1d1f-42fd-a6f5-aae4977cc8c1,2795079,Tana Jean Frances Liboon,Chris Garner,Edlyn Manzano,Jixford L. Polo,"Monday - Thursday: 11am - 12am, Friday - Saturday: 11am - 1am, Sunday: 11am - 9pm"
recJ0zmjCppT9qGoA,Original Picken Chicken - 228 George St,"228 George St, New Brunswick, NJ 08901",The Dessert Dream,New Brunswick,NJ,Our Otter,DoorDash - Discontinued,Discontinued by UE,Active,23045934,8f1ca2ec-e476-5bfe-9deb-8ec24ccf3cad,3310683,Tana Jean Frances Liboon,Chris Garner,Edlyn Manzano,Jixford L. Polo,"Monday - Thursday: 11am - 12am, Friday - Saturday: 11am - 1am, Sunday: 11am - 9pm"
recJfcNGfe38FJjNl,Original Picken Chicken - 228 George St,"228 George St, New Brunswick, NJ 08901",Vegetarian Sandwich Boss,New Brunswick,NJ,Our Otter,Active,Discontinued - UE Low Sales,Active,23046141,98474a08-b17a-5021-95ae-578890856fff,3310890,Tana Jean Frances Liboon,Chris Garner,Edlyn Manzano,Jixford L. Polo,"Monday - Thursday: 11am - 12am, Friday - Saturday: 11am - 1am, Sunday: 11am - 9pm"
recK6NjYgaTAwmDMf,Original Picken Chicken - 228 George St,"228 George St, New Brunswick, NJ 08901",Mary's Salad Co,New Brunswick,NJ,Our Otter,Active,Onboarding - Pending,Active,32948181,76147b0b-4db4-501a-9ae7-bc496ea136dd,10494976,Tana Jean Frances Liboon,Chris Garner,Edlyn Manzano,Jixford L. Polo,"Monday - Thursday: 11:00 AM - 12:00 AM, Friday - Saturday: 11:00 AM - 1:00 AM, Sunday: 11:00 AM - 9:00 PM"
recPmmjOgN7R1MxuW,Original Picken Chicken - 228 George St,"228 George St, New Brunswick, NJ 08901",Hot Sandwich Bar,New Brunswick,NJ,Our Otter,Active,Onboarding - Pending,Active,32863847,085233c9-5144-5e47-b30c-e796e7b34913,10494984,Tana Jean Frances Liboon,Chris Garner,Edlyn Manzano,Jixford L. Polo,"Monday - Thursday: 11:00 AM - 12:00 AM, Friday - Saturday: 11:00 AM - 1:00 AM, Sunday: 11:00 AM - 9:00 PM"
recR9VGIsCBiPIEiY,Original Picken Chicken - 228 George St,"228 George St, New Brunswick, NJ 08901",Pita Sandwich Bite,New Brunswick,NJ,Our Otter,Active,Discontinued by UE,Active,23045921,92368722-6fb9-5803-a8f6-9a299ca54287,3310779,Tana Jean Frances Liboon,Chris Garner,Edlyn Manzano,Jixford L. Polo,"Monday - Thursday: 11am - 12am, Friday - Saturday: 11am - 1am, Sunday: 11am - 9pm"
recUoFdnuoIGOe7J1,Original Picken Chicken - 228 George St,"228 George St, New Brunswick, NJ 08901",The Sandwich Cafe,New Brunswick,NJ,Our Otter,DoorDash - Discontinued,Discontinued by UE,Active,1466311,c4e325b7-747e-4339-95b9-379c4b66b3be,2457877,Tana Jean Frances Liboon,Chris Garner,Edlyn Manzano,Jixford L. Polo,"Monday - Thursday: 11am - 12am, Friday - Saturday: 11am - 1am, Sunday: 11am - 9pm"
recm0IrRpyA67LpO3,P & L Grill & Diner - 590 32nd St,"590 32nd St, Union City, NJ 07087",Toast N Roast Breakfast Sandwiches,Union City,NJ,Their Otter,Active,Discontinued - UE Low Sales,Active,23549308,f3662d66-672e-558f-a8b9-c3a6a911be95,3312245,Tana Jean Frances Liboon,Ria Jain,Edlyn Manzano,Vhic Bert Serra,"Monday-Saturday: 7am-3:30pm, Sunday: 7am-2:30pm"
recidlhSLpQfJPy0F,P & L Grill & Diner - 590 32nd St,"590 32nd St, Union City, NJ 07087",Stan's Burger Bar,Union City,NJ,Their Otter,Active,Discontinued - UE Low Sales,Active,1778083,feaba842-1ff9-4c86-bae5-b4e2977156cb,2786765,Tana Jean Frances Liboon,Ria Jain,Edlyn Manzano,Vhic Bert Serra,"Monday-Saturday: 7am-3:30pm, Sunday: 7am-2:30pm"
recjMjWTjPuWut4qt,P & L Grill & Diner - 590 32nd St,"590 32nd St, Union City, NJ 07087",Fierce Chicken Sandwich,Union City,NJ,Their Otter,Active,Onboarding - Pending,Active,32863877,ca14e3f6-8c6d-58f5-8758-13e5da9daca9,10499896,Tana Jean Frances Liboon,Ria Jain,Edlyn Manzano,Vhic Bert Serra,"Monday-Saturday: 7am-3:30pm, Sunday: 7am-2:30pm"
reclaL1X78GeQ10WY,P & L Grill & Diner - 590 32nd St,"590 32nd St, Union City, NJ 07087",Fiona's Ultimate Wraps,Union City,NJ,Their Otter,DoorDash - Discontinued,Discontinued - UE Low Sales,Active,23549233,78a7a83d-b07a-5841-b017-faebc439673b,3312244,Tana Jean Frances Liboon,Ria Jain,Edlyn Manzano,Vhic Bert Serra,"Monday-Saturday: 7am-3:30pm, Sunday: 7am-2:30pm"
recEo4dAPwfU2zinO,P & L Grill & Diner - 590 32nd St,"590 32nd St, Union City, NJ 07087",Prime Burger Lounge,Union City,NJ,Their Otter,DoorDash - Discontinued,Discontinued - UE Low Sales,Active,23549310,2b6518cb-897f-5837-82ef-e7e2c1cd4844,3310190,Tana Jean Frances Liboon,Ria Jain,Edlyn Manzano,Vhic Bert Serra,"Monday-Saturday: 7am-3:30pm, Sunday: 7am-2:30pm"
recSn3pMx31a2U7ld,P & L Grill & Diner - 590 32nd St,"590 32nd St, Union City, NJ 07087",Ali's Gyro Lab,Union City,NJ,Their Otter,DoorDash - Discontinued,Discontinued - UE Low Sales,Active,1777823,28eab079-8c3f-48a5-8324-84a0ab2a891d,2786868,Tana Jean Frances Liboon,Ria Jain,Edlyn Manzano,Vhic Bert Serra,"Monday-Saturday: 7am-3:30pm, Sunday: 7am-2:30pm"
recsfCWaiVTbbmvAH,Sara’s Pizza - 2627 W Jefferson Blvd Ste 217,"2627 W Jefferson Blvd Ste 217, Dallas, TX 75211",Sandwich On Fleek,Dallas,TX,Their Otter,Active,Active,Grubhub Discontinued - Failed Concept,26000640,3aace0cc-8b04-5481-847c-57768e7bdaf8,7097424,Miguel Josue,Ria Jain,Edlyn Manzano,Vhic Bert Serra,"TODC Hours: Mon-Fri 10:00 AM- 8:30 PM, Sat & Sun 3:00 PM- 9:30 PM"
recFLRpi429OnKPRv,Sara’s Pizza - 2627 W Jefferson Blvd Ste 217,"2627 W Jefferson Blvd Ste 217, Dallas, TX 75211",Gooey Mac N cheez,Dallas,TX,Their Otter,Active,Active,Active,26000460,20ffbdd9-8c9c-55b7-abc0-6b823af85f7e,7097432,Miguel Josue,Ria Jain,Edlyn Manzano,Vhic Bert Serra,"TODC Hours: Mon-Fri 10:00 AM- 8:30 PM, Sat & Sun 3:00 PM- 9:30 PM"
recsxeUCvNdM5lcta,Pancake House - 7701 Garrison Road,"7701 Garrison Road, Hyattsville, MD 20784",The Pancake Flip,Hyattsville,MD,Referral: Their Otter,Active,Active,Not Onboarded by GH,24227554,2aa08ed8-9069-582c-a4be-021f1ae23830,,,Chris Garner,Edlyn Manzano,Vhic Bert Serra,Monday-Sunday: 6AM-2PM
rec7zFIUsXLY3HGCW,Pancake House - 7701 Garrison Road,"7701 Garrison Road, Hyattsville, MD 20784",Fiona's Breakfast Burritos,Hyattsville,MD,Referral: Their Otter,Active,Discontinued - UE Low Sales,Not Onboarded by GH,24227583,a2d142a9-9c80-501a-9038-46d439734c9f,,,Chris Garner,Edlyn Manzano,Vhic Bert Serra,Monday-Sunday: 6AM-2PM
rechbADSDjM3ebPuv,Pancake House - 7701 Garrison Road,"7701 Garrison Road, Hyattsville, MD 20784",Luke's Breakfast Club,Hyattsville,MD,Referral: Their Otter,Active,Active,Not Onboarded by GH,24227611,eba23c5a-3f7e-5bbc-a10a-77fba75e33ad,,,Chris Garner,Edlyn Manzano,Vhic Bert Serra,Monday-Sunday: 6AM-2PM
reckEVDsDeDBOuSRy,Pancake House - 7701 Garrison Road,"7701 Garrison Road, Hyattsville, MD 20784",Bagel Dynasty,Hyattsville,MD,Referral: Their Otter,Active,Active,Not Onboarded by GH,24227486,894cf585-f4f0-502d-8555-ec991f39efe7,,,Chris Garner,Edlyn Manzano,Vhic Bert Serra,Monday-Sunday: 6AM-2PM
recFUqGEohJGPAkpV,Pancake House - 7701 Garrison Road,"7701 Garrison Road, Hyattsville, MD 20784",Beeman's Burger Bar,Hyattsville,MD,Referral: Their Otter,Active,Discontinued - UE Low Sales,Not Onboarded by GH,24227521,cab46338-e3b9-5cfc-bdcc-b4d16ff736a2,,,Chris Garner,Edlyn Manzano,Vhic Bert Serra,Monday-Sunday: 6AM-2PM
recmFPL9UGqtDZWPa,Panini Cafe - 589 1st Avenue,"589 1st Avenue, New York, NY 10016",Jose's Burrito Bar,New York,NY,Our Otter,Active,Active,Active,768836,54d3e90e-09f1-4515-a334-bf30f1cbbb31,1940022,Tana Jean Frances Liboon,Ria Jain,Ferlyn Torres,Vhic Bert Serra,24/7
rec0UhdfYKgmS3mAw,Panini Cafe - 589 1st Avenue,"589 1st Avenue, New York, NY 10016",Fiona's French Toast,New York,NY,Our Otter,DoorDash - Discontinued,Discontinued - UE Low Sales,Active,23423583,ff956cc9-c05f-5a1d-affc-066ec0b0b8fe,3310093,Tana Jean Frances Liboon,Ria Jain,Ferlyn Torres,Vhic Bert Serra,24/7
rec1F8DLH01m6jzUk,Panini Cafe - 589 1st Avenue,"589 1st Avenue, New York, NY 10016",Luigi's Pasta Ristorante,New York,NY,Our Otter,DoorDash - Discontinued,Active,Active,768811,10529223-8f08-4969-9338-60dda2e57289,1938953,Tana Jean Frances Liboon,Ria Jain,Ferlyn Torres,Vhic Bert Serra,24/7
rec3gyQiPClvkoeen,Panini Cafe - 589 1st Avenue,"589 1st Avenue, New York, NY 10016",Heavens Chicken Wings,New York,NY,Our Otter,Active,Active,Active,849212,348c2d64-ed39-4a64-9035-0e7168086782,1939835,Tana Jean Frances Liboon,Ria Jain,Ferlyn Torres,Vhic Bert Serra,24/7
reccbAY8qmmhI7xXg,Panini Cafe - 589 1st Avenue,"589 1st Avenue, New York, NY 10016",The Pasta Brothers,New York,NY,Our Otter,Active,Active,Active,32882529,a3955bb0-8e35-5ad5-9bea-1e48ec6c0c09,10359464,Tana Jean Frances Liboon,Ria Jain,Ferlyn Torres,Vhic Bert Serra,24/7
recgNDHNyxtMlUzuc,Panini Cafe - 589 1st Avenue,"589 1st Avenue, New York, NY 10016",Aldo's Wraps Spot,New York,NY,Our Otter,Active,Discontinued - UE Low Sales,Active,2077780,a94dc541-8b4f-414e-8dc8-5b1eb31236eb,2900324,Tana Jean Frances Liboon,Ria Jain,Ferlyn Torres,Vhic Bert Serra,24/7
recNWbmdIeWfYwg1l,Panini Cafe - 589 1st Avenue,"589 1st Avenue, New York, NY 10016",Princess Panini,New York,NY,Our Otter,Active,Discontinued - UE Low Sales,Active,2101672,afd6524a-73d6-43eb-9034-9ffd82e363ec,2900607,Tana Jean Frances Liboon,Ria Jain,Ferlyn Torres,Vhic Bert Serra,24/7
recOLKfEI6ldwB268,Panini Cafe - 589 1st Avenue,"589 1st Avenue, New York, NY 10016",The Omelette Farm,New York,NY,Our Otter,Active,Active,Active,875183,a87a165d-d7ac-4a7a-bba3-4a58a4762721,1967490,Tana Jean Frances Liboon,Ria Jain,Ferlyn Torres,Vhic Bert Serra,24/7
recTSIq1PV1mBfXEA,Panini Cafe - 589 1st Avenue,"589 1st Avenue, New York, NY 10016",Sarah's Salad Bar,New York,NY,Our Otter,Active,Active - Onboarding In Process,Active,33886771,b94370f7-fa5a-5ef6-93e3-17ecf81ad133,10566448,Tana Jean Frances Liboon,Ria Jain,Ferlyn Torres,Vhic Bert Serra,24/7
recqeJcRZlDUNyEYi,Panini Grill - 937 1st Avenue,"937 1st Avenue, New York, NY 10022",Muf's Muffin Shop,New York,NY,Our Otter,DoorDash - Discontinued,Discontinued - UE Low Sales,Active,23549433,d89cc973-97a6-587a-ba0d-77668ef81e47,3312441,Tana Jean Frances Liboon,Chris Garner,Janice Mauricio,Vhic Bert Serra,Monday-Sunday: 12AM-12AM
recrDZVO0IhiEAaCJ,Panini Grill - 937 1st Avenue,"937 1st Avenue, New York, NY 10022",Breakfast Burrito Snob,New York,NY,Our Otter,Active,Discontinued by UE,Active,1050862,64cb768c-49ef-4dc6-99a7-0bcccf4d6f1b,2286300,Tana Jean Frances Liboon,Chris Garner,Janice Mauricio,Vhic Bert Serra,Monday-Sunday: 12AM-12AM
recrqd7VSNAHa3cmf,Panini Grill - 937 1st Avenue,"937 1st Avenue, New York, NY 10022",Holly's Burger Bar,New York,NY,Our Otter,Active,Onboarding - Pending,Active,32863849,09c17c2a-f6ad-5833-9dda-08a8d22f6b8c,10494992,Tana Jean Frances Liboon,Chris Garner,Janice Mauricio,Vhic Bert Serra,24/7
recsJjcD3E9Cbtbyw,Panini Grill - 937 1st Avenue,"937 1st Avenue, New York, NY 10022",Quinten's Quinoa Bowls,New York,NY,Our Otter,Active,Onboarding - Pending,Active,35639813,c406c719-1e98-5ada-be8c-ce11646aa1f6,10496520,Tana Jean Frances Liboon,Chris Garner,Janice Mauricio,Vhic Bert Serra,24/7
rectZr5LSSOYJbWEP,Panini Grill - 937 1st Avenue,"937 1st Avenue, New York, NY 10022",Princess Panini,New York,NY,Our Otter,Active,Onboarding - Pending,Active,32985745,6f417f94-eeae-5ac2-a58a-de90f252cfb5,10493424,Tana Jean Frances Liboon,Chris Garner,Janice Mauricio,Vhic Bert Serra,24/7
rectCL699dk8Lumn0,Panini Grill - 937 1st Avenue,"937 1st Avenue, New York, NY 10022",Stella's Slammin' Burgers,New York,NY,Our Otter,Active - Onboarding In Process,Active,Active,32989131,b1f09dc7-acfa-58b1-bc04-5b30953e460e,9824224,Tana Jean Frances Liboon,Chris Garner,Janice Mauricio,Vhic Bert Serra,24/7
recuZFUrYQBbJA9bN,Panini Grill - 937 1st Avenue,"937 1st Avenue, New York, NY 10022",Snobby Chicken Wings,New York,NY,Our Otter,Active,Active,Active,850181,26bd579e-5664-4f0a-8465-2f5eb5fbe705,1937273,Tana Jean Frances Liboon,Chris Garner,Janice Mauricio,Vhic Bert Serra,Monday-Sunday: 12AM-12AM
recugIyxLAu6bKaE5,Panini Grill - 937 1st Avenue,"937 1st Avenue, New York, NY 10022",Stella's Pancake Bar,New York,NY,Our Otter,Active,Active,Active,833127,c94ccd8d-e9be-4198-8fbe-d5d2814402c8,1938468,Tana Jean Frances Liboon,Chris Garner,Janice Mauricio,Vhic Bert Serra,Monday-Sunday: 12AM-12AM
recYYa1OjTlrzoicn,Panini Grill - 937 1st Avenue,"937 1st Avenue, New York, NY 10022",Jay's Breakfast Bar,New York,NY,Our Otter,DoorDash - Discontinued,Discontinued - UE Low Sales,Active,23906841,2dae3350-6c10-5740-b00b-3c955c37c9c9,4510336,Tana Jean Frances Liboon,Chris Garner,Janice Mauricio,Vhic Bert Serra,Monday-Sunday: 12AM-12AM
recYZexjQA6RD02AT,Panini Grill - 937 1st Avenue,"937 1st Avenue, New York, NY 10022",The Panini Project,New York,NY,Our Otter,DoorDash - Discontinued,Discontinued - UE Low Sales,Active,1586787,1dde4596-c091-41e4-a920-88ad2051f989,2773049,Tana Jean Frances Liboon,Chris Garner,Janice Mauricio,Vhic Bert Serra,Monday-Sunday: 12AM-12AM
rec0RRBdGt9FDRZc0,Panini Grill - 937 1st Avenue,"937 1st Avenue, New York, NY 10022",The Ice Cream Lab,New York,NY,Our Otter,DoorDash - Discontinued,Discontinued by UE,Active,1589169,4f9d9df8-52af-4738-8d44-25fe3245ae55,2776710,Tana Jean Frances Liboon,Chris Garner,Janice Mauricio,Vhic Bert Serra,Monday-Sunday: 12AM-12AM
rec1sTFbUgUezecPa,Panini Grill - 937 1st Avenue,"937 1st Avenue, New York, NY 10022",Maria's Italian Meatballs,New York,NY,Our Otter,Active,Active,Active,834794,be75511f-b737-4253-8dc7-be4d816082a7,1938271,Tana Jean Frances Liboon,Chris Garner,Janice Mauricio,Vhic Bert Serra,Monday-Sunday: 12AM-12AM
recaNLi32CPSvAeR3,Panini Grill - 937 1st Avenue,"937 1st Avenue, New York, NY 10022",The Mexican Cocina,New York,NY,Our Otter,Active,Active,Active,833133,0736df7e-82a7-4faf-b37a-bbdab42a5460,1938070,Tana Jean Frances Liboon,Chris Garner,Janice Mauricio,Vhic Bert Serra,Monday-Sunday: 12AM-12AM
recejPVKJDF32ndoV,Panini Grill - 937 1st Avenue,"937 1st Avenue, New York, NY 10022",Frankie's Burger Bar,New York,NY,Our Otter,DoorDash - Discontinued,Discontinued by UE,Active,1586780,9a277746-d7fa-488d-9bb1-29fcff8ea1e3,2776206,Tana Jean Frances Liboon,Chris Garner,Janice Mauricio,Vhic Bert Serra,Monday-Sunday: 12AM-12AM
recgS1Yapcv6zzlVR,Panini Grill - 937 1st Avenue,"937 1st Avenue, New York, NY 10022",Lola's Smoothie Mix,New York,NY,Our Otter,Active,Onboarding - Pending,Active,32947199,40cf3b10-5224-5a47-afdd-9ab4fa7fa65c,10499904,Tana Jean Frances Liboon,Chris Garner,Janice Mauricio,Vhic Bert Serra,24/7
recjrMk5ZhLqI3nVn,Panini Grill - 937 1st Avenue,"937 1st Avenue, New York, NY 10022",Jewel's Breakfast Joint,New York,NY,Our Otter,Active,Discontinued - UE Low Sales,Active,23549395,9b150361-db2a-540a-ab18-2c29adbfeab8,3310488,Tana Jean Frances Liboon,Chris Garner,Janice Mauricio,Vhic Bert Serra,Monday-Sunday: 12AM-12AM
reczdH0caPJ63JXVk,Panini Grill - 937 1st Avenue,"937 1st Avenue, New York, NY 10022",The Quinoa Craze,New York,NY,Our Otter,DoorDash - Discontinued,Discontinued - UE Low Sales,Active,23549431,6317de56-94d2-54ef-bf65-6d403360e0ae,3312350,Tana Jean Frances Liboon,Chris Garner,Janice Mauricio,Vhic Bert Serra,Monday-Sunday: 12AM-12AM
recIkmNh9iGqNW7CW,Panini Grill - 937 1st Avenue,"937 1st Avenue, New York, NY 10022",The Smoothie Squeeze,New York,NY,Our Otter,DoorDash - Discontinued,Discontinued - UE Low Sales,Active,23549456,ebfeeb30-acb6-5cb2-9fcc-788d684bcc28,3312266,Tana Jean Frances Liboon,Chris Garner,Janice Mauricio,Vhic Bert Serra,Monday-Sunday: 12AM-12AM
recS56SDiYG9UAYzZ,Panini Grill - 937 1st Avenue,"937 1st Avenue, New York, NY 10022",Farmer Girl Salad,New York,NY,Our Otter,DoorDash - Discontinued,Discontinued - UE Low Sales,Active,23549013,13f6cc3b-6e03-532d-98af-f8f77148fa12,3312440,Tana Jean Frances Liboon,Chris Garner,Janice Mauricio,Vhic Bert Serra,Monday-Sunday: 12AM-12AM
recbM38daYTU4VMJO,Village Market & Grill - 164-01 Hillside Ave,"164-01 Hillside Ave, Jamaica, NY 11432",Top Notch Sandwiches,Jamaica,NY,Our Otter,Active,Onboarding - Pending,Active,36256793,f9474f28-1fcb-55a0-8a3c-b717a4e67c2b,10498112,Jan Ceasar Poblete,Chris Garner,Rachelle Kate Funa,Leix Anthony Almeda,24/7
recTOMi0GNdnc6hnT,Village Market & Grill - 164-01 Hillside Ave,"164-01 Hillside Ave, Jamaica, NY 11432",French Omelette Bar,Jamaica,NY,Our Otter,Active,Onboarding - Pending,Active,32863823,c4cb8035-228a-5456-b0b9-37705b56fc97,10491648,Jan Ceasar Poblete,Chris Garner,Rachelle Kate Funa,Leix Anthony Almeda,24/7
reclru6l0NLZaYwMz,Papa Chevere - 703 New York Ave,"703 New York Ave, Union City, NJ 07087",Mary's Chicken Sandwiches,Union City,NJ,Our Otter,Active,Active,Active,34348661,8bdc16c2-e6c0-53fa-ac7c-96bc0c386bbb,10600952,Jan Ceasar Poblete,Chris Garner,Janice Mauricio,Leix Anthony Almeda,Monday - Sunday: 10am - 9pm
rectgFcsYsxGFSZ8r,Paradise Deli - 226 Newark Ave,"226 Newark Ave, Jersey City, NJ 07302",Fresh Seafood House,Jersey City,NJ,Our Otter,Active,Active,Not Onboarded by GH,24636919,a4629426-413f-5515-809e-113bcb2c68ae,,Tana Jean Frances Liboon,Chris Garner,Rachelle Kate Funa,Vhic Bert Serra,Monday-Sunday: 12AM-12AM
recGdyJoqAB87SgdV,Paradise Deli - 226 Newark Ave,"226 Newark Ave, Jersey City, NJ 07302",Olivia's Breakfast Cafe,Jersey City,NJ,Our Otter,Active,Active,Active,1973260,37444a4a-911e-48f5-ba64-fa483ac2e2d2,2900417,Tana Jean Frances Liboon,Chris Garner,Rachelle Kate Funa,Vhic Bert Serra,Monday-Sunday: 12AM-12AM
recYEfo0KGfGzlpF2,Paradise Deli & Grocery ll - 226 1/2 Newark Ave,"226 1/2 Newark Ave, Jersey City, NJ 07302",Fierce Chicken Sandwich,Jersey City,NJ,Our Otter,Active,Active,Not Onboarded by GH,24899866,1c89442f-1cfa-5dfb-bba3-cf306cc4bd41,,,Chris Garner,Rachelle Kate Funa,Vhic Bert Serra,Monday-Sunday: 12AM-12AM
rec6SQGpEDFj8R36I,Paradise Deli & Grocery ll - 226 1/2 Newark Ave,"226 1/2 Newark Ave, Jersey City, NJ 07302",Gourmet Omelette Bar,Jersey City,NJ,Our Otter,Active,Active,Not Onboarded by GH,24556355,395953f3-9754-5fc3-8386-b41ade80bd6f,,,Chris Garner,Rachelle Kate Funa,Vhic Bert Serra,Monday-Sunday: 12AM-12AM
recyjygNvIjtUiGic,Paradise Deli & Grocery ll - 226 1/2 Newark Ave,"226 1/2 Newark Ave, Jersey City, NJ 07302",Bosscat Wings,Jersey City,NJ,Our Otter,Active,Active,Not Onboarded by GH,24899981,bb1a086d-fd4f-52fa-9e6d-0f92d6255657,,,Chris Garner,Rachelle Kate Funa,Vhic Bert Serra,Monday-Sunday: 12AM-12AM
recD28MqvJWOiaEy6,Paradise Deli & Grocery ll - 226 1/2 Newark Ave,"226 1/2 Newark Ave, Jersey City, NJ 07302",Haley's Heavenly Burgers,Jersey City,NJ,Our Otter,Active,Active,Not Onboarded by GH,24556356,67087200-29d9-5a65-9800-d18c3b4b6784,,,Chris Garner,Rachelle Kate Funa,Vhic Bert Serra,Monday-Sunday: 12AM-12AM
recPserOWwRgtutCj,Park View Market Place - 2051 Frederick Douglass Blvd,"2051 Frederick Douglass Blvd, New York, NY 10026",Chanel's Coffee House,New York,NY,Our Otter,Active,Active,Onboarding - Pending,33885415,1886de6a-a0a4-5740-991e-81840e69d60d,,Tana Jean Frances Liboon,Chris Garner,Edlyn Manzano,Jixford L. Polo,"Monday: 6AM-12AM, Tuesday-Sunday: 12AM-12AM"
recC0FSjhBPCdrs5d,Park View Market Place - 2051 Frederick Douglass Blvd,"2051 Frederick Douglass Blvd, New York, NY 10026",Big Ease Smoothies,New York,NY,Our Otter,Active,Active,Onboarding - Pending,33885459,964ab056-9bc7-50cb-82e7-5b2b60f94a74,,Tana Jean Frances Liboon,Chris Garner,Edlyn Manzano,Jixford L. Polo,"Monday: 6AM-12AM, Tuesday-Sunday: 12AM-12AM"
recrCXDUIa44EDCgC,Passage To India - 9510 University City Blvd,"9510 University City Blvd, Charlotte, NC 28213",Palace Indo-Chnese Fusion,Charlotte,NC,Their Otter,DoorDash - Not Approved,Discontinued by UE,Active,,03424801-ad46-5be1-a3af-8888ed2d0e54,6537800,,Chris Garner,Edlyn Manzano,Jixford L. Polo,
recUahGUWkNq1DUEK,Passage To India - 9510 University City Blvd,"9510 University City Blvd, Charlotte, NC 28213",Priya's Indian Kitchen,Charlotte,NC,Their Otter,DoorDash - Discontinued,Discontinued by UE,Active,25070667,94a36b0e-f611-5478-88f9-6784fbffac2c,6539592,,Chris Garner,Edlyn Manzano,Jixford L. Polo,"TODC Menu HOURS: Monday - Sunday: 11:30 AM - 2:30 PM, 5:00 PM - 8:30 PM"
recW3mThh5DuyapY8,People’s Organic Market - 319 Rogers Ave,"319 Rogers Ave, Brooklyn, NY 11225",The Loose Juice,Brooklyn,NY,Our Otter,DoorDash - Discontinued,Discontinued - UE Low Sales,Active,24194632,183ad36a-3fc0-5423-afbc-41939e59daea,4837576,,Chris Garner,Janice Mauricio,Vhic Bert Serra,TODC Adjusted Menu Hours: 6AM - 12AM
recBvSeRLI38QTHe2,People’s Organic Market - 319 Rogers Ave,"319 Rogers Ave, Brooklyn, NY 11225",The Sandwich Vibe,Brooklyn,NY,Our Otter,DoorDash - Discontinued,Discontinued - UE Low Sales,Active,24194634,acbab069-8c83-594a-956d-1f4c0d729cd5,4831664,,Chris Garner,Janice Mauricio,Vhic Bert Serra,TODC Menu Hours: 6AM - 1AM
recFFXSQxSzrTFmnE,People’s Organic Market - 319 Rogers Ave,"319 Rogers Ave, Brooklyn, NY 11225",Olivia's Breakfast Cafe,Brooklyn,NY,Our Otter,Active,Active,Active,24194633,60c1c83a-14a1-58d2-bacf-b81f107fb08c,4837568,,Chris Garner,Janice Mauricio,Vhic Bert Serra,TODC Menu Hours: 6AM - 1AM
recHEQiLTu9UJUXaf,People’s Organic Market - 319 Rogers Ave,"319 Rogers Ave, Brooklyn, NY 11225",The Gyro Bar,Brooklyn,NY,Our Otter,Active,Active,Active,24194631,5b3f12bb-0e7e-5990-971f-2a433325dfd7,4839144,,Chris Garner,Janice Mauricio,Vhic Bert Serra,TODC Menu Hours: 6AM - 1AM
recnI8ErHxqkatV2e,Pick A Bagel - 1101 Lexington Ave,"1101 Lexington Ave, New York, NY 10075",Lee's Coffee & Tea,New York,NY,Our Otter,DoorDash - Discontinued,Discontinued - UE Low Sales,Temporarily Deactivated,23048202,2d90bfca-1893-5b5b-92b9-bd0c795f5ff4,3310687,Jayson Yao,Chris Garner,Eve Paraiso,Jixford L. Polo,TODC Menu Hours: Monday to Saturday: 6:00 AM – 6:30 PM | Sunday: 6:00 AM – 4:30 PM
recpBmmXZCkMzzOFE,Pick A Bagel - 1101 Lexington Ave,"1101 Lexington Ave, New York, NY 10075",Mia's Breakfast Bar,New York,NY,Our Otter,DoorDash - Discontinued,Discontinued - UE Low Sales,Temporarily Deactivated,1740609,31449a25-b868-4a07-979e-3198629cb82d,2785771,Jayson Yao,Chris Garner,Eve Paraiso,Jixford L. Polo,TODC Menu Hours: Monday to Saturday: 6:00 AM – 6:30 PM | Sunday: 6:00 AM – 4:30 PM
recphj2U3Ew3wHWj1,Pick A Bagel - 1101 Lexington Ave,"1101 Lexington Ave, New York, NY 10075",Sunny's Sandwich Bistro,New York,NY,Our Otter,DoorDash - Discontinued,Discontinued - UE Low Sales,Temporarily Deactivated,23047543,83b813a2-23e8-5357-8395-2c49715ed303,3311072,Jayson Yao,Chris Garner,Eve Paraiso,Jixford L. Polo,TODC Menu Hours: Monday to Saturday: 6:00 AM – 6:30 PM | Sunday: 6:00 AM – 4:30 PM
recZKQbY0REm11vtj,Pick A Bagel - 1101 Lexington Ave,"1101 Lexington Ave, New York, NY 10075",Toast N Roast Breakfast Sandwiches,New York,NY,Our Otter,DoorDash - Discontinued,Discontinued - UE Low Sales,Temporarily Deactivated,23047844,687fa6f7-8c39-5e63-98e6-253ce099ec47,3310584,Jayson Yao,Chris Garner,Eve Paraiso,Jixford L. Polo,TODC Menu Hours: Monday to Saturday: 6:00 AM – 6:30 PM | Sunday: 6:00 AM – 4:30 PM
recd0BuDoKeiTN79D,Pick A Bagel - 1101 Lexington Ave,"1101 Lexington Ave, New York, NY 10075",The Pancake Hero,New York,NY,Our Otter,DoorDash - Discontinued,Temporarily Deactivated,Temporarily Deactivated,1533295,22344f52-7f3b-4a4a-a99e-3bff40913543,2667926,Jayson Yao,Chris Garner,Eve Paraiso,Jixford L. Polo,TODC Menu Hours: Monday to Saturday: 6:00 AM – 6:30 PM | Sunday: 6:00 AM – 4:30 PM
receVBXItVspIO3iW,Pick A Bagel - 1101 Lexington Ave,"1101 Lexington Ave, New York, NY 10075",Sunrise Coffee Express,New York,NY,Our Otter,DoorDash - Discontinued,Discontinued - UE Low Sales,Temporarily Deactivated,23047732,274e0b34-055f-5bb5-9653-ed73a6943912,3310688,Jayson Yao,Chris Garner,Eve Paraiso,Jixford L. Polo,TODC Menu Hours: Monday to Saturday: 6:00 AM – 6:30 PM | Sunday: 6:00 AM – 4:30 PM
recNamz8rqF5HiUUc,Pick A Bagel - 1101 Lexington Ave,"1101 Lexington Ave, New York, NY 10075",Top Panini Shop,New York,NY,Our Otter,DoorDash - Discontinued,Discontinued by UE,Temporarily Deactivated,1744301,b84cd547-49a6-409e-9845-5e90c24cc73a,2786543,Jayson Yao,Chris Garner,Eve Paraiso,Jixford L. Polo,TODC Menu Hours: Monday to Saturday: 6:00 AM – 6:30 PM | Sunday: 6:00 AM – 4:30 PM
recRWUKKWmb9yG3iB,Pick A Bagel - 1101 Lexington Ave,"1101 Lexington Ave, New York, NY 10075",Sam's Smoked Salmon,New York,NY,Our Otter,DoorDash - Discontinued,Discontinued - UE Low Sales,Temporarily Deactivated,1742633,835567e1-c8cb-485c-95cd-930203742e51,2786541,Jayson Yao,Chris Garner,Eve Paraiso,Jixford L. Polo,TODC Menu Hours: Monday to Saturday: 6:00 AM – 6:30 PM | Sunday: 6:00 AM – 4:30 PM
rec0a8k3uGzG1YYiq,Pick A Bagel - 1101 Lexington Ave,"1101 Lexington Ave, New York, NY 10075",Grandma's Breakfast Sandwiches,New York,NY,Our Otter,Temporarily Deactivated,Temporarily Deactivated,Onboarding - Pending,32927458,228494cf-9a70-5d9d-a7f6-fd1ed4838330,,Jayson Yao,Chris Garner,Eve Paraiso,Jixford L. Polo,TODC Menu Hours: Monday to Saturday: 6:00 AM – 6:30 PM | Sunday: 6:00 AM – 4:30 PM
recvZK9ENUzqpK6ZB,Pizza Time - 2511 Washington Blvd,"2511 Washington Blvd, Baltimore, MD 21230",Chicken Sandwich Loft,Baltimore,MD,Our Otter,Active,Active,Active,27667571,f3326e74-ec7a-5114-80dd-f6fd77bd532f,8570024,,Ria Jain,Edlyn Manzano,Vhic Bert Serra,Monday-Sunday: 11AM-12AM
recbnSeQ3k2kmBkAJ,Pizza Time - 2511 Washington Blvd,"2511 Washington Blvd, Baltimore, MD 21230",The Calzone Empire,Baltimore,MD,Our Otter,Active,Active,Active,27667607,ef3eb5e0-92ea-5bcd-9672-25f910659849,8566088,,Ria Jain,Edlyn Manzano,Vhic Bert Serra,Monday-Sunday: 11AM-12AM
recfjPMEvryDcq919,Pizza Time - 2511 Washington Blvd,"2511 Washington Blvd, Baltimore, MD 21230",The Burger Project,Baltimore,MD,Our Otter,Active,Active,Active,27667605,3ca3def9-5487-5af1-964f-484b816e96ef,8564424,,Ria Jain,Edlyn Manzano,Vhic Bert Serra,Monday-Sunday: 11AM-12AM
recsTqkkMT4tzMO5A,Pizza twist - 4115 Concord Blvd Suite 70,"4115 Concord Blvd Suite 70, Concord, CA 94519",Italian Pasta Lounge,Concord,CA,Their Otter,Active,Onboarding - Pending,Onboarding - Pending,32961985,e38bb53c-33a7-5ddd-a359-1da0e6178378,,Tana Jean Frances Liboon,Ria Jain,Edlyn Manzano,Jixford L. Polo,Monday-Sunday: 10am to last order 2:55AM. 
rec7YszAgYGoL6lW4,Pizza Works - 456 Grove St,"456 Grove St, Worcester, MA 01605",Hella Good Chicken Wings,Worcester,MA,Their Otter,DoorDash - Discontinued,Discontinued - UE Low Sales,Active,23693112,ff1329e8-f93a-595f-b827-87a3a88281bf,3372456,Tana Jean Frances Liboon,Ria Jain,Ferlyn Torres,Leix Anthony Almeda,TODC Hours: Monday to Thursday: 11:00 AM – 8:45 PM / Friday: 11:00 AM – 9:45 PM / Saturday: 12:00 AM – 9:45 PM / Sunday: 4:00 PM – 8:45 PM
recHURoCksLX3xGlU,Pizza Works - 456 Grove St,"456 Grove St, Worcester, MA 01605",Chicken Sandwich Loft,Worcester,MA,Their Otter,DoorDash - Discontinued,Discontinued - UE Low Sales,Active,23692461,f87477f9-4003-54ee-8bb7-2277e49cfc21,3372661,Tana Jean Frances Liboon,Ria Jain,Ferlyn Torres,Leix Anthony Almeda,TODC Hours: Monday to Thursday: 11:00 AM – 8:45 PM / Friday: 11:00 AM – 9:45 PM / Saturday: 12:00 AM – 9:45 PM / Sunday: 4:00 PM – 8:45 PM
rechh3yCzsOHpF5JV,Pizza Works - 456 Grove St,"456 Grove St, Worcester, MA 01605",Fierce Chicken Sandwich,Worcester,MA,Their Otter,Active,Active - Onboarding In Process,Onboarding - Pending,32863881,8d04d768-3516-5df4-92eb-8d2a8654d1d1,,Tana Jean Frances Liboon,Ria Jain,Ferlyn Torres,Leix Anthony Almeda,TODC Hours: Monday to Thursday: 11:00 AM – 8:45 PM / Friday: 11:00 AM – 9:45 PM / Saturday: 12:00 AM – 9:45 PM / Sunday: 4:00 PM – 8:45 PM
recOPocGzOaQFlyQN,Pizza Works - 456 Grove St,"456 Grove St, Worcester, MA 01605",The Pasta Brothers,Worcester,MA,Their Otter,Active,Active - Onboarding In Process,Onboarding - Pending,32882523,79d3546d-0b02-5b16-9189-d84f05ea32f3,,Tana Jean Frances Liboon,Ria Jain,Ferlyn Torres,Leix Anthony Almeda,TODC Hours: Monday to Thursday: 11:00 AM – 8:45 PM / Friday: 11:00 AM – 9:45 PM / Saturday: 12:00 AM – 9:45 PM / Sunday: 4:00 PM – 8:45 PM
recZNIEW5jWrL5yjo,Pizza Zone - 3618 N Pennsylvania Ave,"3618 N Pennsylvania Ave, Oklahoma City, OK 73112",Casa Pasta Ristorante,Oklahoma City,OK,Our Otter,DoorDash - Not Approved,Active,Active,,2ae69e29-45b5-5979-bd70-b5216ef32aa9,9792696,,Ria Jain,Ferlyn Torres,Vhic Bert Serra,"Monday - Tuesday: 11:00am - 10:00pm, Wednesday: 11:00am - 9:00pm, Thursday - Sunday: 11:00am - 10:00pm (Orders will be accepted 30 minutes before closing time)"
recaAOuBGQ9FdqIaX,Pizza Zone - 3618 N Pennsylvania Ave,"3618 N Pennsylvania Ave, Oklahoma City, OK 73112",Quatro's Quesadilla Bar,Oklahoma City,OK,Our Otter,Active,Discontinued by UE,Grubhub Discontinued - Failed Concept,24800989,821efd78-0db9-5c32-b526-627d80290762,7102616,,Ria Jain,Ferlyn Torres,Vhic Bert Serra,"Monday - Tuesday: 11:00am - 10:00pm, Wednesday: 11:00am - 9:00pm, Thursday - Sunday: 11:00am - 10:00pm (Orders will be accepted 30 minutes before closing time)"
recAtuyiFVVgpcZAD,Pizza Zone - 3618 N Pennsylvania Ave,"3618 N Pennsylvania Ave, Oklahoma City, OK 73112",The Calzone Empire,Oklahoma City,OK,Our Otter,DoorDash - Discontinued,Discontinued - UE Low Sales,Active,24800701,cc6c40ca-c1e1-5d69-b41a-6ac594b3473a,7104064,,Ria Jain,Ferlyn Torres,Vhic Bert Serra,"Monday - Tuesday: 11:00am - 10:00pm, Wednesday: 11:00am - 9:00pm, Thursday - Sunday: 11:00am - 10:00pm (Orders will be accepted 30 minutes before closing time)"
recLNZwhuzFJQ1E7r,Pizza Zone - 3618 N Pennsylvania Ave,"3618 N Pennsylvania Ave, Oklahoma City, OK 73112",Amore Pasta Ristorante,Oklahoma City,OK,Our Otter,Churned - TODC AUDIT,Discontinued - UE Low Sales,Active,24794276,e71c47e9-2ec4-5db4-ae2e-bbb33be396ac,7101064,,Ria Jain,Ferlyn Torres,Vhic Bert Serra,"Monday - Tuesday: 11:00am - 10:00pm, Wednesday: 11:00am - 9:00pm, Thursday - Sunday: 11:00am - 10:00pm (Orders will be accepted 30 minutes before closing time)"
recr6iil0N1imFbaI,Plaza Market Queens - 25-02 Queens Plaza S,"25-02 Queens Plaza S, Queens, NY 11101",Wonderland Wraps,Queens,NY,Our Otter,Active,Discontinued - UE Low Sales,Active,1786056,3aec532c-382c-4963-be16-e1898a665e31,2794283,,Chris Garner,Janice Mauricio,Vhic Bert Serra,24/7
recs4BwXC1YGZwOwg,Plaza Market Queens - 25-02 Queens Plaza S,"25-02 Queens Plaza S, Queens, NY 11101",Jr's Philly Cheesesteaks,Queens,NY,Our Otter,Active,Discontinued - UE Low Sales,Active,23038686,24c24a78-b9e0-52eb-af49-b69b7228b729,3311359,,Chris Garner,Janice Mauricio,Vhic Bert Serra,24/7
recscWhWwXsnoDMnr,Plaza Market Queens - 25-02 Queens Plaza S,"25-02 Queens Plaza S, Queens, NY 11101",Lee's Coffee & Tea,Queens,NY,Our Otter,DoorDash - Discontinued,Discontinued by UE,Active,23135951,21c45355-d0fc-5cc6-8d8e-9e69b38ce883,3310420,,Chris Garner,Janice Mauricio,Vhic Bert Serra,24/7
recYRONPy4EMi7YJo,Plaza Market Queens - 25-02 Queens Plaza S,"25-02 Queens Plaza S, Queens, NY 11101",Two Hand Burger,Queens,NY,Our Otter,DoorDash - Discontinued,Discontinued by UE,Active,1785900,1c238c41-0f7c-4025-9e35-0b10ffb4c694,2794832,,Chris Garner,Janice Mauricio,Vhic Bert Serra,24/7
recYhNk367xO6bc4J,Plaza Market Queens - 25-02 Queens Plaza S,"25-02 Queens Plaza S, Queens, NY 11101",Breakfast Burrito Snob,Queens,NY,Our Otter,Active,Discontinued - UE Low Sales,Active,1367068,2c96ec51-d3d2-4dd6-95d3-192ee3ef015c,2444528,,Chris Garner,Janice Mauricio,Vhic Bert Serra,24/7
rec4Qu9yXSkYgycX7,Plaza Market Queens - 25-02 Queens Plaza S,"25-02 Queens Plaza S, Queens, NY 11101",Wonka's Smoothie Bar,Queens,NY,Our Otter,DoorDash - Discontinued,Discontinued by UE,Active,1786067,dda79094-2258-4e39-9dc0-ce2592c629c4,2794768,,Chris Garner,Janice Mauricio,Vhic Bert Serra,24/7
rec5xIcWNiQXNNfUn,Plaza Market Queens - 25-02 Queens Plaza S,"25-02 Queens Plaza S, Queens, NY 11101",The Pasta Story,Queens,NY,Our Otter,DoorDash - Discontinued,Discontinued by UE,Active,23135966,e39c33f7-f4fa-54df-8dcd-e0321bc0bb59,3310236,,Chris Garner,Janice Mauricio,Vhic Bert Serra,24/7
recd3bkz2quCdadq8,Plaza Market Queens - 25-02 Queens Plaza S,"25-02 Queens Plaza S, Queens, NY 11101",Pardon My Panini,Queens,NY,Our Otter,Active,Discontinued - UE Low Sales,Active,23135397,fb335056-b50b-5edf-a1ac-e5e3d0e2dc19,3309849,,Chris Garner,Janice Mauricio,Vhic Bert Serra,24/7
recgkhRNnmgjNur2v,Plaza Market Queens - 25-02 Queens Plaza S,"25-02 Queens Plaza S, Queens, NY 11101",Sal's Smoothie Spot,Queens,NY,Our Otter,Active,Discontinued - UE Low Sales,Active,23038937,7c4a95ed-1d74-5e85-83fb-438719ac6356,3311360,,Chris Garner,Janice Mauricio,Vhic Bert Serra,24/7
recjt2BLOGhIU0lAA,Plaza Market Queens - 25-02 Queens Plaza S,"25-02 Queens Plaza S, Queens, NY 11101",The Sandwich Vibe,Queens,NY,Our Otter,DoorDash - Discontinued,Discontinued - UE Low Sales,Active,23135588,3d99a0e1-aef7-53c2-bed6-05918a41f829,3309850,,Chris Garner,Janice Mauricio,Vhic Bert Serra,24/7
reckALuWKE3DUbjZN,Plaza Market Queens - 25-02 Queens Plaza S,"25-02 Queens Plaza S, Queens, NY 11101",Firenze Pasta Ristorante,Queens,NY,Our Otter,Active,Discontinued by UE,Active,23038920,2e1ed3a1-6d92-5b2a-bfa2-8db4749f0a36,3310763,,Chris Garner,Janice Mauricio,Vhic Bert Serra,24/7
reclSXGj6iuj0Itzs,Plaza Market Queens - 25-02 Queens Plaza S,"25-02 Queens Plaza S, Queens, NY 11101",La Bella Italian Desserts,Queens,NY,Our Otter,DoorDash - Discontinued,Discontinued - UE Low Sales,Active,1785863,1723400e-294e-4bb4-8b11-a7891319179b,2795313,,Chris Garner,Janice Mauricio,Vhic Bert Serra,24/7
recFlsYpLyIVnDJ9A,Plaza Market Queens - 25-02 Queens Plaza S,"25-02 Queens Plaza S, Queens, NY 11101",Molly's Chicken Wings,Queens,NY,Our Otter,DoorDash - Discontinued,Active,Active,851139,1f18a2b0-e110-4a42-94cc-a083744199cb,2116488,,Chris Garner,Janice Mauricio,Vhic Bert Serra,24/7
recICZ6uDbUn6EAkw,Plaza Market Queens - 25-02 Queens Plaza S,"25-02 Queens Plaza S, Queens, NY 11101",Veronica's Burrito Bar,Queens,NY,Our Otter,DoorDash - Discontinued,Active,Active,850227,03639f29-b985-46a5-b020-feaa043f8fae,2116739,,Chris Garner,Janice Mauricio,Vhic Bert Serra,24/7
recJfb3i9leCNBhTs,Plaza Market Queens - 25-02 Queens Plaza S,"25-02 Queens Plaza S, Queens, NY 11101",The Farmers Salad,Queens,NY,Our Otter,DoorDash - Discontinued,Discontinued - UE Low Sales,Active,1789908,a97794c0-05c9-4053-9194-97a53bea7a00,2795130,,Chris Garner,Janice Mauricio,Vhic Bert Serra,24/7
recRyEui6gE7DEzpC,Plaza Market Queens - 25-02 Queens Plaza S,"25-02 Queens Plaza S, Queens, NY 11101",Amanda's Breakfast Lounge,Queens,NY,Our Otter,Active,Discontinued - UE Low Sales,Grubhub - Brand Discontinued,23038832,af0c6d6c-5abb-5179-8a91-b9fe0a7eda96,3310878,,Chris Garner,Janice Mauricio,Vhic Bert Serra,24/7
recTdcauSCkSgUYem,Plaza Market Queens - 25-02 Queens Plaza S,"25-02 Queens Plaza S, Queens, NY 11101",Slapjack Pancakes,Queens,NY,Our Otter,DoorDash - Discontinued,Discontinued - UE Low Sales,Active,23135498,e513de4b-9583-5f6b-a1db-94298ec42aad,3310235,,Chris Garner,Janice Mauricio,Vhic Bert Serra,24/7
recTlpUFShYsPUhf8,Plaza Market Queens - 25-02 Queens Plaza S,"25-02 Queens Plaza S, Queens, NY 11101",Kelly's Pancake Bar,Queens,NY,Our Otter,Active,Active,Active,849210,efaa8059-bafb-4d09-b1e8-c51e82ebcf9d,2117009,,Chris Garner,Janice Mauricio,Vhic Bert Serra,24/7
recr9AG0rkE4DhORk,Prince Grill & Juice Bar - 59 4th Ave,"59 4th Ave, New York, NY 10003",Mary's Breakfast Burritos,New York,NY,Our Otter,Active,Discontinued by UE,Active,1355159,0661dba9-45dd-4a32-899b-9a178de0e7f2,2443867,,Chris Garner,Rachelle Kate Funa,Jixford L. Polo,Monday: 6am-12am / Tuesday-Saturday open 24hrs / Sunday 12am - 4:30pm
recWaZcs7kZ7gBSCM,Prince Grill & Juice Bar - 59 4th Ave,"59 4th Ave, New York, NY 10003",Wonka's Smoothie Bar,New York,NY,Our Otter,Active,Discontinued - UE Low Sales,Active,1795228,07cfdd8e-762d-40c5-9a43-f67d9d0bf088,2796313,,Chris Garner,Rachelle Kate Funa,Jixford L. Polo,Monday: 6am-12am / Tuesday-Saturday open 24hrs / Sunday 12am - 4:30pm
rec38naYToUtWDGpJ,Prince Grill & Juice Bar - 59 4th Ave,"59 4th Ave, New York, NY 10003",Penny's Pancakes,New York,NY,Our Otter,DoorDash - Discontinued,Discontinued - UE Low Sales,Active,23556059,f3b725de-683d-55c3-8e83-6e666f5b55d7,3310181,,Chris Garner,Rachelle Kate Funa,Jixford L. Polo,Monday: 6am-12am / Tuesday-Saturday open 24hrs / Sunday 12am - 4:30pm
rec4Ptzdq0kgbtNsS,Prince Grill & Juice Bar - 59 4th Ave,"59 4th Ave, New York, NY 10003",Village Breakfast Snob,New York,NY,Our Otter,Active,Discontinued by UE,Active,842313,c79ad8c0-ab6c-40c6-b4aa-80b34a8ef7f1,1946629,,Chris Garner,Rachelle Kate Funa,Jixford L. Polo,Monday: 6am-12am / Tuesday-Saturday open 24hrs / Sunday 12am - 4:30pm
recfIGGTdHH7bnsa8,Prince Grill & Juice Bar - 59 4th Ave,"59 4th Ave, New York, NY 10003",Mary's Bagel Bar,New York,NY,Our Otter,Active,Discontinued - UE Low Sales,Active,978430,87772462-4a0f-4b79-ae82-5421ff5c2a8f,2126109,,Chris Garner,Rachelle Kate Funa,Jixford L. Polo,Monday: 6am-12am / Tuesday-Saturday open 24hrs / Sunday 12am - 4:30pm
rechtqH3bsmq9fFuD,Prince Grill & Juice Bar - 59 4th Ave,"59 4th Ave, New York, NY 10003",Doughboys Sandwiches,New York,NY,Our Otter,Active,Active,Active,23556079,e6d9688a-e29a-5421-b313-c0b2b5d890cd,3312236,,Chris Garner,Rachelle Kate Funa,Jixford L. Polo,Monday: 6am-12am / Tuesday-Saturday open 24hrs / Sunday 12am - 4:30pm
reckz4zSEGcPJtTR7,Prince Grill & Juice Bar - 59 4th Ave,"59 4th Ave, New York, NY 10003",The Burrito Bae,New York,NY,Our Otter,Active,Active,Active,23556050,fe7d784a-ca03-5e17-9d91-e88a64d5bf18,3310182,,Chris Garner,Rachelle Kate Funa,Jixford L. Polo,Monday: 6am-12am / Tuesday-Saturday open 24hrs / Sunday 12am - 4:30pm
recljozpguhcQNEfT,Prince Grill & Juice Bar - 59 4th Ave,"59 4th Ave, New York, NY 10003",Philadelphia Cheesy Cheesesteak,New York,NY,Our Otter,DoorDash - Discontinued,Discontinued - UE Low Sales,Active,23556087,a604584b-4eb4-50fe-ad1e-c1fe04f0701d,3309991,,Chris Garner,Rachelle Kate Funa,Jixford L. Polo,Monday: 6am-12am / Tuesday-Saturday open 24hrs / Sunday 12am - 4:30pm
recwOZCj9uytRU2pi,Prince Grill & Juice Bar - 59 4th Ave,"59 4th Ave, New York, NY 10003",The Panini Project,New York,NY,Our Otter,Active,Discontinued - UE Low Sales,Active,1860319,cd0ed12b-3b5a-4b3d-9564-1bb107cae2a9,2795075,,Chris Garner,Rachelle Kate Funa,Jixford L. Polo,Monday: 6am-12am / Tuesday-Saturday open 24hrs / Sunday 12am - 4:30pm
reczeFCBQwYOAipLi,Prince Grill & Juice Bar - 59 4th Ave,"59 4th Ave, New York, NY 10003",The American Cheesesteaks,New York,NY,Our Otter,Active,Discontinued by UE,Active,842327,130571b2-3c82-442a-800e-23c901e48c12,1946347,,Chris Garner,Rachelle Kate Funa,Jixford L. Polo,Monday: 6am-12am / Tuesday-Saturday open 24hrs / Sunday 12am - 4:30pm
recByWnispDXeb0Z6,Prince Grill & Juice Bar - 59 4th Ave,"59 4th Ave, New York, NY 10003",Burrito Lovers Bar,New York,NY,Our Otter,Active,Discontinued - UE Low Sales,Active,1790189,459275f8-5352-4539-9fb9-e91645f5fdc2,2795174,,Chris Garner,Rachelle Kate Funa,Jixford L. Polo,Monday: 6am-12am / Tuesday-Saturday open 24hrs / Sunday 12am - 4:30pm
recDRIGaCMQlnvtmI,Prince Grill & Juice Bar - 59 4th Ave,"59 4th Ave, New York, NY 10003",Addictive Burger Bar,New York,NY,Our Otter,Active,Discontinued by UE,Active,1580519,aa21ef64-174e-4924-8639-663417713f92,2711539,,Chris Garner,Rachelle Kate Funa,Jixford L. Polo,Monday: 6am-12am / Tuesday-Saturday open 24hrs / Sunday 12am - 4:30pm
recGs7TUKzyHTd3TI,Prince Grill & Juice Bar - 59 4th Ave,"59 4th Ave, New York, NY 10003",Amore Italian Desserts,New York,NY,Our Otter,Active,Discontinued - UE Low Sales,Active,1580568,c579c1c6-7181-4451-a595-5b6a055dc6a2,2715414,,Chris Garner,Rachelle Kate Funa,Jixford L. Polo,Monday: 6am-12am / Tuesday-Saturday open 24hrs / Sunday 12am - 4:30pm
recH9gp9seDsUSpZx,Prince Grill & Juice Bar - 59 4th Ave,"59 4th Ave, New York, NY 10003",Firenze Pasta Ristorante,New York,NY,Our Otter,Active,Discontinued - UE Low Sales,Active,842380,5556a305-dff7-4a96-bbec-b9f2a4397056,1946630,,Chris Garner,Rachelle Kate Funa,Jixford L. Polo,Monday: 6am-12am / Tuesday-Saturday open 24hrs / Sunday 12am - 4:30pm
recOHA7YHvHmYeqKD,Prince Grill & Juice Bar - 59 4th Ave,"59 4th Ave, New York, NY 10003",The Salad God,New York,NY,Our Otter,Active,Discontinued - UE Low Sales,Active,1580550,49cb3b5a-f3f0-42cd-b9cc-8838176996ef,2710285,,Chris Garner,Rachelle Kate Funa,Jixford L. Polo,Monday: 6am-12am / Tuesday-Saturday open 24hrs / Sunday 12am - 4:30pm
recTQjA2UjH12wPWL,Prince Grill & Juice Bar - 59 4th Ave,"59 4th Ave, New York, NY 10003",NY Smoothie Joint,New York,NY,Our Otter,DoorDash - Discontinued,Discontinued - UE Low Sales,Active,1580547,a47b8ac2-9628-4d32-8baf-9c26a2861cd6,2711540,,Chris Garner,Rachelle Kate Funa,Jixford L. Polo,Monday: 6am-12am / Tuesday-Saturday open 24hrs / Sunday 12am - 4:30pm
recV0EUC6KVVHaWFc,Prince Grill & Juice Bar - 59 4th Ave,"59 4th Ave, New York, NY 10003",The French Toast Flip,New York,NY,Our Otter,Active,Active,Active,23556081,89995d27-eeca-5af8-b140-e73f5f684da8,3310183,,Chris Garner,Rachelle Kate Funa,Jixford L. Polo,Monday: 6am-12am / Tuesday-Saturday open 24hrs / Sunday 12am - 4:30pm
recLkucaiWFvQuQOI,Quattro Formaggi - 1725-B Duke St,"1725-B Duke St, Alexandria, VA 22314",Bosscat Wings,Alexandria,VA,Referral: Their Otter,Active,Active,Active,24974749,d75f9718-9f3b-5bd4-9784-66406d433cfb,6345568,,Chris Garner,Eve Paraiso,Vhic Bert Serra,Monday: Closed; Tuesday - Sunday: 11AM - 9PM
rec9eUubBZLRfjIGf,Queens Bagels & Delicatessen - 115-20 Queens Blvd,"115-20 Queens Blvd, Queens, NY 11375",The Pizza Flip,Queens,NY,Referral: Their Otter,Active,Active,Grubhub - Brand Discontinued,25295355,d9d41357-169e-5b3e-8b2e-d9400542654c,6892408,Jan Ceasar Poblete,Ria Jain,Edlyn Manzano,Vhic Bert Serra,5:30am to 6:30pm Monday to Sunday
recMQj6crMcWaXtAP,Queens Bagels & Delicatessen - 115-20 Queens Blvd,"115-20 Queens Blvd, Queens, NY 11375",First Light Breakfast Cafe,Queens,NY,Referral: Their Otter,DoorDash - Discontinued,Active,Active,25294884,b025974d-952e-592b-adbd-c0ba10ded1ff,6894120,Jan Ceasar Poblete,Ria Jain,Edlyn Manzano,Vhic Bert Serra,5:30am to 6:30pm Monday to Sunday
recnDpsWljUL7zkeH,Quik - 820 Pennsylvania Ave,"820 Pennsylvania Ave, Pittsburgh, PA 15233",Devil's Hot Wings,Pittsburgh,PA,Our Otter,DoorDash - Discontinued,Discontinued - UE Low Sales,Active,1465031,c1fa074d-1447-496b-9e68-25cd6dfb13d6,2562680,,Chris Garner,Janice Mauricio,Vhic Bert Serra,"Monday-closed, Tuesday-Sunday: 10:30am-7:30pm (last order at 7:20pm)"
recoljbKdNx1H9kQJ,Quik - 820 Pennsylvania Ave,"820 Pennsylvania Ave, Pittsburgh, PA 15233",The American Dream Kitchen,Pittsburgh,PA,Our Otter,DoorDash - Discontinued,Discontinued - UE Low Sales,Active,23040838,9998e9c1-c6c2-5275-af3e-69c839feeddf,3310764,,Chris Garner,Janice Mauricio,Vhic Bert Serra,"Monday-closed, Tuesday-Sunday: 10:30am-7:30pm (last order at 7:20pm)"
recbS0V5trhySx9Ln,Quik - 820 Pennsylvania Ave,"820 Pennsylvania Ave, Pittsburgh, PA 15233",Country Southern Diner,Pittsburgh,PA,Our Otter,Active,Discontinued - UE Low Sales,Grubhub - Brand Discontinued,23038944,0fa1aa8c-29aa-58c1-97f4-3ca92d5be422,3311257,,Chris Garner,Janice Mauricio,Vhic Bert Serra,"Monday-closed, Tuesday-Sunday: 10:30am-7:30pm (last order at 7:20pm)"
reczD3bayB6BSdxFf,Quik - 820 Pennsylvania Ave,"820 Pennsylvania Ave, Pittsburgh, PA 15233",Ava's Fried Chicken,Pittsburgh,PA,Our Otter,Active,Active,Active,943695,d19c45d6-f26e-4c17-9cc7-c05caae6dffb,2040775,,Chris Garner,Janice Mauricio,Vhic Bert Serra,"Monday-closed, Tuesday-Sunday: 10:30am-7:30pm (last order at 7:20pm)"
recH5pqgTGW8MYqeR,Quik - 820 Pennsylvania Ave,"820 Pennsylvania Ave, Pittsburgh, PA 15233",BBQ Ribs Co.,Pittsburgh,PA,Our Otter,Active,Discontinued - UE Low Sales,Active,966668,ee5d9711-d1f0-4b3f-bf3b-74ab718112ba,2116039,,Chris Garner,Janice Mauricio,Vhic Bert Serra,"Monday-closed, Tuesday-Sunday: 10:30am-7:30pm (last order at 7:20pm)"
recSqpXeIK87vikh0,Quik - 820 Pennsylvania Ave,"820 Pennsylvania Ave, Pittsburgh, PA 15233",OG chicken and Waffles,Pittsburgh,PA,Our Otter,DoorDash - Discontinued,Discontinued - UE Low Sales,Active,1478409,1f105fec-a403-43b4-af03-987dbfafe547,2563085,,Chris Garner,Janice Mauricio,Vhic Bert Serra,"Monday-closed, Tuesday-Sunday: 10:30am-7:30pm (last order at 7:20pm)"
recXdqaxZ4Intmz6b,Quik pik mexican takeout - 4655 S 4800 W,"4655 S 4800 W, West Valley City, UT 84120",Nino's Nacho Bar,West Valley City,UT,Their Otter,DoorDash - Discontinued,Discontinued - UE Low Sales,Active,23692606,7d4085d8-5ca9-51d9-91ac-eeacf552f3a2,3372659,,Ria Jain,Edlyn Manzano,Jixford L. Polo,Mon-Sun 11am-9:45pm
rec6LL6r9FFZJpp42,Quik pik mexican takeout - 4655 S 4800 W,"4655 S 4800 W, West Valley City, UT 84120",Quatro's Quesadilla Bar,West Valley City,UT,Their Otter,DoorDash - Discontinued,Discontinued - UE Low Sales,Active,23693007,eee6eec6-a6a2-5af7-a638-d754ddc15466,3373045,,Ria Jain,Edlyn Manzano,Jixford L. Polo,Mon-Sun 11am-9:45pm
reciMqutD0RrxJBq4,REAL JUICY BURGERS - 8886 Knott Ave,"8886 Knott Ave, Buena Park, CA 90620",Harry's Sandwich House,Buena Park,CA,Their Otter,Active,Active,Active,26291900,e8f5867e-1609-542e-be16-ef8450775f39,7753816,,Ria Jain,Edlyn Manzano,Vhic Bert Serra,"Monday-Friday: 8 am -10 pm , Saturday and Sunday: 7 am - 10 pm (Last order will be accepted 30minutes before the actual closing hours)"
recCwWsGN6jhemoKc,REAL JUICY BURGERS - 8886 Knott Ave,"8886 Knott Ave, Buena Park, CA 90620",Bosscat Breakfast,Buena Park,CA,Their Otter,Active,Active,Active,26292114,40f688ec-bd7e-5abe-89a7-ac636ca52935,7749128,,Ria Jain,Edlyn Manzano,Vhic Bert Serra,"Monday-Friday: 8 am -10 pm , Saturday and Sunday: 7 am - 10 pm (Last order will be accepted 30minutes before the actual closing hours)"
recpXalE5F2SpfLEa,Remedy Diner - 245 E Houston St,"245 E Houston St, New York, NY 10002",Slapjack Pancakes,New York,NY,Our Otter,Active,Discontinued - UE Low Sales,Virtual Brand Discontinued,2355648,9b92a5b2-d9f7-5ac8-a7d2-062e7bc047c4,3006895,Tana Jean Frances Liboon,Chris Garner,Edlyn Manzano,Jixford L. Polo,24/7
rec6DBZjOSIqfJEoZ,Remedy Diner - 245 E Houston St,"245 E Houston St, New York, NY 10002",The Dessert Dream,New York,NY,Our Otter,Active,Active,Active,31636171,b75d2545-fdc4-5467-b466-114979d5e4f5,9819560,Tana Jean Frances Liboon,Chris Garner,Edlyn Manzano,Jixford L. Polo,Open 24 Hrs
rec7y0I4Rx9KQuklB,Remedy Diner - 245 E Houston St,"245 E Houston St, New York, NY 10002",The breakfast bar,New York,NY,Our Otter,Active,Discontinued by UE,Not Approved,476794,,,Tana Jean Frances Liboon,Chris Garner,Edlyn Manzano,Jixford L. Polo,24/7
recSQGmkPnecuk1fM,Remedy Diner - 245 E Houston St,"245 E Houston St, New York, NY 10002",Sasha's Sandwiches,New York,NY,Our Otter,DoorDash - Discontinued,Discontinued - UE Low Sales,Active,1533318,52a0c1cc-1a70-4b04-a36a-61573ed0a6b2,2612173,Tana Jean Frances Liboon,Chris Garner,Edlyn Manzano,Jixford L. Polo,
rec8QuaYjAOQm9Ppl,Rinkon Guadalajara - 11925 S Inglewood Ave,"11925 S Inglewood Ave, Hawthorne, CA 90250",High Life Breakfast Sandwiches,Hawthorne,CA,Their Otter,DoorDash - Discontinued,Active,Active,26344242,c006793e-cf12-52e8-b89f-dfd58a3d29b4,7753888,Tana Jean Frances Liboon,Ria Jain,Edlyn Manzano,Jixford L. Polo,TODC: Tuesday & Wednesday: 8:30 AM – 4:00 PM | Thursday & Friday: 9:00 AM – 5:30 PM | Saturday & Sunday: 7:00 AM – 2:30 PM
reca2EFDPsYp1ct28,Rinkon Guadalajara - 11925 S Inglewood Ave,"11925 S Inglewood Ave, Hawthorne, CA 90250",Local Breakfast Spot,Hawthorne,CA,Their Otter,Active,Active - Onboarding In Process,Active,32863759,119259e7-b414-5070-a07c-748a9ba11c33,10496528,Tana Jean Frances Liboon,Ria Jain,Edlyn Manzano,Jixford L. Polo,TODC: Tuesday & Wednesday: 8:30 AM – 4:00 PM | Thursday & Friday: 9:00 AM – 5:30 PM | Saturday & Sunday: 7:00 AM – 2:30 PM
recpmWdoLam9wR1at,River Food Market - 433 W 34th st,"433 W 34th st, New York, NY 10001",Heaven's Burgers,New York,NY,Our Otter,DoorDash - Discontinued,Discontinued by UE,Active,23549674,711fa97c-a31e-52bb-838e-11b0b0d8a819,3326398,Tana Jean Frances Liboon,Ria Jain,Ferlyn Torres,Vhic Bert Serra,24/7
recsZtDfmft8tBzLL,River Food Market - 433 W 34th st,"433 W 34th st, New York, NY 10001",Olivia's Breakfast Cafe,New York,NY,Our Otter,Active,Discontinued - UE Low Sales,Active,23784492,fc63e3fd-4b86-55fd-a691-ded3a7ba575e,4516856,Tana Jean Frances Liboon,Ria Jain,Ferlyn Torres,Vhic Bert Serra,24/7
recWkgXPR16ByoEdZ,River Food Market - 433 W 34th st,"433 W 34th st, New York, NY 10001",Jen's Burger Blaze,New York,NY,Our Otter,DoorDash - Discontinued,Active,Active,23784418,e53d27c7-5e6b-5d71-9c56-0e8a5130aa91,8564440,Tana Jean Frances Liboon,Ria Jain,Ferlyn Torres,Vhic Bert Serra,24/7
recY3Gwy26wRQNlN7,River Food Market - 433 W 34th st,"433 W 34th st, New York, NY 10001",Sip On Smoothie,New York,NY,Our Otter,DoorDash - Discontinued,Discontinued - UE Low Sales,Active,23784371,817f783f-b1c1-5e7b-9af2-82543e919999,4510072,Tana Jean Frances Liboon,Ria Jain,Ferlyn Torres,Vhic Bert Serra,24/7
rec31LakAZ8pm2jqr,River Food Market - 433 W 34th st,"433 W 34th st, New York, NY 10001",Hill Top Sandwich,New York,NY,Our Otter,Active,Discontinued - UE Low Sales,Active,23549662,be9320de-8261-5c6c-a941-1c35669e82d8,3325904,Tana Jean Frances Liboon,Ria Jain,Ferlyn Torres,Vhic Bert Serra,24/7
rec4toXLZ7XKefN06,River Food Market - 433 W 34th st,"433 W 34th st, New York, NY 10001",Glorious Panini Snob,New York,NY,Our Otter,Active,Discontinued - UE Low Sales,Active,23549668,fd44e303-86e2-5f1f-967f-ea76856d968d,3326297,Tana Jean Frances Liboon,Ria Jain,Ferlyn Torres,Vhic Bert Serra,24/7
recz4d8DRUrJQP8yA,River Food Market - 433 W 34th st,"433 W 34th st, New York, NY 10001",Wonka's Smoothie Bar,New York,NY,Our Otter,Active,Active,Active,35855559,21f21df0-3538-5a5d-8d92-5e0822935449,10375512,Tana Jean Frances Liboon,Ria Jain,Ferlyn Torres,Vhic Bert Serra,24/7
recRqb8IKFdYvjLWO,River Food Market - 433 W 34th st,"433 W 34th st, New York, NY 10001",Marty's Wraps Shack,New York,NY,Our Otter,Active,Discontinued by UE,Active,23549667,2c721f0f-58cc-537f-8509-fcd3a3706828,3325905,Tana Jean Frances Liboon,Ria Jain,Ferlyn Torres,Vhic Bert Serra,24/7
recVsYHL6I83NyfKD,River Food Market - 433 W 34th st,"433 W 34th st, New York, NY 10001",Nomad's Bagels,New York,NY,Our Otter,Active,Discontinued - UE Low Sales,Active,23785119,df054636-ceeb-5fcb-9dcd-5893e57099e9,8563056,Tana Jean Frances Liboon,Ria Jain,Ferlyn Torres,Vhic Bert Serra,24/7
rec13lZdkYqacjTXF,River Food Market - 433 W 34th st,"433 W 34th st, New York, NY 10001",Amanda's Breakfast Lounge,New York,NY,Our Otter,Active,Active,Active,33886617,f075b998-9cb8-5191-8837-773e996226c1,10332952,Tana Jean Frances Liboon,Ria Jain,Ferlyn Torres,Vhic Bert Serra,24/7
recSciazRMy7bLKdN,River Food Market - 433 W 34th st,"433 W 34th st, New York, NY 10001",Fiona's Breakfast Burritos,New York,NY,Our Otter,Active,Active,Active,33886909,25ff4a63-f610-5cc2-8856-82fead0f29fe,10559368,Tana Jean Frances Liboon,Ria Jain,Ferlyn Torres,Vhic Bert Serra,24/7
recx8gl8Nlluwp7Go,Roman's Mexican Restaurant - 2400 Newport Blvd,"2400 Newport Blvd, Suite A3 Costa Mesa, CA 92627",Breakfast Burrito Joint,Suite A3 Costa Mesa,CA,Our Otter,Discontinued - DoorDash Fraud,Discontinued - UE Low Sales,Active,23009809,eeb815c0-1453-5800-a004-ee8247119398,3310745,,Ria Jain,Ferlyn Torres,Maria Mellanie S. Lapira,"Store hours: Sunday 9:00am-3:00pm, Monday-Saturday9:00am-9:00pm"
recGCWWRd6DU4gyzW,Roman's Mexican Restaurant - 2400 Newport Blvd,"2400 Newport Blvd, Suite A3 Costa Mesa, CA 92627",The Burrito King,Suite A3 Costa Mesa,CA,Our Otter,DoorDash - Discontinued,Discontinued by UE,Active,23009629,217e4d6b-3527-5431-8abf-c77e5493513f,3311046,,Ria Jain,Ferlyn Torres,Maria Mellanie S. Lapira,"Store hours: Sunday 9:00am-3:00pm, Monday-Saturday9:00am-9:00pm"
rec4DT3RD2euxDTQw,Roni's Pub - 7955 E Frontage Rd,"7955 E Frontage Rd, Overland Park, KS 66204",Dad's Flamin' Quesadillas,Overland Park,KS,Referral: Their Otter,Active,Discontinued by UE,Active,24974912,818a4025-9ee5-5c00-86c0-31427e15feef,6345584,,Ria Jain,Edlyn Manzano,Vhic Bert Serra,TODC hrs.: Monday-Sunday: 11:30AM-8:30PM
recHIPxfdRzGeapq1,Roni's Pub - 7955 E Frontage Rd,"7955 E Frontage Rd, Overland Park, KS 66204",Devil's Hot Wings,Overland Park,KS,Referral: Their Otter,DoorDash - Discontinued,Discontinued by UE,Active,24974927,2f84b783-e658-5b33-8f61-bcae41ff3a5b,6346784,,Ria Jain,Edlyn Manzano,Vhic Bert Serra,TODC hrs.: Monday-Sunday: 11:30AM-8:30PM
recPRqDvf9I0QuavC,Roni's Pub - 7955 E Frontage Rd,"7955 E Frontage Rd, Overland Park, KS 66204",Jen's Burger Blaze,Overland Park,KS,Referral: Their Otter,DoorDash - Discontinued,Discontinued by UE,Active,24974848,b0c150e9-675a-510b-b278-d37f6be972b8,6348240,,Ria Jain,Edlyn Manzano,Vhic Bert Serra,TODC hrs.: Monday-Sunday: 11:30AM-8:30PM
recwe7qxfVejO3YwT,Sabor Latino Deli - 4 Manorhaven Blvd # 4B,"4 Manorhaven Blvd # 4B, Port Washington, NY 11050",Paz's Pupusa Pantry,Port Washington,NY,Our Otter,Active,Discontinued by UE,Not Onboarded by GH,24606324,2c5a9e12-ed4e-5738-9767-2e6124567db1,,,Chris Garner,Eve Paraiso,Vhic Bert Serra,Monday - Sunday: 7:00 AM to 8:00 PM
recrsxh7Kgjjl5Z0H,Sacks Hardy - 839 W University Dr,"839 W University Dr, Tempe, AZ 85281",The Sandwich Vibe,Tempe,AZ,Referral: Their Otter,DoorDash - Discontinued,Active,Active,24872440,b16aa2a3-6fd6-5c92-8053-3bf1009cb23f,6156504,Miguel Josue,Chris Garner,Eve Paraiso,Jixford L. Polo,"Monday-Friday: 8AM-3PM, Saturday: 8AM-2PM, Sunday: Closed"
rec0F6cgXB3NAEWnU,Sacks Hardy - 839 W University Dr,"839 W University Dr, Tempe, AZ 85281",Olivia's Omelettes,Tempe,AZ,Referral: Their Otter,DoorDash - Discontinued,Active,Active,24872392,550a422f-ffa1-59ca-a6f8-be472d1895da,6156496,Miguel Josue,Chris Garner,Eve Paraiso,Jixford L. Polo,"Monday-Friday: 8AM-3PM, Saturday: 8AM-2PM, Sunday: Closed"
reciUsFJecA6SYVep,Sacks Hardy - 839 W University Dr,"839 W University Dr, Tempe, AZ 85281",Devil's Burger Bar,Tempe,AZ,Referral: Their Otter,DoorDash - Discontinued,Active,Active,24872381,4de9bd1b-75f3-5b7e-a688-5e33e8c3ca07,6154784,Miguel Josue,Chris Garner,Eve Paraiso,Jixford L. Polo,"Monday-Friday: 8AM-3PM, Saturday: 8AM-2PM, Sunday: Closed"
recEUXvABQcI4TM7E,Sacks Hardy - 839 W University Dr,"839 W University Dr, Tempe, AZ 85281",Mary's Salad Co,Tempe,AZ,Referral: Their Otter,Active,Temporarily Deactivated,Active,32948183,53b2da8c-4170-5c3d-b5e8-01bb144f1c71,10564904,Miguel Josue,Chris Garner,Eve Paraiso,Jixford L. Polo,"Monday-Friday: 8AM-3PM, Saturday: 8AM-2PM, Sunday: Closed"
recHyYFXVr6qlKi6P,Sal's Market and Pizzeria - 751 Post Road,"751 Post Road, Scarsdale, NY 10583",Chicken Sandwich Loft,Scarsdale,NY,Their Otter,Active,Active,Active,26292097,f239caee-4a9c-5373-af9d-ab443e48bbbb,7749152,Mau Liboon,Chris Garner,Eve Paraiso,Vhic Bert Serra,"Adjusted TODC hours: Monday - Saturday: 7 AM - 3:30 PM, Sunday: 7 AM - 2:00 PM"
recSLhgtjFT2Q7O72,Sal's Market and Pizzeria - 751 Post Road,"751 Post Road, Scarsdale, NY 10583",Roman's Pizza Oven,Scarsdale,NY,Their Otter,DoorDash - Discontinued,Active,Active,26292073,bf1a9784-9dd4-5dce-8970-6d1c8e29a1d3,7747840,Mau Liboon,Chris Garner,Eve Paraiso,Vhic Bert Serra,"Sunday: 10 AM - 8:30 PM, Monday: 10 AM - 9:30 PM, Tuesday - Saturday: 10 AM - 10 PM"
recr2Nor0WbGD9SJh,Sal's Place Deli Grocery - 1969 Bronxdale Ave,"1969 Bronxdale Ave, The Bronx, NY 10462",The Sandwich Slut,The Bronx,NY,Our Otter,Active,Active,Grubhub Discontinued - Failed Concept,1803495,9c193ee8-8765-4509-9b01-4b923e8e8cfa,2817491,,Chris Garner,Ferlyn Torres,Leix Anthony Almeda,24/7
recuHfjPeD3QZf9D4,Sal's Place Deli Grocery - 1969 Bronxdale Ave,"1969 Bronxdale Ave, The Bronx, NY 10462",Arifs Mediterranean Grill,The Bronx,NY,Our Otter,Active,Discontinued by UE,Grubhub Discontinued - Failed Concept,23556936,db869c8b-65bf-5f0d-b0fc-9babdfcee050,3326319,,Chris Garner,Ferlyn Torres,Leix Anthony Almeda,24/7
recvUeiJe41u5FTC1,Sal's Place Deli Grocery - 1969 Bronxdale Ave,"1969 Bronxdale Ave, The Bronx, NY 10462",Philly Cheesesteak Snob,The Bronx,NY,Our Otter,Active,Active,Grubhub Discontinued - Failed Concept,1455616,f0d09df4-9f50-49c8-bd79-2d4c254a9c8d,2485920,,Chris Garner,Ferlyn Torres,Leix Anthony Almeda,24/7
recbEO9eqOLkxP7qE,Sal's Place Deli Grocery - 1969 Bronxdale Ave,"1969 Bronxdale Ave, The Bronx, NY 10462",The Gyro Bar,The Bronx,NY,Our Otter,Active,Discontinued by UE,Grubhub Discontinued - Failed Concept,1477969,430033d7-59a0-4a06-b99c-e7814a63df77,2509923,,Chris Garner,Ferlyn Torres,Leix Anthony Almeda,24/7
recJ4V0dsEUYq99DG,Sal's Place Deli Grocery - 1969 Bronxdale Ave,"1969 Bronxdale Ave, The Bronx, NY 10462",Salad Kreation,The Bronx,NY,Our Otter,Active,Discontinued - UE Low Sales,Grubhub Discontinued - Failed Concept,23557041,a30a91cf-a654-5a47-85ab-7e7e56f4a9f5,3326120,,Chris Garner,Ferlyn Torres,Leix Anthony Almeda,24/7
recJmzMwh22w2YpQu,Sal's Place Deli Grocery - 1969 Bronxdale Ave,"1969 Bronxdale Ave, The Bronx, NY 10462",The Pancake Snob,The Bronx,NY,Our Otter,Active,Discontinued by UE,Grubhub Discontinued - Failed Concept,1303675,a2ed07ab-8f70-47e1-9550-270a23ec5e37,2448885,,Chris Garner,Ferlyn Torres,Leix Anthony Almeda,24/7
recMsrd68ZHTTakqd,Sal's Place Deli Grocery - 1969 Bronxdale Ave,"1969 Bronxdale Ave, The Bronx, NY 10462",The Burger Trilogy,The Bronx,NY,Our Otter,Active,Discontinued by UE,Grubhub Discontinued - Failed Concept,1459219,e8978d62-220f-4ac4-b3b2-6a7a5293f9bb,2534309,,Chris Garner,Ferlyn Torres,Leix Anthony Almeda,24/7
recOs0o9bcPkew45x,Sal's Place Deli Grocery - 1969 Bronxdale Ave,"1969 Bronxdale Ave, The Bronx, NY 10462",The Village Smoothie Spot,The Bronx,NY,Our Otter,Active,Discontinued - UE Low Sales,Grubhub Discontinued - Failed Concept,1803513,f4b2abb2-47d0-4ed7-922a-d1009010d712,2818601,,Chris Garner,Ferlyn Torres,Leix Anthony Almeda,24/7
recO3YWbylQzA9ujl,Sal's Place Deli Grocery - 1969 Bronxdale Ave,"1969 Bronxdale Ave, The Bronx, NY 10462",Charlie's Chicken Wings,The Bronx,NY,Our Otter,Active,Discontinued by UE,Grubhub Discontinued - Failed Concept,1465058,5e86333a-82ec-4225-895e-8f5c5b50f902,2485921,,Chris Garner,Ferlyn Torres,Leix Anthony Almeda,24/7
recbGgMEd3QFWv2h3,Saladworks - 400 Commons Way Unit 3500,"400 Commons Way Unit 3500, Bridgewater, NJ 08807",Wonderland Wraps,Bridgewater,NJ,No Aggregator,Active,Discontinued - UE Low Sales,Virtual Brand Discontinued,27682027,50e0327a-473a-5ff5-be38-e93a1582ccf9,9216768,,Chris Garner,Eve Paraiso,Maria Mellanie S. Lapira,"⏰Monday to Saturday: 11:00 AM – 8:00 PM, Sunday: 11:00 AM – 6:00 PM"
recOX6ikpXetmgv4b,Saladworks - 1000 Palisades Center Dr #3561,"1000 Palisades Center Dr #3561, West Nyack, NY 10994",City Light Wraps,West Nyack,NY,No Aggregator,Active,Virtual Brand Discontinued,Active,27682561,60e0ce5d-4d07-54b7-906f-11c190e9aa1e,9209304,,Chris Garner,Eve Paraiso,Maria Mellanie S. Lapira,Monday- Sunday: 11:00 AM - 05:30 PM
recrk9V5vRb1LzuHK,Sammy Gourmet Deli - 169-03 Jamaica Ave,"169-03 Jamaica Ave, Jamaica, NY 11432",Halal Gyro Lab,Jamaica,NY,Our Otter,Temporarily Deactivated,Temporarily Deactivated,Grubhub Discontinued - Failed Concept,1459266,403b0e11-d8de-4f6f-bdb9-200a551a09d9,2616164,Tana Jean Frances Liboon,Ria Jain,Edlyn Manzano,Maria Mellanie S. Lapira,TODC MENU HRS: MON TO SUNDAY:  24/7
recWoz1t90jtQtgKZ,Sammy Gourmet Deli - 169-03 Jamaica Ave,"169-03 Jamaica Ave, Jamaica, NY 11432",The Muffin Snob,Jamaica,NY,Our Otter,DoorDash - Discontinued,Discontinued by UE,Temporarily Deactivated,2163147,e0960b80-06c4-4cde-a51e-b050114b7de8,8570048,Tana Jean Frances Liboon,Ria Jain,Edlyn Manzano,Maria Mellanie S. Lapira,TODC MENU HRS: MON TO SUNDAY:  24/7
recZBHlUZbhMAmmQO,Sammy Gourmet Deli - 169-03 Jamaica Ave,"169-03 Jamaica Ave, Jamaica, NY 11432",Jamaica Breakfast Bar,Jamaica,NY,Our Otter,Temporarily Deactivated,Discontinued by UE,Not Onboarded by GH,844991,467db0f7-7da5-4c8c-9d60-e5f09a97f1fd,,Tana Jean Frances Liboon,Ria Jain,Edlyn Manzano,Maria Mellanie S. Lapira,TODC MENU HRS: MON TO SUNDAY:  24/7
rec3MXkaIvfn9dDmG,Sammy Gourmet Deli - 169-03 Jamaica Ave,"169-03 Jamaica Ave, Jamaica, NY 11432",Bain's Burger Bar,Jamaica,NY,Our Otter,Temporarily Deactivated,Discontinued - UE Low Sales,Grubhub Discontinued - Failed Concept,23060296,9c9592aa-7c4b-57a7-a180-99b52acd956f,3309735,Tana Jean Frances Liboon,Ria Jain,Edlyn Manzano,Maria Mellanie S. Lapira,TODC MENU HRS: MON TO SUNDAY:  24/7
recaiwUKAPNf7fZWx,Sammy Gourmet Deli - 169-03 Jamaica Ave,"169-03 Jamaica Ave, Jamaica, NY 11432",NY Burger Spot,Jamaica,NY,Our Otter,Temporarily Deactivated,Temporarily Deactivated,Grubhub Discontinued - Failed Concept,1209803,f2df0d68-ce72-4f5a-b358-001fa182dc21,2419218,Tana Jean Frances Liboon,Ria Jain,Edlyn Manzano,Maria Mellanie S. Lapira,TODC MENU HRS: MON TO SUNDAY:  24/7
recA95J6DMZUwe7Nj,Sammy Gourmet Deli - 169-03 Jamaica Ave,"169-03 Jamaica Ave, Jamaica, NY 11432",Rooftop Sandwiches,Jamaica,NY,Our Otter,Temporarily Deactivated,Discontinued - UE Low Sales,Grubhub - Brand Discontinued,2145966,2c1813bc-a001-479e-87ce-d776616bc383,2900032,Tana Jean Frances Liboon,Ria Jain,Edlyn Manzano,Maria Mellanie S. Lapira,TODC MENU HRS: MON TO SUNDAY:  24/7
recKv5gzSnPVxpP4P,Sammy Gourmet Deli - 169-03 Jamaica Ave,"169-03 Jamaica Ave, Jamaica, NY 11432",Halal Chicken Spot,Jamaica,NY,Our Otter,Temporarily Deactivated,Discontinued - UE Low Sales,Grubhub Discontinued - Failed Concept,23059274,591895f2-10bc-5bc3-acbb-c491b72d1087,8567344,Tana Jean Frances Liboon,Ria Jain,Edlyn Manzano,Maria Mellanie S. Lapira,TODC MENU HRS: MON TO SUNDAY:  24/7
recSU9mMxisGQtYao,Sammy Gourmet Deli - 169-03 Jamaica Ave,"169-03 Jamaica Ave, Jamaica, NY 11432",Farmers Market Salad,Jamaica,NY,Our Otter,DoorDash - Discontinued,Discontinued by UE,Temporarily Deactivated,2427822,11cf8769-9a97-4008-974f-e77dc0250981,8563064,Tana Jean Frances Liboon,Ria Jain,Edlyn Manzano,Maria Mellanie S. Lapira,TODC MENU HRS: MON TO SUNDAY:  24/7
recVi1a6zUFxIGEqL,Sammy Gourmet Deli - 169-03 Jamaica Ave,"169-03 Jamaica Ave, Jamaica, NY 11432",Wonka's Smoothie Bar,Jamaica,NY,Our Otter,Temporarily Deactivated,Onboarding - Pending,Onboarding - Pending,34340507,2e8bbe03-fb9c-5674-86d7-cf0061f58f83,,Tana Jean Frances Liboon,Ria Jain,Edlyn Manzano,Maria Mellanie S. Lapira,TODC MENU HRS: MON TO SUNDAY:  24/7
recqOcFnWjw7SLoJo,Sammy's Happy Chef - 15822 Bernardo Center Dr,"15822 Bernardo Center Dr, San Diego, CA 92127",Fry Bird Sandwiches,San Diego,CA,Our Otter,Active,Active,Active,35874349,8cb134df-7cf6-5b81-9028-9580c83cbce1,10382528,Jan Ceasar Poblete,Chris Garner,Eve Paraiso,Jixford L. Polo,4:30 pm to 7:30 pm Monday - Saturday. 
recz9V5EERdGZWCzP,Sammy's Happy Chef - 15822 Bernardo Center Dr,"15822 Bernardo Center Dr, San Diego, CA 92127",Siena's Pizza Sauce,San Diego,CA,Our Otter,Active,Active,Active,36020233,daca1e3d-7131-572f-ba58-b543d535d4a9,10375552,Jan Ceasar Poblete,Chris Garner,Eve Paraiso,Jixford L. Polo,4:30 pm to 7:30 pm Monday - Saturday. 
recSjx9Xgh8STnvN8,Samosa House - 10700 Washington Blvd,"10700 Washington Blvd, Culver City, CA 90232",India's Quick Bites,Culver City,CA,Their Otter,DoorDash - Discontinued,Discontinued - UE Low Sales,Active,23019487,df3b6875-b333-5008-9dbe-7a5af16078eb,3311052,,Ria Jain,Edlyn Manzano,Jixford L. Polo,TODC hrs.: 11:30am-9:00pm Daily
recpOhWwtBRjlGH8L,Sansai Japanese Grill - 2575 North Hollywood Way #107,"2575 North Hollywood Way #107, Burbank, CA 91505",Sizzlin' Hibachi,Burbank,CA,Their Otter,Active,Discontinued by UE,Grubhub - Brand Discontinued,23558081,0d514d64-50eb-5173-b17a-2524092f0f11,3344598,,Ria Jain,Ferlyn Torres,Maria Mellanie S. Lapira,TODC MENU HRS: MONDAY- SUNDAY: 11:30AM - 8:00PM
recq75qK9LP6i0745,Sansai Japanese Grill - 2575 North Hollywood Way #107,"2575 North Hollywood Way #107, Burbank, CA 91505",Chef Hanoka Sushi,Burbank,CA,Their Otter,Active,Discontinued - UE Low Sales,Grubhub Discontinued - Failed Concept,23557145,bdd5f87a-ab64-5573-a7c5-923912565890,3344497,,Ria Jain,Ferlyn Torres,Maria Mellanie S. Lapira,TODC MENU HRS: MONDAY- SUNDAY: 11:30AM - 8:00PM
recv2Gb6XGTFQPJgp,Sansai Japanese Grill - 2575 North Hollywood Way #107,"2575 North Hollywood Way #107, Burbank, CA 91505",Nakamura Ramen House,Burbank,CA,Their Otter,Active,Discontinued by UE,Grubhub Discontinued - Failed Concept,23557166,03e842f9-2177-5029-af09-45b3301af35d,3344079,,Ria Jain,Ferlyn Torres,Maria Mellanie S. Lapira,TODC MENU HRS: MONDAY- SUNDAY: 11:30AM - 8:00PM
recRMjy2GpsMcSql5,Sansai Japanese Grill - 2575 North Hollywood Way #107,"2575 North Hollywood Way #107, Burbank, CA 91505",Asian Garden Rice Bowls,Burbank,CA,Their Otter,Active,Discontinued - UE Low Sales,Active,23557148,55017c0a-9c12-5035-b538-fe83da1c8aae,3344597,,Ria Jain,Ferlyn Torres,Maria Mellanie S. Lapira,TODC MENU HRS: MONDAY- SUNDAY: 11:30AM - 8:00PM
recspHbH5iinosImJ,Schriefer’s Armonk Deli - 459 Main St,"459 Main St, Armonk, NY 10504",Breakfast Burrito Joint,Armonk,NY,Our Otter,DoorDash - Discontinued,Discontinued - UE Low Sales,Active,23556299,2958d9c3-2288-5b7c-92e0-5b3cf9921dee,3325917,Jan Ceasar Poblete,Ria Jain,Edlyn Manzano,Maria Mellanie S. Lapira,TODC MENU HRS : Mon-Tues: 6:45am–4:00pm /Wed-Fri: 6:45am–4:15pm /Sat: 6:45am–3:30pm/Sun: 7:00am–2:30pm
rec0iMU2QrrLIAWhD,Schriefer’s Armonk Deli - 459 Main St,"459 Main St, Armonk, NY 10504",The Salad Snob,Armonk,NY,Our Otter,DoorDash - Discontinued,Discontinued - UE Low Sales,Active,1744213,98d4ab5f-c46d-45d0-9009-e41dfec40668,2789105,Jan Ceasar Poblete,Ria Jain,Edlyn Manzano,Maria Mellanie S. Lapira,TODC MENU HRS : Mon-Tues: 6:45am–4:00pm /Wed-Fri: 6:45am–4:15pm /Sat: 6:45am–3:30pm/Sun: 7:00am–2:30pm
rec3AjZ7rk9SmZ8aU,Schriefer’s Armonk Deli - 459 Main St,"459 Main St, Armonk, NY 10504",Frankie's Burger Bar,Armonk,NY,Our Otter,DoorDash - Discontinued,Discontinued - UE Low Sales,Active,1458744,c5df007e-9cc0-46c6-8575-9a67c3e5a1c6,2540443,Jan Ceasar Poblete,Ria Jain,Edlyn Manzano,Maria Mellanie S. Lapira,TODC MENU HRS : Mon-Tues: 6:45am–4:00pm /Wed-Fri: 6:45am–4:15pm /Sat: 6:45am–3:30pm/Sun: 7:00am–2:30pm
reccmtVkvAhyncAqX,Schriefer’s Armonk Deli - 459 Main St,"459 Main St, Armonk, NY 10504",Palm Tree Juice Bar,Armonk,NY,Our Otter,Discontinued TODC audit,Discontinued - UE Low Sales,Active,1742400,49dd35e0-ceaf-49e4-b8dc-a468c6bcebad,2785650,Jan Ceasar Poblete,Ria Jain,Edlyn Manzano,Maria Mellanie S. Lapira,TODC MENU HRS : Mon-Tues: 6:45am–4:00pm /Wed-Fri: 6:45am–4:15pm /Sat: 6:45am–3:30pm/Sun: 7:00am–2:30pm
reclJpJXSa5eT2sxc,Schriefer’s Armonk Deli - 459 Main St,"459 Main St, Armonk, NY 10504",The Sandwich Vibe,Armonk,NY,Our Otter,DoorDash - Discontinued,Discontinued - UE Low Sales,Active,23556293,6f7a531d-34da-5234-b1c2-8f7f3533467f,3325727,Jan Ceasar Poblete,Ria Jain,Edlyn Manzano,Maria Mellanie S. Lapira,TODC MENU HRS : Mon-Tues: 6:45am–4:00pm /Wed-Fri: 6:45am–4:15pm /Sat: 6:45am–3:30pm/Sun: 7:00am–2:30pm
recH20xRphZTkXFK9,Schriefer’s Armonk Deli - 459 Main St,"459 Main St, Armonk, NY 10504",Bosscat Cheesesteaks,Armonk,NY,Our Otter,Active,Discontinued - UE Low Sales,Active,1458743,44cb87b6-f7eb-4298-a147-fba2dfba74a4,2539849,Jan Ceasar Poblete,Ria Jain,Edlyn Manzano,Maria Mellanie S. Lapira,TODC MENU HRS : Mon-Tues: 6:45am–4:00pm /Wed-Fri: 6:45am–4:15pm /Sat: 6:45am–3:30pm/Sun: 7:00am–2:30pm
recKkRGPPd93gUkj2,Schriefer’s Armonk Deli - 459 Main St,"459 Main St, Armonk, NY 10504",Marty's Wraps Shack,Armonk,NY,Our Otter,Active,Discontinued - UE Low Sales,Grubhub Discontinued - Failed Concept,23549737,0cbc5125-c3a8-527c-95c3-0e3947c58a31,3326308,Jan Ceasar Poblete,Ria Jain,Edlyn Manzano,Maria Mellanie S. Lapira,TODC MENU HRS : Mon-Tues: 7:00am–4:00pm /Wed-Fri: 7:00am–4:15pm /Sat: 7:00am–3:30pm/Sun: 7:30am–2:30pm
recLesw7uYmilEtHa,Schriefer’s Armonk Deli - 459 Main St,"459 Main St, Armonk, NY 10504",Mufasa's Pancakes & French Toast,Armonk,NY,Our Otter,DoorDash - Discontinued,Discontinued - UE Low Sales,Active,23556292,17675daa-2728-527c-99b2-86ebe68f8b64,3325471,Jan Ceasar Poblete,Ria Jain,Edlyn Manzano,Maria Mellanie S. Lapira,TODC MENU HRS : Mon-Tues: 6:45am–4:00pm /Wed-Fri: 6:45am–4:15pm /Sat: 6:45am–3:30pm/Sun: 7:00am–2:30pm
recUbFK0FcM8nA7QD,Schriefer’s Armonk Deli - 459 Main St,"459 Main St, Armonk, NY 10504",Locals Breakfast Snob,Armonk,NY,Our Otter,Active,Active,Active,1091378,75122eef-96b9-4c0d-a602-a76427698ed1,2289629,Jan Ceasar Poblete,Ria Jain,Edlyn Manzano,Maria Mellanie S. Lapira,TODC MENU HRS : Mon-Tues: 6:45am–4:00pm /Wed-Fri: 6:45am–4:15pm /Sat: 6:45am–3:30pm/Sun: 7:00am–2:30pm
recUDWA4OmCelKy5R,Schriefer’s Armonk Deli - 459 Main St,"459 Main St, Armonk, NY 10504",Bain's Burger Bar,Armonk,NY,Our Otter,Active,Active,Active,33887197,1f339f87-5ad6-5d7e-99e6-dea51acb8dc1,10568040,Jan Ceasar Poblete,Ria Jain,Edlyn Manzano,Maria Mellanie S. Lapira,TODC MENU HRS : Mon-Tues: 6:45am–4:00pm /Wed-Fri: 6:45am–4:15pm /Sat: 6:45am–3:30pm/Sun: 7:00am–2:30pm
rec0Fq8z5zssUTvor,Shane's Pizza On 87 - 1368 N Arizona Ave,"1368 N Arizona Ave, Chandler, AZ 85225",Fallen Angel Wings,Chandler,AZ,Their Otter,Active,Active,Active,31313215,7bab2952-832e-5f94-b723-baec55a0be3a,9819472,Miguel Josue,Ria Jain,Ferlyn Torres,Maria Mellanie S. Lapira,"Monday-Thursday: 11AM-10PM, Friday-Saturday: 11AM-11PM, Sunday: 11AM-10PM"
recT0jS9xCDF0YnL9,Shane's Pizza On 87 - 1368 N Arizona Ave,"1368 N Arizona Ave, Chandler, AZ 85225",Little Italy's Calzones,Chandler,AZ,Their Otter,Active,Active,Active,32946727,400bddf5-8e6b-576e-8b54-b3bf9a4e2689,10334552,Miguel Josue,Ria Jain,Ferlyn Torres,Maria Mellanie S. Lapira,"Sunday-Thursday: 11AM-10PM, Friday-Saturday: 11AM-11AM"
recjbmMqWb6uUZRwk,Shane's Pizza On 87 - 1368 N Arizona Ave,"1368 N Arizona Ave, Chandler, AZ 85225",Vegetarian Pizza Empire,Chandler,AZ,Their Otter,Active,Onboarding - Pending,Onboarding - Pending,24872471,f6ac3225-68db-55e2-be2f-c40a59d86c81,,Miguel Josue,Ria Jain,Ferlyn Torres,Maria Mellanie S. Lapira,"Monday-Thursday: 11AM-10PM, Friday-Saturday: 11AM-11PM, Sunday: 11AM-10PM"
reclSFVuKEzkn0G7x,Shawarma House - 488 Post St,"488 Post St, San Francisco, CA 94102",Ice Cream and Cake Shop,San Francisco,CA,Our Otter,Active,Discontinued - UE Low Sales,Grubhub Discontinued - Failed Concept,1592282,82772a12-effa-46e8-bf7c-a58dace1fc1d,2666837,,Chris Garner,Eve Paraiso,Maria Mellanie S. Lapira,TODC MENU HRS:  Monday - Friday: 8:30AM-4:30PM / Saturday-Sunday: 8:30AM-2:00PM
recrJ3kJDSMYFckYe,Sicilian Pizza - 493 Old Hickory Blvd,"493 Old Hickory Blvd, Brentwood, TN 37027",Frank's Philly Cheesesteaks,Brentwood,TN,Our Otter,DoorDash - Discontinued,Discontinued by UE,Active,1768947,74e16f19-4b84-486c-b78d-0d48fdfb41df,2786350,Tana Jean Frances Liboon,Chris Garner,Janice Mauricio,Maria Mellanie S. Lapira,"8:00 AM – 2:30 AM (next day), Monday to Sunday TODC HOURS
"
recYePCI3zu29lkWT,Sicilian Pizza - 493 Old Hickory Blvd,"493 Old Hickory Blvd, Brentwood, TN 37027",Italian Pasta Lounge,Brentwood,TN,Our Otter,Active,Virtual Brand Discontinued,Active,32961981,9c643308-87df-5fd2-a1e0-9d61f192c2a0,10329208,Tana Jean Frances Liboon,Chris Garner,Janice Mauricio,Maria Mellanie S. Lapira,"8:00 AM – 2:30 AM (next day), Monday to Sunday TODC HOURS
"
rec3qIFHkWSJ40mzR,Sicilian Pizza - 493 Old Hickory Blvd,"493 Old Hickory Blvd, Brentwood, TN 37027",John's Pizza Den,Brentwood,TN,Our Otter,Active,Active,Active,35856397,eab02e5c-f821-5ed7-9aa2-53edf6b45af4,10372056,Tana Jean Frances Liboon,Chris Garner,Janice Mauricio,Maria Mellanie S. Lapira,"8:00 AM – 2:30 AM (next day), Monday to Sunday TODC HOURS
"
rec4txfEru5S7UYpo,Sicilian Pizza - 493 Old Hickory Blvd,"493 Old Hickory Blvd, Brentwood, TN 37027",Old Village Burgers,Brentwood,TN,Our Otter,Active,Onboarding - Pending,Grubhub Discontinued - Failed Concept,33884295,7a1fe674-8c64-52fd-bbbb-96f7344b41b8,10334560,Tana Jean Frances Liboon,Chris Garner,Janice Mauricio,Maria Mellanie S. Lapira,"8:00 AM – 2:30 AM (next day), Monday to Sunday TODC HOURS
"
rec5x7aPumaYOG7BW,Sicilian Pizza - 493 Old Hickory Blvd,"493 Old Hickory Blvd, Brentwood, TN 37027",The Pizza Flip,Brentwood,TN,Our Otter,Active,Active,Grubhub Discontinued - Failed Concept,33884067,1e9c73f0-549d-53fb-ac5f-51f48e3a4ec2,10332960,Tana Jean Frances Liboon,Chris Garner,Janice Mauricio,Maria Mellanie S. Lapira,"8:00 AM – 2:30 AM (next day), Monday to Sunday TODC HOURS
"
rec7hrlTFOQbgoU4F,Sicilian Pizza - 493 Old Hickory Blvd,"493 Old Hickory Blvd, Brentwood, TN 37027",Fry Bird Sandwiches,Brentwood,TN,Our Otter,Active,Onboarding - Pending,Active,33558897,dc0b85ea-9c0b-50f5-adf1-ab00a9b02bbd,10327640,Tana Jean Frances Liboon,Chris Garner,Janice Mauricio,Maria Mellanie S. Lapira,"8:00 AM – 2:30 AM (next day), Monday to Sunday TODC HOURS
"
rechM4ilFAjDY77xG,Sicilian Pizza - 493 Old Hickory Blvd,"493 Old Hickory Blvd, Brentwood, TN 37027",The Pasta Twins,Brentwood,TN,Our Otter,DoorDash - Discontinued,Active,Active,1413378,81a647f1-ae68-4a7d-a036-c4cf8a922626,2484907,Tana Jean Frances Liboon,Chris Garner,Janice Mauricio,Maria Mellanie S. Lapira,"8:00 AM – 2:30 AM (next day), Monday to Sunday TODC HOURS
"
recAcH9fjAJOIRHrR,Sicilian Pizza - 493 Old Hickory Blvd,"493 Old Hickory Blvd, Brentwood, TN 37027",The Salad Snob,Brentwood,TN,Our Otter,DoorDash - Discontinued,Discontinued by UE,Active,1771234,ec4e5e37-3c42-4e15-a5d9-65256f9a3e5c,2789111,Tana Jean Frances Liboon,Chris Garner,Janice Mauricio,Maria Mellanie S. Lapira,"8:00 AM – 2:30 AM (next day), Monday to Sunday TODC HOURS
"
recCq1XXlXbCMbzVz,Sicilian Pizza - 493 Old Hickory Blvd,"493 Old Hickory Blvd, Brentwood, TN 37027",Wildfry Wings,Brentwood,TN,Our Otter,Onboarding - Pending,Active,Active,,a6313ad3-840a-5197-9868-eab2913bb738,9798944,Tana Jean Frances Liboon,Chris Garner,Janice Mauricio,Maria Mellanie S. Lapira,"8:00 AM – 2:30 AM (next day), Monday to Sunday TODC HOURS
"
recEI9UiOoE8Jq9If,Sicilian Pizza - 493 Old Hickory Blvd,"493 Old Hickory Blvd, Brentwood, TN 37027",Two Hand Burger,Brentwood,TN,Our Otter,DoorDash - Discontinued,Active,Active,1422130,894bfa24-4091-4857-99c5-88908f762313,2484502,Tana Jean Frances Liboon,Chris Garner,Janice Mauricio,Maria Mellanie S. Lapira,"8:00 AM – 2:30 AM (next day), Monday to Sunday TODC HOURS
"
recIPh5hsF7KrUrLX,Sicilian Pizza - 493 Old Hickory Blvd,"493 Old Hickory Blvd, Brentwood, TN 37027",Golden Bear Sandwiches,Brentwood,TN,Our Otter,DoorDash - Discontinued,Discontinued by UE,Active,1766633,f6462310-2c8b-4eed-9927-607f76846bb5,2785655,Tana Jean Frances Liboon,Chris Garner,Janice Mauricio,Maria Mellanie S. Lapira,"8:00 AM – 2:30 AM (next day), Monday to Sunday TODC HOURS
"
recKen4xeQQDJAkFQ,Sicilian Pizza - 493 Old Hickory Blvd,"493 Old Hickory Blvd, Brentwood, TN 37027",Charlie's Chicken Wings,Brentwood,TN,Our Otter,Churned - TODC AUDIT,Discontinued - UE Low Sales,Active,1767189,bd39472a-fcb2-4618-a81f-26bfdf899959,2785777,Tana Jean Frances Liboon,Chris Garner,Janice Mauricio,Maria Mellanie S. Lapira,"8:00 AM – 2:30 AM (next day), Monday to Sunday TODC HOURS
"
recMKnreMpPKL7H7f,Sicilian Pizza - 493 Old Hickory Blvd,"493 Old Hickory Blvd, Brentwood, TN 37027",Original Burger Bar,Brentwood,TN,Our Otter,Active,Active,Active,35856547,1acdf239-b945-5d77-bb11-36ac01f44437,10380928,Tana Jean Frances Liboon,Chris Garner,Janice Mauricio,Maria Mellanie S. Lapira,"8:00 AM – 2:30 AM (next day), Monday to Sunday TODC HOURS
"
recovS1Yh0nULqFpT,Sicilian Pizza - 493 Old Hickory Blvd,"493 Old Hickory Blvd, Brentwood, TN 37027",Philly Cheesesteak Company,Brentwood,TN,Our Otter,Active,Active - Onboarding In Process,Onboarding - Pending,33885843,9a542728-fe1e-5b7c-adc1-26fdc059bf90,,Tana Jean Frances Liboon,Chris Garner,Janice Mauricio,Maria Mellanie S. Lapira,"8:00 AM – 2:30 AM (next day), Monday to Sunday TODC HOURS
"
recWVzJ5BmzRe4JN5,Sicilian Pizza - 493 Old Hickory Blvd,"493 Old Hickory Blvd, Brentwood, TN 37027",Greens Salad God,Brentwood,TN,Our Otter,Active,Active - Onboarding In Process,Onboarding - Pending,33886007,a4810add-e3e7-5269-b879-a589b0c797c4,,Tana Jean Frances Liboon,Chris Garner,Janice Mauricio,Maria Mellanie S. Lapira,"8:00 AM – 2:30 AM (next day), Monday to Sunday TODC HOURS
"
rec6Zz6oOTSNX4rF9,Sicilian Pizza - 493 Old Hickory Blvd,"493 Old Hickory Blvd, Brentwood, TN 37027",Sam's Sandwich Spot,Brentwood,TN,Our Otter,Active,Onboarding - Pending,Onboarding - Pending,32987863,eb813b4d-f567-5f15-87b4-a571a1e81f2f,,Tana Jean Frances Liboon,Chris Garner,Janice Mauricio,Maria Mellanie S. Lapira,"8:00 AM – 2:30 AM (next day), Monday to Sunday TODC HOURS
"
recLKdS6bRF02zhjY,Sicilian Pizza - 493 Old Hickory Blvd,"493 Old Hickory Blvd, Brentwood, TN 37027",Martha's Fried Chicken,Brentwood,TN,Our Otter,Active,Onboarding - Pending,Onboarding - Pending,33886083,d0edf94d-8c65-5708-8af2-b29ef3d74a30,,Tana Jean Frances Liboon,Chris Garner,Janice Mauricio,Maria Mellanie S. Lapira,"8:00 AM – 2:30 AM (next day), Monday to Sunday TODC HOURS
"
recmvB3DAtTPf94VF,Sicilian Pizza - 2614 Lebanon Pike,"2614 Lebanon Pike, Nashville, TN 37214",Green Leaf Salads,Nashville,TN,Their Otter,Active,Active,Active,26344247,cd9c8d9d-0df1-5d11-a506-075fef2fd7aa,7749192,,Chris Garner,Rachelle Kate Funa,Maria Mellanie S. Lapira,TODC MENU HRS: Monday-Sunday: 4:30PM-3:30AM
recKgHcxt8qLP8vDD,Sicilian Pizza - 2614 Lebanon Pike,"2614 Lebanon Pike, Nashville, TN 37214",High Life Pizzas,Nashville,TN,Their Otter,DoorDash - Not Approved,Active,Active,,678193be-2f62-59de-8798-e29a70d02abb,7749184,,Chris Garner,Rachelle Kate Funa,Maria Mellanie S. Lapira,
rectNfpUYIjTVQ5A3,Sicilian Pizza & Pasta - 327 Union St,"327 Union St, Nashville, TN 37201",Chris's Chicken Tenders,Nashville,TN,Our Otter,Active,Active - Onboarding In Process,Active,36019345,d6d6c78b-2777-522f-8192-cb08f13b800f,10373720,Miguel Josue,Chris Garner,Janice Mauricio,Leix Anthony Almeda,Everyday: 8AM - 5AM
recgI61jU0XPPB3v1,Sicilian Pizza & Pasta - 327 Union St,"327 Union St, Nashville, TN 37201",Fallon's Fried Chicken,Nashville,TN,Our Otter,Active,Active,Active,35854061,d0d3443c-3271-5868-ad86-d0c852f944dd,10375504,Miguel Josue,Chris Garner,Janice Mauricio,Leix Anthony Almeda,Everyday: 8AM - 5AM
rec6QzarA4Eg7MpXw,Six Corners Marketplace - 2755 Broadway,"2755 Broadway, New York, NY 10025",Village Wraps Snob,New York,NY,Our Otter,Active,Discontinued by UE,Active,23557521,29d1b5db-9818-5474-acf3-7db637ad4963,3344331,Miguel Josue,Ria Jain,Janice Mauricio,Maria Mellanie S. Lapira,TODC MENU HRS: MON TO SUNDAY - 24/7
recfN4YlGmFMDbdcm,Six Corners Marketplace - 2755 Broadway,"2755 Broadway, New York, NY 10025",Savage Juice Bar,New York,NY,Our Otter,Active,Discontinued - UE Low Sales,Grubhub Discontinued - Failed Concept,23557518,fcdd549f-6fde-5c31-a4f2-9bab368b5e7d,3344894,Miguel Josue,Ria Jain,Janice Mauricio,Maria Mellanie S. Lapira,TODC MENU HRS: MON TO SUNDAY - 24/7
rechthinmJD9fKyLr,Six Corners Marketplace - 2755 Broadway,"2755 Broadway, New York, NY 10025",Panini's On Panini's,New York,NY,Our Otter,DoorDash - Discontinued,Discontinued by UE,Active,23557516,30b20d28-b23f-5496-a413-e76b75c4fedf,3343893,Miguel Josue,Ria Jain,Janice Mauricio,Maria Mellanie S. Lapira,24/7
recBcuChtCvJ7jna1,Six Corners Marketplace - 2755 Broadway,"2755 Broadway, New York, NY 10025",Prima Panini Bar,New York,NY,Our Otter,Active,Active - Onboarding In Process,Onboarding - Pending,33886123,91b23f64-2651-5fc1-9b06-92ba84442104,,Miguel Josue,Ria Jain,Janice Mauricio,Maria Mellanie S. Lapira,24/7
recnhf1bBOPDvLf2c,Soha Gourmet Market - 301 W 96th St,"301 W 96th St, New York, NY 10025",Sunrise Coffee Express,New York,NY,Our Otter,Active,Discontinued - UE Low Sales,Grubhub Discontinued - Failed Concept,23557660,f26b5c58-58a3-5126-bf2d-e3899eafb196,3344519,,Ria Jain,Janice Mauricio,Maria Mellanie S. Lapira,TODC MENU HRS : MON TO SUN - 24/7
recoYuFHIve2Ta8mh,Soha Gourmet Market - 301 W 96th St,"301 W 96th St, New York, NY 10025",Farmer Girl Salad,New York,NY,Our Otter,Active,Discontinued - UE Low Sales,Active,23557659,6f978e1c-dc96-51eb-9c2c-bcdeaab93038,3344905,,Ria Jain,Janice Mauricio,Maria Mellanie S. Lapira,TODC MENU HRS : MON TO SUN - 24/7
reciRHPGXBD9u2Cmv,Soha Gourmet Market - 301 W 96th St,"301 W 96th St, New York, NY 10025",Che Breakfast Cafe,New York,NY,Our Otter,Active,Active,Active,23557667,8c76ccdb-af68-5c1c-96e8-de10cac770af,3344337,,Ria Jain,Janice Mauricio,Maria Mellanie S. Lapira,TODC MENU HRS : MON TO SUN - 24/7
recikzgntkoH1G7sd,Soha Gourmet Market - 301 W 96th St,"301 W 96th St, New York, NY 10025",Prime Burger Lounge,New York,NY,Our Otter,Active,Discontinued - UE Low Sales,Active,23558171,e4a3529f-d631-5877-97c6-050861987612,3344170,,Ria Jain,Janice Mauricio,Maria Mellanie S. Lapira,TODC MENU HRS : MON TO SUN - 24/7
recZeyeSvz1ThsoJc,Solo Burgers & Wings - 6413 Hillcrest Ave,"6413 Hillcrest Ave, Dallas, TX 75205",The Burger Passion,Dallas,TX,Their Otter,Active,Discontinued by UE,Grubhub - Brand Discontinued,2440058,1b410cb5-72b1-56ae-98f4-ae84a9ae3522,3300727,Mau Liboon,Ria Jain,Janice Mauricio,Maria Mellanie S. Lapira,Sunday to Thursday: 11am-9pm Friday & Saturday: 11am- 2am
rece0tdq12pbsa7QR,Solo Burgers & Wings - 6413 Hillcrest Ave,"6413 Hillcrest Ave, Dallas, TX 75205",Good Planet Vegan Burgers,Dallas,TX,Their Otter,Active,Discontinued by UE,Grubhub - Brand Discontinued,2428371,ae94a390-122d-5f36-a744-d0cf7cf286d4,3300726,Mau Liboon,Ria Jain,Janice Mauricio,Maria Mellanie S. Lapira,Sunday to Thursday: 11am-9pm Friday & Saturday: 11am- 2am
reciDSkuEzrMzWpbp,Solo Burgers & Wings - 6413 Hillcrest Ave,"6413 Hillcrest Ave, Dallas, TX 75205",Milkshake And Dessert Bar,Dallas,TX,Their Otter,Active,Discontinued by UE,Grubhub - Brand Discontinued,2428480,cb8235bd-4f1f-50f3-b7b3-473f67cde69e,3301217,Mau Liboon,Ria Jain,Janice Mauricio,Maria Mellanie S. Lapira,Sunday to Thursday: 11am-9pm Friday & Saturday: 11am- 2am
recnVnrHFADuts9uF,Somos Familia Mexican Restaurant - 1268 W 86th St,"1268 W 86th St, Indianapolis, IN 46260",Urban Vegetarian House,Indianapolis,IN,Their Otter,DoorDash - Discontinued,Active,Active,24974932,e14f4b14-2d8f-5d98-a127-b3504635624a,6346712,Miguel Josue,Chris Garner,Eve Paraiso,Maria Mellanie S. Lapira,"Monday-Thursday: 11AM-9:30PM, Friday-Saturday: 11AM-10PM, Sunday: 11AM-9PM"
rectRYAnBMEj2MoZD,Somos Familia Mexican Restaurant - 1268 W 86th St,"1268 W 86th St, Indianapolis, IN 46260",Amores Taqueria,Indianapolis,IN,Their Otter,DoorDash - Discontinued,Active,Active,24974773,d1416e26-0ce2-5b56-80dc-8248b774e1e3,6345496,Miguel Josue,Chris Garner,Eve Paraiso,Maria Mellanie S. Lapira,"Monday-Thursday: 11AM-9:30PM, Friday-Saturday: 11AM-10PM, Sunday: 11AM-9PM"
recYhQiwPDaMV3lRA,Somos Familia Mexican Restaurant - 1268 W 86th St,"1268 W 86th St, Indianapolis, IN 46260",Celines Salad Bar,Indianapolis,IN,Their Otter,DoorDash - Discontinued,Active,Active,24974809,5c8b26e8-75cd-5581-9a05-f1d7c528f527,6348144,Miguel Josue,Chris Garner,Eve Paraiso,Maria Mellanie S. Lapira,"Monday-Thursday: 11AM-9:30PM, Friday-Saturday: 11AM-10PM, Sunday: 11AM-9PM"
recVvPM4oxuGDQ7iJ,Somos Familia Mexican Restaurant - 1268 W 86th St,"1268 W 86th St, Indianapolis, IN 46260",Top Notch Sandwiches,Indianapolis,IN,Their Otter,DoorDash - Discontinued,Active,Active,24974820,80936a74-7c5e-5b14-9a4c-001628c559d3,6348152,Miguel Josue,Chris Garner,Eve Paraiso,Maria Mellanie S. Lapira,"Monday-Thursday: 11AM-9:30PM, Friday-Saturday: 11AM-10PM, Sunday: 11AM-9PM"
recdAnk3DXuhtHe62,Somos Familia Mexican Restaurant - 1268 W 86th St,"1268 W 86th St, Indianapolis, IN 46260",Doughboys Sandwiches,Indianapolis,IN,Their Otter,Active,Active - Onboarding In Process,Onboarding - Pending,32923607,8daf5ded-0f28-5632-b8ef-4a6634ad6389,,Miguel Josue,Chris Garner,Eve Paraiso,Maria Mellanie S. Lapira,"Monday-Thursday: 11AM-9:30PM, Friday-Saturday: 11AM-10PM, Sunday: 11AM-9PM"
recU4sl0KfvRLwOwu,Somos Familia Mexican Restaurant - 1268 W 86th St,"1268 W 86th St, Indianapolis, IN 46260",Mexiq Tacos,Indianapolis,IN,Their Otter,Active,Active - Onboarding In Process,Onboarding - Pending,33886191,d7d794cd-d0cc-570f-8164-bfc8582b7c7c,,Miguel Josue,Chris Garner,Eve Paraiso,Maria Mellanie S. Lapira,"Monday-Thursday: 11AM-9:30PM, Friday-Saturday: 11AM-10PM, Sunday: 11AM-9PM"
recVE8jvXncO3iFCi,Somos Familia Mexican Restaurant - 1268 W 86th St,"1268 W 86th St, Indianapolis, IN 46260",The Salad Snob,Indianapolis,IN,Their Otter,Active,Onboarding - Pending,Onboarding - Pending,34340355,95752eb5-2105-53fc-83bf-47090f4ec8b0,,Miguel Josue,Chris Garner,Eve Paraiso,Maria Mellanie S. Lapira,"Monday-Thursday: 11AM-9:30PM, Friday-Saturday: 11AM-10PM, Sunday: 11AM-9PM"
recD8BN9e7BUEPSWL,Soulfood and Comedy Cafe - 1156 South Bay Road,"1156 South Bay Road, Dover, DE 19901",FryChick Sandwiches,Dover,DE,Our Otter,Onboarding - Pending,Active,Active,,f8b81263-039f-50bb-894e-e1978fea3497,9215472,,Ria Jain,Ferlyn Torres,Maria Mellanie S. Lapira, Monday - Friday 11:00 AM - 8:00 PM ; Saturday 12:00 PM - 8:00 PM ; Sunday 12:00 PM - 6:00 PM TODC HRS
reckBOJColRN5K19Z,Straw In The Raw - 190 Hillside Rd,"190 Hillside Rd, Cranston, RI 02920",Blake's Dessert Lounge,Cranston,RI,Referral: Their Otter,Active,Active,Active,31313807,8acb620d-ec84-5479-a93d-8811c0b35470,9820984,Miguel Josue,Ria Jain,Edlyn Manzano,Maria Mellanie S. Lapira,⏰Monday- Thursday: 9am- 8:30 pm Friday: 9am- 7:30 pm Saturday: 9am- 4:30 pm Sunday: 10am- 3:30 pm
recvGgRyFkc26dG7w,Sunny grocery & grill - 60-84 Fresh Pond Rd,"60-84 Fresh Pond Rd, Queens, NY 11378",The Valley Gyro Spot,Queens,NY,Our Otter,Active,Discontinued - UE Low Sales,Grubhub Discontinued - Failed Concept,1743781,8d51324b-3462-4548-a2ef-a2c7f8c20f23,7102632,,Ria Jain,Edlyn Manzano,Maria Mellanie S. Lapira,24/7
rec42OUBKGkTL8FJL,Sunny grocery & grill - 60-84 Fresh Pond Rd,"60-84 Fresh Pond Rd, Queens, NY 11378",Sasha's Sandwiches,Queens,NY,Our Otter,Active,Discontinued - UE Low Sales,Active,1790140,9cb4550a-ff7d-42a9-b43e-7f72c748ec4a,2795072,,Ria Jain,Edlyn Manzano,Maria Mellanie S. Lapira,24/7
recg9fZtW8CPV94Kt,Sunny grocery & grill - 60-84 Fresh Pond Rd,"60-84 Fresh Pond Rd, Queens, NY 11378",Wonderland Wraps,Queens,NY,Our Otter,Active,Discontinued - UE Low Sales,Grubhub Discontinued - Failed Concept,1744501,ee61a348-5836-47f7-9d6c-86b1a692c472,7101088,,Ria Jain,Edlyn Manzano,Maria Mellanie S. Lapira,24/7
recwdXdVSsTH7jECE,Sunrise Market Place - 612 11th Ave,"612 11th Ave, New York, NY 10036",Danny's Burger Den,New York,NY,Referral: Their Otter,DoorDash - Discontinued,Discontinued by UE,Active,25128527,f6b686b5-e08a-5128-a369-ddd994bee770,6893712,,Ria Jain,Ferlyn Torres,Maria Mellanie S. Lapira,TODC MENU HRS: Monday-Sunday: 12AM-12AM
recAUHBFeugpjD6Yd,Sunrise Market Place - 612 11th Ave,"612 11th Ave, New York, NY 10036",High Life Breakfast Sandwiches,New York,NY,Referral: Their Otter,Active,Discontinued by UE,Active,25129904,eed948d6-cf25-563b-af2c-2791fb4b70a5,6891016,,Ria Jain,Ferlyn Torres,Maria Mellanie S. Lapira,TODC MENU HRS: Monday-Sunday: 12AM-12AM
reconJQV0gAZJmSTQ,Sunset Gourmet Deli - 468 9th Ave,"468 9th Ave, New York, NY 10018",EZ Cheesesteaks,New York,NY,Our Otter,DoorDash - Discontinued,Discontinued - UE Low Sales,Active,2428270,84905546-f201-4b68-bf8c-c709685330a9,3300605,Tana Jean Frances Liboon,Ria Jain,Ferlyn Torres,Maria Mellanie S. Lapira,Mon-Sun 5am - 12am
recqNvPBndyvoQk89,Sunset Gourmet Deli - 468 9th Ave,"468 9th Ave, New York, NY 10018",Wraps On Tap,New York,NY,Our Otter,DoorDash - Discontinued,Discontinued - UE Low Sales,Active,23423302,74804c52-890a-5585-9d46-683034780dee,3312230,Tana Jean Frances Liboon,Ria Jain,Ferlyn Torres,Maria Mellanie S. Lapira,Mon-Sun 5am - 12am
recqhLck6ZVWxO3DC,Sunset Gourmet Deli - 468 9th Ave,"468 9th Ave, New York, NY 10018",Kelly's Pancake Bar,New York,NY,Our Otter,DoorDash - Discontinued,Discontinued - UE Low Sales,Active,23423649,9e23cf39-9184-5b53-9df8-e3c3df627a33,3310270,Tana Jean Frances Liboon,Ria Jain,Ferlyn Torres,Maria Mellanie S. Lapira,Mon-Sun 5am - 12am
recrUHO2QpsxF0sil,Sunset Gourmet Deli - 468 9th Ave,"468 9th Ave, New York, NY 10018",Jay's Breakfast Bar,New York,NY,Our Otter,DoorDash - Discontinued,Discontinued - UE Low Sales,Active,1846650,86c1a002-539b-48be-96fc-0a41d1787264,2884717,Tana Jean Frances Liboon,Ria Jain,Ferlyn Torres,Maria Mellanie S. Lapira,Mon-Sun 5am - 12am
recvZxP0VUNiQtrTF,Sunset Gourmet Deli - 468 9th Ave,"468 9th Ave, New York, NY 10018",The Gourmet Burger,New York,NY,Our Otter,DoorDash - Discontinued,Discontinued - UE Low Sales,Active,23423647,f96660bd-ad46-5559-927c-ff1f4d524a4f,3310271,Tana Jean Frances Liboon,Ria Jain,Ferlyn Torres,Maria Mellanie S. Lapira,Mon-Sun 5am - 12am
recZF6gvQvDkwI1Sz,Sunset Gourmet Deli - 468 9th Ave,"468 9th Ave, New York, NY 10018",The Pastrami Bar,New York,NY,Our Otter,DoorDash - Discontinued,Discontinued - UE Low Sales,Active,2430383,5a772d03-e40c-5b1b-9f3e-899411b4e0f2,3301216,Tana Jean Frances Liboon,Ria Jain,Ferlyn Torres,Maria Mellanie S. Lapira,Mon-Sun 5am - 12am
rec3zOu9FgI7hDY7z,Sunset Gourmet Deli - 468 9th Ave,"468 9th Ave, New York, NY 10018",Amanda's Breakfast Lounge,New York,NY,Our Otter,DoorDash - Discontinued,Discontinued - UE Low Sales,Active,22954557,eb4889cb-a319-5111-b231-79d79381ece6,3311311,Tana Jean Frances Liboon,Ria Jain,Ferlyn Torres,Maria Mellanie S. Lapira,Mon-Sun 5am - 12am
recfq9i64wqzCYfF6,Sunset Gourmet Deli - 468 9th Ave,"468 9th Ave, New York, NY 10018",Prime Burger Lounge,New York,NY,Our Otter,DoorDash - Discontinued,Discontinued - UE Low Sales,Active,1850438,8d0bc49e-3bad-49e7-ae0d-36f6de9e9e06,2884615,Tana Jean Frances Liboon,Ria Jain,Ferlyn Torres,Maria Mellanie S. Lapira,Mon-Sun 5am - 12am
recynAC8Yct1ppEw2,Sunset Gourmet Deli - 468 9th Ave,"468 9th Ave, New York, NY 10018",City Light Wraps,New York,NY,Our Otter,DoorDash - Discontinued,Discontinued - UE Low Sales,Active,22955333,536ff68d-d57d-5d08-9f7c-8547a3cd7f5c,3311011,Tana Jean Frances Liboon,Ria Jain,Ferlyn Torres,Maria Mellanie S. Lapira,Mon-Sun 5am - 12am
recDnXDcE9vg5qKwQ,Sunset Gourmet Deli - 468 9th Ave,"468 9th Ave, New York, NY 10018",Mason's Burger Bar,New York,NY,Our Otter,DoorDash - Discontinued,Discontinued - UE Low Sales,Active,22955294,c5fa84a6-a7a8-564f-836f-f80aca58fa11,3310618,Tana Jean Frances Liboon,Ria Jain,Ferlyn Torres,Maria Mellanie S. Lapira,Mon-Sun 5am - 12am
recGivh3ML7LE9xvx,Sunset Gourmet Deli - 468 9th Ave,"468 9th Ave, New York, NY 10018",Sal's Smoothie Spot,New York,NY,Our Otter,DoorDash - Discontinued,Discontinued - UE Low Sales,Active,22954156,ae914942-4f79-518f-8c4d-20869cf90323,3311109,Tana Jean Frances Liboon,Ria Jain,Ferlyn Torres,Maria Mellanie S. Lapira,Mon-Sun 5am - 12am
recTdPaXvrmL8T7vm,Sunset Gourmet Deli - 468 9th Ave,"468 9th Ave, New York, NY 10018",Molly's Chicken Wings,New York,NY,Our Otter,DoorDash - Discontinued,Discontinued - UE Low Sales,Active,2439740,c666e1a8-1025-5092-9e4b-1e1d6a304840,3301109,Tana Jean Frances Liboon,Ria Jain,Ferlyn Torres,Maria Mellanie S. Lapira,Mon-Sun 5am - 12am
recVmOBTDm0fboqS4,Sunset Gourmet Deli - 468 9th Ave,"468 9th Ave, New York, NY 10018",Danny's Desserts,New York,NY,Our Otter,DoorDash - Discontinued,Discontinued - UE Low Sales,Active,,26e48930-8654-5059-96fb-537ae115a304,3312494,Tana Jean Frances Liboon,Ria Jain,Ferlyn Torres,Maria Mellanie S. Lapira,Mon-Sun 5am - 12am
rec0yUJjv4h1dTJxQ,Sunset Gourmet Deli - 468 9th Ave,"468 9th Ave, New York, NY 10018",Wonderland Wraps ,New York,NY,Our Otter,Active,Discontinued by UE,Active,32918457,,10564912,Tana Jean Frances Liboon,Ria Jain,Ferlyn Torres,Maria Mellanie S. Lapira,Monday -Sunday: 5am - 12am
rech0O8AUFYlQi2kc,Sunset Gourmet Deli - 468 9th Ave,"468 9th Ave, New York, NY 10018",The Cheeseburger Paradise,New York,NY,Our Otter,Active,Active,Active,33895329,d3d33853-f1ce-5a6f-99b5-afe21587da8b,10564920,Tana Jean Frances Liboon,Ria Jain,Ferlyn Torres,Maria Mellanie S. Lapira,Monday -Sunday: 5am - 12am
rec3IGzyHPUaRzlE7,Sunset Gourmet Deli - 468 9th Ave,"468 9th Ave, New York, NY 10018",Fresh N Fruity Smoothies,New York,NY,Our Otter,Active,Active,Active,34346795,038695f2-33f7-52e4-bd14-2e2fc927c8bd,10594776,Tana Jean Frances Liboon,Ria Jain,Ferlyn Torres,Maria Mellanie S. Lapira,Monday -Sunday: 5am - 12am
recouaXt5sGUAQ82i,Supreme Deli - 154 7th Ave,"154 7th Ave, New York, NY 10011",Tanya's Vegetarian Breakfast,New York,NY,Our Otter,DoorDash - Discontinued,Discontinued - UE Low Sales,Active,23907028,f58cace9-3d86-50c1-b01f-0c2f283545a8,4515656,lara yao,Chris Garner,Janice Mauricio,Maria Mellanie S. Lapira,24/7
recqqGG0Qu0MtVWHG,Supreme Deli - 154 7th Ave,"154 7th Ave, New York, NY 10011",The Loose Juice,New York,NY,Our Otter,DoorDash - Discontinued,Discontinued by UE,Active,23059044,0e7585b2-8f98-5410-8552-0270e8fa7942,3309193,lara yao,Chris Garner,Janice Mauricio,Maria Mellanie S. Lapira,24/7
recqrtAqmG1nMESn2,Supreme Deli - 154 7th Ave,"154 7th Ave, New York, NY 10011",Mufasa's Pancakes & French Toast,New York,NY,Our Otter,DoorDash - Discontinued,Active,Active,2559902,dfe0445f-c47f-5c3a-967f-78a067f37767,3300978,lara yao,Chris Garner,Janice Mauricio,Maria Mellanie S. Lapira,24/7
recsOqTbL7Ik4qEk9,Supreme Deli - 154 7th Ave,"154 7th Ave, New York, NY 10011",Panini's On Panini's,New York,NY,Our Otter,DoorDash - Discontinued,Discontinued - UE Low Sales,Active,23060368,1db15e3b-c5e6-57b7-9e26-dc8d8d731df1,3309652,lara yao,Chris Garner,Janice Mauricio,Maria Mellanie S. Lapira,24/7
recsjaSXNbL1MkJkU,Supreme Deli - 154 7th Ave,"154 7th Ave, New York, NY 10011",Sip On Smoothie,New York,NY,Our Otter,Active,Active,Active,35868827,bef1d9e9-98dd-5544-8ea7-610a6699230e,10375536,lara yao,Chris Garner,Janice Mauricio,Maria Mellanie S. Lapira,24/7
rec8wnQiR2iO60B1e,Supreme Deli - 154 7th Ave,"154 7th Ave, New York, NY 10011",Stan's Burger Bar,New York,NY,Our Otter,Active,Active,Active,35869949,50ab7dd3-84d5-569c-92ef-35af56013c49,10379368,lara yao,Chris Garner,Janice Mauricio,Maria Mellanie S. Lapira,24/7
rec88WcOQMBpmW3sc,Supreme Deli - 154 7th Ave,"154 7th Ave, New York, NY 10011",The Vegetarian Cafe,New York,NY,Our Otter,DoorDash - Discontinued,Active,Active,23906916,ab5efe8b-998a-5484-8562-d7021c0f5e1a,4520256,lara yao,Chris Garner,Janice Mauricio,Maria Mellanie S. Lapira,24/7
reclCVl610AkjdZu9,Supreme Deli - 154 7th Ave,"154 7th Ave, New York, NY 10011",Hill Top Sandwich,New York,NY,Our Otter,Active,Onboarding - Pending,Active,36019785,34d0ed97-5d1d-59db-ab0f-4e9ec23847b1,10382512,lara yao,Chris Garner,Janice Mauricio,Maria Mellanie S. Lapira,24/7
recxgb98k6zZvj4y8,Supreme Deli - 154 7th Ave,"154 7th Ave, New York, NY 10011",Holy Grail Omelettes,New York,NY,Our Otter,DoorDash - Discontinued,Active,Active,2641968,f6b504fe-c94f-5ca3-b214-b2b9dad2b8f2,3301276,lara yao,Chris Garner,Janice Mauricio,Maria Mellanie S. Lapira,24/7
recE48m1JaoPuH2HD,Supreme Deli - 154 7th Ave,"154 7th Ave, New York, NY 10011",Alberto's Hero Sandwich Spot,New York,NY,Our Otter,DoorDash - Discontinued,Discontinued by UE,Active,23060438,8172ed34-577b-5740-8dd3-fe40cc36699c,3311499,lara yao,Chris Garner,Janice Mauricio,Maria Mellanie S. Lapira,24/7
recVTrfKRGkFgfpjU,Supreme Deli - 154 7th Ave,"154 7th Ave, New York, NY 10011",The Village Breakfast,New York,NY,Our Otter,Active,Onboarding - Pending,Active,35868685,e8b50b0d-e926-5d89-b94e-04dca22b5944,10373776,lara yao,Chris Garner,Janice Mauricio,Maria Mellanie S. Lapira,24/7
recVQSrbdLliUulwi,Supreme Deli - 154 7th Ave,"154 7th Ave, New York, NY 10011",Breakfast N Vibe,New York,NY,Our Otter,DoorDash - Discontinued,Active,Active,2571116,5b6bccbb-7f52-5c00-991b-581a4078862b,3301172,lara yao,Chris Garner,Janice Mauricio,Maria Mellanie S. Lapira,24/7
recbys6UsOp0PvlVD,Sweet Village Marketplace - 147 1st Ave,"147 1st Ave, New York, NY 10003",Notch My Sandwich,New York,NY,Our Otter,Active,Discontinued - UE Low Sales,Active,23549635,0e31504a-8d89-54c0-9aa0-604d60fb4d9f,3326004,,Chris Garner,Eve Paraiso,Maria Mellanie S. Lapira,TODC Menu hrs 24/7 - Mon to Sun
recALI3EpS0u7zMET,Sweet Village Marketplace - 147 1st Ave,"147 1st Ave, New York, NY 10003",Angelo's Wraps Shop,New York,NY,Our Otter,Active,Discontinued - UE Low Sales,Active,23549641,ba91e086-3300-59e1-8067-ad57304d9e16,3326295,,Chris Garner,Eve Paraiso,Maria Mellanie S. Lapira,TODC Menu hrs 24/7 - Mon to Sun
recUjJxISxtK4xQSC,Sweet Village Marketplace - 147 1st Ave,"147 1st Ave, New York, NY 10003",The Omelette Farm,New York,NY,Our Otter,Active,Discontinued - UE Low Sales,Active,23549638,b377e0df-158b-5ffa-a3b5-036b41952948,3325718,,Chris Garner,Eve Paraiso,Maria Mellanie S. Lapira,TODC Menu hrs 24/7 - Mon to Sun
recnloagjxkU9v6zA,Taco Plus Mexican Grub - 4352 E Speedway Blvd,"4352 E Speedway Blvd, Tucson, AZ 85711",Carmen's Breakfast Burritos,Tucson,AZ,Their Otter,DoorDash - Discontinued,Active,Active,27682476,2778e246-3b40-535d-ab97-ef9e93dbdfac,8570072,Tana Jean Frances Liboon,Chris Garner,Janice Mauricio,Maria Mellanie S. Lapira,"TODC MENU HRS: Open 24 hours, except close at 11:00pm on Sunday and reopen on Monday at 6:00am"
recpNkFcEehExuF3x,Taco Plus Mexican Grub - 4352 E Speedway Blvd,"4352 E Speedway Blvd, Tucson, AZ 85711",Jay's Breakfast Bar,Tucson,AZ,Their Otter,DoorDash - Discontinued,Discontinued TODC audit,Active,1335945,3d37da73-faa5-46db-8f62-fc645b9a57a7,2460021,Tana Jean Frances Liboon,Chris Garner,Janice Mauricio,Maria Mellanie S. Lapira,"TODC MENU HRS: Open 24 hours, except close at 11:00pm on Sunday and reopen on Monday at 6:00am"
recsn53CpAVrXPIi8,Taco Plus Mexican Grub - 4352 E Speedway Blvd,"4352 E Speedway Blvd, Tucson, AZ 85711",Casa De Quesadilla,Tucson,AZ,Their Otter,Churned - TODC AUDIT,Active,Active,27682487,d9d6bc70-6518-5686-a84b-12f5f02edd0c,8568880,Tana Jean Frances Liboon,Chris Garner,Janice Mauricio,Maria Mellanie S. Lapira,"TODC MENU HRS: Open 24 hours, except close at 11:00pm on Sunday and reopen on Monday at 6:00am"
rec1OsggkomEFHZrH,Taco Plus Mexican Grub - 4352 E Speedway Blvd,"4352 E Speedway Blvd, Tucson, AZ 85711",The Burrito Snob,Tucson,AZ,Their Otter,DoorDash - Discontinued,Discontinued TODC audit,Active,1236963,48a18337-8a2c-4816-b8aa-b1bfcffcede0,2382052,Tana Jean Frances Liboon,Chris Garner,Janice Mauricio,Maria Mellanie S. Lapira,"TODC MENU HRS: Open 24 hours, except close at 11:00pm on Sunday and reopen on Monday at 6:00am"
receCvwH9JDqt2Hzi,Taco Plus Mexican Grub - 4352 E Speedway Blvd,"4352 E Speedway Blvd, Tucson, AZ 85711",Pedro's Burrito Bar,Tucson,AZ,Their Otter,Active,Active,Active,31671729,d67f45dc-c9a2-580e-9614-fa6702e70682,9821040,Tana Jean Frances Liboon,Chris Garner,Janice Mauricio,Maria Mellanie S. Lapira,"TODC MENU HRS: Open 24 hours, except close at 11:00pm on Sunday and reopen on Monday at 6:00am"
recl2FOFOKlasUpzi,Taco Plus Mexican Grub - 4352 E Speedway Blvd,"4352 E Speedway Blvd, Tucson, AZ 85711",Antonio's Quesadilla Shack,Tucson,AZ,Their Otter,Active,Active,Active,31313981,d4f49c74-d679-5bf7-b3d7-71fcc238ddec,9797968,Tana Jean Frances Liboon,Chris Garner,Janice Mauricio,Maria Mellanie S. Lapira,"TODC MENU HRS: Open 24 hours, except close at 11:00pm on Sunday and reopen on Monday at 6:00am"
recATfzEUZehOpjOw,Taco Plus Mexican Grub - 4352 E Speedway Blvd,"4352 E Speedway Blvd, Tucson, AZ 85711",The Dessert Shack,Tucson,AZ,Their Otter,DoorDash - Discontinued,Active,Active,27682694,ece40145-17b8-54ac-a084-c7b1b6156f24,8567384,Tana Jean Frances Liboon,Chris Garner,Janice Mauricio,Maria Mellanie S. Lapira,"TODC MENU HRS: Open 24 hours, except close at 11:00pm on Sunday and reopen on Monday at 6:00am"
recMKtN3DxMCq0JPG,Taco Plus Mexican Grub - 4352 E Speedway Blvd,"4352 E Speedway Blvd, Tucson, AZ 85711",The Burrito Co,Tucson,AZ,Their Otter,Active,Active,Active,27682669,4615b6ef-3c7b-540a-9e57-6b5cead1dc8a,8568872,Tana Jean Frances Liboon,Chris Garner,Janice Mauricio,Maria Mellanie S. Lapira,"TODC MENU HRS: Open 24 hours, except close at 11:00pm on Sunday and reopen on Monday at 6:00am"
recNyDcoSH5TmkEj4,Taco Plus Mexican Grub - 4352 E Speedway Blvd,"4352 E Speedway Blvd, Tucson, AZ 85711",Breakfast Burrito Joint,Tucson,AZ,Their Otter,Active,Active - Onboarding In Process,Active,35870081,a5039c87-bd5f-5993-8edd-8ee6922b7298,10372072,Tana Jean Frances Liboon,Chris Garner,Janice Mauricio,Maria Mellanie S. Lapira,"TODC MENU HRS: Open 24 hours, except close at 11:00pm on Sunday and reopen on Monday at 6:00am"
recQ2OXJzeGAnBWHK,Taco Plus Mexican Grub - 4352 E Speedway Blvd,"4352 E Speedway Blvd, Tucson, AZ 85711",Danny's Desserts,Tucson,AZ,Their Otter,Active,Active - Onboarding In Process,Active,36019835,b51d4edf-8b89-5d34-b99c-4770348e80c1,10382520,Tana Jean Frances Liboon,Chris Garner,Janice Mauricio,Maria Mellanie S. Lapira,"TODC MENU HRS: Open 24 hours, except close at 11:00pm on Sunday and reopen on Monday at 6:00am"
recQjeCqtYF91fSpi,Taco Plus Mexican Grub - 4352 E Speedway Blvd,"4352 E Speedway Blvd, Tucson, AZ 85711",Luna's Loaded Fries,Tucson,AZ,Their Otter,Active,Discontinued by UE,Active,27682605,a4c9eb48-dedd-597a-8b79-8b654e9b8951,8566136,Tana Jean Frances Liboon,Chris Garner,Janice Mauricio,Maria Mellanie S. Lapira,"TODC MENU HRS: Open 24 hours, except close at 11:00pm on Sunday and reopen on Monday at 6:00am"
recTd4eWyr8rjmtbE,Taco Plus Mexican Grub - 4352 E Speedway Blvd,"4352 E Speedway Blvd, Tucson, AZ 85711",TacoTaste Mexican,Tucson,AZ,Their Otter,DoorDash - Not Approved,Active,Active,,62b161c8-3e31-5df9-979b-ee30305a0c26,8566128,Tana Jean Frances Liboon,Chris Garner,Janice Mauricio,Maria Mellanie S. Lapira,"TODC MENU HRS: Open 24 hours, except close at 11:00pm on Sunday and reopen on Monday at 6:00am"
recf0CSe1EjvZjc5c,TACO ZONE - 3917 4th Ave,"3917 4th Ave, Brooklyn, NY 11232",Carmen's Breakfast Burritos,Brooklyn,NY,Our Otter,Temporarily Deactivated,Temporarily Deactivated,Temporarily Deactivated,27682465,e5633565-b94e-5060-b61a-c918c467aa2c,8570080,,Ria Jain,Janice Mauricio,Maria Mellanie S. Lapira,"Monday-Tuesday: 9:30AM-10:30PM, Wednesday: 9:30AM-10:00PM, Thursday-Saturday: 9:30AM-10:30PM, Sunday: 9:30AM-10:00PM TODC MENU HRS 
"
recygjwxbV4XwpXeH,TACO ZONE - 3917 4th Ave,"3917 4th Ave, Brooklyn, NY 11232",Fiesta Vegan Mexican,Brooklyn,NY,Our Otter,Temporarily Deactivated,Temporarily Deactivated,Temporarily Deactivated,27682621,16d0a957-7506-5ead-ad26-eb17ec0e225e,8564488,,Ria Jain,Janice Mauricio,Maria Mellanie S. Lapira,"Monday-Tuesday: 9:30AM-10:30PM, Wednesday: 9:30AM-10:00PM, Thursday-Saturday: 9:30AM-10:30PM, Sunday: 9:30AM-10:00PM TODC MENU HRS 
"
recnnJUlsKYp4fXoC,Tacos - 415 E Windmill Ln,"415 E Windmill Ln, Las Vegas, NV 89123",Casa De Quesadilla,Las Vegas,NV,Their Otter,Active,Active,Active,27741795,35a4fb23-c9a9-59d3-9a51-6127a8352ed2,8566160,Miguel Josue,Ria Jain,Edlyn Manzano,Maria Mellanie S. Lapira,"Monday-Tuesday: 9am - 1:30am, Wednesday-Saturday: 8am - 1:30am, Sunday: 8am - 12am (last order will be accepted 30minutes before the actual closing hours)"
rec6vQEMt3ANLDGFF,Tacos - 415 E Windmill Ln,"415 E Windmill Ln, Las Vegas, NV 89123",Chop & Dice Salads,Las Vegas,NV,Their Otter,Active,Active,Active,27741698,e8aa92e3-644c-55b5-b2c4-15994ce51be0,8568896,Miguel Josue,Ria Jain,Edlyn Manzano,Maria Mellanie S. Lapira,"Monday-Tuesday: 9am - 1:30am, Wednesday-Saturday: 8am - 1:30am, Sunday: 8am - 12am (last order will be accepted 30minutes before the actual closing hours)"
recgQ4waLOpyFOqbz,Tacos - 415 E Windmill Ln,"415 E Windmill Ln, Las Vegas, NV 89123",Selena's Torta Shack,Las Vegas,NV,Their Otter,Active - Onboarding In Process,Active,Active,40011133,bd529c43-94df-5628-8d18-e8ca5a1487b3,8570096,Miguel Josue,Ria Jain,Edlyn Manzano,Maria Mellanie S. Lapira,"Monday-Tuesday: 9am - 1:30am, Wednesday-Saturday: 8am - 1:30am, Sunday: 8am - 12am (last order will be accepted 30minutes before the actual closing hours)"
recPTe68RWnW5YUn3,Tacos - 415 E Windmill Ln,"415 E Windmill Ln, Las Vegas, NV 89123",Carmen's Breakfast Burritos,Las Vegas,NV,Their Otter,Active,Active,Active,27741754,bc074825-f4a0-567f-a7c6-38b635ae6c82,8570088,Miguel Josue,Ria Jain,Edlyn Manzano,Maria Mellanie S. Lapira,"Monday-Tuesday: 9am - 1:30am, Wednesday-Saturday: 8am - 1:30am, Sunday: 8am - 12am (last order will be accepted 30minutes before the actual closing hours)"
recYWuDC9dvmwyeV4,Taqueria Guadalajara - 6 W Court St,"6 W Court St, Woodland, CA 95695",Mexican Omelette Bar,Woodland,CA,Our Otter,Active,Active,Grubhub Discontinued - Failed Concept,976318,bf1eda79-b3cf-47c8-b601-5189d01ab278,2071309,,Ria Jain,Eve Paraiso,Maria Mellanie S. Lapira,Monday - Sunday  9:30am -7:00pm (TODC HOURS)
rec3c0hPG4vfPoxIm,Taqueria Guadalajara - 6 W Court St,"6 W Court St, Woodland, CA 95695",Mary's Breakfast Burritos,Woodland,CA,Our Otter,Active,Active,Not Onboarded by GH,1478821,7f35d1de-54ab-4454-802b-08fbc1059fa3,,,Ria Jain,Eve Paraiso,Maria Mellanie S. Lapira,Monday - Sunday  9:30am -7:00pm (TODC HOURS)
recjfzVLXluLw6ilK,Taqueria Guadalajara - 6 W Court St,"6 W Court St, Woodland, CA 95695",The Burrito Snob,Woodland,CA,Our Otter,Active,Discontinued by UE,Active,1097102,11f2b6c8-3ad5-49b1-b0e8-2ec554815bd8,2296815,,Ria Jain,Eve Paraiso,Maria Mellanie S. Lapira,Monday - Sunday  9:30am -7:00pm (TODC HOURS)
recWZpitivqAOI5Vt,Taste King Restaurant - 10763 Bustleton Ave,"10763 Bustleton Ave, Philadelphia, PA 19116",Xiu's Vegetarian Chinese,Philadelphia,PA,Referral: Their Otter,DoorDash - Not Approved,Active,Active,,8d99e959-ce09-5bb8-9740-7f35937c2229,6156616,,Chris Garner,Janice Mauricio,Leix Anthony Almeda,
recYjkAl2e548zrOX,Taste King Restaurant - 10763 Bustleton Ave,"10763 Bustleton Ave, Philadelphia, PA 19116",Sensai Sushi Bar,Philadelphia,PA,Referral: Their Otter,DoorDash - Discontinued,Discontinued by UE,Active,25404713,a6cc9359-31cc-5d18-beef-2d3c2a7e8b88,6897992,,Chris Garner,Janice Mauricio,Leix Anthony Almeda,"Monday: 11:15AM-8:15PM, Tuesday: Closed, Wednesday-Thursday: 11:15AM-8:15PM, Friday-Saturday: 11:15AM-9:15PM, Sunday: 1:15PM-8:15PM"
recwQ1ap3uTK3M6wt,Taste King Restaurant - 10763 Bustleton Ave,"10763 Bustleton Ave, Philadelphia, PA 19116",Kung Fu Fried Rice,Philadelphia,PA,Referral: Their Otter,DoorDash - Not Approved,Active,Active,,93c2551c-d29b-528a-9eef-ffa6a3fe3fae,6153576,,Chris Garner,Janice Mauricio,Leix Anthony Almeda,
rec6yaD1eUOFTdOpJ,Taste of Italy Pizza - 800 Loudon Rd #960,"800 Loudon Rd #960, Latham, NY 12110",Italian Pasta Lounge,Latham,NY,Our Otter,Active,Discontinued - UE Low Sales,Active,22997790,48e61758-fa7f-51d9-aad4-7828cb9471f8,3311230,,Ria Jain,Ferlyn Torres,Maria Mellanie S. Lapira,"TODC MENU HRS: SUNDAY: 11:30 - 7:30PM, MONDAY- SATURDAY: 11:30 AM- 8:30PM"
recwyFqS61hBeCWwL,Taste of Italy Pizza - 800 Loudon Rd #960,"800 Loudon Rd #960, Latham, NY 12110",Sam's Scrumptious Subs,Latham,NY,Our Otter,DoorDash - Discontinued,Discontinued by UE,Active,22997819,91b1bf28-a070-5fb4-8913-bfa1c31c933c,3311034,,Ria Jain,Ferlyn Torres,Maria Mellanie S. Lapira,
recJrm9qCLrDarCfE,Taste of Italy Pizza - 800 Loudon Rd #960,"800 Loudon Rd #960, Latham, NY 12110",On Demand Pizza,Latham,NY,Our Otter,DoorDash - Discontinued,Discontinued - UE Low Sales,Active,22997786,5007b218-a0d5-54a3-ae74-7afd86ffce5b,3310652,,Ria Jain,Ferlyn Torres,Maria Mellanie S. Lapira,
recUOeJ0HPHvOtZF8,Taste of Italy Pizza - 800 Loudon Rd #960,"800 Loudon Rd #960, Latham, NY 12110",Charlie's Calzone Co,Latham,NY,Our Otter,Active,Discontinued - UE Low Sales,Active,22997861,96430788-3730-5e60-b846-089e16a47328,3311229,,Ria Jain,Ferlyn Torres,Maria Mellanie S. Lapira,"TODC MENU HRS: SUNDAY: 11:30 - 7:30PM, MONDAY- SATURDAY: 11:30 AM- 8:30PM"
receRFtT4Gcc4xPlC,Taste of Mumbai - 2300 California Ave SW,"2300 California Ave SW, Seattle, WA 98116",Divya's Indian Restaurant,Seattle,WA,Our Otter,Active,Active,Active,35648739,9651da73-b424-5f58-bcab-22c44d9b5fbf,10566456,Tana Jean Frances Liboon,Ria Jain,Edlyn Manzano,Leix Anthony Almeda,"Monday-Tuesday: 11AM-10PM, Wednesday-Sunday: 11AM-2AM"
rec2GKQoDxrzelhcR,Thai Select - 1713 Wilson Blvd,"1713 Wilson Blvd, Arlington, VA 22209",The Izakaya and Sushi House,Arlington,VA,Their Otter,Active,Active - Onboarding In Process,Onboarding - Pending,35648015,9b2f30ce-1099-55dd-abec-677ee6821cb3,,Jan Ceasar Poblete,Chris Garner,Eve Paraiso,Leix Anthony Almeda,Monday-Sunday:11AM-10PM
recLDnr6ThF3k8k45,Thai Select - 1713 Wilson Blvd,"1713 Wilson Blvd, Arlington, VA 22209",The Thai Snob,Arlington,VA,Their Otter,Active,Active - Onboarding In Process,Onboarding - Pending,35648605,86e3f364-30ed-5bdd-9cb8-0345f927c141,,Jan Ceasar Poblete,Chris Garner,Eve Paraiso,Leix Anthony Almeda,Monday-Sunday:11AM-10PM
recQDeGO7owFVnPEB,Thai Select - 1713 Wilson Blvd,"1713 Wilson Blvd, Arlington, VA 22209",The Thai Perfection,Arlington,VA,Their Otter,Active,Active - Onboarding In Process,Onboarding - Pending,33886383,5f8ecdde-6fa8-5676-9f98-6ae911df2565,,Jan Ceasar Poblete,Chris Garner,Eve Paraiso,Leix Anthony Almeda,Monday-Sunday:11AM-10PM
recS2L8Ab30r1FSCK,Thai Select - 1713 Wilson Blvd,"1713 Wilson Blvd, Arlington, VA 22209",Connie's Soup Station,Arlington,VA,Their Otter,Active,Active - Onboarding In Process,Onboarding - Pending,33886435,94c55f3e-6a6c-5b63-8e35-74d4f5b3a418,,Jan Ceasar Poblete,Chris Garner,Eve Paraiso,Leix Anthony Almeda,Monday-Sunday:11AM-10PM
recsSfKjJWWOGZNf2,Thai Thai West Mission - 1450 West Mission Rd,"1450 West Mission Rd, San Marcos, CA 92069",Noodles of Thai,San Marcos,CA,Our Otter,DoorDash - Discontinued,Discontinued by UE,Active,25130196,fc76aece-90d9-576b-8f86-f9471e79d212,6891848,,Chris Garner,Eve Paraiso,Leix Anthony Almeda,Monday-Sunday: 11AM-9PM
rechZFGWgvlUCaBPm,Thai Thai West Mission - 1450 West Mission Rd,"1450 West Mission Rd, San Marcos, CA 92069",Vinny’s Vegetarian Spot,San Marcos,CA,Our Otter,DoorDash - Discontinued,Discontinued by UE,Active,25130228,d425fee3-41ea-5b16-b4cd-cbd1323b9a7b,6891832,,Chris Garner,Eve Paraiso,Leix Anthony Almeda,Monday-Sunday: 11AM-9PM
recdDgHgdVTI9pImZ,The Burrito Factory - 600 Park Ave,"600 Park Ave, Muscatine, IA 52761",Burritos to Bowls,Muscatine,IA,Our Otter,Active,Active,Grubhub - Brand Discontinued,27833951,08dd2afd-e770-54b7-aa54-428d0480a3f9,8567400,,Ria Jain,Edlyn Manzano,Maria Mellanie S. Lapira,TODC MENU HRS: Monday-Sunday: 11am-7:30m
recmJKQdpfjZV0ZDE,The Deli Deli - 1219 1st Avenue,"1219 1st Avenue, New York, NY 10065",NY Breakfast Spot,New York,NY,Our Otter,Active,Active - Onboarding In Process,Active,36017463,458422a3-e476-5d09-85c8-1793be542d30,10382488,Jan Ceasar Poblete,Chris Garner,Janice Mauricio,Maria Mellanie S. Lapira,"Monday to Friday: 6:30 AM – 10:30 PM , Saturday: 7:00 AM – 9:30 PM, Sunday: 7:00 AM – 6:30 PM TODC Hours
"
recnrQSjL8IZHdg2x,The Deli Deli - 1219 1st Avenue,"1219 1st Avenue, New York, NY 10065",The Minister Wraps,New York,NY,Our Otter,Active,Active - Onboarding In Process,Active,35853725,bfd457d4-7716-5fbf-ba0f-f11b15c61fcb,10380896,Jan Ceasar Poblete,Chris Garner,Janice Mauricio,Maria Mellanie S. Lapira,"Monday to Friday: 6:30 AM – 10:30 PM , Saturday: 7:00 AM – 9:30 PM, Sunday: 7:00 AM – 6:30 PM TODC Hours
"
recoEcYqOPkcgMDgW,The Deli Deli - 1219 1st Avenue,"1219 1st Avenue, New York, NY 10065",Sasha's Sandwiches,New York,NY,Our Otter,DoorDash - Discontinued,Discontinued - UE Low Sales,Active,2231474,1ab7857f-c0b2-4fcf-b0cb-61c3e50f4388,2930063,Jan Ceasar Poblete,Chris Garner,Janice Mauricio,Maria Mellanie S. Lapira,"Monday to Friday: 6:30 AM – 10:30 PM , Saturday: 7:00 AM – 9:30 PM, Sunday: 7:00 AM – 6:30 PM TODC Hours
"
recpDEZ8Y4ZUrnSKL,The Deli Deli - 1219 1st Avenue,"1219 1st Avenue, New York, NY 10065",The Breakfast Skillet,New York,NY,Our Otter,Active,Active - Onboarding In Process,Active,35854363,c7962295-7c8c-5e58-b696-de0e738ba23e,10379312,Jan Ceasar Poblete,Chris Garner,Janice Mauricio,Maria Mellanie S. Lapira,"Monday to Friday: 6:30 AM – 10:30 PM , Saturday: 7:00 AM – 9:30 PM, Sunday: 7:00 AM – 6:30 PM TODC Hours
"
recuLy46gIviaamsy,The Deli Deli - 1219 1st Avenue,"1219 1st Avenue, New York, NY 10065",Sun's Up Breakfast Wraps,New York,NY,Our Otter,DoorDash - Discontinued,Discontinued - UE Low Sales,Active,2231057,c27a7d4e-0145-4753-87a7-9f978a8bec91,2930560,Jan Ceasar Poblete,Chris Garner,Janice Mauricio,Maria Mellanie S. Lapira,"Monday to Friday: 6:30 AM – 10:30 PM , Saturday: 7:00 AM – 9:30 PM, Sunday: 7:00 AM – 6:30 PM TODC Hours
"
recX35pfC0DaW77XY,The Deli Deli - 1219 1st Avenue,"1219 1st Avenue, New York, NY 10065",Local Vegetarian Cafe,New York,NY,Our Otter,Active,Active - Onboarding In Process,Active,36018567,0ee30cfa-949d-515a-a795-9044a2c92218,10379320,Jan Ceasar Poblete,Chris Garner,Janice Mauricio,Maria Mellanie S. Lapira,"Monday to Friday: 6:30 AM – 10:30 PM , Saturday: 7:00 AM – 9:30 PM, Sunday: 7:00 AM – 6:30 PM TODC Hours
"
recY6YnCGcBOEbKSf,The Deli Deli - 1219 1st Avenue,"1219 1st Avenue, New York, NY 10065",Chief's Cheesesteaks,New York,NY,Our Otter,DoorDash - Discontinued,Discontinued - UE Low Sales,Active,2230374,2e533df4-1e5a-41fe-8caf-1c7f832cf9fc,2930364,Jan Ceasar Poblete,Chris Garner,Janice Mauricio,Maria Mellanie S. Lapira,"Monday to Friday: 6:30 AM – 10:30 PM , Saturday: 7:00 AM – 9:30 PM, Sunday: 7:00 AM – 6:30 PM TODC Hours
"
recZVj0XKfmVm4gyy,The Deli Deli - 1219 1st Avenue,"1219 1st Avenue, New York, NY 10065",Original Burger Bar,New York,NY,Our Otter,Active,Active - Onboarding In Process,Active,35853665,566664ac-3507-5d9f-8275-21b8b2d9c0b0,10380904,Jan Ceasar Poblete,Chris Garner,Janice Mauricio,Maria Mellanie S. Lapira,"Monday to Friday: 6:30 AM – 10:30 PM , Saturday: 7:00 AM – 9:30 PM, Sunday: 7:00 AM – 6:30 PM TODC Hours
"
recZbKq0xoO7Sdp4u,The Deli Deli - 1219 1st Avenue,"1219 1st Avenue, New York, NY 10065",The Burger Trilogy,New York,NY,Our Otter,DoorDash - Discontinued,Discontinued TODC audit,Active,1877518,8693b9ef-8070-4923-9249-d7b33194dca9,2886005,Jan Ceasar Poblete,Chris Garner,Janice Mauricio,Maria Mellanie S. Lapira,"Monday to Friday: 6:30 AM – 10:30 PM , Saturday: 7:00 AM – 9:30 PM, Sunday: 7:00 AM – 6:30 PM TODC Hours
"
rec19ewlCkk8YuG95,The Deli Deli - 1219 1st Avenue,"1219 1st Avenue, New York, NY 10065",The Sandwich Doctor,New York,NY,Our Otter,DoorDash - Discontinued,Discontinued TODC audit,Active,1877619,53c84a91-dfea-4d22-ac23-201fe1ea0d0d,2896702,Jan Ceasar Poblete,Chris Garner,Janice Mauricio,Maria Mellanie S. Lapira,"Monday to Friday: 6:30 AM – 10:30 PM , Saturday: 7:00 AM – 9:30 PM, Sunday: 7:00 AM – 6:30 PM TODC Hours
"
rec3Vp43TmcgpjpWb,The Deli Deli - 1219 1st Avenue,"1219 1st Avenue, New York, NY 10065",Bart's Breakfast Sandwiches,New York,NY,Our Otter,Active,Active - Onboarding In Process,Active,35855567,d4cd8313-177f-517f-95c9-08833f18ce4f,10375496,Jan Ceasar Poblete,Chris Garner,Janice Mauricio,Maria Mellanie S. Lapira,"Monday to Friday: 6:30 AM – 10:30 PM , Saturday: 7:00 AM – 9:30 PM, Sunday: 7:00 AM – 6:30 PM TODC Hours
"
rec4Vf6bHpAY9s2P2,The Deli Deli - 1219 1st Avenue,"1219 1st Avenue, New York, NY 10065",The Dessert Dream,New York,NY,Our Otter,DoorDash - Discontinued,Discontinued - UE Low Sales,Active,1877598,d1158c69-1dee-4b02-a9ec-20875e4968f9,2896799,Jan Ceasar Poblete,Chris Garner,Janice Mauricio,Maria Mellanie S. Lapira,"Monday to Friday: 6:30 AM – 10:30 PM , Saturday: 7:00 AM – 9:30 PM, Sunday: 7:00 AM – 6:30 PM TODC Hours
"
rec40zNt2WbkXjan9,The Deli Deli - 1219 1st Avenue,"1219 1st Avenue, New York, NY 10065",Bagel Dynasty,New York,NY,Our Otter,DoorDash - Discontinued,Discontinued - UE Low Sales,Active,23045820,36675ed6-12e1-5bc1-bbe0-6c1688387448,3310978,Jan Ceasar Poblete,Chris Garner,Janice Mauricio,Maria Mellanie S. Lapira,"Monday to Friday: 6:30 AM – 10:30 PM , Saturday: 7:00 AM – 9:30 PM, Sunday: 7:00 AM – 6:30 PM TODC Hours
"
rec6Z2epOFm74IMGr,The Deli Deli - 1219 1st Avenue,"1219 1st Avenue, New York, NY 10065",Glorious Panini Snob,New York,NY,Our Otter,DoorDash - Discontinued,Discontinued - UE Low Sales,Active,1876996,91cd78e7-ff9f-4b74-94ad-a54efd2183aa,2896401,Jan Ceasar Poblete,Chris Garner,Janice Mauricio,Maria Mellanie S. Lapira,"Monday to Friday: 6:30 AM – 10:30 PM , Saturday: 7:00 AM – 9:30 PM, Sunday: 7:00 AM – 6:30 PM TODC Hours
"
rec7aKyebeETyRpy5,The Deli Deli - 1219 1st Avenue,"1219 1st Avenue, New York, NY 10065",Luke's Breakfast Wraps,New York,NY,Our Otter,DoorDash - Discontinued,Discontinued - UE Low Sales,Active,1876951,8b174714-9ea8-4b0a-99ea-b00897045b3e,2896613,Jan Ceasar Poblete,Chris Garner,Janice Mauricio,Maria Mellanie S. Lapira,"Monday to Friday: 6:30 AM – 10:30 PM , Saturday: 7:00 AM – 9:30 PM, Sunday: 7:00 AM – 6:30 PM TODC Hours
"
recahbAIGz5AkKyUU,The Deli Deli - 1219 1st Avenue,"1219 1st Avenue, New York, NY 10065",Despicable Wraps,New York,NY,Our Otter,Active,Discontinued - UE Low Sales,Grubhub - Brand Discontinued,2230479,bf2a21d5-47c6-4975-b431-6065c7e23b8c,2929942,Jan Ceasar Poblete,Chris Garner,Janice Mauricio,Maria Mellanie S. Lapira,"Monday to Friday: 6:30 AM – 10:30 PM , Saturday: 7:00 AM – 9:30 PM, Sunday: 7:00 AM – 5:30 PM TODC Hours
"
recbYuV3DFaP6DyfE,The Deli Deli - 1219 1st Avenue,"1219 1st Avenue, New York, NY 10065",High Life Breakfast Sandwiches,New York,NY,Our Otter,DoorDash - Discontinued,Discontinued - UE Low Sales,Active,2230502,d3eb4df8-c4d7-403f-b8a9-c930f50d055c,2930363,Jan Ceasar Poblete,Chris Garner,Janice Mauricio,Maria Mellanie S. Lapira,"Monday to Friday: 6:30 AM – 10:30 PM , Saturday: 7:00 AM – 9:30 PM, Sunday: 7:00 AM – 6:30 PM TODC Hours
"
recdMMAlsTqkO4NBj,The Deli Deli - 1219 1st Avenue,"1219 1st Avenue, New York, NY 10065",Bosscat Burgers,New York,NY,Our Otter,DoorDash - Discontinued,Discontinued - UE Low Sales,Active,2230394,f994b3e5-2a17-4316-9e6e-c9ed274c113d,2930271,Jan Ceasar Poblete,Chris Garner,Janice Mauricio,Maria Mellanie S. Lapira,"Monday to Friday: 6:30 AM – 10:30 PM , Saturday: 7:00 AM – 9:30 PM, Sunday: 7:00 AM – 6:30 PM TODC Hours
"
rechDz7eXgpX331Yy,The Deli Deli - 1219 1st Avenue,"1219 1st Avenue, New York, NY 10065",Fiona's Ultimate Wraps,New York,NY,Our Otter,DoorDash - Discontinued,Discontinued - UE Low Sales,Active,1877474,a2963604-41fc-4ff1-9ba6-081567aa89bb,2884516,Jan Ceasar Poblete,Chris Garner,Janice Mauricio,Maria Mellanie S. Lapira,"Monday to Friday: 6:30 AM – 10:30 PM , Saturday: 7:00 AM – 9:30 PM, Sunday: 7:00 AM – 6:30 PM TODC Hours
"
recjS517AgDvEbL6H,The Deli Deli - 1219 1st Avenue,"1219 1st Avenue, New York, NY 10065",The Smooth Eaze,New York,NY,Our Otter,DoorDash - Discontinued,Discontinued TODC audit,Active,1877557,872e394a-0379-489d-9365-2e6255620b6b,2896402,Jan Ceasar Poblete,Chris Garner,Janice Mauricio,Maria Mellanie S. Lapira,"Monday to Friday: 6:30 AM – 10:30 PM , Saturday: 7:00 AM – 9:30 PM, Sunday: 7:00 AM – 6:30 PM TODC Hours
"
recwU2Ux0sta16zmx,The Deli Deli - 1219 1st Avenue,"1219 1st Avenue, New York, NY 10065",Tanya's Vegetarian Breakfast,New York,NY,Our Otter,DoorDash - Discontinued,Discontinued - UE Low Sales,Active,23046049,3b9c570d-22a4-5594-951d-48a5da261fef,3310979,Jan Ceasar Poblete,Chris Garner,Janice Mauricio,Maria Mellanie S. Lapira,"Monday to Friday: 6:30 AM – 10:30 PM , Saturday: 7:00 AM – 9:30 PM, Sunday: 7:00 AM – 6:30 PM TODC Hours
"
recyZzOJS1vEpiwhL,The Deli Deli - 1219 1st Avenue,"1219 1st Avenue, New York, NY 10065",Notch My Sandwich,New York,NY,Our Otter,Active,Active,Active,35853841,c3a70068-bc14-5048-a5e5-7b42b16bbb10,10380912,Jan Ceasar Poblete,Chris Garner,Janice Mauricio,Maria Mellanie S. Lapira,"Monday to Friday: 6:30 AM – 10:30 PM , Saturday: 7:00 AM – 9:30 PM, Sunday: 7:00 AM – 6:30 PM TODC Hours
"
recyx13Yi4tJZsgen,The Deli Deli - 1219 1st Avenue,"1219 1st Avenue, New York, NY 10065",Panini's On Panini's,New York,NY,Our Otter,DoorDash - Discontinued,Discontinued by UE,Active,2230413,5590687f-84c9-454d-a46d-d9c6308f17ff,2934709,Jan Ceasar Poblete,Chris Garner,Janice Mauricio,Maria Mellanie S. Lapira,"Monday to Friday: 6:30 AM – 10:30 PM , Saturday: 7:00 AM – 9:30 PM, Sunday: 7:00 AM – 6:30 PM TODC Hours
"
recEpFxybnXY7HsFm,The Deli Deli - 1219 1st Avenue,"1219 1st Avenue, New York, NY 10065",The Cheesesteak Bar,New York,NY,Our Otter,DoorDash - Discontinued,Discontinued TODC audit,Active,1877532,16cd6699-4650-4cde-8971-1b78c44a7794,2896507,Jan Ceasar Poblete,Chris Garner,Janice Mauricio,Maria Mellanie S. Lapira,"Monday to Friday: 6:30 AM – 10:30 PM , Saturday: 7:00 AM – 9:30 PM, Sunday: 7:00 AM – 6:30 PM TODC Hours
"
recHL3Uowue0xr0CF,The Deli Deli - 1219 1st Avenue,"1219 1st Avenue, New York, NY 10065",Martha's Breakfast Sandwiches,New York,NY,Our Otter,DoorDash - Discontinued,Discontinued - UE Low Sales,Active,1876878,fba94f6c-b1f7-44d9-a02c-f674969fcba9,2896704,Jan Ceasar Poblete,Chris Garner,Janice Mauricio,Maria Mellanie S. Lapira,"Monday to Friday: 6:30 AM – 10:30 PM , Saturday: 7:00 AM – 9:30 PM, Sunday: 7:00 AM – 6:30 PM TODC Hours
"
recNhHiPz7eaStnok,The Deli Deli - 1219 1st Avenue,"1219 1st Avenue, New York, NY 10065",The Dessert Shack,New York,NY,Our Otter,DoorDash - Discontinued,Discontinued - UE Low Sales,Active,2231504,74577d3f-65e2-40e1-9c37-c6f16a82c369,2930656,Jan Ceasar Poblete,Chris Garner,Janice Mauricio,Maria Mellanie S. Lapira,"Monday to Friday: 6:30 AM – 10:30 PM , Saturday: 7:00 AM – 9:30 PM, Sunday: 7:00 AM – 6:30 PM TODC Hours
"
recUwTGgIHA9bCOtZ,The Deli Deli - 1219 1st Avenue,"1219 1st Avenue, New York, NY 10065",Louie's Cheesesteaks,New York,NY,Our Otter,Active,Active,Active,35853264,27cafff1-02f7-5342-b76b-e8601adbb3cd,10379304,Jan Ceasar Poblete,Chris Garner,Janice Mauricio,Maria Mellanie S. Lapira,"Monday to Friday: 6:30 AM – 10:30 PM , Saturday: 7:00 AM – 9:30 PM, Sunday: 7:00 AM – 6:30 PM TODC Hours
"
recVID4DcsqPgoSyV,The Deli Deli - 1219 1st Avenue,"1219 1st Avenue, New York, NY 10065",Princess Panini,New York,NY,Our Otter,Active,Active,Active,35853477,ee8faf7c-1805-5b07-934b-540424194d4c,10382496,Jan Ceasar Poblete,Chris Garner,Janice Mauricio,Maria Mellanie S. Lapira,"Monday to Friday: 6:30 AM – 10:30 PM , Saturday: 7:00 AM – 9:30 PM, Sunday: 7:00 AM – 6:30 PM TODC Hours
"
recV6rua5EyVNgbXE,The Deli Deli - 1219 1st Avenue,"1219 1st Avenue, New York, NY 10065",Big Ease Smoothies,New York,NY,Our Otter,Active,Active,Active,34344579,d94ad7ce-8f42-5a3b-b636-b3b935b1b865,10357744,Jan Ceasar Poblete,Chris Garner,Janice Mauricio,Maria Mellanie S. Lapira,"Monday to Friday: 6:30 AM – 10:30 PM , Saturday: 7:00 AM – 9:30 PM, Sunday: 7:00 AM – 6:30 PM TODC Hours
"
rec3G67IXKBVnrf3U,The Green Olive - 601 Shell Beach Rd,"601 Shell Beach Rd, Prismo Beach, CA 93449",Pita Sandwich Bite,Prismo Beach,CA,Referral: Their Otter,Active,Discontinued by UE,Grubhub Discontinued - Failed Concept,24703929,ad3e0b90-5f1e-5567-871e-3ff0d0b47441,5847760,,Ria Jain,Ferlyn Torres,Maria Mellanie S. Lapira,TODC MENU HOURS: Monday-Sunday: 9:30 AM-7:30 PM
recD7I9E1BTE4hFXz,The Green Olive - 750 East Main St,"750 East Main St, Santa Maria, CA 93454",Middle East Wraps,Santa Maria,CA,Referral: Their Otter,Active,Discontinued by UE,Grubhub Discontinued - Failed Concept,24703825,a43187a1-18bc-508a-a136-898dafd83053,5846232,,Ria Jain,Ferlyn Torres,Maria Mellanie S. Lapira,TODC MENU HRS: Monday-Sunday: 9:30AM-7:30PM
rec5SbqqOl3ujlssK,The Green Olive - 1947 E Main St,"1947 E Main St, Ventura, CA 93001",City Light Wraps,Ventura,CA,Referral: Their Otter,Active,Active,Active,24704002,f4a3509f-8796-5b49-a0ae-6c91711055f3,5849256,,Ria Jain,Janice Mauricio,Maria Mellanie S. Lapira,TODC MENU HRS: Monday-Sunday: 9:30AM-7:30PM
recpviGtjhOqoOdQd,The Halal Spot - 1447 NJ-18,"1447 NJ-18, Old Bridge, NJ 08857",Devil's Burger Bar,Old Bridge,NJ,Their Otter,DoorDash - Discontinued,Active,Active,814601,fc690412-16c3-4035-9501-80cd745cdcb1,2062504,,Chris Garner,Janice Mauricio,Maria Mellanie S. Lapira,Mondays- Sundays : 11: 00 AM - 8:30 PM
recEsOmlyxKnOnY3n,The Halal Spot - 1447 NJ-18,"1447 NJ-18, Old Bridge, NJ 08857",Halal Indian Bazaar,Old Bridge,NJ,Their Otter,Active,Active,Active,814583,fc680762-c2de-45f4-9f03-257fd5e9613e,2063008,,Chris Garner,Janice Mauricio,Maria Mellanie S. Lapira,Mondays- Sundays : 11: 00 AM - 8:30 PM
recWEYa2YbSG4neTM,The Slice Pizzeria - 7121 West US Highway 90 Suite #210,"7121 West US Highway 90 Suite #210, San Antonio, TX 78227",Sam's Scrumptious Subs,San Antonio,TX,Their Otter,DoorDash - Discontinued,Active,Active,24974908,a995a195-eae0-5695-ad4f-5339fda75c72,6348088,,Ria Jain,Edlyn Manzano,Maria Mellanie S. Lapira,"Mon- Thurs - 02:00pm-10:30pm; Friday - 02:00pm-11:30am; Saturday - 5:00pm-11:30am;  Sunday - Closed,  Tuesday: Closed (based on observed operations);   (TODC HRS)"
rec29os0gfn09pu1q,The Slice Pizzeria - 7121 West US Highway 90 Suite #210,"7121 West US Highway 90 Suite #210, San Antonio, TX 78227",The Calzone Empire,San Antonio,TX,Their Otter,Active,Active,Active,24974719,6fcec244-f478-515c-8327-4ada2bbfe37e,6346664,,Ria Jain,Edlyn Manzano,Maria Mellanie S. Lapira,"Mon- Thurs - 02:00pm-10:30pm; Friday - 02:00pm-11:30am; Saturday - 5:00pm-11:30am;  Sunday - Closed,  Tuesday: Closed (based on observed operations);   (TODC HRS)"
rec9IXfcnzHMxngAG,The Slice Pizzeria - 7121 West US Highway 90 Suite #210,"7121 West US Highway 90 Suite #210, San Antonio, TX 78227",Bosscat Wings,San Antonio,TX,Their Otter,DoorDash - Discontinued,Active,Active,24974787,742a8245-f7a4-56d8-919b-bf097ff51acd,6346672,,Ria Jain,Edlyn Manzano,Maria Mellanie S. Lapira,"Mon- Thurs - 02:00pm-10:30pm; Friday - 02:00pm-11:30am; Saturday - 5:00pm-11:30am;  Sunday - Closed,  Tuesday: Closed (based on observed operations);   (TODC HRS)"
recJmG2VNy5SoNvR4,The Slice Pizzeria - 7121 West US Highway 90 Suite #210,"7121 West US Highway 90 Suite #210, San Antonio, TX 78227",Roman's Pizza Oven,San Antonio,TX,Their Otter,DoorDash - Discontinued,Active,Active,24974935,32e1c2cb-7c3c-5a3c-8759-f2a4eb039038,6345464,,Ria Jain,Edlyn Manzano,Maria Mellanie S. Lapira,"Mon- Thurs - 02:00pm-10:30pm; Friday - 02:00pm-11:30am; Saturday - 5:00pm-11:30am;  Sunday - Closed,  Tuesday: Closed (based on observed operations);   (TODC HRS)"
recNkoxuoBz9gQYKR,Times Square Pizza - 236 West 40th Street,"236 West 40th Street, Manhattan, NY 10018",Times Square Pizza Boy,Manhattan,NY,No Aggregator,Active,Active,Not Onboarded by GH,457017,a59d7491-4d32-4246-b205-37638f7199e3,,,Ria Jain,Edlyn Manzano,Maria Mellanie S. Lapira,"Monday-Thursday: 9:30am-2:30am, Friday-Sunday: 9:30am-3:30am"
recoVhUPrGngfimUk,TJ's Deli & Grill - 315 Walter E Foran Blvd Ste 314,"315 Walter E Foran Blvd Ste 314, Flemington, NJ 08822",Luca's Philly Cheesesteak,Flemington,NJ,Their Otter,Active,Active,Grubhub - Brand Discontinued,23549180,18de090f-5f5b-5f6d-8147-9342f37078a1,3310375,,Ria Jain,Ferlyn Torres,Maria Mellanie S. Lapira,Monday- Saturday- 6:30 am- 3:30 pm; Sunday- Closed [TODC HRS]
recdWgqqVyRtx4Ks9,TJ's Deli & Grill - 315 Walter E Foran Blvd Ste 314,"315 Walter E Foran Blvd Ste 314, Flemington, NJ 08822",Salvatore's Parmigiana Sandwiches,Flemington,NJ,Their Otter,Active,Active,Grubhub Discontinued - Failed Concept,23549040,ff662575-dd8c-5fe4-97c9-019a45a27553,3312327,,Ria Jain,Ferlyn Torres,Maria Mellanie S. Lapira,Monday- Saturday- 6:30 am- 3:30 pm; Sunday- Closed [TODC HRS]
recG0x1TJt7CwUa49,TJ's Deli & Grill - 315 Walter E Foran Blvd Ste 314,"315 Walter E Foran Blvd Ste 314, Flemington, NJ 08822",Grandma's Breakfast Sandwiches,Flemington,NJ,Their Otter,Active,Active,Grubhub Discontinued - Failed Concept,23549227,c8b12f25-3ee5-54a0-82c4-32354b67f054,3310189,,Ria Jain,Ferlyn Torres,Maria Mellanie S. Lapira,Monday- Saturday- 6:30 am- 3:30 pm; Sunday- Closed [TODC HRS]
recGOnAfZjY4h4QKb,TJ's Deli & Grill - 315 Walter E Foran Blvd Ste 314,"315 Walter E Foran Blvd Ste 314, Flemington, NJ 08822",Big E's Wraps,Flemington,NJ,Their Otter,Active,Active,Grubhub - Brand Discontinued,23549190,2b439211-baeb-58a6-8421-79dd922e2f10,3312507,,Ria Jain,Ferlyn Torres,Maria Mellanie S. Lapira,Monday- Saturday- 6:30 am- 3:30 pm; Sunday- Closed [TODC HRS]
recHlCos2JRZmwnja,TJ's Deli & Grill - 315 Walter E Foran Blvd Ste 314,"315 Walter E Foran Blvd Ste 314, Flemington, NJ 08822",Olivia's Sandwich Shack,Flemington,NJ,Their Otter,Active,Discontinued - UE Low Sales,Grubhub - Brand Discontinued,23549172,880843fd-54f3-53cf-b891-722a02a9fd99,3312418,,Ria Jain,Ferlyn Torres,Maria Mellanie S. Lapira,Monday- Saturday- 6:30 am- 3:30 pm; Sunday- Closed [TODC HRS]
recQWEcyMkFT7PM1C,TJ's Deli & Grill - 315 Walter E Foran Blvd Ste 314,"315 Walter E Foran Blvd Ste 314, Flemington, NJ 08822",The Burger Stack,Flemington,NJ,Their Otter,DoorDash - Discontinued,Active,Active,23549210,7c9e1946-81a0-5d28-8da5-9c4ec307ccda,3312328,,Ria Jain,Ferlyn Torres,Maria Mellanie S. Lapira,Monday- Saturday- 6:30 am- 3:30 pm; Sunday- Closed [TODC HRS]
rec7RFkHV4Xx0pS2N,Tony's Panini Grill - 26801 Hillside Ave,"26801 Hillside Ave, Glen Oaks, NY 11004",Sip On Smoothie,Glen Oaks,NY,Our Otter,Active,Active,Active,24844931,0cdfe6bd-943f-574b-a55d-143a9793d988,5929088,,Chris Garner,Rachelle Kate Funa,Maria Mellanie S. Lapira,Monday-Sunday: 6AM-11PM
rec79yzKOZJAIr04F,Tony's Panini Grill - 26801 Hillside Ave,"26801 Hillside Ave, Glen Oaks, NY 11004",Fat Cheesesteaks,Glen Oaks,NY,Our Otter,DoorDash - Discontinued,Active,Active,24825330,a3acabd7-0e97-5cf7-af39-f82ef62a6b6d,5852264,,Chris Garner,Rachelle Kate Funa,Maria Mellanie S. Lapira,Monday-Sunday: 6AM-11PM
recghg5bDfyeRn4EO,Tony's Panini Grill - 26801 Hillside Ave,"26801 Hillside Ave, Glen Oaks, NY 11004",Bosscat Wraps,Glen Oaks,NY,Our Otter,DoorDash - Discontinued,Active,Active,24838257,43ced2ee-51e7-588f-b5ea-101ee84d210f,5850512,,Chris Garner,Rachelle Kate Funa,Maria Mellanie S. Lapira,Monday-Sunday: 6AM-11PM
reciQ7NxHi9hG7ZbG,Tony's Panini Grill - 26801 Hillside Ave,"26801 Hillside Ave, Glen Oaks, NY 11004",Chanel's Coffee House,Glen Oaks,NY,Our Otter,Active,Active,Active,24844776,e96b87dd-f188-52a2-8e6b-ab76b39b5475,5930408,,Chris Garner,Rachelle Kate Funa,Maria Mellanie S. Lapira,Todc menu hrs: Monday-Sunday: 6:30AM-10:30PM
reclSJjKx0HOaaMHf,Tony's Panini Grill - 26801 Hillside Ave,"26801 Hillside Ave, Glen Oaks, NY 11004",Stella's Pancake Bar,Glen Oaks,NY,Our Otter,Active,Active,Grubhub Discontinued - Failed Concept,24844871,2f776ee3-5783-56bf-9c56-3d6d4dd8fd83,5927696,,Chris Garner,Rachelle Kate Funa,Maria Mellanie S. Lapira,Monday-Sunday: 6AM-11PM
recNNM85blVp87Wiv,Tony's Panini Grill - 26801 Hillside Ave,"26801 Hillside Ave, Glen Oaks, NY 11004",NY Burrito Bar,Glen Oaks,NY,Our Otter,DoorDash - Discontinued,Active,Active,24838404,ef9471f5-c7a4-59d0-a42e-eb55c68da981,5852272,,Chris Garner,Rachelle Kate Funa,Maria Mellanie S. Lapira,Monday-Sunday: 6AM-11PM
recPnhetcnDiyRvOc,Tony's Panini Grill - 26801 Hillside Ave,"26801 Hillside Ave, Glen Oaks, NY 11004",Sizzlin' Omelette Cafe,Glen Oaks,NY,Our Otter,DoorDash - Discontinued,Active,Active,24838414,a0e5e18e-9370-5403-bafc-064ec3076451,5850520,,Chris Garner,Rachelle Kate Funa,Maria Mellanie S. Lapira,Monday-Sunday: 6AM-11PM
recRLiK3gCdswPGUv,Tony's Panini Grill - 26801 Hillside Ave,"26801 Hillside Ave, Glen Oaks, NY 11004",K's Slice of Cake,Glen Oaks,NY,Our Otter,Active,Active,Grubhub Discontinued - Failed Concept,24931355,cdde6bd4-eb72-57fb-b002-7a1993498741,6156736,,Chris Garner,Rachelle Kate Funa,Maria Mellanie S. Lapira,Monday-Sunday: 6AM-11PM
recSSBtoxybPb4bBG,Tony's Panini Grill - 26801 Hillside Ave,"26801 Hillside Ave, Glen Oaks, NY 11004",Jen's Burger Blaze,Glen Oaks,NY,Our Otter,DoorDash - Discontinued,Active,Active,24838346,046efec4-a119-5d7d-9497-a7e99d226e82,5853728,,Chris Garner,Rachelle Kate Funa,Maria Mellanie S. Lapira,Monday-Sunday: 6AM-11PM
recqJXl6K3G0tccTv,Toxic Wings - 854 N Broadway,"854 N Broadway, White Plains, NY 10603",Finger Lickin Fried Chicken,White Plains,NY,Our Otter,Active,Active,Active,31619811,477c0f5c-a167-5e1a-b89e-9c84307ed4f9,9819600,Miguel Josue,Ria Jain,Edlyn Manzano,Maria Mellanie S. Lapira,"Monday-Sunday: 11AM-9:30PM (TODC)
"
recv6s5gyH0MR2m58,Toxic Wings - 854 N Broadway,"854 N Broadway, White Plains, NY 10603",American Hot Dog Bar,White Plains,NY,Our Otter,DoorDash - Discontinued,Discontinued - UE Low Sales,Active,23022047,fc9a4573-fef2-589e-8ab4-843c3704ae71,3311248,Miguel Josue,Ria Jain,Edlyn Manzano,Maria Mellanie S. Lapira,"Monday-Sunday: 11AM-9:30PM (TODC)
"
recaEydUt7QBtwXHb,Toxic Wings - 854 N Broadway,"854 N Broadway, White Plains, NY 10603",The Montage Vegetarian,White Plains,NY,Our Otter,Active,Discontinued - UE Low Sales,Active,23022912,525c808d-0689-5ed7-8b89-946ee83d0e97,3310956,Miguel Josue,Ria Jain,Edlyn Manzano,Maria Mellanie S. Lapira,"Monday-Sunday: 11AM-9:30PM (TODC)
"
recxdZLNSnW4ftIGY,Toxic Wings - 854 N Broadway,"854 N Broadway, White Plains, NY 10603",Two Hand Burger,White Plains,NY,Our Otter,DoorDash - Discontinued,Discontinued - UE Low Sales,Active,23022824,08cd5848-3d20-597c-b852-949ca4c5341a,3310664,Miguel Josue,Ria Jain,Edlyn Manzano,Maria Mellanie S. Lapira,"Monday-Sunday: 11AM-9:30PM (TODC)
"
recMJYYxLF7B0SxXl,Toxic Wings - 854 N Broadway,"854 N Broadway, White Plains, NY 10603",London's Fish N Chips,White Plains,NY,Our Otter,DoorDash - Not Approved,Discontinued by UE,Active,,6d79bf94-4b06-5f6e-8672-91121cb08d87,3310756,Miguel Josue,Ria Jain,Edlyn Manzano,Maria Mellanie S. Lapira,"Monday-Sunday: 11AM-9:30PM (TODC)
"
recNStojO5daq685l,Toxic Wings - 854 N Broadway,"854 N Broadway, White Plains, NY 10603",Fried Chicken Savage,White Plains,NY,Our Otter,DoorDash - Discontinued,Discontinued - UE Low Sales,Active,23022356,ebe703f1-9678-51d7-8037-7ccde8321cf6,3311350,Miguel Josue,Ria Jain,Edlyn Manzano,Maria Mellanie S. Lapira,"Monday-Sunday: 11AM-9:30PM (TODC)
"
recBurYKAeAfe2Veg,Tropical Delight Cafe - 1156 South Bay Road,"1156 South Bay Road, Dover, DE 19901",The Wings Express,Dover,DE,Our Otter,DoorDash - Discontinued,Discontinued by UE,Active,23280231,c4efad85-4ee0-5ff0-a400-3838787f7e1c,3309868,Miguel Josue,Ria Jain,Ferlyn Torres,Maria Mellanie S. Lapira,"Monday-Friday: 11am-8:30pm, Saturday: 12pm-8:30pm, Sunday: 12pm-6pm TODC HRS"
recEGSPhw9A1EDbUC,Tropical Delight Cafe - 1156 South Bay Road,"1156 South Bay Road, Dover, DE 19901",Maya's Fish and Chips,Dover,DE,Our Otter,DoorDash - Discontinued,Discontinued - UE Low Sales,Active,23305027,7f7cbe60-ee75-5991-946c-402091cb1db9,3310252,Miguel Josue,Ria Jain,Ferlyn Torres,Maria Mellanie S. Lapira,"Monday-Friday: 11am-8:30pm, Saturday: 12pm-8:30pm, Sunday: 12pm-6pm TODC HRS"
recIMCuW8jXRwakq8,Tropical Delight Cafe - 1156 South Bay Road,"1156 South Bay Road, Dover, DE 19901",Charlie's Chicken Wings,Dover,DE,Our Otter,Active,Active,Active,36019239,c5aaef61-52f3-52f5-b8bf-9d3073ef5af3,10379328,Miguel Josue,Ria Jain,Ferlyn Torres,Maria Mellanie S. Lapira,"Monday-Friday: 11am-8:30pm, Saturday: 12pm-8:30pm, Sunday: 12pm-6pm TODC HRS"
recfLYXPjTBBNI4av,Twin Donut Mexican Grill - 3 West Fordham Rd,"3 West Fordham Rd, Bronx, NY 10468",Frankie's Burger Bar,Bronx,NY,Our Otter,Active,Discontinued by UE,Active,25404572,52153074-fed5-56c6-a66e-892b3962b51b,6895640,,Ria Jain,Ferlyn Torres,Maria Mellanie S. Lapira,Monday-Sunday: 6AM-12AM
recyH4r3j8jbXH9QS,Twin Donut Mexican Grill - 3 West Fordham Rd,"3 West Fordham Rd, Bronx, NY 10468",Toast N Roast Breakfast Sandwiches,Bronx,NY,Our Otter,DoorDash - Discontinued,Discontinued by UE,Active,25404827,a801f3b3-6f73-561a-946c-6b64097a84ca,6897984,,Ria Jain,Ferlyn Torres,Maria Mellanie S. Lapira,Monday-Sunday: 6AM-12AM
recybEHiEXrqUJe5l,Twin Donut Mexican Grill - 3 West Fordham Rd,"3 West Fordham Rd, Bronx, NY 10468",Fiesta Mexican Spot,Bronx,NY,Our Otter,DoorDash - Discontinued,Discontinued by UE,Active,25404460,270df263-8d4f-5799-8bbc-e7141f5c04dd,6896760,,Ria Jain,Ferlyn Torres,Maria Mellanie S. Lapira,Monday-Sunday: 6AM-12AM
recQkBleZfCgGogZV,Twin Donut Mexican Grill - 3 West Fordham Rd,"3 West Fordham Rd, Bronx, NY 10468",Arturo's Burrito Bowls,Bronx,NY,Our Otter,Active,Discontinued by UE,Grubhub Discontinued - Failed Concept,25404900,76abceab-4a82-51c6-b548-5036fb1aabda,6896744,,Ria Jain,Ferlyn Torres,Maria Mellanie S. Lapira,TODC MENU HRS: Monday-Sunday: 6:00 AM-11:30 PM
recdxOLespPYvUvvh,Twins BBQ - 401 Federal Rd,"401 Federal Rd, Brookfield, CT 06804",Cheesin' with My Mac,Brookfield,CT,Our Otter,Active,Discontinued - UE Low Sales,Active,2641432,a5a180d4-5ae9-5196-8fe8-0d4ac6544ab7,3300589,Tana Jean Frances Liboon,Ria Jain,Edlyn Manzano,Maria Mellanie S. Lapira,⏰Monday – Tuesday: Closed  Wednesday – Friday: 12:00 PM – 7:30 PM  Saturday: 12:00 PM – 6:30 PM  Sunday: 12:00 PM – 5:30 PM
recnDo72MpC3mQLa1,Twins BBQ - 401 Federal Rd,"401 Federal Rd, Brookfield, CT 06804",Grilled Cheese Ecstatic,Brookfield,CT,Our Otter,Active,Onboarding - Pending,Active,33559099,e2ccb315-ca7c-5f83-94e8-ade4beec3225,10566464,Tana Jean Frances Liboon,Ria Jain,Edlyn Manzano,Maria Mellanie S. Lapira,⏰Monday – Tuesday: Closed  Wednesday – Friday: 12:00 PM – 7:30 PM  Saturday: 12:00 PM – 6:30 PM  Sunday: 12:00 PM – 5:30 PM
recRvMWEVlKQpATIk,Una Mas - 548 Lawrence Expy,"548 Lawrence Expy, Sunnyvale, CA 94085",Toss N' Chop Salad Bar,Sunnyvale,CA,No Aggregator,Active,Discontinued - UE Low Sales,Virtual Brand Discontinued,22921336,4c7c9c36-03ae-5511-b47b-d7a18f4ae408,3374827,Mau Liboon,Ria Jain,Ferlyn Torres,Leix Anthony Almeda,"TODC Hours: Sunday CLOSED, Monday - Friday: 9:00 AM - 7:30 PM, Saturday: 10:00 AM - 6:30 PM"
rec3144tinG3sHVvJ,Una Mas - 2559 N 1st St,"2559 N 1st St, San Jose, CA 95131",Toss N' Chop Salad Bar,San Jose,CA,Our Otter,Active,Active,Grubhub - Brand Discontinued,22921640,84b27d27-6a19-50f9-8632-eb1a1d5254bd,3311194,,Ria Jain,Ferlyn Torres,Maria Mellanie S. Lapira,Sunday CLOSED / Saturday & Monday: 10:30AM - 2:30PM / Tuesday - Thursday: 10:30AM - 7:30PM
recBtVItg8RNSb6hb,Urban Momo - 100 N Almaden Ave Ste 176,"100 N Almaden Ave Ste 176, San Jose, CA 95110",The Indian Spice Kitchen,San Jose,CA,Their Otter,Active,Active,Active,33017063,cc969142-ad0d-5a19-92c8-0901cec27c90,10332968,Tana Jean Frances Liboon,Chris Garner,Janice Mauricio,Leix Anthony Almeda,"Sunday-Thursday: 11AM-9PM, Friday-Saturday 11AM-10:30PM"
recVpq5BeAh6XIuBi,Urban Momo - 100 N Almaden Ave Ste 176,"100 N Almaden Ave Ste 176, San Jose, CA 95110",The Indian Spice Palace,San Jose,CA,Their Otter,Active,Onboarding - Pending,Active,33894883,cc969142-ad0d-5a19-92c8-0901cec27c90,10566472,Tana Jean Frances Liboon,Chris Garner,Janice Mauricio,Leix Anthony Almeda,"Sunday-Thursday: 11AM-9PM, Friday-Saturday 11AM-10:30PM"
recmSduxfNWVTJNH4,Urban Momo - 254 South B Street,"254 South B Street, San Mateo, CA 94401",Halal Indian Monsoon,San Mateo,CA,Their Otter,Active,Discontinued by UE,Not Onboarded by GH,690586,,,Jan Ceasar Poblete,Chris Garner,Janice Mauricio,Maria Mellanie S. Lapira,TODC MENU HRS : 11:30AM to 12:30AM (nextday)
recRRc82jz4ldTylP,Urban Momo - 254 South B Street,"254 South B Street, San Mateo, CA 94401",Priyanka's Vegan Indian,San Mateo,CA,Their Otter,Active,Onboarding - Pending,Onboarding - Pending,35648661,72b1b801-7dcf-5cc3-b566-1b6cdee996bf,10503456,Jan Ceasar Poblete,Chris Garner,Janice Mauricio,Maria Mellanie S. Lapira,Monday-Sunday: 11AM-12:45AM
recespdMNBN5DTUz3,Urban MoMo - 2705 Stoneridge Dr Unit B,"2705 Stoneridge Dr Unit B, Pleasanton, CA 94588",Exquisite Bowls,Pleasanton,CA,No Aggregator,Temporarily Deactivated,Active,Active,27833988,002a13fa-c5a4-5f0b-a615-df4d2f5f3a28,9216800,,Chris Garner,Janice Mauricio,Maria Mellanie S. Lapira,"Monday-Thursday: 12:00PM-7:15PM, Friday-Saturday: 12:00AM-7:45PM, Sunday: 12:00AM-7:15PM TODC HOURS
"
recrfWOCroDlrQ6O6,Valentino's - 1634 W High St,"1634 W High St, Pottstown, PA 19464",Molly's Chicken Wings,Pottstown,PA,Referral: Their Otter,DoorDash - Discontinued,Active,Active,24438170,a2b2d81e-92c7-5514-9c96-3711cc2df54a,8563128,Tana Jean Frances Liboon,Chris Garner,Eve Paraiso,Maria Mellanie S. Lapira,"Monday to Sunday: 11:00 AM - 7:15 PM TODC HRS
"
recv0rwsIYJXcB28G,Valentino's - 1634 W High St,"1634 W High St, Pottstown, PA 19464",John's Pizza Den,Pottstown,PA,Referral: Their Otter,DoorDash - Discontinued,Active,Active,24438038,65c90c85-04dd-52bd-a4de-965249104ade,8567416,Tana Jean Frances Liboon,Chris Garner,Eve Paraiso,Maria Mellanie S. Lapira,"Monday to Sunday: 11:00 AM - 7:15 PM TODC HRS
"
rechYEHqCwR7THyMZ,Valentino's - 1634 W High St,"1634 W High St, Pottstown, PA 19464",Fat Cheesesteaks,Pottstown,PA,Referral: Their Otter,DoorDash - Discontinued,Active,Active,24438261,0c74d1d2-823d-5d94-8505-903358228d3c,8564520,Tana Jean Frances Liboon,Chris Garner,Eve Paraiso,Maria Mellanie S. Lapira,"Monday to Sunday: 11:00 AM - 7:15 PM TODC HRS
"
recEl0U0IwurGG1Sz,Valentino's - 1634 W High St,"1634 W High St, Pottstown, PA 19464",Stromboli House,Pottstown,PA,Referral: Their Otter,Active,Active,Active,24438169,bbd7a90d-c522-5584-8652-9a5c99ed7347,5151472,Tana Jean Frances Liboon,Chris Garner,Eve Paraiso,Maria Mellanie S. Lapira,"Monday to Sunday: 11:00 AM - 7:15 PM TODC HRS
"
recIHuYBRn4LjrjeH,Valentino's - 1634 W High St,"1634 W High St, Pottstown, PA 19464",Bonnie's Burgers,Pottstown,PA,Referral: Their Otter,DoorDash - Discontinued,Active,Active,24438171,620d4f9e-4afb-5962-96e0-ff1d9a430a3c,8563120,Tana Jean Frances Liboon,Chris Garner,Eve Paraiso,Maria Mellanie S. Lapira,"Monday to Sunday: 11:00 AM - 7:15 PM TODC HRS
"
rec7RejXbharBJlAE,Valentino's - 1634 W High St,"1634 W High St, Pottstown, PA 19464",Smoken Hot Wings Bar,Pottstown,PA,Referral: Their Otter,Active,Active - Onboarding In Process,Active,33895033,7880d381-23f0-5d22-b12c-0b3810fee929,10566480,Tana Jean Frances Liboon,Chris Garner,Eve Paraiso,Maria Mellanie S. Lapira,"Monday to Sunday: 11:00 AM - 7:15 PM TODC HRS
"
rect6l3OL8A1I6zFZ,VBiryaniz - 18 S Abbott Ave,"18 S Abbott Ave, Milpitas, CA 95035",Dum Biryani Snob,Milpitas,CA,Our Otter,DoorDash - Not Approved,Active,Active,,950bda6f-1e62-5d0e-bcf9-c05a5b98d689,9794768,,Chris Garner,Rachelle Kate Funa,Leix Anthony Almeda,"TODC Menu Hours: Sunday - Thursday: 11:30am - 2pm, 5:30pm - 11:30pm / Friday-Saturday: 5:30pm- 1:30am"
recYQF9RqCVT9Pffb,VBiryaniz - 18 S Abbott Ave,"18 S Abbott Ave, Milpitas, CA 95035",Divya's Dum Biryani,Milpitas,CA,Our Otter,DoorDash - Discontinued,Active,Active,23906900,1072ed64-cd04-5893-9557-090327d4991f,8564536,,Chris Garner,Rachelle Kate Funa,Leix Anthony Almeda,"TODC Menu Hours: Sunday - Thursday: 11:30am - 2pm, 5:30pm - 11:30pm / Friday-Saturday: 5:30pm- 1:30am"
rec3bV8dJqkTGBA7T,VBiryaniz - 18 S Abbott Ave,"18 S Abbott Ave, Milpitas, CA 95035",Indian Biryani Snob,Milpitas,CA,Our Otter,DoorDash - Discontinued,Active,Active,23906839,10d46ae8-bee4-5776-b1a3-8e36550d086f,8564528,,Chris Garner,Rachelle Kate Funa,Leix Anthony Almeda,"TODC Menu Hours: Sunday - Thursday: 11:30am - 2pm, 5:30pm - 11:30pm / Friday-Saturday: 5:30pm- 1:30am"
rec69JZCdGdrHR4H0,VBiryaniz - 18 S Abbott Ave,"18 S Abbott Ave, Milpitas, CA 95035",Curry Curry Curry,Milpitas,CA,Our Otter,Active,Active,Active,943687,9da34ccc-c4a6-4f70-aabc-cf0d85e704e4,2066463,,Chris Garner,Rachelle Kate Funa,Leix Anthony Almeda,"TODC Menu Hours: Sunday - Thursday: 11:30am - 2pm, 5:30pm - 11:30pm / Friday-Saturday: 5:30pm- 1:30am"
recBQvbwiq714AYDT,VBiryaniz - 18 S Abbott Ave,"18 S Abbott Ave, Milpitas, CA 95035",Indian Food On The Fly,Milpitas,CA,Our Otter,DoorDash - Discontinued,Active,Active,23906851,ebf545c7-aa24-5698-8ee5-6045e55e06e7,8567424,,Chris Garner,Rachelle Kate Funa,Leix Anthony Almeda,"TODC Menu Hours: Sunday - Thursday: 11:30am - 2pm, 5:30pm - 11:30pm / Friday-Saturday: 5:30pm- 1:30am"
recFyYf8aHLulIoZZ,VBiryaniz - 18 S Abbott Ave,"18 S Abbott Ave, Milpitas, CA 95035",Indian Chicken Co.,Milpitas,CA,Our Otter,DoorDash - Discontinued,Active,Active,23906870,f4606928-2cfa-5337-9ab0-214b93decebe,8563136,,Chris Garner,Rachelle Kate Funa,Leix Anthony Almeda,"TODC Menu Hours: Sunday - Thursday: 11:30am - 2pm, 5:30pm - 11:30pm / Friday-Saturday: 5:30pm- 1:30am"
recIEhBD6O5WH6wNf,Venezia Grill Pizzeria Bar - 6646 Collins Ave,"6646 Collins Ave, Miami Beach, FL 33141",Philly Cheesesteak Company,Miami Beach,FL,Their Otter,Temporarily Deactivated,Temporarily Deactivated,Temporarily Deactivated,1481335,74d888b2-613d-4c46-a040-f01c28679a70,2563082,Tana Jean Frances Liboon,Chris Garner,Rachelle Kate Funa,Leix Anthony Almeda,
recdtwgciq8nKOMnj,Venezia Grill Pizzeria Bar - 6646 Collins Ave,"6646 Collins Ave, Miami Beach, FL 33141",Bosscat Wings,Miami Beach,FL,Their Otter,Active,Onboarding - Pending,Onboarding - Pending,33886555,cc1d82e7-dadb-5bb0-aac7-f6995250cc43,,Tana Jean Frances Liboon,Chris Garner,Rachelle Kate Funa,Leix Anthony Almeda,"Monday-Thursday: 8AM-3AM, Friday-Sunday: 8AM-5AM"
recr2wW7AoHU6TUH6,Venito's Pizza - 4663 Trousdale Dr,"4663 Trousdale Dr, Nashville, TN 37204",Little Italy's Calzones,Nashville,TN,Our Otter,DoorDash - Discontinued,Discontinued - UE Low Sales,Active,24227363,cda65b80-cf8b-5023-84d2-1520c6720f26,4839216,Tana Jean Frances Liboon,Ria Jain,Ferlyn Torres,Maria Mellanie S. Lapira,"⏰Sunday- Thursday: 10:00 am-09:30 pm ; Friday - Saturday: 10:00 am-12:30 am TODC
"
recvVdgLfxeaDzDHr,Venito's Pizza - 4663 Trousdale Dr,"4663 Trousdale Dr, Nashville, TN 37204",Henry's Chicken Wings,Nashville,TN,Our Otter,Active,Discontinued by UE,Active,24328785,7dbf8308-7272-5743-9317-c4366d4d6cf2,5042312,Tana Jean Frances Liboon,Ria Jain,Ferlyn Torres,Maria Mellanie S. Lapira,"⏰Sunday- Thursday: 10:00 am-09:30 pm ; Friday - Saturday: 10:00 am-12:30 am TODC
"
rec7NTAIVSM03QeO3,Venito's Pizza - 4663 Trousdale Dr,"4663 Trousdale Dr, Nashville, TN 37204",Riccardo's Gluten Free Pasta Joint,Nashville,TN,Our Otter,DoorDash - Not Approved,Discontinued - UE Low Sales,Active,,c2c0f8ea-117d-514a-a33e-c7d5d57d5f76,5028008,Tana Jean Frances Liboon,Ria Jain,Ferlyn Torres,Maria Mellanie S. Lapira,"⏰Sunday- Thursday: 10:00 am-09:30 pm ; Friday - Saturday: 10:00 am-12:30 am TODC
"
rechZVm3fdD2iYcwL,Venito's Pizza - 4663 Trousdale Dr,"4663 Trousdale Dr, Nashville, TN 37204",The Pasta Brothers,Nashville,TN,Our Otter,Active,Discontinued by UE,Grubhub - Brand Discontinued,24328952,358dd216-fe85-5097-8d63-91ea42a889a8,5031064,Tana Jean Frances Liboon,Ria Jain,Ferlyn Torres,Maria Mellanie S. Lapira,"⏰Sunday- Thursday: 10:00 am-09:30 pm ; Friday - Saturday: 10:00 am-12:30 am TODC
"
recynGbwD7KiDVRED,Venito's Pizza - 4663 Trousdale Dr,"4663 Trousdale Dr, Nashville, TN 37204",Amore Pasta Ristorante,Nashville,TN,Our Otter,DoorDash - Discontinued,Discontinued - UE Low Sales,Active,24227626,b04edae6-ef69-57c2-8950-bdf30f48aab1,4833080,Tana Jean Frances Liboon,Ria Jain,Ferlyn Torres,Maria Mellanie S. Lapira,"⏰Sunday- Thursday: 10:00 am-09:30 pm ; Friday - Saturday: 10:00 am-12:30 am TODC
"
recRnXpV0MTZcPuGn,Venito's Pizza - 4663 Trousdale Dr,"4663 Trousdale Dr, Nashville, TN 37204",Suzanne's Sub Sandwiches,Nashville,TN,Our Otter,DoorDash - Discontinued,Active,Active,24227372,d0ec576c-58d7-5c70-9eef-4c89350dfe62,4837640,Tana Jean Frances Liboon,Ria Jain,Ferlyn Torres,Maria Mellanie S. Lapira,"⏰Sunday- Thursday: 10:00 am-09:30 pm ; Friday - Saturday: 10:00 am-12:30 am TODC
"
recm1qH963l33pnvB,Village Market & Grill - 164-01 Hillside Ave,"164-01 Hillside Ave, Jamaica, NY 11432",Muf's Muffin Shop,Jamaica,NY,Our Otter,Active,Discontinued - UE Low Sales,Grubhub Discontinued - Failed Concept,23134903,ac3e2a63-1ab3-57f6-aafe-1f3adb618ae9,3309684,Jan Ceasar Poblete,Chris Garner,Rachelle Kate Funa,Leix Anthony Almeda,24/7
recnlEH8Ep59C5HFw,Village Market & Grill - 164-01 Hillside Ave,"164-01 Hillside Ave, Jamaica, NY 11432",Top Panini Shop,Jamaica,NY,Our Otter,Active,Discontinued by UE,Active,2849819,021e3bb7-64cc-5979-9701-98e8d3da6fe5,3310812,Jan Ceasar Poblete,Chris Garner,Rachelle Kate Funa,Leix Anthony Almeda,24/7
recWO5W7WZ7aVyF6m,Village Market & Grill - 164-01 Hillside Ave,"164-01 Hillside Ave, Jamaica, NY 11432",Fiesta Mexican Spot,Jamaica,NY,Our Otter,Active,Discontinued - UE Low Sales,Grubhub Discontinued - Failed Concept,2849804,df970bed-64c1-5efc-89f5-7886d7974a4e,3311296,Jan Ceasar Poblete,Chris Garner,Rachelle Kate Funa,Leix Anthony Almeda,24/7
recXqXDTaoBL63fUn,Village Market & Grill - 164-01 Hillside Ave,"164-01 Hillside Ave, Jamaica, NY 11432",Jr's Philly Cheesesteaks,Jamaica,NY,Our Otter,Active,Discontinued by UE,Active,23134821,79e909a5-c6a7-5b2e-ba72-54504c90f6e3,3309771,Jan Ceasar Poblete,Chris Garner,Rachelle Kate Funa,Leix Anthony Almeda,24/7
recfNdab9SSIlqRHu,Village Market & Grill - 164-01 Hillside Ave,"164-01 Hillside Ave, Jamaica, NY 11432",Lola's Smoothie Mix,Jamaica,NY,Our Otter,Active,Discontinued by UE,Grubhub Discontinued - Failed Concept,23134804,7f882a64-3c01-5715-8f4c-2a23f1fc2e06,3310233,Jan Ceasar Poblete,Chris Garner,Rachelle Kate Funa,Leix Anthony Almeda,24/7
recxlYbPWwC9Lm6r4,Village Market & Grill - 164-01 Hillside Ave,"164-01 Hillside Ave, Jamaica, NY 11432",Heavens Chicken Wings,Jamaica,NY,Our Otter,DoorDash - Discontinued,Discontinued - UE Low Sales,Active,2849761,f5ddf1a5-a00f-5925-8e18-96aaeaef39a4,3310897,Jan Ceasar Poblete,Chris Garner,Rachelle Kate Funa,Leix Anthony Almeda,24/7
recGXKGY8GGPd8HZ7,Village Market & Grill - 164-01 Hillside Ave,"164-01 Hillside Ave, Jamaica, NY 11432",The Bagel Savage,Jamaica,NY,Our Otter,Active,Discontinued by UE,Grubhub Discontinued - Failed Concept,23134820,9f4a21e3-cd89-52e3-88c9-62313e0af7f9,3310044,Jan Ceasar Poblete,Chris Garner,Rachelle Kate Funa,Leix Anthony Almeda,24/7
recPF7ld5o3db7e8a,Village Market & Grill - 164-01 Hillside Ave,"164-01 Hillside Ave, Jamaica, NY 11432",Penny's Pancakes,Jamaica,NY,Our Otter,Active,Discontinued by UE,Active,2849774,6ccc1927-1da5-549c-b054-2da5f42eece2,3300891,Jan Ceasar Poblete,Chris Garner,Rachelle Kate Funa,Leix Anthony Almeda,24/7
recQj32REzCwaqm5V,Village Market & Grill - 164-01 Hillside Ave,"164-01 Hillside Ave, Jamaica, NY 11432",The Chopped Salad,Jamaica,NY,Our Otter,Active,Discontinued - UE Low Sales,Active,2849967,4b36ad65-4043-5252-b837-cb22adf096d0,3311297,Jan Ceasar Poblete,Chris Garner,Rachelle Kate Funa,Leix Anthony Almeda,24/7
recRUHjfY3vfHvddk,Village Market & Grill - 164-01 Hillside Ave,"164-01 Hillside Ave, Jamaica, NY 11432",The Burger Passion,Jamaica,NY,Our Otter,Active,Active,Active,33016567,478a5732-97dd-58c3-bec3-310a2ac6266d,9815120,Jan Ceasar Poblete,Chris Garner,Rachelle Kate Funa,Leix Anthony Almeda,24/7
recRbVGOE4iO7L87r,Village Market & Grill - 164-01 Hillside Ave,"164-01 Hillside Ave, Jamaica, NY 11432",Bird's Burger Bar,Jamaica,NY,Our Otter,DoorDash - Discontinued,Discontinued - UE Low Sales,Active,23134943,7c354bf2-a670-573c-804f-27b1632923a5,3309683,Jan Ceasar Poblete,Chris Garner,Rachelle Kate Funa,Leix Anthony Almeda,24/7
recm4w5FlUMtYYMo3,West Chester Diner - 1147 West Chester Pike,"1147 West Chester Pike, West Chester, PA 19382",The Wings Express,West Chester,PA,Our Otter,Active,Active,Active,1245296,24139401-7425-48b6-9ea1-26abc022dedf,2410420,,Chris Garner,Eve Paraiso,Maria Mellanie S. Lapira,"⏰ Monday, Tuesday, Sunday: 6:00 AM – 12:00 AM ; Wednesday – Saturday: Open 24 hours (TODC HRS)"
recZOgNEDyThUFUHl,West Chester Diner - 1147 West Chester Pike,"1147 West Chester Pike, West Chester, PA 19382",The Pasta Twins,West Chester,PA,Our Otter,DoorDash - Discontinued,Discontinued by UE,Active,1455306,d7930d41-0d81-4c07-a641-d7215c9fc1ed,2560752,,Chris Garner,Eve Paraiso,Maria Mellanie S. Lapira,"⏰ Monday, Tuesday, Sunday: 6:00 AM – 12:00 AM ; Wednesday – Saturday: Open 24 hours (TODC HRS)"
rec4iQOoWDHtX9ZlE,West Chester Diner - 1147 West Chester Pike,"1147 West Chester Pike, West Chester, PA 19382",Prime Burger Lounge,West Chester,PA,Our Otter,Active,Discontinued - UE Low Sales,Active,1245290,82aca791-5514-4fa2-b083-5e9449b3e038,2410514,,Chris Garner,Eve Paraiso,Maria Mellanie S. Lapira,"⏰ Monday, Tuesday, Sunday: 6:00 AM – 12:00 AM ; Wednesday – Saturday: Open 24 hours (TODC HRS)"
rec6TkJMFBfGchvNz,West Chester Diner - 1147 West Chester Pike,"1147 West Chester Pike, West Chester, PA 19382",General's French Toast,West Chester,PA,Our Otter,Active,Active,Grubhub Discontinued - Failed Concept,23367264,d4cad5fa-9774-5a78-b8ad-a3b072f55233,3312217,,Chris Garner,Eve Paraiso,Maria Mellanie S. Lapira,"⏰ Monday, Tuesday, Sunday: 6:00 AM – 12:00 AM ; Wednesday – Saturday: Open 24 hours (TODC HRS)"
rece2p40lPk8DGjM6,West Chester Diner - 1147 West Chester Pike,"1147 West Chester Pike, West Chester, PA 19382",Golden Bear Sandwiches,West Chester,PA,Our Otter,Active,Active,Active,1451975,85dfc371-8db6-4579-afbb-5d2827b208e5,2561042,,Chris Garner,Eve Paraiso,Maria Mellanie S. Lapira,"⏰ Monday, Tuesday, Sunday: 6:00 AM – 12:00 AM ; Wednesday – Saturday: Open 24 hours (TODC HRS)"
rechAhQzH1NiFLYb9,West Chester Diner - 1147 West Chester Pike,"1147 West Chester Pike, West Chester, PA 19382",Get Grilled Cheesin',West Chester,PA,Our Otter,Active,Active,Grubhub - Brand Discontinued,23367267,81c94e29-d427-5a28-925d-2bbb62e698a0,3312299,,Chris Garner,Eve Paraiso,Maria Mellanie S. Lapira,"⏰ Monday, Tuesday, Sunday: 6:00 AM – 12:00 AM ; Wednesday – Saturday: Open 24 hours (TODC HRS)"
recJ3HpqtkGlF8Dko,West Chester Diner - 1147 West Chester Pike,"1147 West Chester Pike, West Chester, PA 19382",Danny's Desserts,West Chester,PA,Our Otter,Active,Discontinued - UE Low Sales,Active,1458742,ba2b02ca-fa5a-45d8-8bc8-41141e1640f3,2560441,,Chris Garner,Eve Paraiso,Maria Mellanie S. Lapira,"⏰ Monday, Tuesday, Sunday: 6:00 AM – 12:00 AM ; Wednesday – Saturday: Open 24 hours (TODC HRS)"
recVyIkF5cG56gyrh,West Chester Diner - 1147 West Chester Pike,"1147 West Chester Pike, West Chester, PA 19382",The Pancake Snob,West Chester,PA,Our Otter,Active,Active,Active,1166202,1c117e42-5427-413f-95cb-a4d6cdbf7eff,2352422,,Chris Garner,Eve Paraiso,Maria Mellanie S. Lapira,"⏰ Monday, Tuesday, Sunday: 6:00 AM – 12:00 AM ; Wednesday – Saturday: Open 24 hours (TODC HRS)"
recc6ZW8tI0ty21HY,Wholesome Farms Market - 108 Jay St,"108 Jay St, Brooklyn, NY 11201",Gloria's Favorite Greens,Brooklyn,NY,Referral: Their Otter,DoorDash - Not Approved,Discontinued by UE,Active,,b8b00c73-429a-5353-9f7c-db7500fdf991,6891744,,Chris Garner,Rachelle Kate Funa,Leix Anthony Almeda,
recOCbf5i120CRqAF,Wholesome Farms Market - 108 Jay St,"108 Jay St, Brooklyn, NY 11201",City Life Breakfast,Brooklyn,NY,Referral: Their Otter,DoorDash - Discontinued,Discontinued by UE,Active,25130172,949dd6f1-1563-5fea-a798-c353e162f1ea,6893488,,Chris Garner,Rachelle Kate Funa,Leix Anthony Almeda,"Monday-Friday: 5:15AM-11:30PM, Saturday 6AM-11:30PM; Sunday 7AM-11:30 PM"
recQjK8JIoBADeB7L,Wholesome Farms Market - 108 Jay St,"108 Jay St, Brooklyn, NY 11201",Stella's Slammin' Burgers,Brooklyn,NY,Referral: Their Otter,DoorDash - Discontinued,Discontinued by UE,Active,25130093,7dcf5e2e-69da-51d8-a325-90b706d8c5b8,6891736,,Chris Garner,Rachelle Kate Funa,Leix Anthony Almeda,"Monday-Friday: 5:15AM-11:30PM, Saturday 6AM-11:30PM; Sunday 7AM-11:30 PM"
rec3Dl736z1fMBI3D,Wholesome Farms Market - 840 Fulton St,"840 Fulton St, Brooklyn, NY 11238",Olivia's Breakfast Cafe,Brooklyn,NY,Referral: Their Otter,DoorDash - Discontinued,Discontinued by UE,Active,25130148,8747aa37-80b4-56ff-a385-51addff6db47,6891656,,Chris Garner,Rachelle Kate Funa,Maria Mellanie S. Lapira,Monday to Sunday 6:00 AM – 10:30 PM (todc hrs)
reca5TBg6RZDp9R5O,Wholesome Farms Market - 840 Fulton St,"840 Fulton St, Brooklyn, NY 11238",Alberto's Hero Sandwich Spot,Brooklyn,NY,Referral: Their Otter,Active,Discontinued by UE,Grubhub Discontinued - Failed Concept,25130119,3eb31fed-5803-51cc-a099-d54c083c2c45,6893464,,Chris Garner,Rachelle Kate Funa,Maria Mellanie S. Lapira,Monday to Sunday 6:00 AM – 10:30 PM (todc hrs)
recPWbncYUzzYrWtB,Wholesome Farms Market - 840 Fulton St,"840 Fulton St, Brooklyn, NY 11238",Celines Salad Bar,Brooklyn,NY,Referral: Their Otter,Active,Discontinued by UE,Active,25130204,230ec37c-d08a-5489-ab29-101480018a2c,6891680,,Chris Garner,Rachelle Kate Funa,Maria Mellanie S. Lapira,Monday to Sunday 6:00 AM – 10:30 PM (todc hrs)
reccGXIMst3RZSdZi,Wholesome Farms Market - 1306 Atlantic Ave,"1306 Atlantic Ave, Brooklyn, NY 11216",Burning Burger Stack,Brooklyn,NY,Referral: Their Otter,Active,Discontinued by UE,Active,25130173,8e4fe909-9221-5c19-a6d7-07428d7c187c,6891712,,Chris Garner,Rachelle Kate Funa,Maria Mellanie S. Lapira,TODC MENU HRS: Monday-Sunday: 6:30AM-1:00AM (nextday)
rechKTFYu6EzcJbij,Wholesome Farms Market - 1306 Atlantic Ave,"1306 Atlantic Ave, Brooklyn, NY 11216",Bosscat Breakfast,Brooklyn,NY,Referral: Their Otter,Active,Discontinued by UE,Active,25130127,1f624d6e-bd1f-5440-ba01-3b36292ad18b,6890728,,Chris Garner,Rachelle Kate Funa,Maria Mellanie S. Lapira,TODC MENU HRS: Monday-Sunday: 6:30AM-1:00AM (nextday)
rechip2cJceVRSq2W,Wholesome Farms Market - 1306 Atlantic Ave,"1306 Atlantic Ave, Brooklyn, NY 11216",Green Leaf Salads,Brooklyn,NY,Referral: Their Otter,Active,Discontinued by UE,Active,25130218,3f2b25f6-7f24-5421-aace-06e5c46ae00a,6891720,,Chris Garner,Rachelle Kate Funa,Maria Mellanie S. Lapira,TODC MENU HRS: Monday-Sunday: 6:30AM-1:00AM (nextday)
recR2ItIp0fnWLc2j,Wholesome Farms Market - 1306 Atlantic Ave,"1306 Atlantic Ave, Brooklyn, NY 11216",The Sandwich Vibe,Brooklyn,NY,Referral: Their Otter,Active,Discontinued by UE,Active,25130231,4b1ffe77-2483-5d48-8c44-eec2e4b3cee7,6890744,,Chris Garner,Rachelle Kate Funa,Maria Mellanie S. Lapira,TODC MENU HRS: Monday-Sunday: 6:30AM-1:00AM (nextday)
recoi1EKI9fTbLljU,Yue Bai Wei - 5874 Forbes Ave,"5874 Forbes Ave, Pittsburgh, PA 15217",The Stir Fry Bar,Pittsburgh,PA,Our Otter,DoorDash - Discontinued,Discontinued - UE Low Sales,Active,24556112,15bb9e31-68e0-5d18-8a00-e9f37abf2c27,5321760,,Chris Garner,Eve Paraiso,Maria Mellanie S. Lapira,"TODC MENU HRS: Monday-Tuesday: 11:00AM-8:30PM, Wednesday: Closed, Thursday-Sunday: 11:00AM-8:30PM"
recZX7QBoxZ1f1b5c,Yue Bai Wei - 5874 Forbes Ave,"5874 Forbes Ave, Pittsburgh, PA 15217",The Chinese Noodle Palace,Pittsburgh,PA,Our Otter,Active,Active,Active,24556108,426e8285-dbe8-50aa-acbb-00c7f58aa2c3,5318704,,Chris Garner,Eve Paraiso,Maria Mellanie S. Lapira,"TODC MENU HRS: Monday-Tuesday: 11:00AM-8:30PM, Wednesday: Closed, Thursday-Sunday: 11:00AM-8:30PM"
recw9n78T4npQsjqV,Yue Bai Wei - 5874 Forbes Ave,"5874 Forbes Ave, Pittsburgh, PA 15217",Xiu's Vegetarian Chinese,Pittsburgh,PA,Our Otter,Active,Discontinued - UE Low Sales,Active,24556111,7825b2b1-18fd-51d8-a9fc-37912ee8db4f,5320096,,Chris Garner,Eve Paraiso,Maria Mellanie S. Lapira,"TODC MENU HRS: Monday-Tuesday: 11:00AM-8:30PM, Wednesday: Closed, Thursday-Sunday: 11:00AM-8:30PM"
rec66xEFnAI7uuo0F,Le Gourmet - 1267 1st Ave,"1267 1st Ave, New York, NY 10065",Jen's Burger Blaze,New York,NY,Our Otter,Active,Active,Active,35639371,7b71cfe0-f8d7-5c31-81e1-86495fef0aed,10566496,lara yao,Chris Garner,Eve Paraiso,Leix Anthony Almeda,"Monday-Friday: 7:30AM-7PM, Saturday: 8AM-3PM, Sunday: Closed"
recKmjhvgRqM4qV8s,Le Gourmet - 1267 1st Ave,"1267 1st Ave, New York, NY 10065",Olivia's Omelettes,New York,NY,Our Otter,Active,Active,Active,34339851,da3efb32-5688-5ce8-80ce-ff363347a714,10566504,lara yao,Chris Garner,Eve Paraiso,Leix Anthony Almeda,"Monday-Friday: 7:30AM-7PM, Saturday: 8AM-3PM, Sunday: Closed"
recNf5JYtquFpoHA8,La Taqueria Express - 916 Hempstead Turnpike,"916 Hempstead Turnpike, Franklin Square, NY 11010",The Burrito Bae,Franklin Square,NY,Their Otter,Active,Active - Onboarding In Process,Active,33895557,43fa1206-83bb-59f3-929c-c472b93ba861,10566512,Mau Liboon,Chris Garner,Janice Mauricio,Leix Anthony Almeda,"Monday-Thursday: 11am-11pm, Friday-Sunday: 11am-11:59pm"
rec7vQ83k9T9fDzdq,La Taqueria Express - 916 Hempstead Turnpike,"916 Hempstead Turnpike, Franklin Square, NY 11010",Sheila's Satisfying Salads,Franklin Square,NY,Their Otter,Active,Onboarding - Pending,Active,33895651,0c71fd94-5728-5afb-9109-448942f91a9f,10568056,Mau Liboon,Chris Garner,Janice Mauricio,Leix Anthony Almeda,"Monday-Thursday: 11am-11pm, Friday-Sunday: 11am-11:59pm"
recI9kzgFZMj60tT3,La Taqueria Express - 916 Hempstead Turnpike,"916 Hempstead Turnpike, Franklin Square, NY 11010",Dad's Flamin' Quesadillas,Franklin Square,NY,Their Otter,Active,Active - Onboarding In Process,Active,33895755,2409fccb-b7cc-5d88-a156-7a6210dfc1c6,10556128,Mau Liboon,Chris Garner,Janice Mauricio,Leix Anthony Almeda,"Monday-Thursday: 11am-11pm, Friday-Sunday: 11am-11:59pm"
reck31wITYmAU4XXe,Heavenly Market & Deli -  58 Carmine St," 58 Carmine St, New York, NY 10014",La Puebla Quesadilla,New York,NY,Our Otter,Active,Onboarding - Pending,Onboarding - Pending,33896877,ff123d75-1da2-57b5-a8fa-6eb90e4183be,,lara yao,Tamara Iliyev,Eve Paraiso,Vhic Bert Serra,Adjusted Hours: 6:00 AM-7:30 PM
rec3c6OTFIjGwTUiP,Heavenly Market & Deli -  58 Carmine St," 58 Carmine St, New York, NY 10014",Daybreak Breakfast Club,New York,NY,Our Otter,Active,Onboarding - Pending,Onboarding - Pending,36256561,74e54dfe-572d-5c08-9589-0718806b34df,,lara yao,Tamara Iliyev,Eve Paraiso,Vhic Bert Serra,Adjusted Hours: 6:00 AM-7:30 PM
recpdktHXQHdfjwCe,Heavenly Market & Deli -  58 Carmine St," 58 Carmine St, New York, NY 10014",Mighty Grilled Cheese,New York,NY,Our Otter,Active,Onboarding - Pending,Onboarding - Pending,33898595,a3a38300-80e2-5236-a065-16054cf64be0,,lara yao,Tamara Iliyev,Eve Paraiso,Vhic Bert Serra,Adjusted Hours: 6:00 AM-7:30 PM
rec6ta4dddYrskv22,Heavenly Market & Deli -  58 Carmine St," 58 Carmine St, New York, NY 10014",Mason's Burger Bar,New York,NY,Our Otter,Active,Onboarding - Pending,Onboarding - Pending,33898631,8ea4b3d5-d0e9-5051-852f-2dbf7641ede4,,lara yao,Tamara Iliyev,Eve Paraiso,Vhic Bert Serra,Adjusted Hours: 6:00 AM-7:30 PM
rec4FLD6kjva16RJG,American Metro Gourmet Deli - 488 Metropolitan Ave,"488 Metropolitan Ave, Brooklyn, NY 11211",Ariana's Vegan Spot,Brooklyn,NY,Our Otter,Active,Onboarding - Pending,Onboarding - Pending,33895844,af0ee711-c46e-5fb2-8899-ed2b46ab6345,,Mau Liboon,Chris Garner,Rachelle Kate Funa,Maria Mellanie S. Lapira,Monday-Sunday: 24/7
recCLENJ312876L7V,American Metro Gourmet Deli - 488 Metropolitan Ave,"488 Metropolitan Ave, Brooklyn, NY 11211",The Burger Bae,Brooklyn,NY,Our Otter,Active,Onboarding - Pending,Onboarding - Pending,34348863,f4805e93-4c86-58c4-81ce-f935d73af6c5,,Mau Liboon,Chris Garner,Rachelle Kate Funa,Maria Mellanie S. Lapira,Monday-Sunday: 24/7
recCN9JmkWPHp2Ncw,Bagel Nest - 1237 Fulton St,"1237 Fulton St, Brooklyn, NY 11216",The Burger Blade,Brooklyn,NY,Our Otter,Active,Onboarding - Pending,Onboarding - Pending,34348867,08865ec0-0a14-5763-a86f-6a79ee8e876a,,Mau Liboon,Ria Jain,Ferlyn Torres,Maria Mellanie S. Lapira,Monday to Sunday: 7:00 AM to 4:30 PM TODC
recumraYYMfSmCDhh,Billy's Deli Cafe - 3907 Lee Hwy,"3907 Lee Hwy, Arlington, VA 22207",The Salad Prince,Arlington,VA,Our Otter,Active,Onboarding - Pending,Onboarding - Pending,34342099,9f24c01e-8101-51a5-9d29-de3d904116bc,,Tana Jean Frances Liboon,Chris Garner,Janice Mauricio,Vhic Bert Serra,"Mon-Thur: 7:30am-4pm, Fri-Sun: 7:30am-730pm (last order will be accepted 30minutes before the actual closing hours)"
recPieqeYProbIpyr,BROOKLYN'S NATURAL DELI - 2126 Caton Ave,"2126 Caton Ave, Brooklyn, NY 11226",Smokin' Burger Grille,Brooklyn,NY,Referral: Their Otter,Active,Onboarding - Pending,Onboarding - Pending,33896087,7927e7df-f4bf-5244-a960-60004d1857f0,,lara yao,Chris Garner,Rachelle Kate Funa,Maria Mellanie S. Lapira,"Monday-Sunday: 24/7
"
recJz31rO6utpGyJz,Heavenly Market Sullivan Inc - 240 Sullivan St,"240 Sullivan St, New York, NY 10012",Sunny's Sandwich Bistro,New York,NY,Our Otter,Active,Onboarding - Pending,Onboarding - Pending,34341891,6662bfc3-00ca-5635-b707-8a6e1d4a7d22,,Mau Liboon,Chris Garner,Ferlyn Torres,Vhic Bert Serra,24/7
recMoGWMIBu1YkniE,Sicilian Pizza & Pasta - 327 Union St,"327 Union St, Nashville, TN 37201",Gina's Greens N' Things,Nashville,TN,Our Otter,Active,Onboarding - Pending,Onboarding - Pending,33558959,93ea29ff-b0c0-5055-a142-4890df518b72,,Miguel Josue,Chris Garner,Janice Mauricio,Leix Anthony Almeda,Everyday: 8AM - 5AM
recASUA4JBBzImgvs,Venito's Pizza - 4663 Trousdale Dr,"4663 Trousdale Dr, Nashville, TN 37204",The Calzone Empire,Nashville,TN,Our Otter,Active,Active - Onboarding In Process,Onboarding - Pending,33898959,c27c9a1f-8131-5d99-909e-bf5dd7d71e68,,Tana Jean Frances Liboon,Ria Jain,Ferlyn Torres,Maria Mellanie S. Lapira,"⏰Sunday- Thursday: 10:00 am-09:30 pm ; Friday - Saturday: 10:00 am-12:30 am TODC
"
rectXgvOIk1qCt7RL,All Nite Pizza - 5155 3rd St,"5155 3rd St, San Francisco, CA 94124",The American Vegan Burger,San Francisco,CA,Our Otter,Active,Onboarding - Pending,Active,33898961,5e81457b-502c-59c4-891d-726169922e5a,10936520,Mau Liboon,Chris Garner,Janice Mauricio,Leix Anthony Almeda,TODC MENU HRS : Mon - Sun: 8:00 AM - 2:30 PM
rec43Ko4vuQ2cxrsh,All Nite Pizza - 5155 3rd St,"5155 3rd St, San Francisco, CA 94124",Public Burger Bar,San Francisco,CA,Our Otter,Active,Onboarding - Pending,Active,34339953,77363d87-aeaa-53c1-b62c-e85cc32f697f,10938112,Mau Liboon,Chris Garner,Janice Mauricio,Leix Anthony Almeda,TODC MENU HRS : Mon - Sun: 8:00 AM - 2:30 PM
recMWm4JnajzVvRij,All Nite Pizza - 5155 3rd St,"5155 3rd St, San Francisco, CA 94124",High Life Pizzas,San Francisco,CA,Our Otter,Active,Onboarding - Pending,Active - Onboarding In Process,33559243,82195253-39e3-5e11-a253-97d3559460f1,10929104,Mau Liboon,Chris Garner,Janice Mauricio,Leix Anthony Almeda,TODC MENU HRS : Mon - Sun: 8:00 AM - 2:30 PM
rec3tEN5oncE6RztS,All Nite Pizza - 5155 3rd St,"5155 3rd St, San Francisco, CA 94124",Hook'd Em Fish,San Francisco,CA,Our Otter,Active - Onboarding In Process,Onboarding - Pending,Active - Onboarding In Process,33898989,08637349-bb4c-5426-9b9b-9a31aa37c84e,10929112,Mau Liboon,Chris Garner,Janice Mauricio,Leix Anthony Almeda,TODC MENU HRS : Mon - Sun: 8:00 AM - 2:30 PM
recH9595KMuYWS3hQ,All Nite Pizza - 5155 3rd St,"5155 3rd St, San Francisco, CA 94124",The Salad Dream,San Francisco,CA,Our Otter,Active,Onboarding - Pending,Active,33899129,c12520c1-4826-5132-840a-a599d47d83f4,10936640,Mau Liboon,Chris Garner,Janice Mauricio,Leix Anthony Almeda,TODC MENU HRS : Mon - Sun: 8:00 AM - 2:30 PM
recuH0oioB29qHAS4,Billy's Deli Cafe - 3907 Lee Hwy,"3907 Lee Hwy, Arlington, VA 22207",The Burger Joint,Arlington,VA,Our Otter,Active,Onboarding - Pending,Active - Onboarding In Process,33899309,4ac8c94b-d3f1-5df4-9cc6-b0e4cc0c828f,10929256,Tana Jean Frances Liboon,Chris Garner,Janice Mauricio,Vhic Bert Serra,"Mon-Thur: 7:30am-4pm, Fri-Sun: 7:30am-730pm (last order will be accepted 30minutes before the actual closing hours)"
recX6dBDEAAHlp5bb,Bistro Express - 3161 Michelson Dr,"3161 Michelson Dr, Irvine, CA 92612",Doughboys Sandwiches,Irvine,CA,Their Otter,Active,Onboarding - Pending,Active,33899333,befc97fa-424c-53f1-905a-e40b7bdd1706,10936384,Tana Jean Frances Liboon,Ria Jain,Edlyn Manzano,Leix Anthony Almeda,Mon - Fri 8 AM to 3:30 PM; Sat - Sun 8 AM to 12:30 PM
rec8wd8HICf60sqJZ,Cafe Encore - 488 Post St,"488 Post St, San Francisco, CA 94102",Croissant Cravings,San Francisco,CA,Their Otter,Active,Onboarding - Pending,Active,33899437,e779ecc1-83f8-58c3-b881-ae719d461093,10934824,Mau Liboon,Ria Jain,Ferlyn Torres,Leix Anthony Almeda,"Sunday-Friday: 7AM-6PM, Saturday: 6:30AM-3:00PM"
recSXTHOnYDjEngoy,Caffe Venice - 596 3rd Ave,"596 3rd Ave, New York, NY 10016",Round Tower Sandwiches,New York,NY,Referral: Their Otter,Active,Onboarding - Pending,Active,34340045,b0d582ab-dcd1-59a0-a632-3773156fe42f,10932336,Mau Liboon,Ria Jain,Ferlyn Torres,Leix Anthony Almeda,24/7
rec657AQmv2gNprWN,Between The Bun Deli - 135 E 125th St,"135 E 125th St, New York, NY 10035",The Salad Prince,New York,NY,Our Otter,Active,Onboarding - Pending,Active,34342097,f4633266-cba8-5401-bce7-ecf1bdecc231,10929360,Mau Liboon,Chris Garner,Rachelle Kate Funa,Leix Anthony Almeda,TODC Hours: Everyday 7AM - 9:30PM
recPL4gSA72Od9237,Between The Bun Deli - 135 E 125th St,"135 E 125th St, New York, NY 10035",Original Burger Bar,New York,NY,Our Otter,Active,Onboarding - Pending,Active,33899303,8cc03c11-3614-5030-91d9-882ece10d230,10932264,Mau Liboon,Chris Garner,Rachelle Kate Funa,Leix Anthony Almeda,TODC Hours: Everyday 7AM - 9:30PM
recF0BmIc5rFJDauf,Between The Bun Deli - 135 E 125th St,"135 E 125th St, New York, NY 10035",The Chicken Affair,New York,NY,Our Otter,Active,Onboarding - Pending,Active,34349143,91febd0d-7d0d-5ef1-b0aa-5029d0b33b2f,10936560,Mau Liboon,Chris Garner,Rachelle Kate Funa,Leix Anthony Almeda,TODC Hours: Everyday 7AM - 9:30PM
rec06cJsKhNU16tnC,Paradise Deli - 226 Newark Ave,"226 Newark Ave, Jersey City, NJ 07302",The Pizza Obsession,Jersey City,NJ,Our Otter,Active,Onboarding - Pending,Active - Onboarding In Process,34341988,0651c374-5f08-57fa-b2d7-7dc74901e501,10932424,Tana Jean Frances Liboon,Chris Garner,Rachelle Kate Funa,Vhic Bert Serra,Monday-Sunday: 12AM-12AM
recmTdLt4dzxNgZ6a,Paradise Deli - 226 Newark Ave,"226 Newark Ave, Jersey City, NJ 07302",The Burger Co,Jersey City,NJ,Our Otter,Active,Onboarding - Pending,Onboarding - Pending,33899481,e8bdb2a1-ac1e-57e9-a724-01ff8d76b5cf,10938184,Tana Jean Frances Liboon,Chris Garner,Rachelle Kate Funa,Vhic Bert Serra,Monday-Sunday: 12AM-12AM
recMbpKwUHq2TSiX7,Paradise Deli - 226 Newark Ave,"226 Newark Ave, Jersey City, NJ 07302",Village Wraps Snob,Jersey City,NJ,Our Otter,Active,Onboarding - Pending,Onboarding - Pending,33899507,e3d4e76f-74c9-5790-8037-915c52f2dbe6,10935112,Tana Jean Frances Liboon,Chris Garner,Rachelle Kate Funa,Vhic Bert Serra,Monday-Sunday: 12AM-12AM
recAAPLVKTG9T1CnX,All Nite Pizza - 5155 3rd St,"5155 3rd St, San Francisco, CA 94124",The Chicken Dream,San Francisco,CA,Our Otter,Active,Onboarding - Pending,Active,33899219,c21477cb-3a67-580c-97bb-636c33225642,10930928,Mau Liboon,Chris Garner,Janice Mauricio,Leix Anthony Almeda,TODC MENU HRS : Mon - Sun: 8:00 AM - 2:30 PM
recUvl4qcEFs3oR1y,Paradise Deli - 226 Newark Ave,"226 Newark Ave, Jersey City, NJ 07302",Chicken Sandwich Loft,Jersey City,NJ,Our Otter,Active,Onboarding - Pending,Active - Onboarding In Process,34338415,899fc784-a2ab-5bc4-bbdd-f5065ebb4d3e,10929064,Tana Jean Frances Liboon,Chris Garner,Rachelle Kate Funa,Vhic Bert Serra,Monday-Sunday: 12AM-12AM
recTHp2dcN87MpIYl,Paradise Deli - 226 Newark Ave,"226 Newark Ave, Jersey City, NJ 07302",Sam's Scrumptious Subs,Jersey City,NJ,Our Otter,Active,Onboarding - Pending,Active - Onboarding In Process,33899519,1fcbaa74-267e-5cba-9df5-bb192a349ea1,10936480,Tana Jean Frances Liboon,Chris Garner,Rachelle Kate Funa,Vhic Bert Serra,Monday-Sunday: 12AM-12AM
rec57QtgwKZiQFYUF,Sara’s Pizza - 2627 W Jefferson Blvd Ste 217,"2627 W Jefferson Blvd Ste 217, Dallas, TX 75211",Italian Pasta Lounge,Dallas,TX,Their Otter,Active,Discontinued by UE,Temp Deactivated (was Active - ob in process),33899529,,10934880,Miguel Josue,Ria Jain,Edlyn Manzano,Vhic Bert Serra,"TODC Hours: Mon-Fri 10:00 AM- 8:30 PM, Sat & Sun 3:00 PM- 9:30 PM"
recAXQjklKXw6u7e6,Sara’s Pizza - 2627 W Jefferson Blvd Ste 217,"2627 W Jefferson Blvd Ste 217, Dallas, TX 75211",The Pizza Obsession,Dallas,TX,Their Otter,Active,Discontinued by UE,Temp Deactivated (was Active - ob in process),34342003,,10931016,Miguel Josue,Ria Jain,Edlyn Manzano,Vhic Bert Serra,"TODC Hours: Mon-Fri 10:00 AM- 8:30 PM, Sat & Sun 3:00 PM- 9:30 PM"
recYKhI5f23NpG76h,Sara’s Pizza - 2627 W Jefferson Blvd Ste 217,"2627 W Jefferson Blvd Ste 217, Dallas, TX 75211",Sunny's Sandwich Bistro,Dallas,TX,Their Otter,Active,Discontinued by UE,Temp Deactivated (was Active - ob in process),34341889,,11792544,Miguel Josue,Ria Jain,Edlyn Manzano,Vhic Bert Serra,"TODC Hours: Mon-Fri 10:00 AM- 8:30 PM, Sat & Sun 3:00 PM- 9:30 PM"
recFDd1y2aIPsHZ16,Sara’s Pizza - 2627 W Jefferson Blvd Ste 217,"2627 W Jefferson Blvd Ste 217, Dallas, TX 75211",Farmers Market Salads,Dallas,TX,Their Otter,Active,Discontinued by UE,Temp Deactivated (was Active - ob in process),33899541,,10932232,Miguel Josue,Ria Jain,Edlyn Manzano,Vhic Bert Serra,"TODC Hours: Mon-Fri 10:00 AM- 8:30 PM, Sat & Sun 3:00 PM- 9:30 PM"
recc3dPEJlzrRDBIm,Between The Bun Deli - 135 E 125th St,"135 E 125th St, New York, NY 10035",The Mexican Cocina,New York,NY,Our Otter,Active,Discontinued by UE,Active,33950479,,10929320,Mau Liboon,Chris Garner,Rachelle Kate Funa,Leix Anthony Almeda,TODC Hours: Everyday 7AM - 9:30PM
recWNiTN0d1MbZyMm,Between The Bun Deli - 135 E 125th St,"135 E 125th St, New York, NY 10035",Hyde's Grilled Cheese,New York,NY,Our Otter,Active,Discontinued by UE,Active,33948457,,11789272,Mau Liboon,Chris Garner,Rachelle Kate Funa,Leix Anthony Almeda,TODC Hours: Everyday 7AM - 9:30PM
recArns3IqGdw2Aew,Between The Bun Deli - 135 E 125th St,"135 E 125th St, New York, NY 10035",Jr's Philly Cheesesteaks,New York,NY,Our Otter,Active,Discontinued by UE,Active,33950667,,10938048,Mau Liboon,Chris Garner,Rachelle Kate Funa,Leix Anthony Almeda,TODC Hours: Everyday 7AM - 9:30PM
reczKai384joW2kDs,Chaps Grille - 1174 Chapel St,"1174 Chapel St, New Haven, CT 06511",Big E's Wraps,New Haven,CT,Our Otter,Active,Discontinued by UE,Active,33950889,,10930792,Jan Ceasar Poblete,Ria Jain,Janice Mauricio,Leix Anthony Almeda,Monday-Sunday: 7AM-8PM
rec5QKxRH1U880fFs,Chaps Grille - 1174 Chapel St,"1174 Chapel St, New Haven, CT 06511",Heaven's Burgers,New Haven,CT,Our Otter,Active,Discontinued by UE,Active,33950863,,10934848,Jan Ceasar Poblete,Ria Jain,Janice Mauricio,Leix Anthony Almeda,Monday-Sunday: 7AM-8PM
recPY3aTFiLWEWbbV,Chelsea Fine Food - 300 8th Ave,"300 8th Ave, New York, NY 10001",The Salad Dream,New York,NY,Our Otter,Active,Discontinued by UE,Active,33950931,,10929352,Jan Ceasar Poblete,Chris Garner,Janice Mauricio,Jixford L. Polo,Monday - Friday: 6am-8pm; Saturday - Sunday: 10am-5pm
reca8gD9r1w0LBgRf,Chelsea Fine Food - 300 8th Ave,"300 8th Ave, New York, NY 10001",Jay's Breakfast Bar,New York,NY,Our Otter,Active,Discontinued by UE,Active,33948529,,10929120,Jan Ceasar Poblete,Chris Garner,Janice Mauricio,Jixford L. Polo,Monday - Friday: 6am-8pm; Saturday - Sunday: 10am-5pm
recJcrwPZwTttzZMe,Chelsea Fine Food - 300 8th Ave,"300 8th Ave, New York, NY 10001",Luigi's Pasta Ristorante,New York,NY,Our Otter,Active,Discontinued by UE,Active,33948863,,10938064,Jan Ceasar Poblete,Chris Garner,Janice Mauricio,Jixford L. Polo,Monday - Friday: 6am-8pm; Saturday - Sunday: 10am-5pm
recvEfwE7XMJ5qbbj,Chelsea Fine Food - 300 8th Ave,"300 8th Ave, New York, NY 10001",The Burger Blade,New York,NY,Our Otter,Active,Discontinued by UE,Active,33950219,,10938176,Jan Ceasar Poblete,Chris Garner,Janice Mauricio,Jixford L. Polo,Monday - Friday: 6am-8pm; Saturday - Sunday: 10am-5pm
recGbaoyIxDWY4zNt,Harden's Hamburgers of Tulsa - 6611 S 101st E Ave,"6611 S 101st E Ave, Tulsa, OK 74133",Suzanne's Sub Sandwiches,Tulsa,OK,Their Cuboh,Active,Discontinued by UE,Onboarding - Pending,35681291,,,Tana Jean Frances Liboon,Ria Jain,Ferlyn Torres,Jixford L. Polo,Monday - Friday: 10:00 am-4:00pm; Saturday: 10:00 am- 5:00 pm; Sunday: 11:00 am - 4:00 pm ***Last order taking would be 15 minutes before store closes.
rec2wtwMgpAIGnrZi,Harden's Hamburgers of Tulsa - 6611 S 101st E Ave,"6611 S 101st E Ave, Tulsa, OK 74133",The Hot Dog Village,Tulsa,OK,Their Cuboh,Active,Discontinued by UE,Active,35686889,,11059488,Tana Jean Frances Liboon,Ria Jain,Ferlyn Torres,Jixford L. Polo,Monday - Friday: 10:00 am-4:00pm; Saturday: 10:00 am- 5:00 pm; Sunday: 11:00 am - 4:00 pm ***Last order taking would be 15 minutes before store closes.
recCcluUPAMdxRT2h,Harden's Hamburgers of Tulsa - 6611 S 101st E Ave,"6611 S 101st E Ave, Tulsa, OK 74133",Fierce Chicken Sandwich,Tulsa,OK,Their Cuboh,Active,Discontinued by UE,Active,35681661,,11064312,Tana Jean Frances Liboon,Ria Jain,Ferlyn Torres,Jixford L. Polo,Monday - Friday: 10:00 am-4:00pm; Saturday: 10:00 am- 5:00 pm; Sunday: 11:00 am - 4:00 pm ***Last order taking would be 15 minutes before store closes.
recS0TuqLvBFiHayz,Harden's Hamburgers of Tulsa - 6611 S 101st E Ave,"6611 S 101st E Ave, Tulsa, OK 74133",Greens Salad God,Tulsa,OK,Their Cuboh,Active,Discontinued by UE,Grubhub Discontinued - Failed Concept,33948345,,11057960,Tana Jean Frances Liboon,Ria Jain,Ferlyn Torres,Jixford L. Polo,Monday - Friday: 10:00 am-4:00pm; Saturday: 10:00 am- 5:00 pm; Sunday: 11:00 am - 4:00 pm ***Last order taking would be 15 minutes before store closes.
rectzfU0JyxzHQPcq,Highline deli II - 83 Canal St #6019,"83 Canal St #6019, New York, NY 10002",Prima Panini Bar,New York,NY,Our Otter,Temporarily Deactivated,Discontinued by UE,Temporarily Deactivated,35686755,,10932312,Jan Ceasar Poblete,Chris Garner,Rachelle Kate Funa,Vhic Bert Serra,24/7
rec3K3gSa84zVJo4c,Highline deli II - 83 Canal St #6019,"83 Canal St #6019, New York, NY 10002",The Juice Empire,New York,NY,Our Otter,Temporarily Deactivated,Discontinued by UE,Temporarily Deactivated,33952685,,10932392,Jan Ceasar Poblete,Chris Garner,Rachelle Kate Funa,Vhic Bert Serra,24/7
recW5sAAqTv8MtJpy,Highline deli II - 83 Canal St #6019,"83 Canal St #6019, New York, NY 10002",Round Tower Sandwiches,New York,NY,Our Otter,Temporarily Deactivated,Discontinued by UE,Temporarily Deactivated,33952583,,10938128,Jan Ceasar Poblete,Chris Garner,Rachelle Kate Funa,Vhic Bert Serra,24/7
recEAE7McKxBalQcI,Lemon Tree Gourmet Deli - 330 W Broadway,"330 W Broadway, New York, NY 10013",JJ's Philly Cheesesteaks,New York,NY,Our Otter,Temporarily Deactivated,Discontinued by UE,Temporarily Deactivated,33948739,,10936408,lara yao,Chris Garner,Janice Mauricio,Jixford L. Polo,Monday-Sunday: 12AM-12AM
rec0s1TlinavEPMe2,Lemon Tree Gourmet Deli - 330 W Broadway,"330 W Broadway, New York, NY 10013",The Vegetarian Cafe,New York,NY,Our Otter,Temporarily Deactivated,Discontinued by UE,Temporarily Deactivated,35686867,,10929376,lara yao,Chris Garner,Janice Mauricio,Jixford L. Polo,Monday-Sunday: 12AM-12AM
recqZTYbSdnnisnQM,Lemon Tree Gourmet Deli - 330 W Broadway,"330 W Broadway, New York, NY 10013",Panini's On Panini's,New York,NY,Our Otter,Temporarily Deactivated,Discontinued by UE,Temporarily Deactivated,33950067,,10932280,lara yao,Chris Garner,Janice Mauricio,Jixford L. Polo,Monday-Sunday: 12AM-12AM
rec1V8637fRObgcCR,Lemon Tree Gourmet Deli - 330 W Broadway,"330 W Broadway, New York, NY 10013",Celines Salad Bar,New York,NY,Our Otter,Temporarily Deactivated,Discontinued by UE,Grubhub - Brand Discontinued,33953209,,10929048,lara yao,Chris Garner,Janice Mauricio,Jixford L. Polo,Monday-Sunday: 12AM-12AM
recjo3oNpfK8OyAPg,Country Squire - 2560 West Chester Pike,"2560 West Chester Pike, Broomall, PA 19008",Antonio's Quesadilla Shack,Broomall,PA,Referral: Their Otter,Active,Discontinued by UE,Active,33951311,,10936368,lara yao,Chris Garner,Eve Paraiso,Leix Anthony Almeda,Monday-Sunday: 7AM-7PM
rec9KDaO40n3Qm60d,Country Squire - 2560 West Chester Pike,"2560 West Chester Pike, Broomall, PA 19008",Jacks Cheesesteaks,Broomall,PA,Referral: Their Otter,Active,Discontinued by UE,Active,33951481,,10934888,lara yao,Chris Garner,Eve Paraiso,Leix Anthony Almeda,Monday-Sunday: 7AM-7PM
recU1D0tkJmPjwwio,Country Squire - 2560 West Chester Pike,"2560 West Chester Pike, Broomall, PA 19008",The Dessert Shack,Broomall,PA,Referral: Their Otter,Active,Discontinued by UE,Active,33951523,,10936568,lara yao,Chris Garner,Eve Paraiso,Leix Anthony Almeda,Monday-Sunday: 7AM-7PM
recJkgaCfKqZFW4Bs,Country Squire - 2560 West Chester Pike,"2560 West Chester Pike, Broomall, PA 19008",The Village Breakfast,Broomall,PA,Referral: Their Otter,Active,Discontinued by UE,Active,33950568,,10932488,lara yao,Chris Garner,Eve Paraiso,Leix Anthony Almeda,Monday-Sunday: 7AM-7PM
rec41uXbjo7rjlils,D&D gourmet - 210 Smith Rd,"210 Smith Rd, Nanuet, NY 10954",The Burger Project,Nanuet,NY,Our Otter,Active,Discontinued by UE,Active,33951571,,10929264,lara yao,Chris Garner,Janice Mauricio,Leix Anthony Almeda,TODC Menu Hours: Everyday: 5AM - 9PM
rece9e61VQ6cvDmYk,Del Rancho Mexican Grill - 5279 North Roxboro St,"5279 North Roxboro St, Durham, NC 27712",Toretto's Breakfast Cafe,Durham,NC,Their Otter,Active,Discontinued by UE,Active,33951729,,10936704,lara yao,Chris Garner,Eve Paraiso,Maria Mellanie S. Lapira,"Monday-Thursday: 11AM-9:30PM, Friday-Saturday: 11AM-10PM, Sunday: 12PM-10PM"
recIkr4KbQtVwGouq,Del Rancho Mexican Grill - 5279 North Roxboro St,"5279 North Roxboro St, Durham, NC 27712",Maria's Burrito Bar,Durham,NC,Their Otter,Active,Discontinued by UE,Active,33951815,,10936440,lara yao,Chris Garner,Eve Paraiso,Maria Mellanie S. Lapira,"Monday-Thursday: 11AM-9:30PM, Friday-Saturday: 11AM-10PM, Sunday: 12PM-10PM"
receImrZVlxXlQitq,Del Rancho Mexican Grill - 5279 North Roxboro St,"5279 North Roxboro St, Durham, NC 27712",Planet Earth Salad,Durham,NC,Their Otter,Active,Discontinued by UE,Active,35681981,,10932304,lara yao,Chris Garner,Eve Paraiso,Maria Mellanie S. Lapira,"Monday-Thursday: 11AM-9:30PM, Friday-Saturday: 11AM-10PM, Sunday: 12PM-10PM"
recrASTCWTD6iGpk5,Dolce Carini Pizza - 1929 Chestnut St,"1929 Chestnut St, Philadelphia, PA 19103",Panini's On Panini's,Philadelphia,PA,Their Otter,Active,Discontinued by UE,Active,33950065,,10938088,Jan Ceasar Poblete,Chris Garner,Janice Mauricio,Maria Mellanie S. Lapira,"⏰Monday to Saturday: 11:00 AM to 8:00 PM,  Sundays: 11am-700pm todc hrs"
recJfMD8SgOJDWtZL,Dolce Carini Pizza - 1929 Chestnut St,"1929 Chestnut St, Philadelphia, PA 19103",Charlie's Calzone Co,Philadelphia,PA,Their Otter,Active,Discontinued by UE,Active,33955797,,10929056,Jan Ceasar Poblete,Chris Garner,Janice Mauricio,Maria Mellanie S. Lapira,"⏰Monday to Saturday: 11:00 AM to 8:00 PM,  Sundays: 11am-700pm todc hrs"
recENkDA26kh4mBcr,Famous Burgers - 2841 E Anaheim St,"2841 E Anaheim St, Long Beach, CA 90804",Sarah's Breakfast Bar,Long Beach,CA,Their Otter,Active,Discontinued by UE,Active,33957057,,10938144,lara yao,Ria Jain,Ferlyn Torres,Vhic Bert Serra,Daily 7am-10pm
recogwuiSYmkfKTlm,Milan's Pizza - 9061 Van Nuys Blvd,"9061 Van Nuys Blvd, Panorama City, CA 91402",Rooftop Sandwiches,Panorama City,CA,Their Otter,Active,Discontinued by UE,Active,33963399,,10929184,Miguel Josue,Ria Jain,Ferlyn Torres,Vhic Bert Serra,TODC Hours: Monday - Sunday: 12:00 PM – 3:00 AM
recKd5Xem46r5pLXn,Milan's Pizza - 9061 Van Nuys Blvd,"9061 Van Nuys Blvd, Panorama City, CA 91402",The Italian Pasta Bar,Panorama City,CA,Their Otter,Active,Discontinued by UE,Active,33963529,,10936592,Miguel Josue,Ria Jain,Ferlyn Torres,Vhic Bert Serra,TODC Hours: Monday - Sunday: 12:00 PM – 3:00 AM
receMTLiZNiana8H8,Subs Conscious - 1213 Amsterdam Ave,"1213 Amsterdam Ave, New York, NY 10027",Sam's Scrumptious Subs,New York,NY,Our Otter,Active,Discontinued by UE,Active,36255253,,10929200,Jan Ceasar Poblete,Chris Garner,Janice Mauricio,Vhic Bert Serra,"Monday-Thursday: 6AM-7PM, Friday: 6AM-6PM, Saturday-Sunday: 7AM-4PM"
rec5POeZxNcatgzPT,Subs Conscious - 1213 Amsterdam Ave,"1213 Amsterdam Ave, New York, NY 10027",The Burger Hole,New York,NY,Our Otter,Active,Discontinued by UE,Active,36254687,,10929240,Jan Ceasar Poblete,Chris Garner,Janice Mauricio,Vhic Bert Serra,"Adjusted hours: Monday-Thursday: 6AM-7PM, Friday: 6AM-6PM, Saturday: 7AM-4PM, Sunday: Closed"
recryduuXnyvM0bfE,Subs Conscious - 1213 Amsterdam Ave,"1213 Amsterdam Ave, New York, NY 10027",High Life Breakfast Sandwiches,New York,NY,Our Otter,Active,Discontinued by UE,Active,36255055,,10934856,Jan Ceasar Poblete,Chris Garner,Janice Mauricio,Vhic Bert Serra,"Monday-Thursday: 6AM-7PM, Friday: 6AM-6PM, Saturday-Sunday: 7AM-4PM"
rec3NIBcaRDs8vcdM,Flakey's Pizza - 1275 Milby St,"1275 Milby St, Houston, TX 77003",Sicily's Calzone House,Houston,TX,Their Otter,Active,Discontinued by UE,Active,33950129,,10938160,Tana Jean Frances Liboon,Chris Garner,Eve Paraiso,Maria Mellanie S. Lapira,Monday-Sunday: 6PM-2:30AM TODC HRS
receWatUMQsyJD2Qu,Frank's Pizzeria - 4410 Bergen Turnpike,"4410 Bergen Turnpike, North Bergen, NJ 07047",Birdspot Sandwiches & Wings,North Bergen,NJ,Our Otter,Active,Discontinued by UE,Active,33963715,,10934816,Tana Jean Frances Liboon,Chris Garner,Janice Mauricio,Jixford L. Polo,"Sunday - Thursday: 12PM-10PM, Friday - Saturday: 12PM-11PM
"
recfHhtSTsyHHr3uH,Frank's Pizzeria - 4410 Bergen Turnpike,"4410 Bergen Turnpike, North Bergen, NJ 07047",The Italian Pizza Co,North Bergen,NJ,Our Otter,Active,Discontinued by UE,Active,35639149,,10930968,Tana Jean Frances Liboon,Chris Garner,Janice Mauricio,Jixford L. Polo,"Sunday - Thursday: 12PM-10PM, Friday - Saturday: 12PM-11PM
"
recWViFqt0sNGAgIj,Frank's Pizzeria - 4410 Bergen Turnpike,"4410 Bergen Turnpike, North Bergen, NJ 07047",Wraps On Tap,North Bergen,NJ,Our Otter,Active,Discontinued by UE,Active,33963677,,10936744,Tana Jean Frances Liboon,Chris Garner,Janice Mauricio,Jixford L. Polo,"Sunday - Thursday: 12PM-10PM, Friday - Saturday: 12PM-11PM
"
recP0CwxG6PvIRSfw,Fresca Pizza & Pasta 560 E 149th St - 560 E 149th St,"560 E 149th St, Bronx, NY 10455",Headlines Mexican Spot,Bronx,NY,Their Otter,Active,Discontinued by UE,Active,33964025,,10938032,Jan Ceasar Poblete,Ria Jain,Edlyn Manzano,Maria Mellanie S. Lapira,Monday to Thursday 11:00 AM – 8:30 PM; Friday to Saturday: 11:30 AM – 8:30 PM; Sunday: 12:00 PM – 8:30 PM
recBhmEU9S8aSwwdE,Fresca Pizza & Pasta 560 E 149th St - 560 E 149th St,"560 E 149th St, Bronx, NY 10455",Classic Cheeseburger Bar,Bronx,NY,Their Otter,Active,Discontinued by UE,Active,33963911,,10932216,Jan Ceasar Poblete,Ria Jain,Edlyn Manzano,Maria Mellanie S. Lapira,Monday to Thursday 11:00 AM – 8:30 PM; Friday to Saturday: 11:30 AM – 8:30 PM; Sunday: 12:00 PM – 8:30 PM
recJT2nUHci4vaEzk,Fresca Pizza & Pasta 560 E 149th St - 560 E 149th St,"560 E 149th St, Bronx, NY 10455",The Calzone Empire,Bronx,NY,Their Otter,Active,Discontinued by UE,Active,33950297,,10938192,Jan Ceasar Poblete,Ria Jain,Edlyn Manzano,Maria Mellanie S. Lapira,Monday to Thursday 11:00 AM – 8:30 PM; Friday to Saturday: 11:30 AM – 8:30 PM; Sunday: 12:00 PM – 8:30 PM
rec5eJ9Fc9vs9IVM0,Gumby's Pizza - 2028 SW 34th St,"2028 SW 34th St, Gainesville, FL 32608",Steph's Salad Shop,Gainesville,FL,Referral: Their Otter,Active,Discontinued by UE,Active - Onboarding In Process,33964039,,10936496,Mau Liboon,Chris Garner,Eve Paraiso,Jixford L. Polo,Monday-Sunday: 11AM-2:00AM
recUpA7aJ6Ps9eyj8,Gumby's Pizza - 2028 SW 34th St,"2028 SW 34th St, Gainesville, FL 32608",The Calzone Empire,Gainesville,FL,Referral: Their Otter,Active,Discontinued by UE,Active,33950295,,10938208,Mau Liboon,Chris Garner,Eve Paraiso,Jixford L. Polo,Monday-Sunday: 11AM-2:00AM
recmvNedB0dzHE5jN,Heavenly Market - 1175 2nd Ave,"1175 2nd Ave, New York, NY 10065",Local's Breakfast Snob,New York,NY,Our Otter,Active,Discontinued by UE,Onboarding - Pending,33948835,,10936432,lara yao,Chris Garner,Rachelle Kate Funa,Vhic Bert Serra,24/7
rec2egU4y14wr3vQC,Heavenly Market - 1175 2nd Ave,"1175 2nd Ave, New York, NY 10065",NY Smoothie Joint,New York,NY,Our Otter,Active,Discontinued by UE,Active,33964063,,10929152,lara yao,Chris Garner,Rachelle Kate Funa,Vhic Bert Serra,24/7
recBTVWHZHJEHbKGY,Hudson Food Market - 2909A Queens Plaza North,"2909A Queens Plaza North, Long Island City, NY 11101",Strictly Vegetarian Sandwich,Long Island City,NY,Our Cuboh,Active,Discontinued by UE,Active,33964093,,11059496,lara yao,Chris Garner,Eve Paraiso,Jixford L. Polo,24/7
recRDjgNvGECc8oQK,Hudson Food Market - 2909A Queens Plaza North,"2909A Queens Plaza North, Long Island City, NY 11101",Original Burger Bar,Long Island City,NY,Our Cuboh,Active,Discontinued by UE,Active,33949031,,11061088,lara yao,Chris Garner,Eve Paraiso,Jixford L. Polo,24/7
rec98xGjzxpb0wBK6,Mi Finca Mexican Food and Pizzeria - 4249 Washington St,"4249 Washington St, Rosilidale, MA 02131",Pedro's Burrito Bar,Rosilidale,MA,Referral: Their Otter,Active,Discontinued by UE,Active,35639329,,10932288,Miguel Josue,Ria Jain,Ferlyn Torres,Vhic Bert Serra,Mon-Sun: 11:00 AM - 11:00 PM
rec3dpaHtdwtkMvaP,Milan's Pizza - 9061 Van Nuys Blvd,"9061 Van Nuys Blvd, Panorama City, CA 91402",The Salad God,Panorama City,CA,Their Otter,Active,Discontinued by UE,Active,33967261,,10936648,Miguel Josue,Ria Jain,Ferlyn Torres,Vhic Bert Serra,TODC Hours: Monday - Sunday: 12:00 PM – 3:00 AM
recOwQ6QPMg5vTWgl,Omega Deli & Cafe - 5423 2nd Ave,"5423 2nd Ave, Brooklyn, NY 11220",The Juice Affair,Brooklyn,NY,Our Otter,Active,Discontinued by UE,Temporarily Deactivated,33970187,,10929312,Mau Liboon,Chris Garner,Edlyn Manzano,Vhic Bert Serra, 24/7
recaAOaX5LFXWNgQT,Omega Deli & Cafe - 5423 2nd Ave,"5423 2nd Ave, Brooklyn, NY 11220",Fire House Quesadillas,Brooklyn,NY,Our Otter,Active,Discontinued by UE,Temporarily Deactivated,33967295,,10930808,Mau Liboon,Chris Garner,Edlyn Manzano,Vhic Bert Serra, 24/7
recMoHifWmMBULZzC,Omega Deli & Cafe - 5423 2nd Ave,"5423 2nd Ave, Brooklyn, NY 11220",Philly Cheesesteak Company,Brooklyn,NY,Our Otter,Active,Discontinued by UE,Temporarily Deactivated,33967403,,10932296,Mau Liboon,Chris Garner,Edlyn Manzano,Vhic Bert Serra, 24/7
recZDfXyefzkzv28L,Omega Deli & Cafe - 5423 2nd Ave,"5423 2nd Ave, Brooklyn, NY 11220",Brenda's Breakfast Sandwiches,Brooklyn,NY,Our Otter,Active,Discontinued by UE,Temporarily Deactivated,35639063,,10929040,Mau Liboon,Chris Garner,Edlyn Manzano,Vhic Bert Serra, 24/7
recSkInOzuJE2qk5S,Omega Grill - 253 E 172nd St,"253 E 172nd St, The Bronx, NY 10457",The Montage Vegetarian,The Bronx,NY,Our Otter,Temporarily Deactivated,Discontinued by UE,Temporarily Deactivated,33970427,,10932416,Tana Jean Frances Liboon,Chris Garner,Edlyn Manzano,Vhic Bert Serra,"Monday–Friday: 6:00 AM – 10:00 PM, Saturday–Sunday: 8:00 AM – 9:00 PM (Last Order Acceptance: 30 minutes prior to closing time)"
rec9lBYDNoDHio3Gj,Omega Grill - 253 E 172nd St,"253 E 172nd St, The Bronx, NY 10457",The Sandwich Cafe,The Bronx,NY,Our Otter,Temporarily Deactivated,Discontinued by UE,Temporarily Deactivated,33950507,,10936672,Tana Jean Frances Liboon,Chris Garner,Edlyn Manzano,Vhic Bert Serra,"Monday–Friday: 6:00 AM – 10:00 PM, Saturday–Sunday: 8:00 AM – 9:00 PM (Last Order Acceptance: 30 minutes prior to closing time)"
recA0CmMWryqbUpYT,P & L Grill & Diner - 590 32nd St,"590 32nd St, Union City, NJ 07087",The Burger Blade,Union City,NJ,Their Otter,Active,Discontinued by UE,Active,33950215,,10930904,Tana Jean Frances Liboon,Ria Jain,Edlyn Manzano,Vhic Bert Serra,"Monday-Saturday: 7am-3:30pm, Sunday: 7am-2:30pm"
rec745Ir6aClAgN3l,Gaters - 3846 Mowry Ave,"3846 Mowry Ave, Fremont, CA 94538",Bird's Burger Bar,Fremont,CA,Our Otter,Active,Discontinued by UE,Virtual Brand Discontinued,33947623,,10930800,Tana Jean Frances Liboon,Chris Garner,Rachelle Kate Funa,Jixford L. Polo,"10 am - 12 am, seven days a week"
recIm11x3aCVYUPhq,Gaters - 3846 Mowry Ave,"3846 Mowry Ave, Fremont, CA 94538",JJ's Philly Cheesesteaks,Fremont,CA,Our Otter,Onboarding - Pending,Discontinued by UE,Active,,,10938040,Tana Jean Frances Liboon,Chris Garner,Rachelle Kate Funa,Jixford L. Polo,"10 am - 12 am, seven days a week"
rec4gFOTynY1cxwg0,Gaters - 3846 Mowry Ave,"3846 Mowry Ave, Fremont, CA 94538",The Gyro Shop,Fremont,CA,Our Otter,Active,Discontinued by UE,Active,33970497,,10930944,Tana Jean Frances Liboon,Chris Garner,Rachelle Kate Funa,Jixford L. Polo,"10 am - 12 am, seven days a week"
recL5LMX7EPxiz7Me,Great Indian Cuisine - 2026 Agnew Rd,"2026 Agnew Rd, Santa Clara, CA 95054",Village Wraps Snob,Santa Clara,CA,Their Otter,Active,Discontinued by UE,Active,33970681,,10935104,Jan Ceasar Poblete,Chris Garner,Rachelle Kate Funa,Vhic Bert Serra,"Mon-Sat: 11am-10pm, Sunday: Closed"
recZYgxq71BzdNOCb,Great Indian Cuisine - 2026 Agnew Rd,"2026 Agnew Rd, Santa Clara, CA 95054",Priya's Indian Kitchen,Santa Clara,CA,Their Otter,Active,Discontinued by UE,Active,33970729,,10929168,Jan Ceasar Poblete,Chris Garner,Rachelle Kate Funa,Vhic Bert Serra,"Mon-Sat: 11am-10pm, Sunday: Closed"
recqLTKnMXZLqbMYi,Gyro 101 Scottsdale - 8770 E McDowell Rd,"8770 E McDowell Rd, Scottsdale, AZ 85257",Olivia's Breakfast Cafe,Scottsdale,AZ,Our Otter,Active,Discontinued by UE,Active,33970773,,10932256,Mau Liboon,Ria Jain,Ferlyn Torres,Jixford L. Polo,"Monday-Thursday: 8:00AM-9:30PM, Friday: 2:00PM-7:45PM, Saturday: 8:00AM-11:45PM, Sunday: 12:00PM-7:30PM"
recrVUczSVzUEvgiD,Gyro 101 Scottsdale - 8770 E McDowell Rd,"8770 E McDowell Rd, Scottsdale, AZ 85257",Exquisite Bowls,Scottsdale,AZ,Our Otter,Active,Discontinued by UE,Active,33948069,,10932224,Mau Liboon,Ria Jain,Ferlyn Torres,Jixford L. Polo,"Monday-Thursday: 8:00AM-9:30PM, Friday: 2:00PM-7:45PM, Saturday: 8:00AM-11:45PM, Sunday: 12:00PM-7:30PM"
recrAm6m7zy5vt52h,Pizza Works - 456 Grove St,"456 Grove St, Worcester, MA 01605",Patricia's Paninis,Worcester,MA,Their Otter,Active,Discontinued by UE,Active - Onboarding In Process,33970843,,10934912,Tana Jean Frances Liboon,Ria Jain,Ferlyn Torres,Leix Anthony Almeda,TODC Hours: Monday to Thursday: 11:00 AM – 8:45 PM / Friday: 11:00 AM – 9:45 PM / Saturday: 12:00 AM – 9:45 PM / Sunday: 4:00 PM – 8:45 PM
recMEOtKnpGThFMJr,Mi Finca Mexican Food and Pizzeria - 4249 Washington St,"4249 Washington St, Rosilidale, MA 02131",Bird's Burger Bar,Rosilidale,MA,Referral: Their Otter,Active,Discontinued by UE,Active,35651435,,11795696,Miguel Josue,Ria Jain,Ferlyn Torres,Vhic Bert Serra,Mon-Sun: 11:00 AM - 11:00 PM
recz0NRHYxQQWKyP0,H - 450 9th Ave #35st,"450 9th Ave #35st, New York, NY 10018",Scotty's Bagel Express,New York,NY,Our Otter,Active,Discontinued by UE,Active,33970947,,10932360,Mau Liboon,Ria Jain,Ferlyn Torres,Vhic Bert Serra,24/7
recGpGmEJF2ELmwy8,Halal N Out - 783 Hillside Avenue,"783 Hillside Avenue, New Hyde Park, NY 11040",The Chicken Affair,New Hyde Park,NY,Their Otter,Active,Discontinued by UE,Active,33971361,,10930920,Tana Jean Frances Liboon,Ria Jain,Janice Mauricio,Vhic Bert Serra,"Sunday - Thursday: 11AM-11PM, Friday - Saturday: 11AM-1AM"
recfAnJSc4SWN1Jgo,Halal N Out - 783 Hillside Avenue,"783 Hillside Avenue, New Hyde Park, NY 11040",RJ's Philly Cheesesteaks,New Hyde Park,NY,Their Otter,Active,Discontinued by UE,Active,33971503,,10929176,Tana Jean Frances Liboon,Ria Jain,Janice Mauricio,Vhic Bert Serra,"Sunday - Thursday: 11AM-11PM, Friday - Saturday: 11AM-1AM"
recC2K4GfQhnmpsRr,Halal N Out - 783 Hillside Avenue,"783 Hillside Avenue, New Hyde Park, NY 11040",The Burger Joint,New Hyde Park,NY,Their Otter,Active,Discontinued by UE,Active - Onboarding In Process,33971643,,10929248,Tana Jean Frances Liboon,Ria Jain,Janice Mauricio,Vhic Bert Serra,"Sunday - Thursday: 11AM-11PM, Friday - Saturday: 11AM-1AM"
recrexm0D2dfW04pr,Halal N Out - 783 Hillside Avenue,"783 Hillside Avenue, New Hyde Park, NY 11040",Twin Bridge Burger,New Hyde Park,NY,Their Otter,Active,Discontinued by UE,Active,33971701,,10936712,Tana Jean Frances Liboon,Ria Jain,Janice Mauricio,Vhic Bert Serra,"Sunday - Thursday: 11AM-11PM, Friday - Saturday: 11AM-1AM"
recHpfKNns6qNtWu6,Healthy Choice Food Market - 93 Avenue A,"93 Avenue A, New York, NY 10009",The Bagel Savage,New York,NY,Our Otter,Active,Discontinued by UE,Active,33971791,,10936528,lara yao,Ria Jain,Ferlyn Torres,Jixford L. Polo,24/7
rec6jVGgfQtRrTJQE,Heavenly Market & Cafe - 44 E 8th St,"44 E 8th St, New York, NY 10003",Luca's Philly Cheesesteak,New York,NY,Our Otter,Active,Discontinued by UE,Active,33971851,,10934896,Tana Jean Frances Liboon,Chris Garner,Rachelle Kate Funa,Leix Anthony Almeda,24/7
recp9BHrjJNqddV9c,Heavenly Market IV - 1760 3rd Ave,"1760 3rd Ave, New York, NY 10029",EarlyBites Sandwiches,New York,NY,Our Otter,Active,Discontinued by UE,Active,33971941,,10938008,lara yao,Chris Garner,Janice Mauricio,Vhic Bert Serra,24/7
recKIxn2WWaACC2oU,Heavenly Market Sullivan Inc - 240 Sullivan St,"240 Sullivan St, New York, NY 10012",Original Burger Bar,New York,NY,Our Otter,Active,Discontinued by UE,Active,33949029,,10930824,Mau Liboon,Chris Garner,Ferlyn Torres,Vhic Bert Serra,24/7
recppjAZk87Cn0UHV,Market On Prince - 202 6th Ave,"202 6th Ave, New York, NY 10013",Local Breakfast Spot,New York,NY,Our Otter,Active,Discontinued by UE,Active,36256107,,10936416,Miguel Josue,Chris Garner,Eve Paraiso,Leix Anthony Almeda,24/7
recY2IP2hPmbYNL27,Market On Prince - 202 6th Ave,"202 6th Ave, New York, NY 10013",Chicken Sandwich Loft,New York,NY,Our Otter,Active,Discontinued by UE,Active,36255933,,10936376,Miguel Josue,Chris Garner,Eve Paraiso,Leix Anthony Almeda,24/7
recesKFCskq0wXKbJ,Golden Eagle diner 2 - 682 Morris Park Avenue,"682 Morris Park Avenue, Bronx, NY 10462",Bart's Breakfast Sandwiches,Bronx,NY,Our Otter,Active,Discontinued by UE,Active,33972041,,11002248,Jan Ceasar Poblete,Ria Jain,Edlyn Manzano,Jixford L. Polo,Monday-Sunday: 6:30AM-8PM
recKeGIDu1bxzKSgh,Golden Eagle diner 2 - 682 Morris Park Avenue,"682 Morris Park Avenue, Bronx, NY 10462",Fry Bird Sandwiches,Bronx,NY,Our Otter,Active,Discontinued by UE,Active,33948289,,10999312,Jan Ceasar Poblete,Ria Jain,Edlyn Manzano,Jixford L. Polo,Monday-Sunday: 6:30AM-8PM
recKmWe7iBXdIzFXe,Heavenly Market Sullivan Inc - 240 Sullivan St,"240 Sullivan St, New York, NY 10012",Marty's Wraps Shack,New York,NY,Our Otter,Active,Discontinued by UE,Active,33948929,,10997776,Mau Liboon,Chris Garner,Ferlyn Torres,Vhic Bert Serra,24/7
rec2ep96tS0fgTkj3,Heavenly Market Sullivan Inc - 240 Sullivan St,"240 Sullivan St, New York, NY 10012",Exquisite Bowls,New York,NY,Our Otter,Active,Discontinued by UE,Active,33948073,,10999320,Mau Liboon,Chris Garner,Ferlyn Torres,Vhic Bert Serra,24/7
recTg7raWifLSc94E,Leo's Coney Island - 28501 Hoover Rd,"28501 Hoover Rd, Warren, MI 48093",Hyde's Grilled Cheese,Warren,MI,Our Otter,Active,Discontinued by UE,Active,33948455,,11003696,Tana Jean Frances Liboon,Ria Jain,Edlyn Manzano,Jixford L. Polo,TODC⏰Monday to Wednesday: 8:00 AM – 9:30 PM | Thursday to Saturday: 8:00 AM – 10:30 PM | Sunday: 8:00 AM – 8:30 PM
rec0cUig9aq4uxDEE,Leo's Coney Island - 28501 Hoover Rd,"28501 Hoover Rd, Warren, MI 48093",Fried Chicken Co,Warren,MI,Our Otter,Active,Discontinued by UE,Active,33973287,,11000928,Tana Jean Frances Liboon,Ria Jain,Edlyn Manzano,Jixford L. Polo,TODC⏰Monday to Wednesday: 8:00 AM – 9:30 PM | Thursday to Saturday: 8:00 AM – 10:30 PM | Sunday: 8:00 AM – 8:30 PM
rec9lquOuWXK0MFPv,Michaelangelo's Pizza -  329 Union St," 329 Union St, Nashville, TN 37201",Chicken Sandwich Loft,Nashville,TN,Our Otter,Active,Discontinued by UE,Active - Onboarding In Process,33973531,,10997792,Miguel Josue,Chris Garner,Janice Mauricio,Vhic Bert Serra,Mon-Sun: 10am-3am
recZLaqIlbCbPEmaB,Michaelangelo's Pizza -  329 Union St," 329 Union St, Nashville, TN 37201",The Cali Calzone,Nashville,TN,Our Otter,Active,Discontinued by UE,Active,33950261,,10999336,Miguel Josue,Chris Garner,Janice Mauricio,Vhic Bert Serra,Mon-Sun: 10am-3am
recxd8RjCFW6P9BZD,Michaelangelo's Pizza -  329 Union St," 329 Union St, Nashville, TN 37201",Frankie's Burger Bar,Nashville,TN,Our Otter,Active,Discontinued by UE,Active,33948231,,10999328,Miguel Josue,Chris Garner,Janice Mauricio,Vhic Bert Serra,Mon-Sun: 10am-3am
recd0pDiTtX8jXArc,Michaelangelo's Pizza -  329 Union St," 329 Union St, Nashville, TN 37201",The Italian Pizza Co,Nashville,TN,Our Otter,Active,Discontinued by UE,Active,35639147,,11003704,Miguel Josue,Chris Garner,Janice Mauricio,Vhic Bert Serra,Mon-Sun: 10am-3am
recKfPt9HlhuYyksv,Heavenly Market 7 - 296 3rd Ave,"296 3rd Ave, New York, NY 10010",The Cheeseburger Paradise,New York,NY,Our Otter,Active,Discontinued by UE,Active,33973131,,11002264,lara yao,Chris Garner,Rachelle Kate Funa,Maria Mellanie S. Lapira,24/7
recvVWW4nEqFEoy36,Heavenly Market 7 - 296 3rd Ave,"296 3rd Ave, New York, NY 10010",Chelsea's Breakfast Bar,New York,NY,Our Otter,Active,Discontinued by UE,Active,33972175,,11005520,lara yao,Chris Garner,Rachelle Kate Funa,Maria Mellanie S. Lapira,24/7
recX4TmIO20sOoVS1,Heavenly Market 7 - 296 3rd Ave,"296 3rd Ave, New York, NY 10010",Fallon's Fried Chicken,New York,NY,Our Otter,Active,Discontinued by UE,Active,33972435,,11002256,lara yao,Chris Garner,Rachelle Kate Funa,Maria Mellanie S. Lapira,24/7
recQKRAFwaL4wPAPb,Heavenly Market 7 - 296 3rd Ave,"296 3rd Ave, New York, NY 10010",Glorious Panini Snob,New York,NY,Our Otter,Active,Discontinued by UE,Active,33973079,,11000920,lara yao,Chris Garner,Rachelle Kate Funa,Maria Mellanie S. Lapira,24/7
reczjOSa26qsFPyqs,Lily’s Crepes - 717 S Battlefield Blvd,"717 S Battlefield Blvd, Chesapeake, VA 23322",Local's Breakfast Snob,Chesapeake,VA,Referral: Their Otter,Active,Discontinued by UE,Onboarding - Pending,33948833,,10997784,Jan Ceasar Poblete,Chris Garner,Eve Paraiso,Jixford L. Polo,"Monday: Closed, Tuesday-Sunday: 8AM-2:30PM"
recF6xw3xm9W8eF37,Sal's Market and Pizzeria - 751 Post Road,"751 Post Road, Scarsdale, NY 10583",Sicily's Calzone House,Scarsdale,NY,Their Otter,Active,Discontinued by UE,Active,33950127,,11005544,Mau Liboon,Chris Garner,Eve Paraiso,Vhic Bert Serra,"Monday-Friday: 7am-9pm, Friday-Sunday: 7am-10pm"
rec1ZYE6A5NBvjW5U,Sal's Market and Pizzeria - 751 Post Road,"751 Post Road, Scarsdale, NY 10583",Luigi's Pasta Ristorante,Scarsdale,NY,Their Otter,Active,Discontinued by UE,Active,33948861,,11003712,Mau Liboon,Chris Garner,Eve Paraiso,Vhic Bert Serra,Monday to Sunday: 7:00am – 9:00pm (Closed 30 minutes before official closing time for last orders.)
rec1XeWFFueuN9Ye7,Royal Delight Cafe - 31-00 47th Ave,"31-00 47th Ave, Queens, NY 11101",Notch My Sandwich,Queens,NY,Their Otter,Active,Discontinued by UE,Onboarding - Pending,33975155,,,Mau Liboon,Ria Jain,Janice Mauricio,Jixford L. Polo,"Monday-Friday: 7AM-3:30PM, Saturday-Sunday: Closed"
rectRWNubiYMBx2r0,Royal Delight Cafe - 31-00 47th Ave,"31-00 47th Ave, Queens, NY 11101",High Life Breakfast Sandwiches,Queens,NY,Their Otter,Active,Discontinued by UE,Onboarding - Pending,33975103,,,Mau Liboon,Ria Jain,Janice Mauricio,Jixford L. Polo,"Monday-Friday: 7AM-3:30PM, Saturday-Sunday: Closed"
recJHqRu88BQ1yAbo,Heavenly Finest Deli - 1824 2nd Ave,"1824 2nd Ave, New York, NY 10128",The Breakfast Dream,New York,NY,Our Otter,Active,Discontinued by UE,Onboarding - Pending,33974552,,,Tana Jean Frances Liboon,Chris Garner,Eve Paraiso,Vhic Bert Serra,24/7
recBmJTkgHVhAAzel,Heavenly Finest Deli - 1824 2nd Ave,"1824 2nd Ave, New York, NY 10128",Frankie's Burger Bar,New York,NY,Our Otter,Active,Discontinued by UE,Onboarding - Pending,33948227,,,Tana Jean Frances Liboon,Chris Garner,Eve Paraiso,Vhic Bert Serra,24/7
recmoyJ9M0xpbSHMe,Heavenly Finest Deli - 1824 2nd Ave,"1824 2nd Ave, New York, NY 10128",Exquisite Bowls,New York,NY,Our Otter,Active,Discontinued by UE,Onboarding - Pending,33948075,,,Tana Jean Frances Liboon,Chris Garner,Eve Paraiso,Vhic Bert Serra,24/7
reczHtzQtnhC5QxlI,Heavenly Finest Deli - 1824 2nd Ave,"1824 2nd Ave, New York, NY 10128",Philly Cheesesteak Snob,New York,NY,Our Otter,Active,Discontinued by UE,Onboarding - Pending,33974415,,,Tana Jean Frances Liboon,Chris Garner,Eve Paraiso,Vhic Bert Serra,24/7
recsaZZrwpTpuKzHH,Heavenly Finest Deli - 1824 2nd Ave,"1824 2nd Ave, New York, NY 10128",Mary's Chicken Sandwiches,New York,NY,Our Otter,Active,Discontinued by UE,Onboarding - Pending,33974255,,,Tana Jean Frances Liboon,Chris Garner,Eve Paraiso,Vhic Bert Serra,24/7
recQFv2COFdmxtDfc,South Road Guy R Deli - 16224 Tuskegee Airmen Way,"16224 Tuskegee Airmen Way, Jamaica, NY 11433",Jay's Breakfast Bar,Jamaica,NY,Our Otter,Active,Discontinued by UE,Onboarding - Pending,33948533,,,Jan Ceasar Poblete,Ria Jain,Janice Mauricio,Leix Anthony Almeda,Monday-Sunday: 7:00am-12:00am
reckexp5Cx37GrSvf,South Road Guy R Deli - 16224 Tuskegee Airmen Way,"16224 Tuskegee Airmen Way, Jamaica, NY 11433",Marty's Wraps Shack,Jamaica,NY,Our Otter,Active,Discontinued by UE,Onboarding - Pending,33948931,,,Jan Ceasar Poblete,Ria Jain,Janice Mauricio,Leix Anthony Almeda,Monday-Sunday: 7:00am-12:00am
recldnYUKLtug2Of7,South Road Guy R Deli - 16224 Tuskegee Airmen Way,"16224 Tuskegee Airmen Way, Jamaica, NY 11433",Original Burger Bar,Jamaica,NY,Our Otter,Active,Discontinued by UE,Onboarding - Pending,33949027,,,Jan Ceasar Poblete,Ria Jain,Janice Mauricio,Leix Anthony Almeda,Monday-Sunday: 7:00am-12:00am
reclFRhky7d4Xw8Eo,South Road Guy R Deli - 16224 Tuskegee Airmen Way,"16224 Tuskegee Airmen Way, Jamaica, NY 11433",Fry Bird Sandwiches,Jamaica,NY,Our Otter,Active,Discontinued by UE,Onboarding - Pending,33948287,,,Jan Ceasar Poblete,Ria Jain,Janice Mauricio,Leix Anthony Almeda,Monday-Sunday: 7:00am-12:00am
recIYJMDeCzKRZ38F,Deli Delights & Waffle Wonders - 105 Avenue A,"105 Avenue A, New York, NY 10009",Doughboys Sandwiches,New York,NY,No Aggregator,Active,Discontinued by UE,Onboarding - Pending,33973693,,,Jan Ceasar Poblete,Tamara Iliyev,Eve Paraiso,Maria Mellanie S. Lapira,"Monday to Saturday, 6 AM to 11:30 PM, and Sunday, 7 AM to 11:30 PM - todc hours"
recjRRdtHaIt4JDnp,Deli Delights & Waffle Wonders - 105 Avenue A,"105 Avenue A, New York, NY 10009",Grandma's Breakfast Sandwiches,New York,NY,No Aggregator,Active,Discontinued by UE,Onboarding - Pending,33973783,,,Jan Ceasar Poblete,Tamara Iliyev,Eve Paraiso,Maria Mellanie S. Lapira,"Monday to Saturday, 6 AM to 11:30 PM, and Sunday, 7 AM to 11:30 PM - todc hours"
recm14vwu7X0nS4Sq,Healthy Friends Deli & Juice Bar - 116 Thomas S Boyland St,"116 Thomas S Boyland St, Brooklyn, NY 11233",Luke's Breakfast Club,Brooklyn,NY,Our Otter,Active,Discontinued by UE,Active,34250381,,11801712,Tana Jean Frances Liboon,Ria Jain,Eve Paraiso,Leix Anthony Almeda,Monday - Sunday: 6AM-12AM
rechxEgJkwWoJrYFi,Healthy Friends Deli & Juice Bar - 116 Thomas S Boyland St,"116 Thomas S Boyland St, Brooklyn, NY 11233",Stan's Burger Bar,Brooklyn,NY,Our Otter,Active,Discontinued by UE,Active,35634189,,11804904,Tana Jean Frances Liboon,Ria Jain,Eve Paraiso,Leix Anthony Almeda,Monday - Sunday: 6AM-12AM
recOIKACKnVg7HIiF,Healthy Friends Deli & Juice Bar - 116 Thomas S Boyland St,"116 Thomas S Boyland St, Brooklyn, NY 11233",Mary's Chicken Sandwiches,Brooklyn,NY,Our Otter,Active,Discontinued by UE,Active,34249077,,11803272,Tana Jean Frances Liboon,Ria Jain,Eve Paraiso,Leix Anthony Almeda,Monday - Sunday: 6AM-12AM
rec7FsdOu7RHcU73c,Healthy Friends Deli & Juice Bar - 116 Thomas S Boyland St,"116 Thomas S Boyland St, Brooklyn, NY 11233",Big E's Wraps,Brooklyn,NY,Our Otter,Active,Discontinued by UE,Active,34250013,,11794944,Tana Jean Frances Liboon,Ria Jain,Eve Paraiso,Leix Anthony Almeda,Monday - Sunday: 6AM-12AM
recJ1QrNDmhtmPFQ4,Harvest Valley Juice bar - 104 Ralph Ave,"104 Ralph Ave, Brooklyn, NY 11221",NY Smoothie Joint,Brooklyn,NY,Our Otter,Active,Discontinued by UE,Active,34250615,,11804944,Jan Ceasar Poblete,Tamara Iliyev,Eve Paraiso,Maria Mellanie S. Lapira,Monday-Sunday: 7AM-10PM
recc49tMQGynsfiQp,Sicily's Pizza - 3585 S Durango Dr #4126,"3585 S Durango Dr #4126, Las Vegas, NV 89147",The Pizza Obsession,Las Vegas,NV,Their Otter,Active,Discontinued by UE,Active,34250899,,11798128,Mau Liboon,Ria Jain,Edlyn Manzano,Maria Mellanie S. Lapira,"24/7
"
rec34s5YhLCx8N4QE,Sicily's Pizza - 3585 S Durango Dr #4126,"3585 S Durango Dr #4126, Las Vegas, NV 89147",Sicily's Calzone House,Las Vegas,NV,Their Otter,Active,Discontinued by UE,Active,34249135,,11794976,Mau Liboon,Ria Jain,Edlyn Manzano,Maria Mellanie S. Lapira,"24/7
"
recYlJ5Py5mTqEUtx,Sicily's Pizza - 3585 S Durango Dr #4126,"3585 S Durango Dr #4126, Las Vegas, NV 89147",Suzanne's Sub Sandwiches,Las Vegas,NV,Their Otter,Active,Discontinued by UE,Active,34250671,,11798120,Mau Liboon,Ria Jain,Edlyn Manzano,Maria Mellanie S. Lapira,"24/7
"
recc7mdDP4IWV36lH,Sicily's Pizza - 3585 S Durango Dr #4126,"3585 S Durango Dr #4126, Las Vegas, NV 89147",Italian Pasta Joint,Las Vegas,NV,Their Otter,Active,Discontinued by UE,Active,34250643,,11798112,Mau Liboon,Ria Jain,Edlyn Manzano,Maria Mellanie S. Lapira,"24/7
"
recME37hd4wUl9Qd5,Express Kitchen - 415 E Windmill Lane,"415 E Windmill Lane, Las Vegas, NV 89123",Perry's Pizza Parlour,Las Vegas,NV,Our Otter,Active,Discontinued by UE,Onboarding - Pending,34250523,,,Jan Ceasar Poblete,Ria Jain,Edlyn Manzano,Jixford L. Polo,
reckyyGcQr2ISHKcF,Express Kitchen - 415 E Windmill Lane,"415 E Windmill Lane, Las Vegas, NV 89123",Luigi's Pasta Ristorante,Las Vegas,NV,Our Otter,Active,Discontinued by UE,Active,34250513,,11798104,Jan Ceasar Poblete,Ria Jain,Edlyn Manzano,Jixford L. Polo,
recM3q79MpWeLXdRy,Express Kitchen - 415 E Windmill Lane,"415 E Windmill Lane, Las Vegas, NV 89123",Mary's Chicken Sandwiches,Las Vegas,NV,Our Otter,Active,Discontinued by UE,Active,34249079,,11803288,Jan Ceasar Poblete,Ria Jain,Edlyn Manzano,Jixford L. Polo,
rece1alAn0UChfkeu,Express Kitchen - 415 E Windmill Lane,"415 E Windmill Lane, Las Vegas, NV 89123",The Mexican Cocina,Las Vegas,NV,Our Otter,Active,Discontinued by UE,Active,34250543,,11794968,Jan Ceasar Poblete,Ria Jain,Edlyn Manzano,Jixford L. Polo,
rectNiXu1hVyVgR2E,Vegan Grill Diner - 1726 2nd Ave,"1726 2nd Ave, New York, NY 10128",Christina's Vegan Cafe,New York,NY,Our Otter,Active,Discontinued by UE,Active,34249039,,11798184,Jan Ceasar Poblete,Ria Jain,Janice Mauricio,Vhic Bert Serra,"Sunday - Wednesday: 9am to 10pm, Thursday - Saturday: 9am to 12am "
rec3ZlpAY5rERjEmO,Vegan Grill Diner - 1726 2nd Ave,"1726 2nd Ave, New York, NY 10128",Celebrity Vegan Burger,New York,NY,Our Otter,Active,Discontinued by UE,Active,34248825,,11803368,Jan Ceasar Poblete,Ria Jain,Janice Mauricio,Vhic Bert Serra,"Sunday - Wednesday: 9am to 10pm, Thursday - Saturday: 9am to 12am "
reczNGxwEQ2W5S7iT,Vegan Grill - 58 St Marks Pl,"58 St Marks Pl, New York, NY 10003",Christina's Vegan Cafe,New York,NY,Our Otter,Active,Discontinued by UE,Active,34249037,,11803352,Jan Ceasar Poblete,Ria Jain,Eve Paraiso,Jixford L. Polo,"Monday - Wednesday: 11am -11pm, Thursday: 11am -12 am, Friday-Saturday: 11 am - 1 am, Sunday: 10am - 10 pm"
recgaN1FTUjWR0plB,Vegan Grill - 58 St Marks Pl,"58 St Marks Pl, New York, NY 10003",Celebrity Vegan Burger,New York,NY,Our Otter,Active,Discontinued by UE,Active,34248810,,11805016,Jan Ceasar Poblete,Ria Jain,Eve Paraiso,Jixford L. Polo,"Monday - Wednesday: 11am -11pm, Thursday: 11am -12 am, Friday-Saturday: 11 am - 1 am, Sunday: 10am - 10 pm"
recT5dSvR5tYly2A3,Vegan Grill - 1201 Castle Hill Ave,"1201 Castle Hill Ave, Bronx, NY 10462",Christina's Vegan Cafe,Bronx,NY,Our Otter,Active,Discontinued by UE,Active,34249041,,11796472,Jan Ceasar Poblete,Ria Jain,Janice Mauricio,Maria Mellanie S. Lapira,24/7
rec1dfGGKgjAtc1KN,Vegan Grill - 1201 Castle Hill Ave,"1201 Castle Hill Ave, Bronx, NY 10462",Celebrity Vegan Burger,Bronx,NY,Our Otter,Active,Discontinued by UE,Active,34248823,,11803360,Jan Ceasar Poblete,Ria Jain,Janice Mauricio,Maria Mellanie S. Lapira,24/7
recBrdcqvPOUgNj1v,Daddy's Delight - 2103 Western Ave Ste A,"2103 Western Ave Ste A, Las Vegas, NV 89102",Haley's Heavenly Burgers,Las Vegas,NV,Their Otter,Active,Discontinued by UE,Active,34251159,,11798136,Tana Jean Frances Liboon,Ria Jain,Eve Paraiso,Leix Anthony Almeda,TODC Hours: Monday to Wednesday 10:30AM-10PM | Thursday 10:30AM-11PM | Friday and Saturday 10:30AM-1AM  | Sundays 3:30pm - 10pm
recrPyIHm2nuqqhA1,Daddy's Delight - 2103 Western Ave Ste A,"2103 Western Ave Ste A, Las Vegas, NV 89102",Addictive Fried Chicken,Las Vegas,NV,Their Otter,Active,Discontinued by UE,Active,34250943,,11804968,Tana Jean Frances Liboon,Ria Jain,Eve Paraiso,Leix Anthony Almeda,TODC Hours: Monday to Wednesday 10:30AM-10PM | Thursday 10:30AM-11PM | Friday and Saturday 10:30AM-1AM  | Sundays 3:30pm - 10pm
rec9qdjcYwnx21USk,Daddy's Delight - 2103 Western Ave Ste A,"2103 Western Ave Ste A, Las Vegas, NV 89102",Sicily's Calzone House,Las Vegas,NV,Their Otter,Active,Discontinued by UE,Active,34249133,,11804976,Tana Jean Frances Liboon,Ria Jain,Eve Paraiso,Leix Anthony Almeda,TODC Hours: Monday to Wednesday 10:30AM-10PM | Thursday 10:30AM-11PM | Friday and Saturday 10:30AM-1AM  | Sundays 3:30pm - 10pm
recudLSUkIMs77TuW,Daddy's Delight - 2103 Western Ave Ste A,"2103 Western Ave Ste A, Las Vegas, NV 89102",Arifs Mediterranean Grill,Las Vegas,NV,Their Otter,Active,Discontinued by UE,Grubhub Discontinued - Failed Concept,34251093,,11801752,Tana Jean Frances Liboon,Ria Jain,Eve Paraiso,Leix Anthony Almeda,TODC Hours: Monday to Wednesday 10:30AM-10PM | Thursday 10:30AM-11PM | Friday and Saturday 10:30AM-1AM  | Sundays 3:30pm - 10pm
recYT21oL7B84nMzV,Dylan Super Bodeguita Deli - 1152 Ogden Ave #4304,"1152 Ogden Ave #4304, Bronx, NY 10452",The Burger Joint,Bronx,NY,Our Otter,Active,Discontinued by UE,Active,34340098,,11805032,lara yao,Tamara Iliyev,Eve Paraiso,Maria Mellanie S. Lapira,Monday - Sunday: 7am - 11:30pm TODC HRS
recGqUNOYCLd1um6T,Dylan Super Bodeguita Deli - 1152 Ogden Ave #4304,"1152 Ogden Ave #4304, Bronx, NY 10452",The Omelette Farm,Bronx,NY,Our Otter,Active,Discontinued by UE,Active,34349153,,11796504,lara yao,Tamara Iliyev,Eve Paraiso,Maria Mellanie S. Lapira,Monday - Sunday: 7am - 11:30pm TODC HRS
rec7cZNMT2FO9PpNx,Pizza twist - 4115 Concord Blvd Suite 70,"4115 Concord Blvd Suite 70, Concord, CA 94519",Tina's Tasty Pizza,Concord,CA,Their Otter,Active,Discontinued by UE,Active,34349415,,11798216,Tana Jean Frances Liboon,Ria Jain,Edlyn Manzano,Jixford L. Polo,Monday-Sunday: 10am to last order 2:55AM. 
recV0LvGx8nnJe12K,Michely deli - 169 W Tremont Ave,"169 W Tremont Ave, Bronx, NY 10453",Bosscat Breakfast,Bronx,NY,Our Otter,Active,Discontinued by UE,Active,34349399,,11796512,Miguel Josue,Tamara Iliyev,Janice Mauricio,Jixford L. Polo,Monday - Sunday: 10am-9:30pm
recdBXtoEC1v3gCs8,Michely deli - 169 W Tremont Ave,"169 W Tremont Ave, Bronx, NY 10453",Haley's Heavenly Burgers,Bronx,NY,Our Otter,Active,Discontinued by UE,Active - Onboarding In Process,34349403,,11796520,Miguel Josue,Tamara Iliyev,Janice Mauricio,Jixford L. Polo,Monday - Sunday: 10am-9:30pm
rechVEvPIqfIDEO8x,Michely deli - 169 W Tremont Ave,"169 W Tremont Ave, Bronx, NY 10453",Top Panini Shop,Bronx,NY,Our Otter,Active,Discontinued by UE,Active,34349411,,11805040,Miguel Josue,Tamara Iliyev,Janice Mauricio,Jixford L. Polo,Monday - Sunday: 10am-9:30pm
recJu6vSP9cXxbgBD,Deli Delights & Waffle Wonders - 105 Avenue A,"105 Avenue A, New York, NY 10009",City Life Breakfast,New York,NY,No Aggregator,Active,Discontinued by UE,Active,35170821,,11801824,Jan Ceasar Poblete,Tamara Iliyev,Eve Paraiso,Maria Mellanie S. Lapira,"Monday to Saturday, 6 AM to 11:30 PM, and Sunday, 7 AM to 11:30 PM - todc hours"
recOF5fGSb7ze6AM9,Deli Delights & Waffle Wonders - 105 Avenue A,"105 Avenue A, New York, NY 10009",NY Smoothie Joint,New York,NY,No Aggregator,Active,Discontinued by UE,Active,35117591,,11803408,Jan Ceasar Poblete,Tamara Iliyev,Eve Paraiso,Maria Mellanie S. Lapira,"Monday to Saturday, 6 AM to 11:30 PM, and Sunday, 7 AM to 11:30 PM - todc hours"
rechSPXZpWWPPU63u,Deli Delights & Waffle Wonders - 105 Avenue A,"105 Avenue A, New York, NY 10009",Cherry's Chic Desserts,New York,NY,No Aggregator,Active,Discontinued by UE,Active,35171571,,11798224,Jan Ceasar Poblete,Tamara Iliyev,Eve Paraiso,Maria Mellanie S. Lapira,"Monday to Saturday, 6 AM to 11:30 PM, and Sunday, 7 AM to 11:30 PM - todc hours"
recrQY8rLXr05Ro0Q,Panini Cafe - 589 1st Avenue,"589 1st Avenue, New York, NY 10016",The Smoothie Squeeze,New York,NY,Our Otter,Active,Discontinued by UE,Active,35117657,,11791240,Tana Jean Frances Liboon,Ria Jain,Ferlyn Torres,Vhic Bert Serra,24/7
rec2UbxnrH9Im0jXH,Panini Cafe - 589 1st Avenue,"589 1st Avenue, New York, NY 10016",Fierce Chicken Sandwich,New York,NY,Our Otter,Active,Discontinued by UE,Active,35115667,,11791232,Tana Jean Frances Liboon,Ria Jain,Ferlyn Torres,Vhic Bert Serra,24/7
recUpa1Y3Svs3ypfo,Aroma Pizza & Pasta - 20491 Alton Pkwy Ste B,"20491 Alton Pkwy Ste B, Lake Forest, CA 92630",The Sandwich Vibe,Lake Forest,CA,Referral: Their Otter,Active,Discontinued by UE,Active,35117567,,11789400,Jan Ceasar Poblete,Ria Jain,Janice Mauricio,Leix Anthony Almeda,TODC Menu Hours: Monday-Sunday: 10:15AM-9:00PM
recosM422nj5nxkj7,Aroma Pizza & Pasta - 20491 Alton Pkwy Ste B,"20491 Alton Pkwy Ste B, Lake Forest, CA 92630",Sicily's Calzone House,Lake Forest,CA,Referral: Their Otter,Active,Discontinued by UE,Active,35115743,,11795944,Jan Ceasar Poblete,Ria Jain,Janice Mauricio,Leix Anthony Almeda,TODC Menu Hours: Monday-Sunday: 10:15AM-9:00PM
recPLQi7YrWIAAzIa,Gusto WoodFired Pizza Kitchen - 119 Park Ave,"119 Park Ave, East Rutherford, NJ 07073",Leon's Legendary Pizza,East Rutherford,NJ,Our Otter,Active,Discontinued by UE,Onboarding - Pending,35450093,,,Mau Liboon,Tamara Iliyev,Eve Paraiso,Maria Mellanie S. Lapira,"Sunday - Thursday: 11:00 am - 9:00 pm, Friday-Saturday: 11:00 am - 10:00 pm"
rec2K8B6OHKT4TgMe,Gusto WoodFired Pizza Kitchen - 119 Park Ave,"119 Park Ave, East Rutherford, NJ 07073",Celines Salad Bar,East Rutherford,NJ,Our Otter,Active,Discontinued by UE,Onboarding - Pending,35372261,,,Mau Liboon,Tamara Iliyev,Eve Paraiso,Maria Mellanie S. Lapira,"Sunday - Thursday: 11:00 am - 9:00 pm, Friday-Saturday: 11:00 am - 10:00 pm"
recMhcexm4ry8KVdV,Gusto WoodFired Pizza Kitchen - 119 Park Ave,"119 Park Ave, East Rutherford, NJ 07073",Italian Pasta Lounge,East Rutherford,NJ,Our Otter,Active,Discontinued by UE,Onboarding - Pending,35449419,,,Mau Liboon,Tamara Iliyev,Eve Paraiso,Maria Mellanie S. Lapira,"Sunday - Thursday: 11:00 am - 9:00 pm, Friday-Saturday: 11:00 am - 10:00 pm"
recXh9rGf05yRtb7U,Gusto WoodFired Pizza Kitchen - 119 Park Ave,"119 Park Ave, East Rutherford, NJ 07073",The Sandwich Vibe,East Rutherford,NJ,Our Otter,Active,Discontinued by UE,Onboarding - Pending,35459941,,,Mau Liboon,Tamara Iliyev,Eve Paraiso,Maria Mellanie S. Lapira,"Sunday - Thursday: 11:00 am - 9:00 pm, Friday-Saturday: 11:00 am - 10:00 pm"
recjz2g7S1KzUsqIV,Chaps Grille - 1174 Chapel St,"1174 Chapel St, New Haven, CT 06511",101 Hummus,New Haven,CT,Our Otter,Active,Discontinued by UE,Onboarding - Pending,35361759,,,Jan Ceasar Poblete,Ria Jain,Janice Mauricio,Leix Anthony Almeda,Monday - Sunday: 7:00 AM - 9:00 PM.	
rec8zduLr41D6kssA,Midtown Bar and Grill - 415 W Gray St,"415 W Gray St, Houston, TX 77019",Rooftop Sandwiches,Houston,TX,Their Otter,Active,Discontinued by UE,Onboarding - Pending,35451691,,,Jan Ceasar Poblete,Ria Jain,Ferlyn Torres,Vhic Bert Serra,Monday-Sunday: 6:30AM-12AM
reczMKAUOqPdUCRuP,Midtown Bar and Grill - 415 W Gray St,"415 W Gray St, Houston, TX 77019",Breakfast Burrito Snob,Houston,TX,Their Otter,Active,Discontinued by UE,Onboarding - Pending,35370009,,,Jan Ceasar Poblete,Ria Jain,Ferlyn Torres,Vhic Bert Serra,Monday-Sunday: 6:30AM-12AM
rec29MX2SbuJGl8cD,Midtown Bar and Grill - 415 W Gray St,"415 W Gray St, Houston, TX 77019",John's Pizza Den,Houston,TX,Their Otter,Active,Discontinued by UE,Onboarding - Pending,35449925,,,Jan Ceasar Poblete,Ria Jain,Ferlyn Torres,Vhic Bert Serra,Monday-Sunday: 6:30AM-12AM
recxT3WLqUAIRpWwK,Allens Restauraunt - 1201 Randall Avenue,"1201 Randall Avenue, Bronx, NY 10474",The Burger Bae,Bronx,NY,Their Otter,Active,Discontinued by UE,Onboarding - Pending,35458185,,,Jan Ceasar Poblete,Ria Jain,Ferlyn Torres,Leix Anthony Almeda,"Monday - Saturday: 5:00 AM - 4:00 PM, Sunday: Closed"
recrGEsCR4eYlVKcM,Bryan Street Tavern - 4315 Bryan Street,"4315 Bryan Street, Dallas, TX 75204",FryChick Sandwiches,Dallas,TX,Our Otter,Temp Deactivated (was Active - ob in process),Discontinued by UE,Onboarding - Pending,35662249,,,Mau Liboon,Ria Jain,Ferlyn Torres,Leix Anthony Almeda,Monday - Sunday: 11:00 am - 2:00 am
rec02dsYSvv10MV56,Bryan Street Tavern - 4315 Bryan Street,"4315 Bryan Street, Dallas, TX 75204",Marty's Wraps Shack,Dallas,TX,Our Otter,Temporarily Deactivated,Discontinued by UE,Onboarding - Pending,35450375,,,Mau Liboon,Ria Jain,Ferlyn Torres,Leix Anthony Almeda,Monday - Sunday: 11:00 am - 2:00 am
recTK7VSliTXpHqBD,Bryan Street Tavern - 4315 Bryan Street,"4315 Bryan Street, Dallas, TX 75204",The Craft Pizza,Dallas,TX,Our Otter,Temporarily Deactivated,Discontinued by UE,Onboarding - Pending,35458617,,,Mau Liboon,Ria Jain,Ferlyn Torres,Leix Anthony Almeda,Monday - Sunday: 11:00 am - 2:00 am
rec02OePKkBJ2uHzH,Broadway Marketplace - 689 Broadway,"689 Broadway, New York, NY 10012",Mean Salad Bar,New York,NY,Our Otter,Active,Discontinued by UE,Onboarding - Pending,35450631,,,Mau Liboon,Ria Jain,Ferlyn Torres,Leix Anthony Almeda,24/7 
recAyeJb3EH2DxFei,Broadway Marketplace - 689 Broadway,"689 Broadway, New York, NY 10012",Che Breakfast Cafe,New York,NY,Our Otter,Active,Discontinued by UE,Onboarding - Pending,35372523,,,Mau Liboon,Ria Jain,Ferlyn Torres,Leix Anthony Almeda,24/7 
recMTMARWHetwG5h3,Broadway Marketplace - 689 Broadway,"689 Broadway, New York, NY 10012",Breakfast Sandwich Express,New York,NY,Our Otter,Active,Discontinued by UE,Onboarding - Pending,35371505,,,Mau Liboon,Ria Jain,Ferlyn Torres,Leix Anthony Almeda,24/7 
recR0BS44tsQQjkok,Broadway Marketplace - 689 Broadway,"689 Broadway, New York, NY 10012",Chief's Cheesesteaks,New York,NY,Our Otter,Active,Discontinued by UE,Onboarding - Pending,35446349,,,Mau Liboon,Ria Jain,Ferlyn Torres,Leix Anthony Almeda,24/7 
rec6lUuHPv2fhEstX,Between The Buns Deli -  774 Broadway," 774 Broadway, Brooklyn, NY 11206",Top Notch Sandwiches,Brooklyn,NY,Our Otter,Active,Discontinued by UE,Onboarding - Pending,35460305,,,Jan Ceasar Poblete,Ria Jain,Janice Mauricio,Jixford L. Polo,Mon-Sunday: 6am-10pm
rec8ftoZCvZuMuRWT,Between The Buns Deli -  774 Broadway," 774 Broadway, Brooklyn, NY 11206",Bri's Breakfast Bar,Brooklyn,NY,Our Otter,Active,Discontinued by UE,Onboarding - Pending,35371677,,,Jan Ceasar Poblete,Ria Jain,Janice Mauricio,Jixford L. Polo,Mon-Sunday: 6am-10pm
recNsvazENOaxfhrx,Between The Buns Deli -  774 Broadway," 774 Broadway, Brooklyn, NY 11206",Sal's Smoothie Spot,Brooklyn,NY,Our Otter,Active,Discontinued by UE,Onboarding - Pending,35457947,,,Jan Ceasar Poblete,Ria Jain,Janice Mauricio,Jixford L. Polo,Mon-Sunday: 6am-10pm
recGvEp671P54Cag5,Bay Area PIzza - 2898 Homestead Rd,"2898 Homestead Rd, Santa Clara, CA 95051",Sicily's Calzone House,Santa Clara,CA,Our Otter,Active,Discontinued by UE,Onboarding - Pending,35463489,,,Mau Liboon,Chris Garner,Eve Paraiso,Maria Mellanie S. Lapira,"Sunday - Thursday: 9:30 AM - 9:30 PM, Friday -Saturday: 9:30 AM -10:30 PM"
rec4iYvxqZQGGFusQ,Bay Area PIzza - 2898 Homestead Rd,"2898 Homestead Rd, Santa Clara, CA 95051",The Salad Dream,Santa Clara,CA,Our Otter,Active,Discontinued by UE,Onboarding - Pending,35464012,,,Mau Liboon,Chris Garner,Eve Paraiso,Maria Mellanie S. Lapira,"Sunday - Thursday: 9:30 AM - 9:30 PM, Friday -Saturday: 9:30 AM -10:30 PM"
recCy0LCkRjMdzkiD,Chaps Grille - 1174 Chapel St,"1174 Chapel St, New Haven, CT 06511",First Light Breakfast Cafe,New Haven,CT,Our Otter,Active,Discontinued by UE,Onboarding - Pending,35492772,,,Jan Ceasar Poblete,Ria Jain,Janice Mauricio,Leix Anthony Almeda,Monday-Sunday 7:00 AM to 9:00 PM.	
recGnN28PqS6OziOp,Chaps Grille - 1174 Chapel St,"1174 Chapel St, New Haven, CT 06511",Doughboys Sandwiches,New Haven,CT,Our Otter,Active,Discontinued by UE,Onboarding - Pending,35492373,,,Jan Ceasar Poblete,Ria Jain,Janice Mauricio,Leix Anthony Almeda,Monday-Sunday 7:00 AM to 9:00 PM.	
rechare9cR8pi6iqi,Alfredo's Pizza Ristorante - 1 Kedron Ave Unit 4,"1 Kedron Ave Unit 4, Morton, PA 19070",Heaven's Burgers,Morton,PA,Our Otter,Active,Discontinued by UE,Onboarding - Pending,35463385,,,Jan Ceasar Poblete,Chris Garner,Eve Paraiso,Leix Anthony Almeda,TODC: Monday to Thursday 11am - 10:30pm | Friday to Saturday 11am - 11:30pm | Sunday 12pm - 9:30pm
recz8vAI5UYTnEMXW,BROOKLYN'S NATURAL DELI - 2126 Caton Ave,"2126 Caton Ave, Brooklyn, NY 11226",Big E's Wraps,Brooklyn,NY,Referral: Their Otter,Active,Discontinued by UE,Onboarding - Pending,35464155,,,lara yao,Chris Garner,Rachelle Kate Funa,Maria Mellanie S. Lapira,"Monday-Sunday: 24/7
"
recaHHShMKfZsRQ39,BROOKLYN'S NATURAL DELI - 2126 Caton Ave,"2126 Caton Ave, Brooklyn, NY 11226",Sandwich On Fleek,Brooklyn,NY,Referral: Their Otter,Active,Discontinued by UE,Onboarding - Pending,35464965,,,lara yao,Chris Garner,Rachelle Kate Funa,Maria Mellanie S. Lapira,"Monday-Sunday: 24/7
"
recebdqh6x090K9YQ,BROOKLYN'S NATURAL DELI - 2126 Caton Ave,"2126 Caton Ave, Brooklyn, NY 11226",Mean Salad Bar,Brooklyn,NY,Referral: Their Otter,Active,Discontinued by UE,Onboarding - Pending,35464311,,,lara yao,Chris Garner,Rachelle Kate Funa,Maria Mellanie S. Lapira,"Monday-Sunday: 24/7
"
recRnLpEfemrsPq5T,ChopCheese Deli 4 - 3661 Broadway,"3661 Broadway, New York, NY 10031",Chicken Sandwich Loft,New York,NY,Our Otter,Active,Discontinued by UE,Onboarding - Pending,35492905,,,Tana Jean Frances Liboon,Chris Garner,Eve Paraiso,Leix Anthony Almeda,24/7
recDPJIf9VUtggQnR,ChopCheese Deli 4 - 3661 Broadway,"3661 Broadway, New York, NY 10031",Philly Cheesesteak Artists,New York,NY,Our Otter,Active,Discontinued by UE,Onboarding - Pending,35493165,,,Tana Jean Frances Liboon,Chris Garner,Eve Paraiso,Leix Anthony Almeda,24/7
recx48tID8mbn7PO4,ChopCheese Deli 4 - 3661 Broadway,"3661 Broadway, New York, NY 10031",Exquisite Bowls,New York,NY,Our Otter,Active,Discontinued by UE,Onboarding - Pending,35493035,,,Tana Jean Frances Liboon,Chris Garner,Eve Paraiso,Leix Anthony Almeda,24/7
recW1sVKz4ln5ncvh,Lily’s Crepes - 717 S Battlefield Blvd,"717 S Battlefield Blvd, Chesapeake, VA 23322",Palm Tree Acai,Chesapeake,VA,Referral: Their Otter,Active,Discontinued by UE,Onboarding - Pending,35493370,,,Jan Ceasar Poblete,Chris Garner,Eve Paraiso,Jixford L. Polo,"Tuesday - Sunday: 8am-8pm, Monday: Closed"
recoYkJG2ocDD601J,PANINI CAFE NYC - 4017 8TH AVE BROOKLYN,"4017 8TH AVE BROOKLYN, NY 11232",Aldo's Wraps Spot,NY 11232,NY,Our Otter,Active,Discontinued by UE,Onboarding - Pending,35493471,,,Jan Ceasar Poblete,Tamara Iliyev,Rachelle Kate Funa,Leix Anthony Almeda,⏰TODC Hours: Monday - Wednesday: 7AM - 7:30PM / Thursday - Sunday: 7AM - 8:30PM
recFRe3UQjgoR0uJB,PANINI CAFE NYC - 4017 8TH AVE BROOKLYN,"4017 8TH AVE BROOKLYN, NY 11232",Breakfast Burrito Joint,NY 11232,NY,Our Otter,Active,Discontinued by UE,Onboarding - Pending,35493605,,,Jan Ceasar Poblete,Tamara Iliyev,Rachelle Kate Funa,Leix Anthony Almeda,⏰TODC Hours: Monday - Wednesday: 7AM - 7:30PM / Thursday - Sunday: 7AM - 8:30PM
recmvbbjR6krv5uw2,PANINI CAFE NYC - 4017 8TH AVE BROOKLYN,"4017 8TH AVE BROOKLYN, NY 11232",Salad Kreation,NY 11232,NY,Our Otter,Active,Discontinued by UE,Onboarding - Pending,35493879,,,Jan Ceasar Poblete,Tamara Iliyev,Rachelle Kate Funa,Leix Anthony Almeda,⏰TODC Hours: Monday - Wednesday: 7AM - 7:30PM / Thursday - Sunday: 7AM - 8:30PM
recttT6tbE7OeqCTx,PANINI CAFE NYC - 4017 8TH AVE BROOKLYN,"4017 8TH AVE BROOKLYN, NY 11232",Top Panini Shop,NY 11232,NY,Our Otter,Active,Discontinued by UE,Onboarding - Pending,35493988,,,Jan Ceasar Poblete,Tamara Iliyev,Rachelle Kate Funa,Leix Anthony Almeda,⏰TODC Hours: Monday - Wednesday: 7AM - 7:30PM / Thursday - Sunday: 7AM - 8:30PM
reckNLNL1ycj5272G,Chaps Grille - 1174 Chapel St,"1174 Chapel St, New Haven, CT 06511",The Salad God,New Haven,CT,Our Otter,Active,Discontinued by UE,Onboarding - Pending,35492579,,,Jan Ceasar Poblete,Ria Jain,Janice Mauricio,Leix Anthony Almeda,Monday-Sunday 7:00 AM to 9:00 PM.	
recv5vBVOKPIRHbYD,Una Mas - 548 Lawrence Expy,"548 Lawrence Expy, Sunnyvale, CA 94085",Arturo's Burrito Bowls,Sunnyvale,CA,No Aggregator,Active,Discontinued by UE,Onboarding - Pending,35669394,,,Mau Liboon,Ria Jain,Ferlyn Torres,Leix Anthony Almeda,"TODC Hours: Sunday CLOSED, Monday - Friday: 9:00 AM - 7:30 PM, Saturday: 10:00 AM - 6:30 PM"
rec2AxAjEgo7zOwWn,New York Giant Pizza - 9083 Dallas St,"9083 Dallas St, La Mesa, CA 91942",The Calzone Empire,La Mesa,CA,Their Otter,Active,Discontinued by UE,Onboarding - Pending,35666855,,,Miguel Josue,Ria Jain,Ferlyn Torres,Jixford L. Polo,"Sunday - Thursday: 10:30am - 9:00pm,
Friday - Saturday: 10:30am - 10:00pm
"
recCdzAyBKOZYBz9L,Dsign Pizza - 2138 W National Ave,"2138 W National Ave, Milwaukee, WI 53204",John's Pizza Den,Milwaukee,WI,Our Otter,Active,Discontinued by UE,Onboarding - Pending,35637482,,,Jan Ceasar Poblete,Chris Garner,Eve Paraiso,Maria Mellanie S. Lapira,
rectUndYgeOtun3Oe,PRINCE GRILL & JUICE BAR - 158 DELANCEY STREET,"158 DELANCEY STREET, NEW YORK, NY 10002",Bart's Breakfast Sandwiches,NEW YORK,NY,Their Otter,Active,Discontinued by UE,Onboarding - Pending,35667913,,,Mau Liboon,Tamara Iliyev,Janice Mauricio,Vhic Bert Serra,24/7
recFoQgaMGPVDJRyc,PRINCE GRILL & JUICE BAR - 158 DELANCEY STREET,"158 DELANCEY STREET, NEW YORK, NY 10002",Gourmet Omelette Bar,NEW YORK,NY,Their Otter,Active,Discontinued by UE,Onboarding - Pending,35668631,,,Mau Liboon,Tamara Iliyev,Janice Mauricio,Vhic Bert Serra,24/7
rec5ySKf9xK4Qj4mO,PRINCE GRILL & JUICE BAR - 158 DELANCEY STREET,"158 DELANCEY STREET, NEW YORK, NY 10002",The Chicken Snob,NEW YORK,NY,Their Otter,Active,Discontinued by UE,Onboarding - Pending,35670257,,,Mau Liboon,Tamara Iliyev,Janice Mauricio,Vhic Bert Serra,24/7
recSOhGOrvcaLPR0a,PRINCE GRILL & JUICE BAR - 158 DELANCEY STREET,"158 DELANCEY STREET, NEW YORK, NY 10002",Stan's Burger Bar,NEW YORK,NY,Their Otter,Active,Discontinued by UE,Onboarding - Pending,35668744,,,Mau Liboon,Tamara Iliyev,Janice Mauricio,Vhic Bert Serra,24/7
recpmGj5tEdcpl8q5,PRINCE GRILL & JUICE BAR - 158 DELANCEY STREET,"158 DELANCEY STREET, NEW YORK, NY 10002",Big E's Wraps,NEW YORK,NY,Their Otter,Active,Discontinued by UE,Onboarding - Pending,35668217,,,Mau Liboon,Tamara Iliyev,Janice Mauricio,Vhic Bert Serra,24/7
receRbq1C5fU87phJ,Solo Burgers & Wings - 6413 Hillcrest Ave,"6413 Hillcrest Ave, Dallas, TX 75205",Fierce Chicken Sandwich,Dallas,TX,Their Otter,Active,Discontinued by UE,Onboarding - Pending,35668945,,,Mau Liboon,Ria Jain,Janice Mauricio,Maria Mellanie S. Lapira,Sunday to Thursday: 11am-9pm Friday & Saturday: 11am- 2am
recwPlhF6oNIkhJSR,Solo Burgers & Wings - 6413 Hillcrest Ave,"6413 Hillcrest Ave, Dallas, TX 75205",Cheesy Mac Factory,Dallas,TX,Their Otter,Active,Discontinued by UE,Onboarding - Pending,35670053,,,Mau Liboon,Ria Jain,Janice Mauricio,Maria Mellanie S. Lapira,Sunday to Thursday: 11am-9pm Friday & Saturday: 11am- 2am
recRxBEBeRHW4jEYO,Danny's Deli - 59 24 Kissena Blvd,"59 24 Kissena Blvd, Flushing, NY 11355",Jewel's Breakfast Joint,Flushing,NY,Our Otter,Active,Discontinued by UE,Onboarding - Pending,35853343,,,Tana Jean Frances Liboon,Tamara Iliyev,Janice Mauricio,Maria Mellanie S. Lapira,Mon-Sun: 7am to 7pm
recQ6zNBpadFTV9aL,Danny's Deli - 59 24 Kissena Blvd,"59 24 Kissena Blvd, Flushing, NY 11355",Fierce Chicken Sandwich,Flushing,NY,Our Otter,Active,Discontinued by UE,Onboarding - Pending,35809781,,,Tana Jean Frances Liboon,Tamara Iliyev,Janice Mauricio,Maria Mellanie S. Lapira,Mon-Sun: 7am to 7pm
recE9RLish5Z3242C,Danny's Deli - 59 24 Kissena Blvd,"59 24 Kissena Blvd, Flushing, NY 11355",Bun Works Burgers,Flushing,NY,Our Otter,Active,Discontinued by UE,Onboarding - Pending,36021375,,,Tana Jean Frances Liboon,Tamara Iliyev,Janice Mauricio,Maria Mellanie S. Lapira,Mon-Sun: 7am to 7pm
recpOKRWtCOCE4cP5,Dsign Pizza - 2138 W National Ave,"2138 W National Ave, Milwaukee, WI 53204",Chicken Sandwich Loft,Milwaukee,WI,Our Otter,Active,Discontinued by UE,Onboarding - Pending,35743615,,,Jan Ceasar Poblete,Chris Garner,Eve Paraiso,Maria Mellanie S. Lapira,"Monday-Thursday: 4PM-9:30PM, Friday-Saturday : 2PM - 9:30PM; Sunday: 2PM - 8:30PM"
recS48SwW6qjR7KtS,Golden Restaurant and Bakery - 1849 N Scottsdale Rd,"1849 N Scottsdale Rd, Scottsdale, AZ 85257",Jolie's Mediterranean Kitchen,Scottsdale,AZ,Our Otter,Active,Discontinued by UE,Temporarily Deactivated - Onboarding Pending,35746485,,,lara yao,Ria Jain,Ferlyn Torres,Jixford L. Polo,"Monday-Thursday: 10AM-8:30PM, Friday: Closed, Saturday: 10AM-9:30PM, Sunday: 10AM-7:30PM"
recnFXgRALIlI8Q3N,Dsign Pizza - 2138 W National Ave,"2138 W National Ave, Milwaukee, WI 53204",Public Burger Bar,Milwaukee,WI,Our Otter,Active,Discontinued by UE,Onboarding - Pending,35743783,,,Jan Ceasar Poblete,Chris Garner,Eve Paraiso,Maria Mellanie S. Lapira,"Monday-Thursday: 4PM-9:30PM, Friday-Saturday : 2PM - 9:30PM; Sunday: 2PM - 8:30PM"
rec52JreqG0juCVni,Royal Delight Cafe - 31-00 47th Ave,"31-00 47th Ave, Queens, NY 11101",Breakfast Burrito Joint,Queens,NY,Their Otter,Active,Discontinued by UE,Onboarding - Pending,35754581,,,Mau Liboon,Ria Jain,Janice Mauricio,Jixford L. Polo,"Monday-Friday: 7AM-3:30PM, Saturday-Sunday: Closed"
recLWCyIso6PYVxVW,Royal Delight Cafe - 31-00 47th Ave,"31-00 47th Ave, Queens, NY 11101",The Salad Dream,Queens,NY,Their Otter,Active,Discontinued by UE,Onboarding - Pending,35758085,,,Mau Liboon,Ria Jain,Janice Mauricio,Jixford L. Polo,"Monday-Friday: 7AM-3:30PM, Saturday-Sunday: Closed"
recD37a1mIeDwZh6j,Royal Delight Cafe - 31-00 47th Ave,"31-00 47th Ave, Queens, NY 11101",House of Paninis,Queens,NY,Their Otter,Active,Discontinued by UE,Onboarding - Pending,35757955,,,Mau Liboon,Ria Jain,Janice Mauricio,Jixford L. Polo,"Monday-Friday: 7AM-3:30PM, Saturday-Sunday: Closed"
recBCnq9plw8YWoOy,Royal Delight Cafe - 31-00 47th Ave,"31-00 47th Ave, Queens, NY 11101",CJ's Breakfast Sandwich,Queens,NY,Their Otter,Active,Discontinued by UE,Onboarding - Pending,35756038,,,Mau Liboon,Ria Jain,Janice Mauricio,Jixford L. Polo,"Monday-Friday: 7AM-3:30PM, Saturday-Sunday: Closed"
rec7HDBCxipWAGSHn,Fitch's Kitchen - 300 The Village,"300 The Village, Redondo Beach, CA 90277",Old Town Sandwiches,Redondo Beach,CA,Their Otter,Active - Onboarding In Process,Discontinued by UE,Temporarily Deactivated - Onboarding Pending,36020702,,,Tana Jean Frances Liboon,Ria Jain,Ferlyn Torres,Jixford L. Polo,"Monday to Friday: 7:45 AM – 6:30, Saturday to Sunday: 7:45 AM – 4:30 PM"
recRBQgvep4dnSPCm,Fitch's Kitchen - 300 The Village,"300 The Village, Redondo Beach, CA 90277",Panini Fantasy,Redondo Beach,CA,Their Otter,Active - Onboarding In Process,Discontinued by UE,Temporarily Deactivated - Onboarding Pending,36020849,,,Tana Jean Frances Liboon,Ria Jain,Ferlyn Torres,Jixford L. Polo,"Monday to Friday: 7:45 AM – 6:30, Saturday to Sunday: 7:45 AM – 4:30 PM"
recIOrOTIf88jjzpI,Gold Organic Farm - 277 Gold Street,"277 Gold Street, Brooklyn, NY 11201",Wonka's Smoothie Bar,Brooklyn,NY,Their Otter,Active,Discontinued by UE,Onboarding - Pending,35808351,,,Tana Jean Frances Liboon,Chris Garner,Rachelle Kate Funa,Jixford L. Polo,24/7
recFW9LCFCzhL0a4y,Gold Organic Farm - 277 Gold Street,"277 Gold Street, Brooklyn, NY 11201",Green Leaf Salads,Brooklyn,NY,Their Otter,Active,Discontinued by UE,Onboarding - Pending,35808175,,,Tana Jean Frances Liboon,Chris Garner,Rachelle Kate Funa,Jixford L. Polo,24/7
rect7ZnuIuAjV4M6L,Earle Cafe - 57 sip ave,"57 sip ave, Jersey City, NJ 07306",Smokin' Burger Grille,Jersey City,NJ,Our Otter,Active,Discontinued by UE,Onboarding - Pending,35900903,,,Jan Ceasar Poblete,Ria Jain,Janice Mauricio,Maria Mellanie S. Lapira,24/7
recuxqEPjtTzFVGUR,Earle Cafe - 57 sip ave,"57 sip ave, Jersey City, NJ 07306",Celines Salad Bar,Jersey City,NJ,Our Otter,Active,Discontinued by UE,Onboarding - Pending,35900793,,,Jan Ceasar Poblete,Ria Jain,Janice Mauricio,Maria Mellanie S. Lapira,24/7
recvgseVb7d5VvdoS,Earle Cafe - 57 sip ave,"57 sip ave, Jersey City, NJ 07306",The Omelette Farm,Jersey City,NJ,Our Otter,Active,Discontinued by UE,Onboarding - Pending,35900955,,,Jan Ceasar Poblete,Ria Jain,Janice Mauricio,Maria Mellanie S. Lapira,24/7
recOC64YYbDjMt6ZL,Earle Cafe - 57 sip ave,"57 sip ave, Jersey City, NJ 07306",Grandma's Breakfast Sandwiches,Jersey City,NJ,Our Otter,Active,Discontinued by UE,Onboarding - Pending,35900839,,,Jan Ceasar Poblete,Ria Jain,Janice Mauricio,Maria Mellanie S. Lapira,24/7
recN8x5QtBSRi6BP4,Eh Güey Tacos - 3501 W Union Hills Dr,"3501 W Union Hills Dr, Glendale, AZ 85308",Veronica's Burrito Bar,Glendale,AZ,Referral: Their Otter,Active,Discontinued by UE,Onboarding - Pending,36030439,,,Jan Ceasar Poblete,Ria Jain,Janice Mauricio,Maria Mellanie S. Lapira,Monday to Saturday: 6:30 AM – 8:30 PM; Sunday: 7:30 AM – 8:30 PM
rec1ig6iDvMp8EwCw,Eh Güey Tacos - 3501 W Union Hills Dr,"3501 W Union Hills Dr, Glendale, AZ 85308",City Life Breakfast,Glendale,AZ,Referral: Their Otter,Active,Discontinued by UE,Onboarding - Pending,35901053,,,Jan Ceasar Poblete,Ria Jain,Janice Mauricio,Maria Mellanie S. Lapira,Monday to Saturday: 6:30 AM – 8:30 PM; Sunday: 7:30 AM – 8:30 PM
rec8CA7Vz20UWrOHT,Eh Güey Tacos - 3501 W Union Hills Dr,"3501 W Union Hills Dr, Glendale, AZ 85308",Old Town Sandwiches,Glendale,AZ,Referral: Their Otter,Active,Discontinued by UE,Onboarding - Pending,36021073,,,Jan Ceasar Poblete,Ria Jain,Janice Mauricio,Maria Mellanie S. Lapira,Monday to Saturday: 6:30 AM – 8:30 PM; Sunday: 7:30 AM – 8:30 PM
recDqTZQNccDfFB3t,Eh Güey Tacos - 3501 W Union Hills Dr,"3501 W Union Hills Dr, Glendale, AZ 85308",Nino's Nacho Bar,Glendale,AZ,Referral: Their Otter,Active,Discontinued by UE,Onboarding - Pending,36020955,,,Jan Ceasar Poblete,Ria Jain,Janice Mauricio,Maria Mellanie S. Lapira,Monday to Saturday: 6:30 AM – 8:30 PM; Sunday: 7:30 AM – 8:30 PM
recAkkvYv1p9RBDvR,1 Up Bistro - 1404 Madison Ave,"1404 Madison Ave, New York, NY 10029",The Juice Empire,New York,NY,Our Otter,Active,Discontinued by UE,Onboarding - Pending,35901427,,,Mau Liboon,Ria Jain,Ferlyn Torres,Leix Anthony Almeda,"Monday - Friday: 6:30am - 8pm, Saturday: 6:30am - 7pm, Sunday: 6:30am - 3pm"
recUPPsm6jwxDdqx9,1 Up Bistro - 1404 Madison Ave,"1404 Madison Ave, New York, NY 10029",The Smoothie Savage,New York,NY,Our Otter,Active,Discontinued by UE,Onboarding - Pending,36030515,,,Mau Liboon,Ria Jain,Ferlyn Torres,Leix Anthony Almeda,"Monday - Friday: 6:30am - 8pm, Saturday: 6:30am - 7pm, Sunday: 6:30am - 3pm"
recko9ZGpf2iJlED6,Fuego Mexican Food - 321 W McKellips Rd  #103,"321 W McKellips Rd  #103, Mesa, AZ 85201",Burrito Lovers Bar,Mesa,AZ,Referral: Their Otter,Active,Discontinued by UE,Onboarding - Pending,36031239,,,Jan Ceasar Poblete,Ria Jain,Janice Mauricio,Maria Mellanie S. Lapira,"Mon - Wed: 6:15 AM–9:45 PM, Thurs - Fri: 6:15 AM–9:30 PM, Sat - Sun: 6:15 AM-9:45 PM"
recr03PHDxLLP8D0U,Fuego Mexican Food - 321 W McKellips Rd  #103,"321 W McKellips Rd  #103, Mesa, AZ 85201",Breakfast N Vibe,Mesa,AZ,Referral: Their Otter,Active,Discontinued by UE,Onboarding - Pending,36030569,,,Jan Ceasar Poblete,Ria Jain,Janice Mauricio,Maria Mellanie S. Lapira,"Mon - Wed: 6:15 AM–9:45 PM, Thurs - Fri: 6:15 AM–9:30 PM, Sat - Sun: 6:15 AM-9:45 PM"
reczciJqB8pIbYiZo,Fuego Mexican Food - 321 W McKellips Rd  #103,"321 W McKellips Rd  #103, Mesa, AZ 85201",Tia's Tortas,Mesa,AZ,Referral: Their Otter,Active,Discontinued by UE,Onboarding - Pending,36031368,,,Jan Ceasar Poblete,Ria Jain,Janice Mauricio,Maria Mellanie S. Lapira,"Mon - Wed: 6:15 AM–9:45 PM, Thurs - Fri: 6:15 AM–9:30 PM, Sat - Sun: 6:15 AM-9:45 PM"
rec9mNIcRzAF6rgFj,Fuego Mexican Food - 321 W McKellips Rd  #103,"321 W McKellips Rd  #103, Mesa, AZ 85201",Nino's Nacho Bar,Mesa,AZ,Referral: Their Otter,Active,Discontinued by UE,Onboarding - Pending,36031291,,,Jan Ceasar Poblete,Ria Jain,Janice Mauricio,Maria Mellanie S. Lapira,"Mon - Wed: 6:15 AM–9:45 PM, Thurs - Fri: 6:15 AM–9:30 PM, Sat - Sun: 6:15 AM-9:45 PM"
reclcQmJgQHfvDtge,TOST CAFE - 60-10 Kissena Blvd,"60-10 Kissena Blvd, Flushing, NY 11355",Che Breakfast Cafe,Flushing,NY,Our Otter,Active,Discontinued by UE,Onboarding - Pending,36033801,,,Miguel Josue,Tamara Iliyev,Janice Mauricio,Jixford L. Polo,Monday - Sunday: 6am-9pm
reczYNgdh5yDng34R,TOST CAFE - 60-10 Kissena Blvd,"60-10 Kissena Blvd, Flushing, NY 11355",Jen's Burger Blaze,Flushing,NY,Our Otter,Active,Discontinued by UE,Onboarding - Pending,36034113,,,Miguel Josue,Tamara Iliyev,Janice Mauricio,Jixford L. Polo,Monday - Sunday: 6am-9pm
recMEFhDtWiqifCOV,TOST CAFE - 60-10 Kissena Blvd,"60-10 Kissena Blvd, Flushing, NY 11355",Chicken Sandwich Loft,Flushing,NY,Our Otter,Active,Discontinued by UE,Onboarding - Pending,36033935,,,Miguel Josue,Tamara Iliyev,Janice Mauricio,Jixford L. Polo,Monday - Sunday: 6am-9pm
rec9HMtwLFGBeLRWA,TOST CAFE - 60-10 Kissena Blvd,"60-10 Kissena Blvd, Flushing, NY 11355",Fiesta Mexican Spot,Flushing,NY,Our Otter,Active,Discontinued by UE,Onboarding - Pending,36034031,,,Miguel Josue,Tamara Iliyev,Janice Mauricio,Jixford L. Polo,Monday - Sunday: 6am-9pm
recWP3xU0qyNJ6KNO,Harden's Hamburgers of Tulsa - 6611 S 101st E Ave,"6611 S 101st E Ave, Tulsa, OK 74133",Mary's Chicken Sandwiches,Tulsa,OK,Their Cuboh,Active,Discontinued by UE,Onboarding - Pending,36033683,,,Tana Jean Frances Liboon,Ria Jain,Ferlyn Torres,Jixford L. Polo,Monday - Friday: 10:00 am-4:00pm; Saturday: 10:00 am- 5:00 pm; Sunday: 11:00 am - 4:00 pm ***Last order taking would be 15 minutes before store closes.
recD2QdnjoqLXXwEn,Italian Village Pizza - 5532 W Saginaw Hwy,"5532 W Saginaw Hwy, Lansing, MI 48917",Bruno's Burning Pizza,Lansing,MI,Their Otter,Temporarily Deactivated,Discontinued by UE,Onboarding - Pending,36032347,,,Jan Ceasar Poblete,Ria Jain,Edlyn Manzano,Jixford L. Polo,
recjZDxWm9GhZzdHX,Cozumel Gourmet Deli - 877 10th Ave,"877 10th Ave, New York, NY 10019",First Light Breakfast Cafe,New York,NY,Our Otter,Active,Discontinued by UE,Onboarding - Pending,36031447,,,Mau Liboon,Ria Jain,Edlyn Manzano,Leix Anthony Almeda,Monday - Sunday: 6am-12am
rechbvvP3osSojBgU,Cozumel Gourmet Deli - 877 10th Ave,"877 10th Ave, New York, NY 10019",FryChick Sandwiches,New York,NY,Our Otter,Active,Discontinued by UE,Onboarding - Pending,36031619,,,Mau Liboon,Ria Jain,Edlyn Manzano,Leix Anthony Almeda,Monday - Sunday: 6am-12am
recdM182wwXIrFQaH,Rinkon Guadalajara - 11925 S Inglewood Ave,"11925 S Inglewood Ave, Hawthorne, CA 90250",Antonio's Quesadilla Shack,Hawthorne,CA,Their Otter,Active,Discontinued by UE,Onboarding - Pending,36118675,,,Tana Jean Frances Liboon,Ria Jain,Edlyn Manzano,Jixford L. Polo,"Tues - Wed: 8:30AM-4:30PM, Thurs - Fri: 9:00AM–6:00PM, Sat - Sun: 7:00AM–3:00PM"
recoqCJNONS1C1c7j,Rinkon Guadalajara - 11925 S Inglewood Ave,"11925 S Inglewood Ave, Hawthorne, CA 90250",Arturo's Burrito Bowls,Hawthorne,CA,Their Otter,Active,Discontinued by UE,Onboarding - Pending,36118791,,,Tana Jean Frances Liboon,Ria Jain,Edlyn Manzano,Jixford L. Polo,"Tues - Wed: 8:30AM-4:30PM, Thurs - Fri: 9:00AM–6:00PM, Sat - Sun: 7:00AM–3:00PM"
rec7ttwEJMqXPWsk4,Rinkon Guadalajara - 11925 S Inglewood Ave,"11925 S Inglewood Ave, Hawthorne, CA 90250",Selena's Torta Shack,Hawthorne,CA,Their Otter,Active,Discontinued by UE,Onboarding - Pending,36119351,,,Tana Jean Frances Liboon,Ria Jain,Edlyn Manzano,Jixford L. Polo,"Tues - Wed: 8:30AM-4:30PM, Thurs - Fri: 9:00AM–6:00PM, Sat - Sun: 7:00AM–3:00PM"
recrHTJYHoVZGQZm5,Healthy Choice Food Market - 93 Avenue A,"93 Avenue A, New York, NY 10009",Brooklyn's Breakfast Snob,New York,NY,Our Otter,Active,Discontinued by UE,Onboarding - Pending,36237627,,,lara yao,Ria Jain,Ferlyn Torres,Jixford L. Polo,24/7
reciLYneibUQn6OeU,Healthy Choice Food Market - 93 Avenue A,"93 Avenue A, New York, NY 10009",Aldo's Wraps Spot,New York,NY,Our Otter,Active,Discontinued by UE,Onboarding - Pending,36237043,,,lara yao,Ria Jain,Ferlyn Torres,Jixford L. Polo,24/7
recxNncuF0mAcdaWx,Healthy Choice Food Market - 93 Avenue A,"93 Avenue A, New York, NY 10009",Sasha's Sandwiches,New York,NY,Our Otter,Active,Discontinued by UE,Onboarding - Pending,36238219,,,lara yao,Ria Jain,Ferlyn Torres,Jixford L. Polo,24/7
recIurcckhWzkSnJv,Healthy Choice Food Market - 93 Avenue A,"93 Avenue A, New York, NY 10009",The Juice Affair,New York,NY,Our Otter,Active,Discontinued by UE,Onboarding - Pending,36238367,,,lara yao,Ria Jain,Ferlyn Torres,Jixford L. Polo,24/7
recxKK6fOoowslxdf,Healthy Choice Food Market - 93 Avenue A,"93 Avenue A, New York, NY 10009",Big Ease Smoothies,New York,NY,Our Otter,Active,Discontinued by UE,Onboarding - Pending,36237363,,,lara yao,Ria Jain,Ferlyn Torres,Jixford L. Polo,24/7
reccIDxqFSGIzBOdu,Healthy Choice Food Market - 93 Avenue A,"93 Avenue A, New York, NY 10009",Halal Gyro Lab,New York,NY,Our Otter,Active,Discontinued by UE,Onboarding - Pending,36238018,,,lara yao,Ria Jain,Ferlyn Torres,Jixford L. Polo,24/7
recAbVmrGdKir69GD,Healthy Bistro - 1093 Baker St,"1093 Baker St, Ste B
Costa Mesa CA 92626",First Light Breakfast Cafe,"Ste B
Costa Mesa CA 92626",CA,Their Otter,Active,Discontinued by UE,Onboarding - Pending,36364663,,,Mau Liboon,Tamara Iliyev,Ferlyn Torres,Maria Mellanie S. Lapira,"Monday-Thursday: 7am-3pm, dinner: 6pm-9pm, Friday: 7am-5pm, Saturday-Sunday: 9am-5pm "
rec7a2vadraUMTnMt,Healthy Bistro - 1093 Baker St,"1093 Baker St, Ste B
Costa Mesa CA 92626",Big Ease Smoothies,"Ste B
Costa Mesa CA 92626",CA,Their Otter,Active,Discontinued by UE,Onboarding - Pending,36364633,,,Mau Liboon,Tamara Iliyev,Ferlyn Torres,Maria Mellanie S. Lapira,"Monday-Thursday: 7am-3pm, dinner: 6pm-9pm, Friday: 7am-5pm, Saturday-Sunday: 9am-5pm "
recLktTmYtPPj79Mg,Healthy Bistro - 1093 Baker St,"1093 Baker St, Ste B
Costa Mesa CA 92626",Sarah's Salad Bar,"Ste B
Costa Mesa CA 92626",CA,Their Otter,Active,Discontinued by UE,Onboarding - Pending,36364727,,,Mau Liboon,Tamara Iliyev,Ferlyn Torres,Maria Mellanie S. Lapira,"Monday-Thursday: 7am-3pm, dinner: 6pm-9pm, Friday: 7am-5pm, Saturday-Sunday: 9am-5pm "
recHG2MfXOTUFlfZP,Millan's Pizzeria North Hollywood - 12453 Oxnard St,"12453 Oxnard St, North Hollywood, CA 91606",Holly's Burger Bar,North Hollywood,CA,Their Otter,Active,Discontinued by UE,Onboarding - Pending,36364899,,,Tana Jean Frances Liboon,Ria Jain,Edlyn Manzano,Vhic Bert Serra,TODC Hours: Mon-Sun: 11:00am - 12:30am
recTjiKVqSsmlnThb,Millan's Pizzeria North Hollywood - 12453 Oxnard St,"12453 Oxnard St, North Hollywood, CA 91606",Fierce Chicken Sandwich,North Hollywood,CA,Their Otter,Active,Discontinued by UE,Onboarding - Pending,36364773,,,Tana Jean Frances Liboon,Ria Jain,Edlyn Manzano,Vhic Bert Serra,TODC Hours: Mon-Sun: 11:00am - 12:30am
recOBTMV7iYUwv6up,New York Giant Pizza - 9083 Dallas St,"9083 Dallas St, La Mesa, CA 91942",Chicken Sandwich Loft,La Mesa,CA,Their Otter,Active,Discontinued by UE,Onboarding - Pending,36520311,,,Miguel Josue,Ria Jain,Ferlyn Torres,Jixford L. Polo,"Sunday - Thursday: 11AM - 8:30PM, Friday - Saturday: 11AM - 9PM"
recykZnec4w3arMw8,New York Giant Pizza - 9083 Dallas St,"9083 Dallas St, La Mesa, CA 91942",Pizza Thriller,La Mesa,CA,Their Otter,Active,Discontinued by UE,Onboarding - Pending,36524057,,,Miguel Josue,Ria Jain,Ferlyn Torres,Jixford L. Polo,"Sunday - Thursday: 11AM - 8:30PM, Friday - Saturday: 11AM - 9PM"
recmEs4RlDcI32XNU,New York Giant Pizza - 9083 Dallas St,"9083 Dallas St, La Mesa, CA 91942",Frank's Philly Cheesesteaks,La Mesa,CA,Their Otter,Active,Discontinued by UE,Onboarding - Pending,36523281,,,Miguel Josue,Ria Jain,Ferlyn Torres,Jixford L. Polo,"Sunday - Thursday: 11AM - 8:30PM, Friday - Saturday: 11AM - 9PM"
recvQMYsJVWHLN9eu,Sal's Market and Pizzeria - 751 Post Road,"751 Post Road, Scarsdale, NY 10583",Daybreak Breakfast Club,Scarsdale,NY,Their Otter,Active,Discontinued by UE,Onboarding - Pending,36587123,,,Mau Liboon,Chris Garner,Eve Paraiso,Vhic Bert Serra,"Monday to Friday: 7am – 9pm, Saturday to Sunday 7am-2pm (Closed 30 minutes before official closing time for last orders.)"
recZUErZ26CqNImq7,Sal's Market and Pizzeria - 751 Post Road,"751 Post Road, Scarsdale, NY 10583",Aldo's Wraps Spot,Scarsdale,NY,Their Otter,Active,Discontinued by UE,Onboarding - Pending,36587367,,,Mau Liboon,Chris Garner,Eve Paraiso,Vhic Bert Serra,"Monday to Friday: 7am–9pm, Saturday to Sunday 7am-4pm (Closed 30 minutes before official closing time for last orders.)"
recKYb3YDDJnKaeLm,Sal's Market and Pizzeria - 751 Post Road,"751 Post Road, Scarsdale, NY 10583",Sasha's Sandwiches,Scarsdale,NY,Their Otter,Temp Deactivated (was Active - ob in process),Discontinued by UE,Onboarding - Pending,36587368,,,Mau Liboon,Chris Garner,Eve Paraiso,Vhic Bert Serra,"Monday to Friday: 7am–9pm, Saturday to Sunday 7am-4pm (Closed 30 minutes before official closing time for last orders.)"
recs9CNX7amXvA9yX,Pizza Me - 2850 Quimby Rd Ste 140,"2850 Quimby Rd Ste 140, San Jose, CA 95148",Amore Pasta Ristorante,San Jose,CA,Their Otter,Active,Discontinued by UE,Onboarding - Pending,36728189,,,Miguel Josue,Chris Garner,Janice Mauricio,Maria Mellanie S. Lapira,"Monday -Sunday 10:45am to 9:30pm (TODC HRS)
"
recuzvtBgIA0LpgWJ,Pizza Me - 2850 Quimby Rd Ste 140,"2850 Quimby Rd Ste 140, San Jose, CA 95148",The Cali Calzone,San Jose,CA,Their Otter,Active,Discontinued by UE,Onboarding - Pending,36730843,,,Miguel Josue,Chris Garner,Janice Mauricio,Maria Mellanie S. Lapira,"Monday -Sunday 10:45am to 9:30pm (TODC HRS)
"
reco3KzEK4CLeAxtj,Pizza Me - 2850 Quimby Rd Ste 140,"2850 Quimby Rd Ste 140, San Jose, CA 95148",Indian Pizza Snob,San Jose,CA,Their Otter,Active,Discontinued by UE,Onboarding - Pending,36730629,,,Miguel Josue,Chris Garner,Janice Mauricio,Maria Mellanie S. Lapira,"Monday -Sunday 10:45am to 9:30pm (TODC HRS)
"
recvhAHOIEAUxHPtS,Mustafio's Pizza - 1116 Polk St,"1116 Polk St, San Francisco, CA 94109",The Sandwich Cafe,San Francisco,CA,Our Otter,Active,Discontinued by UE,Onboarding - Pending,36727494,,,Miguel Josue,Ria Jain,Edlyn Manzano,Vhic Bert Serra,"Sunday - Thursday: 5:00PM - 3:30AM, Friday - Saturday: 5:00PM - 4:00AM"
recW7wzhBkf1YRrAC,Giulianos Italian Kitchen - 1708 Livernois Rd,"1708 Livernois Rd, Troy, MI 48083",The Salad Prince,Troy,MI,Our Otter,Active,Discontinued by UE,Onboarding - Pending,36977493,,,Tana Jean Frances Liboon,Ria Jain,Ferlyn Torres,Vhic Bert Serra,"Monday: 11AM-9PM, Tuesday: Closed, Wednesday-Saturday: 11AM-9PM, Sunday: 12PM-8PM	"
recoqeU5TMLmO14uV,Giulianos Italian Kitchen - 1708 Livernois Rd,"1708 Livernois Rd, Troy, MI 48083",Sam's Scrumptious Subs,Troy,MI,Our Otter,Active,Discontinued by UE,Onboarding - Pending,36976791,,,Tana Jean Frances Liboon,Ria Jain,Ferlyn Torres,Vhic Bert Serra,"Monday: 11AM-9PM, Tuesday: Closed, Wednesday-Saturday: 11AM-9PM, Sunday: 12PM-8PM	"
recy7ciFyAtC3VsZV,Giulianos Italian Kitchen - 1708 Livernois Rd,"1708 Livernois Rd, Troy, MI 48083",Roman's Pizza Oven,Troy,MI,Our Otter,Active,Discontinued by UE,Onboarding - Pending,36975739,,,Tana Jean Frances Liboon,Ria Jain,Ferlyn Torres,Vhic Bert Serra,"Monday: 11AM-9PM, Tuesday: Closed, Wednesday-Saturday: 11AM-9PM, Sunday: 12PM-8PM"
recIDG6BrVjOtXm6n,Drip & Blend - 440 4th Ave,"440 4th Ave, Brooklyn, NY 11215",The Smooth Eaze,Brooklyn,NY,Their Otter,Active,Discontinued by UE,Onboarding - Pending,37012189,,,Miguel Josue,Tamara Iliyev,Edlyn Manzano,Leix Anthony Almeda,"TODC Hours: Monday - Friday: 6AM-7:30PM, Saturday - Sunday: 8AM-7:30PM"
rec0liORhWI18IuTx,Drip & Blend - 440 4th Ave,"440 4th Ave, Brooklyn, NY 11215",Palm Tree Acai,Brooklyn,NY,Their Otter,Active,Discontinued by UE,Onboarding - Pending,37182777,,,Miguel Josue,Tamara Iliyev,Edlyn Manzano,Leix Anthony Almeda,"TODC Hours: Monday - Friday: 6AM-7:30PM, Saturday - Sunday: 8AM-7:30PM"
recNE7Gi4jlzm8SyK,Mari's Deli & Grill - 867 W Merrick Road,"867 W Merrick Road, Valley Stream, NY 11580",Carmen's Breakfast Burritos,Valley Stream,NY,Our Otter,Active,Discontinued by UE,Onboarding - Pending,37375475,,,Jan Ceasar Poblete,Tamara Iliyev,Eve Paraiso,Vhic Bert Serra,"Monday - Saturday: 7AM - 9:15PM
Sunday: 7AM - 7:10PM"
rec8X8w30ItEvHHPn,Mari's Deli & Grill - 867 W Merrick Road,"867 W Merrick Road, Valley Stream, NY 11580",Italian Pasta Lounge,Valley Stream,NY,Our Otter,Active,Discontinued by UE,Onboarding - Pending,37375983,,,Jan Ceasar Poblete,Tamara Iliyev,Eve Paraiso,Vhic Bert Serra,"Monday - Saturday: 7AM - 9:15PM
Sunday: 7AM - 7:15PM"
recGl5tgnmP8Wvkok,Mari's Deli & Grill - 867 W Merrick Road,"867 W Merrick Road, Valley Stream, NY 11580",High Life Breakfast Sandwiches,Valley Stream,NY,Our Otter,Active,Discontinued by UE,Onboarding - Pending,37375845,,,Jan Ceasar Poblete,Tamara Iliyev,Eve Paraiso,Vhic Bert Serra,"Monday - Saturday: 7AM - 9:15PM
Sunday: 7AM - 7:15PM"
recIVrNxV7zKcF30n,Mari's Deli & Grill - 867 W Merrick Road,"867 W Merrick Road, Valley Stream, NY 11580",Mary's Omelette Bar,Valley Stream,NY,Our Otter,Active,Discontinued by UE,Onboarding - Pending,37376175,,,Jan Ceasar Poblete,Tamara Iliyev,Eve Paraiso,Vhic Bert Serra,"Monday - Saturday: 7AM - 9:15PM
Sunday: 7AM - 7:15PM"
reclyD8iRbpYqepkT,Mari's Deli & Grill - 867 W Merrick Road,"867 W Merrick Road, Valley Stream, NY 11580",Patricia's Paninis,Valley Stream,NY,Our Otter,Active,Discontinued by UE,Onboarding - Pending,37376363,,,Jan Ceasar Poblete,Tamara Iliyev,Eve Paraiso,Vhic Bert Serra,"Monday - Saturday: 7AM - 9:15PM
Sunday: 7AM - 7:15PM"
recUk94RoCmIY5gGn,Mari's Deli & Grill - 867 W Merrick Road,"867 W Merrick Road, Valley Stream, NY 11580",Bosscat Burgers,Valley Stream,NY,Our Otter,Active,Discontinued by UE,Onboarding - Pending,37375303,,,Jan Ceasar Poblete,Tamara Iliyev,Eve Paraiso,Vhic Bert Serra,"Monday - Saturday: 7AM - 9:15PM
Sunday: 7AM - 7:15PM"
reczmeC0Qt3Pdw60S,Mari's Deli & Grill - 867 W Merrick Road,"867 W Merrick Road, Valley Stream, NY 11580",The Smoothie Squeeze,Valley Stream,NY,Our Otter,Active,Discontinued by UE,Onboarding - Pending,37376751,,,Jan Ceasar Poblete,Tamara Iliyev,Eve Paraiso,Vhic Bert Serra,"Monday - Saturday: 7AM - 9:15PM
Sunday: 7AM - 7:15PM"
recj5QJvwHsHHlFit,Mari's Deli & Grill - 867 W Merrick Road,"867 W Merrick Road, Valley Stream, NY 11580",Sarah's Salad Bar,Valley Stream,NY,Our Otter,Active,Discontinued by UE,Onboarding - Pending,37376533,,,Jan Ceasar Poblete,Tamara Iliyev,Eve Paraiso,Vhic Bert Serra,"Monday - Saturday: 7AM - 9:15PM
Sunday: 7AM - 7:15PM"
recYxHBZvgTMF53sC,Mari's Deli & Grill - 867 W Merrick Road,"867 W Merrick Road, Valley Stream, NY 11580",Fierce Chicken Sandwich,Valley Stream,NY,Our Otter,Active,Discontinued by UE,Onboarding - Pending,37375655,,,Jan Ceasar Poblete,Tamara Iliyev,Eve Paraiso,Vhic Bert Serra,"Monday - Saturday: 7AM - 9:15PM
Sunday: 7AM - 7:15PM"
recWDT9PrITuPUiBr,PMS Deli - 1789 London Bridge Rd,"1789 London Bridge Rd, Virginia Beach, VA 23453",Luke's Breakfast Club,Virginia Beach,VA,Our Otter,Active,Discontinued by UE,Onboarding - Pending,37412641,,,Tana Jean Frances Liboon,Tamara Iliyev,Ferlyn Torres,Leix Anthony Almeda,"Monday - Friday: 9am-6:30pm, Saturday - Sunday: 9am-3:30pm"
rec42Va2TsevHR2iP,PMS Deli - 1789 London Bridge Rd,"1789 London Bridge Rd, Virginia Beach, VA 23453",FryChick Sandwiches,Virginia Beach,VA,Our Otter,Active,Discontinued by UE,Onboarding - Pending,37412203,,,Tana Jean Frances Liboon,Tamara Iliyev,Ferlyn Torres,Leix Anthony Almeda,"Monday - Friday: 9am-6:30pm, Saturday - Sunday: 9am-3:30pm"
recxTZL2BizeAr8VE,PMS Deli - 1789 London Bridge Rd,"1789 London Bridge Rd, Virginia Beach, VA 23453",Stan's Burger Bar,Virginia Beach,VA,Our Otter,Active,Discontinued by UE,Onboarding - Pending,37413549,,,Tana Jean Frances Liboon,Tamara Iliyev,Ferlyn Torres,Leix Anthony Almeda,"Monday - Friday: 9am-6:30pm, Saturday - Sunday: 9am-3:30pm"
reco1vIl9ZZFzN48q,PMS Deli - 1789 London Bridge Rd,"1789 London Bridge Rd, Virginia Beach, VA 23453",Marty's Wraps Shack,Virginia Beach,VA,Our Otter,Active,Discontinued by UE,Onboarding - Pending,37413054,,,Tana Jean Frances Liboon,Tamara Iliyev,Ferlyn Torres,Leix Anthony Almeda,"Monday - Friday: 9am-6:30pm, Saturday - Sunday: 9am-3:30pm"
recEbBMvyqxF7aEvG,Tropical Kitchen - 8029 88th Avenue,"8029 88th Avenue, Queens, NY 11421",Fierce Chicken Sandwich,Queens,NY,Our Otter,Active,Discontinued by UE,Temporarily Deactivated - Onboarding Pending,37413325,,,Jan Ceasar Poblete,Tamara Iliyev,Edlyn Manzano,Jixford L. Polo,"24/7
"
recblb3qQ5pSjOo11,Tropical Kitchen - 8029 88th Avenue,"8029 88th Avenue, Queens, NY 11421",Despicable Wraps,Queens,NY,Our Otter,Active,Discontinued by UE,Temporarily Deactivated - Onboarding Pending,37414343,,,Jan Ceasar Poblete,Tamara Iliyev,Edlyn Manzano,Jixford L. Polo,"24/7
"
recHidIpdQQOT06Ds,Tropical Kitchen - 8029 88th Avenue,"8029 88th Avenue, Queens, NY 11421",Exquisite Bowls,Queens,NY,Our Otter,Temporarily Deactivated,Discontinued by UE,Temporarily Deactivated - Onboarding Pending,37413841,,,Jan Ceasar Poblete,Tamara Iliyev,Edlyn Manzano,Jixford L. Polo,"24/7
"
recebOaaRipTSoKrl,Tropical Kitchen - 106-19 154th St,"106-19 154th St, Jamaica, NY 11433",Chicken Sandwich Loft,Jamaica,NY,Our Otter,Temporarily Deactivated,Discontinued by UE,Onboarding - Pending,37414009,,,Jan Ceasar Poblete,Tamara Iliyev,Edlyn Manzano,Jixford L. Polo,"Monday - Saturday: 11 AM–10 PM, Sunday: 12:30–10 PM"
recaiGoz9NgGNlUwV,Tropical Kitchen - 106-19 154th St,"106-19 154th St, Jamaica, NY 11433",Wraps On Tap,Jamaica,NY,Our Otter,Temporarily Deactivated,Discontinued by UE,Onboarding - Pending,37414755,,,Jan Ceasar Poblete,Tamara Iliyev,Edlyn Manzano,Jixford L. Polo,"Monday - Saturday: 11 AM–10 PM, Sunday: 12:30–10 PM"
recgwU8YkhCUW8t0R,Tropical Kitchen - 106-19 154th St,"106-19 154th St, Jamaica, NY 11433",The Salad Dream,Jamaica,NY,Our Otter,Active,Discontinued by UE,Onboarding - Pending,37414507,,,Jan Ceasar Poblete,Tamara Iliyev,Edlyn Manzano,Jixford L. Polo,"Monday - Saturday: 11 AM–10 PM, Sunday: 12:30–10 PM"
recbwSHbtDPiKyJFY,Lexington Marketplace - 1276 Lexington Ave,"1276 Lexington Ave, New York, NY 10028",Holy Grail Omelettes,New York,NY,No Aggregator,Active,Discontinued by UE,Onboarding - Pending,37619977,,,Jan Ceasar Poblete,Tamara Iliyev,Edlyn Manzano,Jixford L. Polo,"24/7
"
recA3nJKR99NMCbfb,Lexington Marketplace - 1276 Lexington Ave,"1276 Lexington Ave, New York, NY 10028",Fiona's Breakfast Burritos,New York,NY,No Aggregator,Active,Discontinued by UE,Onboarding - Pending,37618873,,,Jan Ceasar Poblete,Tamara Iliyev,Edlyn Manzano,Jixford L. Polo,"24/7
"
recXsECPGb8BkH5My,Lexington Marketplace - 1276 Lexington Ave,"1276 Lexington Ave, New York, NY 10028",The Chopped Salad,New York,NY,No Aggregator,Active,Discontinued by UE,Onboarding - Pending,37625025,,,Jan Ceasar Poblete,Tamara Iliyev,Edlyn Manzano,Jixford L. Polo,"24/7
"
recwGHCfVnzuT9Ubu,Lexington Marketplace - 1276 Lexington Ave,"1276 Lexington Ave, New York, NY 10028",Olivia's Sandwich Shack,New York,NY,No Aggregator,Active,Discontinued by UE,Onboarding - Pending,37620683,,,Jan Ceasar Poblete,Tamara Iliyev,Edlyn Manzano,Jixford L. Polo,"24/7
"
reckvnuXTbhX5WDpz,Lexington Marketplace - 1276 Lexington Ave,"1276 Lexington Ave, New York, NY 10028",Wonka's Smoothie Bar,New York,NY,No Aggregator,Active,Discontinued by UE,Onboarding - Pending,37625155,,,Jan Ceasar Poblete,Tamara Iliyev,Edlyn Manzano,Jixford L. Polo,"24/7
"
recbxY2QnFmVZkIC1,Al Volo Pizza & Pasta - 2919 N Military Tri B,"2919 N Military Tri B, West Palm Beach, FL 33409",Sicily's Calzone House,West Palm Beach,FL,Our Otter,Active,Discontinued by UE,Onboarding - Pending,37617973,,,Miguel Josue,Tamara Iliyev,Eve Paraiso,Maria Mellanie S. Lapira,"Monday: 10:45am - 8:30pm, Tuesday: Closed, Wednesday - Sunday: 10:45am - 8:30pm"
reccv42SiA1HFUQK9,Al Volo Pizza & Pasta - 2919 N Military Tri B,"2919 N Military Tri B, West Palm Beach, FL 33409",Chicken Sandwich Loft,West Palm Beach,FL,Our Otter,Active,Discontinued by UE,Onboarding - Pending,37617154,,,Miguel Josue,Tamara Iliyev,Eve Paraiso,Maria Mellanie S. Lapira,"Monday: 10:45am - 8:30pm, Tuesday: Closed, Wednesday - Sunday: 10:45am - 8:30pm"
rec1EN9AY8OoiY3Od,Al Volo Pizza & Pasta - 2919 N Military Tri B,"2919 N Military Tri B, West Palm Beach, FL 33409",Wraps On Tap,West Palm Beach,FL,Our Otter,Active - Onboarding In Process,Discontinued by UE,Onboarding - Pending,37619808,,,Miguel Josue,Tamara Iliyev,Eve Paraiso,Maria Mellanie S. Lapira,"Monday: 10:45am - 8:30pm, Tuesday: Closed, Wednesday - Sunday: 10:45am - 8:30pm"
recQhUdEHUlyU6e67,El Guacamole Tex Mex - 6806 Roosevelt Ave,"6806 Roosevelt Ave, Queens, NY 11377",Bosscat Burgers,Queens,NY,Our Otter,Active,Discontinued by UE,Onboarding - Pending,37993253,,,lara yao,Tamara Iliyev,Edlyn Manzano,Jixford L. Polo,Monday - Sunday: 11:30 AM - 2:30 AM next day
recIruNTAM5FeMcQp,El Guacamole Tex Mex - 6806 Roosevelt Ave,"6806 Roosevelt Ave, Queens, NY 11377",Chicken Sandwich Loft,Queens,NY,Our Otter,Active,Discontinued by UE,Onboarding - Pending,37993457,,,lara yao,Tamara Iliyev,Edlyn Manzano,Jixford L. Polo,Monday - Sunday: 11:30 AM - 2:30 AM next day
rec98KZeYLkL9KeLy,El Guacamole Tex Mex - 6806 Roosevelt Ave,"6806 Roosevelt Ave, Queens, NY 11377",Green Leaf Salads,Queens,NY,Our Otter,Active,Discontinued by UE,Onboarding - Pending,37993786,,,lara yao,Tamara Iliyev,Edlyn Manzano,Jixford L. Polo,Monday - Sunday: 11:30 AM - 2:30 AM next day
rec6LIysVv2nDMDkl,TJ's Banginboli Pizza - 109 NJ-23,"109 NJ-23, Franklin, NJ 07416",The Italian Pizza Co,Franklin,NJ,Their Otter,Active,Discontinued by UE,Onboarding - Pending,37995313,,,Mau Liboon,Ria Jain,Janice Mauricio,Vhic Bert Serra,Monday - Sunday: 10:30 AM - 9:00 PM
rec4MdXK5ZqWQLqTC,TJ's Banginboli Pizza - 109 NJ-23,"109 NJ-23, Franklin, NJ 07416",The Sandwich Cafe,Franklin,NJ,Their Otter,Active,Discontinued by UE,Onboarding - Pending,37995477,,,Mau Liboon,Ria Jain,Janice Mauricio,Vhic Bert Serra,Monday - Sunday: 10:30 AM - 9:00 PM
recSqm48Gm9plXHv1,TJ's Banginboli Pizza - 109 NJ-23,"109 NJ-23, Franklin, NJ 07416",Aldo's Wraps Spot,Franklin,NJ,Their Otter,Active,Discontinued by UE,Onboarding - Pending,37994093,,,Mau Liboon,Ria Jain,Janice Mauricio,Vhic Bert Serra,Monday - Sunday: 10:30 AM - 9:00 PM
recvvIJk0XqHXOsOH,TJ's Banginboli Pizza - 109 NJ-23,"109 NJ-23, Franklin, NJ 07416",The Calzone Empire,Franklin,NJ,Their Otter,Active,Discontinued by UE,Onboarding - Pending,37994992,,,Mau Liboon,Ria Jain,Janice Mauricio,Vhic Bert Serra,Monday - Sunday: 10:30 AM - 9:00 PM
recPJ9oBQONfNItOg,TJ's Banginboli Pizza - 109 NJ-23,"109 NJ-23, Franklin, NJ 07416",Fierce Chicken Sandwich,Franklin,NJ,Their Otter,Active,Discontinued by UE,Onboarding - Pending,37994405,,,Mau Liboon,Ria Jain,Janice Mauricio,Vhic Bert Serra,Monday - Sunday: 10:30 AM - 9:00 PM
recMp0YZmtllzPV9z,TJ's Banginboli Pizza - 109 NJ-23,"109 NJ-23, Franklin, NJ 07416",Holly's Burger Bar,Franklin,NJ,Their Otter,Active,Discontinued by UE,Onboarding - Pending,37994615,,,Mau Liboon,Ria Jain,Janice Mauricio,Vhic Bert Serra,Monday - Sunday: 10:30 AM - 9:00 PM
recW3vhVRtXxtjyga,TJ's Banginboli Pizza - 109 NJ-23,"109 NJ-23, Franklin, NJ 07416",Italian Pasta Lounge,Franklin,NJ,Their Otter,Active,Discontinued by UE,Onboarding - Pending,37994857,,,Mau Liboon,Ria Jain,Janice Mauricio,Vhic Bert Serra,Monday - Sunday: 10:30 AM - 9:00 PM
recc923OWuGD0ohuz,TJ's Banginboli Pizza - 109 NJ-23,"109 NJ-23, Franklin, NJ 07416",Stromboli House,Franklin,NJ,Their Otter,Active,Discontinued by UE,Onboarding - Pending,38055951,,,Mau Liboon,Ria Jain,Janice Mauricio,Vhic Bert Serra,Monday - Sunday: 10:30 AM - 9:00 PM
recsgWXtjZiBqvwOB,A’s Pizza Loco -  9401 W Colonial Dr Ste 256," 9401 W Colonial Dr Ste 256, Ocoee, FL 34761",Heaven's Burgers,Ocoee,FL,Our Otter,Active,Discontinued by UE,Onboarding - Pending,38058341,,,Miguel Josue,Tamara Iliyev,Eve Paraiso,Leix Anthony Almeda,Monday - Sunday: 10:00 AM - 10:00 PM
recdfLVPLHB6ToW64,A’s Pizza Loco -  9401 W Colonial Dr Ste 256," 9401 W Colonial Dr Ste 256, Ocoee, FL 34761",Fierce Chicken Sandwich,Ocoee,FL,Our Otter,Active,Discontinued by UE,Onboarding - Pending,38057903,,,Miguel Josue,Tamara Iliyev,Eve Paraiso,Leix Anthony Almeda,Monday - Sunday: 10:00 AM - 10:00 PM
recoViaOEvmgfhRNh,A’s Pizza Loco -  9401 W Colonial Dr Ste 256," 9401 W Colonial Dr Ste 256, Ocoee, FL 34761",Local Pizza Boy,Ocoee,FL,Our Otter,Active,Discontinued by UE,Onboarding - Pending,38058995,,,Miguel Josue,Tamara Iliyev,Eve Paraiso,Leix Anthony Almeda,Monday - Sunday: 10:00 AM - 10:00 PM
recTTCcYtCXRrtuY4,A’s Pizza Loco -  9401 W Colonial Dr Ste 256," 9401 W Colonial Dr Ste 256, Ocoee, FL 34761",Big E's Wraps,Ocoee,FL,Our Otter,Active,Discontinued by UE,Onboarding - Pending,38057199,,,Miguel Josue,Tamara Iliyev,Eve Paraiso,Leix Anthony Almeda,Monday - Sunday: 10:00 AM - 10:00 PM
recG8nazkcFSoWLNV,Loho Deli - 204 Clinton St,"204 Clinton St, New York, NY 10002",Local's Breakfast Snob,New York,NY,Our Otter,Active,Discontinued by UE,Onboarding - Pending,38214235,,,lara yao,Tamara Iliyev,Janice Mauricio,Maria Mellanie S. Lapira,"Tuesday – Saturday: 12:00 PM - 9:00 PM, Sunday: 12:30 PM – 9:00 PM, Monday: Closed"
recHT6a2UPxHdbJjT,Loho Deli - 204 Clinton St,"204 Clinton St, New York, NY 10002",The Salad Snob,New York,NY,Our Otter,Active,Discontinued by UE,Onboarding - Pending,38214605,,,lara yao,Tamara Iliyev,Janice Mauricio,Maria Mellanie S. Lapira,"Tuesday – Saturday: 12:00 PM - 9:00 PM, Sunday: 12:30 PM – 9:00 PM, Monday: Closed"
recJK3n8MDug1bKal,Loho Deli - 204 Clinton St,"204 Clinton St, New York, NY 10002",Fiona's Ultimate Wraps,New York,NY,Our Otter,Active,Discontinued by UE,Onboarding - Pending,38215689,,,lara yao,Tamara Iliyev,Janice Mauricio,Maria Mellanie S. Lapira,"Tuesday – Saturday: 12:00 PM - 9:00 PM, Sunday: 12:30 PM – 9:00 PM, Monday: Closed"
recnUTbqGZOzyhwRl,Latin Street Food - 1282 Essex Ave,"1282 Essex Ave, Columbus, OH 43201",Heaven's Burgers,Columbus,OH,Our Otter,Temp Deactivated (was Active - ob in process),Discontinued by UE,Onboarding - Pending,38215266,,,Jan Ceasar Poblete,Tamara Iliyev,Edlyn Manzano,Jixford L. Polo,Monday - Sunday: 10:00 AM - 10:00 PM
recmn6cQK70191dsX,Latin Street Food - 1282 Essex Ave,"1282 Essex Ave, Columbus, OH 43201",Chicken Sandwich Loft,Columbus,OH,Our Otter,Temp Deactivated (was Active - ob in process),Discontinued by UE,Onboarding - Pending,38214839,,,Jan Ceasar Poblete,Tamara Iliyev,Edlyn Manzano,Jixford L. Polo,Monday - Sunday: 10:00 AM - 10:00 PM
recrVPzJ0Qd4MDyV7,Latin Street Food - 1282 Essex Ave,"1282 Essex Ave, Columbus, OH 43201",High Life Breakfast Sandwiches,Columbus,OH,Our Otter,Temp Deactivated (was Active - ob in process),Discontinued by UE,Onboarding - Pending,38215657,,,Jan Ceasar Poblete,Tamara Iliyev,Edlyn Manzano,Jixford L. Polo,Monday - Sunday: 10:00 AM - 10:00 PM
recbpYkMnwwiFNm9B,Latin Street Food - 1282 Essex Ave,"1282 Essex Ave, Columbus, OH 43201",Jay's Breakfast Bar,Columbus,OH,Our Otter,Temp Deactivated (was Active - ob in process),Discontinued by UE,Onboarding - Pending,38216727,,,Jan Ceasar Poblete,Tamara Iliyev,Edlyn Manzano,Jixford L. Polo,Monday - Sunday: 10:00 AM - 10:00 PM
recCfDoial2N48hCD,Latin Street Food - 1282 Essex Ave,"1282 Essex Ave, Columbus, OH 43201",Big E's Wraps,Columbus,OH,Our Otter,Temp Deactivated (was Active - ob in process),Discontinued by UE,Onboarding - Pending,38214585,,,Jan Ceasar Poblete,Tamara Iliyev,Edlyn Manzano,Jixford L. Polo,Monday - Sunday: 10:00 AM - 10:00 PM
recKoXEBqyIUdGE0M,Latin Street Food - 1282 Essex Ave,"1282 Essex Ave, Columbus, OH 43201",Veronica's Burrito Bar,Columbus,OH,Our Otter,Temp Deactivated (was Active - ob in process),Discontinued by UE,Onboarding - Pending,38211845,,,Jan Ceasar Poblete,Tamara Iliyev,Edlyn Manzano,Jixford L. Polo,Monday - Sunday: 10:00 AM - 10:00 PM
rechn6D4dGBBUKwbG,Latin Street Food - 1282 Essex Ave,"1282 Essex Ave, Columbus, OH 43201",Taco Paradiso,Columbus,OH,Our Otter,Temp Deactivated (was Active - ob in process),Discontinued by UE,Onboarding - Pending,38216978,,,Jan Ceasar Poblete,Tamara Iliyev,Edlyn Manzano,Jixford L. Polo,Monday - Sunday: 10:00 AM - 10:00 PM
recEjbWMbvjqFaHKb,Latin Street Food - 1282 Essex Ave,"1282 Essex Ave, Columbus, OH 43201",Fiona's Breakfast Burritos,Columbus,OH,Our Otter,Temp Deactivated (was Active - ob in process),Discontinued by UE,Onboarding - Pending,38215083,,,Jan Ceasar Poblete,Tamara Iliyev,Edlyn Manzano,Jixford L. Polo,Monday - Sunday: 10:00 AM - 10:00 PM
recnRtpWEOQKtSTjj,Brooklyn Standard 2 - 766 Grand St,"766 Grand St, Brooklyn, NY 11211",Luke's Breakfast Club,Brooklyn,NY,Our Otter,Active - Onboarding In Process,Discontinued by UE,Onboarding - Pending,38213641,,,Miguel Josue,Tamara Iliyev,Janice Mauricio,Maria Mellanie S. Lapira,Monday - Sunday: 7:00 AM - 7:00 PM
rec8BXyTGh1LAzmhT,Brooklyn Standard 2 - 766 Grand St,"766 Grand St, Brooklyn, NY 11211",The Smoothie Squeeze,Brooklyn,NY,Our Otter,Active - Onboarding In Process,Discontinued by UE,Onboarding - Pending,38213973,,,Miguel Josue,Tamara Iliyev,Janice Mauricio,Maria Mellanie S. Lapira,Monday - Sunday: 7:00 AM - 7:00 PM
recduc2EfORnyNYRO,Brooklyn Standard 2 - 766 Grand St,"766 Grand St, Brooklyn, NY 11211",Fiona's Ultimate Wraps,Brooklyn,NY,Our Otter,Active - Onboarding In Process,Discontinued by UE,Onboarding - Pending,38211325,,,Miguel Josue,Tamara Iliyev,Janice Mauricio,Maria Mellanie S. Lapira,Monday - Sunday: 7:00 AM - 7:00 PM
recWkoWqoGgEDgSUa,Brooklyn Standard 2 - 766 Grand St,"766 Grand St, Brooklyn, NY 11211",Fierce Chicken Sandwich,Brooklyn,NY,Our Otter,Active - Onboarding In Process,Discontinued by UE,Onboarding - Pending,38210463,,,Miguel Josue,Tamara Iliyev,Janice Mauricio,Maria Mellanie S. Lapira,Monday - Sunday: 7:00 AM - 7:00 PM
recilmpigOGnr5ecA,Bryan Street Tavern - 4315 Bryan Street,"4315 Bryan Street, Dallas, TX 75204",Angelino's Breakfast Snob,Dallas,TX,Our Otter,Temp Deactivated (was Active - ob in process),Discontinued by UE,Onboarding - Pending,38214291,,,Mau Liboon,Ria Jain,Ferlyn Torres,Leix Anthony Almeda,Monday - Sunday: 11:00 AM - 2:00 AM
recBa0aQqnK6tcXzk,Panini Cafe - 589 1st Avenue,"589 1st Avenue, New York, NY 10016",High Life Breakfast Sandwiches,New York,NY,Our Otter,Active,Discontinued by UE,Onboarding - Pending,38214901,,,Tana Jean Frances Liboon,Ria Jain,Ferlyn Torres,Vhic Bert Serra,24/7
rec1RICdqOujW9DVK,Panini Cafe - 589 1st Avenue,"589 1st Avenue, New York, NY 10016",Original Burger Bar,New York,NY,Our Otter,Active,Discontinued by UE,Onboarding - Pending,38215405,,,Tana Jean Frances Liboon,Ria Jain,Ferlyn Torres,Vhic Bert Serra,24/7
recwOKOIZvgCtfOEY,La Hacienda Mexican Restaurant - 3670 Bell Rd,"3670 Bell Rd, Nashville, TN 37214",Carmen's Breakfast Burritos,Nashville,TN,Our Otter,Active - Onboarding In Process,Discontinued by UE,Onboarding - Pending,38216347,,,Tana Jean Frances Liboon,Tamara Iliyev,Eve Paraiso,Leix Anthony Almeda,Monday - Sunday: 11:00 AM - 9:00 PM
recFwEDL4CZ477yhJ,La Hacienda Mexican Restaurant - 3670 Bell Rd,"3670 Bell Rd, Nashville, TN 37214",Brenda's Breakfast Sandwiches,Nashville,TN,Our Otter,Active - Onboarding In Process,Discontinued by UE,Onboarding - Pending,38216085,,,Tana Jean Frances Liboon,Tamara Iliyev,Eve Paraiso,Leix Anthony Almeda,Monday - Sunday: 11:00 AM - 9:00 PM
rec3O3gDllvb9xNkh,La Hacienda Mexican Restaurant - 3670 Bell Rd,"3670 Bell Rd, Nashville, TN 37214",Public Burger Bar,Nashville,TN,Our Otter,Active - Onboarding In Process,Discontinued by UE,Onboarding - Pending,38217019,,,Tana Jean Frances Liboon,Tamara Iliyev,Eve Paraiso,Leix Anthony Almeda,Monday - Sunday: 11:00 AM - 9:00 PM
recp54lKzp1AqMp5L,La Hacienda Mexican Restaurant - 3670 Bell Rd,"3670 Bell Rd, Nashville, TN 37214",Tia's Tortas,Nashville,TN,Our Otter,Active - Onboarding In Process,Discontinued by UE,Onboarding - Pending,38217419,,,Tana Jean Frances Liboon,Tamara Iliyev,Eve Paraiso,Leix Anthony Almeda,Monday - Sunday: 11:00 AM - 9:00 PM
recqXIUV92AjViD1t,La Hacienda Mexican Restaurant - 3670 Bell Rd,"3670 Bell Rd, Nashville, TN 37214",FryChick Sandwiches,Nashville,TN,Our Otter,Active - Onboarding In Process,Discontinued by UE,Onboarding - Pending,38216683,,,Tana Jean Frances Liboon,Tamara Iliyev,Eve Paraiso,Leix Anthony Almeda,Monday - Sunday: 11:00 AM - 9:00 PM
recMkjfotrczrUmmW,Matiki Island BBQ - 10890 S. EASTERN AVE #103,"10890 S. EASTERN AVE #103, HENDERSON, NV 89052",Sam's Sandwich Spot,HENDERSON,NV,Our Otter,Active - Onboarding In Process,Discontinued by UE,Onboarding - Pending,38796955,,,lara yao,Tamara Iliyev,Janice Mauricio,Vhic Bert Serra,"Monday - Saturday: 11:00AM-8:30PM, Sunday 11:00AM-6:30PM "
recliTcmcpr7roDve,Mario the Baker - 18679 W Dixie Highway,"18679 W Dixie Highway, Aventura, FL 33180",Pizza Thriller,Aventura,FL,Our Otter,Active - Onboarding In Process,Discontinued by UE,Onboarding - Pending,38796617,,,Miguel Josue,Tamara Iliyev,Eve Paraiso,Leix Anthony Almeda,"TODC Hours: Sunday - Thursday: 10:30 AM - 11:30 PM, Friday - Saturday 10:30 AM - 12:30 AM"
recFjIdb9Vw9acMAI,Mario the Baker - 18679 W Dixie Highway,"18679 W Dixie Highway, Aventura, FL 33180",Fierce Chicken Sandwich,Aventura,FL,Our Otter,Active - Onboarding In Process,Discontinued by UE,Onboarding - Pending,38796180,,,Miguel Josue,Tamara Iliyev,Eve Paraiso,Leix Anthony Almeda,"TODC Hours: Sunday - Thursday: 10:30 AM - 11:30 PM, Friday - Saturday 10:30 AM - 12:30 AM"
recS2l5L3xi8X0MzH,Inga's Alpine Tavern - 810 N Vallejo,"810 N Vallejo, Denver, CO 80204",Fierce Chicken Sandwich,Denver,CO,Their Otter,Active,Discontinued by UE,Onboarding - Pending,39042683,,,Jan Ceasar Poblete,Tamara Iliyev,Eve Paraiso,Maria Mellanie S. Lapira,"Monday - Sunday: Breakfast 6AM - 2 PM, Dinner 4:30 - Midnight "
recEJd3URsQPADWjE,Inga's Alpine Tavern - 810 N Vallejo,"810 N Vallejo, Denver, CO 80204",City Light Wraps,Denver,CO,Their Otter,Active,Discontinued by UE,Onboarding - Pending,39042491,,,Jan Ceasar Poblete,Tamara Iliyev,Eve Paraiso,Maria Mellanie S. Lapira,"Monday - Sunday: Breakfast 6AM - 2 PM, Dinner 4:30 - Midnight "
recpP0DH9pUo7qBuR,Surf Shack - 305 E Appleway Ave,"305 E Appleway Ave, Coeur d'Alene, ID 83814",Mary's Chicken Sandwiches,Coeur d'Alene,ID,Our Otter,Temp Deactivated (was Active - ob in process),Discontinued by UE,Temporarily Deactivated - Onboarding Pending,39042633,,,Mau Liboon,Tamara Iliyev,Janice Mauricio,Leix Anthony Almeda,Monday - Saturday: 10:00 AM - 7:00 PM
recCcozY9oM3hA7RI,Fred's lunch Bag Deli - 861 Sixth Ave,"861 Sixth Ave, San Diego, CA 92101",Seth's Sandwiches,San Diego,CA,Their Otter,Active,Discontinued by UE,Onboarding - Pending,39042253,,,lara yao,Tamara Iliyev,Janice Mauricio,Jixford L. Polo,"Monday - Friday: 7:00AM - 3:30PM, Saturday - Sunday: CLOSED"
rec8hdzLsJHYZQQMB,Fred's lunch Bag Deli - 861 Sixth Ave,"861 Sixth Ave, San Diego, CA 92101",Bosscat Breakfast,San Diego,CA,Their Otter,Active,Discontinued by UE,Onboarding - Pending,39042013,,,lara yao,Tamara Iliyev,Janice Mauricio,Jixford L. Polo,"Monday - Friday: 7:00AM - 3:30PM, Saturday - Sunday: CLOSED"
recD2Bzub9s4xfsNM,Gold Organic Farm - 277 Gold Street,"277 Gold Street, Brooklyn, NY 11201",Carmen's Breakfast Burritos,Brooklyn,NY,Their Otter,Active,Discontinued by UE,Onboarding - Pending,39161493,,,Tana Jean Frances Liboon,Chris Garner,Rachelle Kate Funa,Jixford L. Polo,24/7
recFgtP0NV0wrRS1y,Gold Organic Farm - 277 Gold Street,"277 Gold Street, Brooklyn, NY 11201",Fiesta Mexibowl,Brooklyn,NY,Their Otter,Active,Discontinued by UE,Onboarding - Pending,39161859,,,Tana Jean Frances Liboon,Chris Garner,Rachelle Kate Funa,Jixford L. Polo,24/7
recSa88wkOmVZ55S6,Grill n Grind KC - 1710 Minnesota Ave #G,"1710 Minnesota Ave #G, Kansas City, KS 66102",Bird's Burger Bar,Kansas City,KS,Our Otter,Temp Deactivated (was Active - ob in process),Discontinued by UE,Onboarding - Pending,39648519,,,Miguel Josue,Tamara Iliyev,Janice Mauricio,Maria Mellanie S. Lapira,"Monday: Closed
Tuesday - Friday: 1PM - 9PM
Saturday - Sunday: 9AM - 8PM"
recJ2Izl3JPDFXxew,Grill n Grind KC - 1710 Minnesota Ave #G,"1710 Minnesota Ave #G, Kansas City, KS 66102",Sasha's Sandwiches,Kansas City,KS,Our Otter,Temp Deactivated (was Active - ob in process),Discontinued by UE,Onboarding - Pending,39649321,,,Miguel Josue,Tamara Iliyev,Janice Mauricio,Maria Mellanie S. Lapira,"Monday: Closed
Tuesday - Friday: 1PM - 9PM
Saturday - Sunday: 9AM - 8PM"
recbJZnpBaFju9C94,Grill n Grind KC - 1710 Minnesota Ave #G,"1710 Minnesota Ave #G, Kansas City, KS 66102",Burritos on The Fly,Kansas City,KS,Our Otter,Temp Deactivated (was Active - ob in process),Discontinued by UE,Onboarding - Pending,39649289,,,Miguel Josue,Tamara Iliyev,Janice Mauricio,Maria Mellanie S. Lapira,"Monday: Closed
Tuesday - Friday: 1PM - 9PM
Saturday - Sunday: 9AM - 8PM"
reclX9qwJ0P5iMsZA,Tropical Smoothie Cafe - 19075 I-45 Suite 116C,"19075 I-45 Suite 116C, Shenandoah, TX 77385",Brenda's Breakfast Sandwiches,Shenandoah,TX,No Aggregator,Active - Onboarding In Process,Discontinued by UE,Onboarding - Pending,39649643,,,lara yao,Tamara Iliyev,Eve Paraiso,Maria Mellanie S. Lapira,"Monday - Friday: 7AM-9PM, Saturday - Sunday: 8AM-9PM"
recDPgosikDE15MMh,Tropical Smoothie Cafe - 19075 I-45 Suite 116C,"19075 I-45 Suite 116C, Shenandoah, TX 77385",Sandwich On Fleek,Shenandoah,TX,No Aggregator,Active - Onboarding In Process,Discontinued by UE,Onboarding - Pending,39649803,,,lara yao,Tamara Iliyev,Eve Paraiso,Maria Mellanie S. Lapira,"Monday - Friday: 7AM-9PM, Saturday - Sunday: 8AM-9PM"
rec1arjAghm99s1k4,Flipper's Gourmet Burgers - 1428 Polk St,"1428 Polk St, San Francisco, CA 94109",The Crimson Gyro,San Francisco,CA,Their Otter,Active - Onboarding In Process,Discontinued by UE,Onboarding - Pending,39846735,,,lara yao,Chris Garner,Rachelle Kate Funa,Jixford L. Polo,"Monday-Thursday: 11AM - 1:30AM, Friday - Saturday: 11AM -2:30AM (DD) TODC HRS Friday-Saturday: 11AM-2AM (DD) 11AM-1:45AM (UE & GH) Sunday: 11:00 AM - 1:00 AM (DD) 11:00 AM - 12:45 AM (UE & GH)"
rec4hraYOIa4ww5GT,Flipper's Gourmet Burgers - 1428 Polk St,"1428 Polk St, San Francisco, CA 94109",Cherry's Chic Desserts,San Francisco,CA,Their Otter,Active - Onboarding In Process,Discontinued by UE,Onboarding - Pending,39846441,,,lara yao,Chris Garner,Rachelle Kate Funa,Jixford L. Polo,"Monday-Thursday: 11AM - 1:30AM, Friday - Saturday: 11AM -2:30AM (DD) TODC HRS Friday-Saturday: 11AM-2AM (DD) 11AM-1:45AM (UE & GH) Sunday: 11:00 AM - 1:00 AM (DD) 11:00 AM - 12:45 AM (UE & GH)"
receZlezY0bvRQcCJ,House of Falafel - 375 Saratoga Ave Suite D,"375 Saratoga Ave Suite D, San Jose, CA 95129",Ali's Mediterranean Sandwiches,San Jose,CA,Our Otter,Active - Onboarding In Process,Discontinued by UE,Onboarding - Pending,39898869,,,lara yao,Ria Jain,,,Monday–Sunday: 11:00 AM – 9:00 PM
recE0295aVHwQ42Mp,House of Falafel - 375 Saratoga Ave Suite D,"375 Saratoga Ave Suite D, San Jose, CA 95129",Flavor of Greek,San Jose,CA,Our Otter,Active - Onboarding In Process,Discontinued by UE,Onboarding - Pending,39899129,,,lara yao,Ria Jain,,,Monday–Sunday: 11:00 AM – 9:00 PM
recbj0tyVwwpa9mzn,House of Falafel - 375 Saratoga Ave Suite D,"375 Saratoga Ave Suite D, San Jose, CA 95129",Mediterranean Salad Chop,San Jose,CA,Our Otter,Active - Onboarding In Process,Discontinued by UE,Onboarding - Pending,39899333,,,lara yao,Ria Jain,,,Monday–Sunday: 11:00 AM – 9:00 PM
recO0r4VFZqiCGrSz,Fratello's - 19901 Wolf Rd Ste D,"19901 Wolf Rd Ste D, Mokena, IL 60448",Public Burger Bar,Mokena,IL,No Aggregator,Active - Onboarding In Process,Discontinued by UE,Onboarding - Pending,39883649,,,Mau Liboon,Tamara Iliyev,Eve Paraiso,Jixford L. Polo,Monday-Friday: 10:00AM - 6:00PM
recqaajwfcBFtWGSg,Fratello's - 19901 Wolf Rd Ste D,"19901 Wolf Rd Ste D, Mokena, IL 60448",Wraps On Tap,Mokena,IL,No Aggregator,Active - Onboarding In Process,Discontinued by UE,Onboarding - Pending,39883937,,,Mau Liboon,Tamara Iliyev,Eve Paraiso,Jixford L. Polo,Monday-Friday: 10:00AM - 6:00PM
recRZIEozniUwcX8T,Fratello's - 19901 Wolf Rd Ste D,"19901 Wolf Rd Ste D, Mokena, IL 60448",Big Belly Paninis,Mokena,IL,No Aggregator,Active - Onboarding In Process,Discontinued by UE,Onboarding - Pending,39883231,,,Mau Liboon,Tamara Iliyev,Eve Paraiso,Jixford L. Polo,Monday-Friday: 10:00AM - 6:00PM
rect8GOhyTAIj7tDA,Elys Pizza - 1411 Bronx River Ave,"1411 Bronx River Ave, Bronx, NY 10472",Sicily's Calzone House,Bronx,NY,Their Otter,Active - Onboarding In Process,Discontinued by UE,Onboarding - Pending,40050277,,,Tana Jean Frances Liboon,Tamara Iliyev,Eve Paraiso,Leix Anthony Almeda,Monday-Sunday: 10:00AM - 3:00AM
recE7fQwapCfZP9Co,Lift Off Creamery & Grill - 5539 E Washington St,"5539 E Washington St, Indianapolis, IN 46219",FryChick Sandwiches,Indianapolis,IN,Their Otter,Active - Onboarding In Process,Discontinued by UE,Onboarding - Pending,40118955,,,lara yao,Tamara Iliyev,Janice Mauricio,Maria Mellanie S. Lapira,"Sunday - Thursday: 12:00PM - 9:00PM, Friday - Saturday: 12:00PM - 10:00PM"
rec42Fwa9EJV4g8qE,Mario's Newport - 4507 West Coast Hwy,"4507 West Coast Hwy, Newport Beach, CA 92663",The Cali Calzone,Newport Beach,CA,Our Otter,Active - Onboarding In Process,Discontinued by UE,Onboarding - Pending,40119617,,,Tana Jean Frances Liboon,Ria Jain,Edlyn Manzano,Vhic Bert Serra,Monday–Sunday: 11:00 AM – 9:00 PM
recMpcY5aGTTw3mBF,Mario's Newport - 4507 West Coast Hwy,"4507 West Coast Hwy, Newport Beach, CA 92663",Fry Bird Sandwiches,Newport Beach,CA,Our Otter,Active - Onboarding In Process,Discontinued by UE,Onboarding - Pending,40119426,,,Tana Jean Frances Liboon,Ria Jain,Edlyn Manzano,Vhic Bert Serra,Monday–Sunday: 11:00 AM – 9:00 PM
recCpreQbvv4h8uvh,Mario's Newport - 4507 West Coast Hwy,"4507 West Coast Hwy, Newport Beach, CA 92663",Farmers Market Salads,Newport Beach,CA,Our Otter,Active - Onboarding In Process,Discontinued by UE,Onboarding - Pending,40119159,,,Tana Jean Frances Liboon,Ria Jain,Edlyn Manzano,Vhic Bert Serra,Monday–Sunday: 11:00 AM – 9:00 PM
recUvORjhAMftcek9,Prince Gourmet Deli & Grill - 176 Johnson Street,"176 Johnson Street, Brooklyn, NY 11201",Brooklyn Burger Snob,Brooklyn,NY,Their Otter,Active - Onboarding In Process,Discontinued by UE,Onboarding - Pending,40385207,,,Mau Liboon,Chris Garner,Eve Paraiso,Leix Anthony Almeda,Monday-Sunday: 12:00AM-11:59PM
recLjzOBASfKIw65i,Prince Gourmet Deli & Grill - 176 Johnson Street,"176 Johnson Street, Brooklyn, NY 11201",FryChick Sandwiches,Brooklyn,NY,Their Otter,Active - Onboarding In Process,Discontinued by UE,Onboarding - Pending,40385241,,,Mau Liboon,Chris Garner,Eve Paraiso,Leix Anthony Almeda,Monday-Sunday: 12:00AM-11:59PM
recfNciLydoY4BrMt,Fat Boyz Barbecue - 899 E Cypress Creek Rd,"899 E Cypress Creek Rd, Fort Lauderdale, FL 33316",Barn's Burgers & Melts,Fort Lauderdale,FL,Our Otter,Active - Onboarding In Process,Discontinued by UE,Onboarding - Pending,40385043,,,Miguel Josue,Tamara Iliyev,,,Monday-Sunday: 9:00AM-5:00PM
recboO2hJj3iyBBLn,Fat Boyz Barbecue - 899 E Cypress Creek Rd,"899 E Cypress Creek Rd, Fort Lauderdale, FL 33316",The Mac N Cheese Bar,Fort Lauderdale,FL,Our Otter,Active - Onboarding In Process,Discontinued by UE,Onboarding - Pending,40385117,,,Miguel Josue,Tamara Iliyev,,,Monday-Sunday: 9:00AM-5:00PM
rech1ffE0UsYBZsov,The Burrito Factory - 600 Park Ave,"600 Park Ave, Muscatine, IA 52761",La Mexicana Quesadilla,Muscatine,IA,Our Otter,Active - Onboarding In Process,Discontinued by UE,Onboarding - Pending,40533977,,,,Ria Jain,Edlyn Manzano,Maria Mellanie S. Lapira,TODC MENU HRS: Monday-Sunday: 11am-7:30m
rec2vj5NtsUG4nb0f,Straw In The Raw - 190 Hillside Rd,"190 Hillside Rd, Cranston, RI 02920",Refreshly Smoothies,Cranston,RI,Referral: Their Otter,Active - Onboarding In Process,Discontinued by UE,Onboarding - Pending,40533815,,,Miguel Josue,Ria Jain,Edlyn Manzano,Maria Mellanie S. Lapira,"Monday- Thursday: 9:00AM- 9:00PM, Friday: 9AM- 8PM, Saturday: 9AM- 5PM, Sunday: 10AM- 4PM"
recel2uuNz5ZfUdXq,Taco Plus Mexican Grub - 4352 E Speedway Blvd,"4352 E Speedway Blvd, Tucson, AZ 85711",Arturo's Burrito Bowls,Tucson,AZ,Their Otter,Active - Onboarding In Process,Discontinued by UE,Onboarding - Pending,40734686,,,Tana Jean Frances Liboon,Chris Garner,Janice Mauricio,Maria Mellanie S. Lapira,"Monday: 7:30 AM - 12AM, Tuesday-Sunday: 12 AM - 11:59 PM"
recakbo1xQK0EyeZA,Taco Plus Mexican Grub - 4352 E Speedway Blvd,"4352 E Speedway Blvd, Tucson, AZ 85711",FryChick Sandwiches,Tucson,AZ,Their Otter,Active - Onboarding In Process,Discontinued by UE,Onboarding - Pending,40734667,,,Tana Jean Frances Liboon,Chris Garner,Janice Mauricio,Maria Mellanie S. Lapira,"Monday: 7:30 AM - 12AM, Tuesday-Sunday: 12 AM - 11:59 PM"
recxHzpN1KvAghXtb,Gino's Pizza - 90 NY-109,"90 NY-109, West Babylon, NY 11704",Charlie's Calzone Co,West Babylon,NY,Their Otter,Active - Onboarding In Process,Discontinued by UE,Onboarding - Pending,40822458,,,lara yao,Tamara Iliyev,Eve Paraiso,Jixford L. Polo,Monday - Sunday: 11AM - 9 PM
recRINa5lMdzSjmzp,Laticia Burgers N Thingsz - 733 Chelsea Ave,"733 Chelsea Ave, Memphis, TN 38107",The Burger Joint,Memphis,TN,Our Otter,Temp Deactivated (was Active - ob in process),Discontinued by UE,Temporarily Deactivated - Onboarding Pending,40846543,,,Miguel Josue,Tamara Iliyev,Janice Mauricio,Leix Anthony Almeda,Monday-Sunday: 12:00 AM - 11:59 PM
rechrSNZK4suzOBQQ,Laticia Burgers N Thingsz - 733 Chelsea Ave,"733 Chelsea Ave, Memphis, TN 38107",Mary's Chicken Sandwiches,Memphis,TN,Our Otter,Temp Deactivated (was Active - ob in process),Discontinued by UE,Temporarily Deactivated - Onboarding Pending,40824475,,,Miguel Josue,Tamara Iliyev,Janice Mauricio,Leix Anthony Almeda,Monday-Sunday: 12:00 AM - 11:59 PM
rec2FphMKt7bCx1Fg,Laticia Burgers N Thingsz - 733 Chelsea Ave,"733 Chelsea Ave, Memphis, TN 38107",Breakfast Burrito Snob,Memphis,TN,Our Otter,Temp Deactivated (was Active - ob in process),Discontinued by UE,Temporarily Deactivated - Onboarding Pending,40824279,,,Miguel Josue,Tamara Iliyev,Janice Mauricio,Leix Anthony Almeda,Monday-Sunday: 12:00 AM - 11:59 PM
rec5xiv54GXAUFEiH,Wing Chef - 465 W Pike St,"465 W Pike St, Lawrenceville, GA 30046",Chef's Chicken Bowls,Lawrenceville,GA,Our Otter,Active - Onboarding In Process,Discontinued by UE,Onboarding - Pending,41076155,,,Mau Liboon,Tamara Iliyev,Janice Mauricio,Maria Mellanie S. Lapira,Monday-Thursday: 11:00AM - 9:30 PM Friday - Saturday: 11:00AM - 10:00PM Sunday: 12:00PM - 9:00PM
rec2WBzS8qgIa7o9P,Knickerbocker Fresh Market - 341 Knickerbocker Ave,"341 Knickerbocker Ave, Brooklyn, NY 11237",Breakfast Burrito Snob,Brooklyn,NY,Our Otter,Temp Deactivated (was Active - ob in process),Discontinued by UE,Temporarily Deactivated - Onboarding Pending,41189189,,,Tana Jean Frances Liboon,Tamara Iliyev,Janice Mauricio,Maria Mellanie S. Lapira,Monday-Sunday: 12:00 AM - 11:59 PM
recXSUwxz2OLUgBr5,Knickerbocker Fresh Market - 341 Knickerbocker Ave,"341 Knickerbocker Ave, Brooklyn, NY 11237",Bushman Burger,Brooklyn,NY,Our Otter,Temp Deactivated (was Active - ob in process),Discontinued by UE,Temporarily Deactivated - Onboarding Pending,41189259,,,Tana Jean Frances Liboon,Tamara Iliyev,Janice Mauricio,Maria Mellanie S. Lapira,Monday-Sunday: 12:00 AM - 11:59 PM
recZ2RNY82wyjr8wG,Knickerbocker Fresh Market - 341 Knickerbocker Ave,"341 Knickerbocker Ave, Brooklyn, NY 11237",Fierce Chicken Sandwich,Brooklyn,NY,Our Otter,Temp Deactivated (was Active - ob in process),Discontinued by UE,Temporarily Deactivated - Onboarding Pending,41189327,,,Tana Jean Frances Liboon,Tamara Iliyev,Janice Mauricio,Maria Mellanie S. Lapira,Monday-Sunday: 12:00 AM - 11:59 PM
reciHxckNurxS8V19,Queens Bagels & Delicatessen - 115-20 Queens Blvd,"115-20 Queens Blvd, Queens, NY 11375",The Bagel Crave,Queens,NY,Referral: Their Otter,Active - Onboarding In Process,Discontinued by UE,Onboarding - Pending,41262353,,,Jan Ceasar Poblete,Ria Jain,Edlyn Manzano,Vhic Bert Serra,Monday-Sunday: 6:00 AM - 7:00 PM
recVbAUeJheW4i1VG,Queens Bagels & Delicatessen - 115-20 Queens Blvd,"115-20 Queens Blvd, Queens, NY 11375",Black Hawk Burger,Queens,NY,Referral: Their Otter,Active - Onboarding In Process,Discontinued by UE,Onboarding - Pending,41261923,,,Jan Ceasar Poblete,Ria Jain,Edlyn Manzano,Vhic Bert Serra,Monday-Sunday: 6:00 AM - 7:00 PM
recPeBQr8DzA6LQkY,Queens Bagels & Delicatessen - 115-20 Queens Blvd,"115-20 Queens Blvd, Queens, NY 11375",Mary's Chicken Sandwiches,Queens,NY,Referral: Their Otter,Active - Onboarding In Process,Discontinued by UE,Onboarding - Pending,41262197,,,Jan Ceasar Poblete,Ria Jain,Edlyn Manzano,Vhic Bert Serra,Monday-Sunday: 6:00 AM - 7:00 PM
recWGi99MmU3cLqaL,Big Louie's Pizzeria Cypress Creek - 3095 W Cypress Creek Rd,"3095 W Cypress Creek Rd, Fort Lauderdale, FL 33309",Pizza Thriller,Fort Lauderdale,FL,Their Otter,Active - Onboarding In Process,Discontinued by UE,Onboarding - Pending,41609861,,,,Tamara Iliyev,Eve Paraiso,Vhic Bert Serra,"Monday-Thursday 11:00am - 9:00pm, Friday - Saturday 11:00am -10:00pm, Sunday 12:00pm - 9:00pm"
recqLHM4TinU36y3B,Big Louie's Pizzeria Cypress Creek - 3095 W Cypress Creek Rd,"3095 W Cypress Creek Rd, Fort Lauderdale, FL 33309",FryChick Sandwiches,Fort Lauderdale,FL,Their Otter,Active - Onboarding In Process,Discontinued by UE,Onboarding - Pending,41610293,,,,Tamara Iliyev,Eve Paraiso,Vhic Bert Serra,"Monday-Thursday 11:00am - 9:00pm, Friday - Saturday 11:00am -10:00pm, Sunday 12:00pm - 9:00pm"
recim2Pf2q7Icy4n0,Palio's Pizza Cafe at Firewheel - 615 Town Square Blvd,"615 Town Square Blvd, Garland, TX 75040",The Calzone Empire,Garland,TX,Referral: Their Otter,Active - Onboarding In Process,Discontinued by UE,Onboarding - Pending,41611449,,,,Ria Jain,Edlyn Manzano,Vhic Bert Serra,"Monday-Thursday 11:00am - 9:00pm, Friday - Saturday 11:00am -10:00pm, Sunday 11:00am - 9:00pm"
recSVpHOM14Scb3Lh,Palio's Pizza Cafe at Firewheel - 615 Town Square Blvd,"615 Town Square Blvd, Garland, TX 75040",Good Harvest Salads,Garland,TX,Referral: Their Otter,Active - Onboarding In Process,Discontinued by UE,Onboarding - Pending,41611891,,,,Ria Jain,Edlyn Manzano,Vhic Bert Serra,"Monday-Thursday 11:00am - 9:00pm, Friday - Saturday 11:00am -10:00pm, Sunday 11:00am - 9:00pm"
rec0rqE0EwTsS3Q5N,Big Louie's Pizzeria Cypress Creek - 3095 W Cypress Creek Rd,"3095 W Cypress Creek Rd, Fort Lauderdale, FL 33309",Brandon's Burger Stack,Fort Lauderdale,FL,Their Otter,Active - Onboarding In Process,Discontinued by UE,Onboarding - Pending,41610743,,,,Tamara Iliyev,Eve Paraiso,Vhic Bert Serra,"Monday-Thursday 11:00am - 9:00pm, Friday - Saturday 11:00am -10:00pm, Sunday 12:00pm - 9:00pm"