Start Date,End Date,Store Name,Store ID,Business ID,Merchant Supplied ID,Total Orders Including Cancelled Orders,Total Delivered or Picked Up Orders,Total Missing or Incorrect Orders,Missing/Incorrect %,Total Error Charges,Total Cancelled Orders,Total Cancellation Rate %,Total Avoidable Cancellations,Avoidable Cancellation Rate %,Point of Sale Error Rate %,Average Avoidable Dasher Wait,Average Dasher Wait,Average Delivery Time (ASAP),Uptime %,Downtime %,Total Downtime in Minutes,Average Rating,Total Number of Ratings Received in Period of Time,Total 1 Star Ratings,Total 5 Star Ratings,Number of Dislikes,Number of Loved,Percentage of Loved,Currency,Average ASAP Minutes
2026-02-01,2026-02-28,101 Hummus,32921997,909363,NULL,0,0,0,0.00,0.00,0,0.00,0,0.00,0.00,0.00,0.00,0.00,99.0,1.0,209,NULL,0,NULL,NULL,0,0,0.00,NULL,0.00
2026-02-01,2026-02-28,101 Hummus (1174 Chapel St),35361759,14630146,35361759,15,13,3,23.08,23.78,2,13.33,2,13.33,0.00,1.60,5.28,42.50,100.0,0.0,0,NULL,0,NULL,NULL,0,0,0.00,USD,42.44
2026-02-01,2026-02-28,101 Hummus (3846 Mowry Ave),32921995,909363,32921995,22,22,1,4.55,1.09,0,0.00,0,0.00,0.00,0.42,4.26,35.45,100.0,0.0,0,NULL,5,NULL,NULL,0,2,40.00,USD,36.86
2026-02-01,2026-02-28,Addictive Burger Bar,37565941,740074,37565941,5,3,0,0.00,0.00,2,40.00,2,40.00,0.00,2.05,8.77,43.33,95.65,4.35,1117,NULL,0,NULL,NULL,0,0,0.00,USD,43.42
2026-02-01,2026-02-28,Addictive Burger Bar,1580519,740074,NULL,1,1,0,0.00,0.00,0,0.00,0,0.00,0.00,0.00,2.77,32.00,99.07,0.93,345,NULL,0,NULL,NULL,0,0,0.00,USD,31.95
2026-02-01,2026-02-28,Addictive Burger Bar (1428 Polk St),31577141,740074,31577141,5,4,0,0.00,0.00,1,20.00,0,0.00,0.00,1.20,2.29,36.75,99.08,0.92,240,NULL,0,NULL,NULL,0,0,0.00,USD,36.85
2026-02-01,2026-02-28,Addictive Burger Bar (689 Broadway),24854827,740074,24854827,8,8,0,0.00,0.00,0,0.00,0,0.00,0.00,3.21,5.39,45.88,97.92,2.08,839,NULL,0,NULL,NULL,0,0,0.00,USD,45.71
2026-02-01,2026-02-28,Addictive Fried Chicken,1183154,486741,NULL,2,2,0,0.00,0.00,0,0.00,0,0.00,0.00,7.33,9.99,56.50,100.0,0.0,0,NULL,0,NULL,NULL,0,0,0.00,USD,56.62
2026-02-01,2026-02-28,Addictive Fried Chicken,34250943,486741,34250943,0,0,0,0.00,0.00,0,0.00,0,0.00,0.00,0.00,0.00,0.00,98.8,1.2,250,NULL,0,NULL,NULL,0,0,0.00,NULL,0.00
2026-02-01,2026-02-28,Addictive Fried Chicken (3rd St),23065118,486741,23065118,5,5,0,0.00,0.00,0,0.00,0,0.00,0.00,5.93,8.78,47.60,100.0,0.0,0,NULL,0,NULL,NULL,0,0,0.00,USD,48.14
2026-02-01,2026-02-28,Alberto's Hero Sandwich Spot,1827403,824197,NULL,5,5,0,0.00,0.00,0,0.00,0,0.00,0.00,0.13,3.95,40.00,97.91,2.09,841,NULL,0,NULL,NULL,0,0,0.00,USD,39.72
2026-02-01,2026-02-28,Alberto's Hero Sandwich Spot  (840 Fulton St),25130119,824197,25130119,3,3,0,0.00,0.00,0,0.00,0,0.00,0.00,5.01,7.36,31.67,98.5,1.5,427,NULL,0,NULL,NULL,0,0,0.00,USD,31.87
2026-02-01,2026-02-28,Alberto's Hero Sandwich Spot (1201 Randall Avenue),23692696,824197,23692696,4,4,0,0.00,0.00,0,0.00,0,0.00,0.00,0.61,2.79,47.25,97.38,2.62,405,NULL,0,NULL,NULL,0,0,0.00,USD,47.14
2026-02-01,2026-02-28,Aldo's Wraps Spot,34348845,879127,34348845,3,3,0,0.00,0.00,0,0.00,0,0.00,0.00,0.00,3.47,27.67,98.52,1.48,421,NULL,0,NULL,NULL,0,0,0.00,USD,28.24
2026-02-01,2026-02-28,Aldo's Wraps Spot,37994093,879127,37994093,0,0,0,0.00,0.00,0,0.00,0,0.00,0.00,0.00,0.00,0.00,99.05,0.95,168,NULL,0,NULL,NULL,0,0,0.00,NULL,0.00
2026-02-01,2026-02-28,Aldo's Wraps Spot,36587367,879127,36587367,0,0,0,0.00,0.00,0,0.00,0,0.00,0.00,0.00,0.00,0.00,94.9,5.1,1035,NULL,0,NULL,NULL,0,0,0.00,NULL,0.00
2026-02-01,2026-02-28,Aldo's Wraps Spot,35493471,879127,35493471,0,0,0,0.00,0.00,0,0.00,0,0.00,0.00,0.00,0.00,0.00,98.79,1.21,285,NULL,0,NULL,NULL,0,0,0.00,NULL,0.00
2026-02-01,2026-02-28,Aldo's Wraps Spot (1741 1st Avenue),23906937,879127,23906937,2,2,0,0.00,0.00,0,0.00,0,0.00,0.00,0.00,1.03,16.00,98.38,1.62,490,NULL,0,NULL,NULL,0,0,0.00,USD,16.17
2026-02-01,2026-02-28,Aldo's Wraps Spot (589 1st Ave),2077780,879127,NULL,1,1,0,0.00,0.00,0,0.00,0,0.00,0.00,0.00,2.48,60.00,97.88,2.12,855,NULL,0,NULL,NULL,0,0,0.00,USD,59.72
2026-02-01,2026-02-28,Aldo's Wraps Spot (689 Broadway),24770468,879127,24770468,2,2,0,0.00,0.00,0,0.00,0,0.00,0.00,0.00,1.62,21.00,97.9,2.1,845,NULL,0,NULL,NULL,0,0,0.00,USD,20.85
2026-02-01,2026-02-28,Aldo's Wraps Spot (93 Avenue A),36237043,879127,36237043,0,0,0,0.00,0.00,0,0.00,0,0.00,0.00,0.00,0.00,0.00,97.88,2.12,853,NULL,0,NULL,NULL,0,0,0.00,NULL,0.00
2026-02-01,2026-02-28,Ali's Gyro Lab,1581162,327334,NULL,2,2,0,0.00,0.00,0,0.00,0,0.00,0.00,2.32,5.73,49.50,98.57,1.43,315,NULL,0,NULL,NULL,0,0,0.00,USD,49.75
2026-02-01,2026-02-28,Ali's Mediterranean Sandwiches,39898869,11233022,39898869,0,0,0,0.00,0.00,0,0.00,0,0.00,0.00,0.00,0.00,0.00,100.0,0.0,0,NULL,0,NULL,NULL,0,0,0.00,NULL,0.00
2026-02-01,2026-02-28,Ali's Mediterranean Sandwiches (114 East Main Street),25294190,11233022,25294190,36,35,1,2.86,12.61,1,2.78,1,2.78,0.00,1.11,4.34,60.26,100.0,0.0,0,NULL,4,NULL,NULL,1,2,50.00,USD,57.93
2026-02-01,2026-02-28,Allan's Cheesesteaks (Flagstar St),842311,374436,NULL,0,0,0,0.00,0.00,0,0.00,0,0.00,0.00,0.00,0.00,0.00,100.0,0.0,0,NULL,0,NULL,NULL,0,0,0.00,NULL,0.00
2026-02-01,2026-02-28,Amal's Flatbread Recipe (1849 N Scottsdale Rd),24606369,11427317,24606369,9,8,0,0.00,0.00,1,11.11,1,11.11,0.00,0.30,2.89,35.75,99.88,0.12,31,NULL,0,NULL,NULL,0,0,0.00,USD,35.76
2026-02-01,2026-02-28,Amanda's Breakfast Lounge (111 E 161 St),25295448,724520,25295448,53,52,3,5.77,13.45,1,1.89,0,0.00,0.00,1.34,5.70,48.73,97.88,2.12,855,NULL,5,NULL,NULL,0,0,0.00,USD,46.05
2026-02-01,2026-02-28,Amanda's Breakfast Lounge (277 Gold Street),28605460,724520,28605460,14,14,3,21.43,17.28,0,0.00,0,0.00,0.00,0.46,3.85,65.00,97.89,2.11,849,NULL,2,NULL,NULL,1,0,0.00,USD,36.95
2026-02-01,2026-02-28,Amanda's Breakfast Lounge (3661 Broadway),33415771,724520,33415771,25,20,2,10.00,9.59,5,20.00,5,20.00,0.00,0.44,3.89,33.00,97.89,2.11,849,NULL,2,NULL,NULL,0,1,50.00,USD,32.87
2026-02-01,2026-02-28,Amanda's Breakfast Lounge (433 W 34th st),33886617,724520,33886617,37,37,1,2.70,3.22,0,0.00,0,0.00,0.00,0.64,2.35,33.19,97.9,2.1,847,NULL,5,NULL,NULL,2,0,0.00,USD,33.19
2026-02-01,2026-02-28,Amanda's Breakfast Lounge (44 E 8th St),33415769,724520,33415769,0,0,0,0.00,0.00,0,0.00,0,0.00,0.00,0.00,0.00,0.00,97.89,2.11,849,NULL,0,NULL,NULL,0,0,0.00,NULL,0.00
2026-02-01,2026-02-28,Amanda's Breakfast Lounge (Queens Plaza),23038832,724520,23038832,5,5,0,0.00,0.00,0,0.00,0,0.00,0.00,0.62,5.54,109.00,97.91,2.09,844,NULL,0,NULL,NULL,0,0,0.00,USD,55.96
2026-02-01,2026-02-28,American Hot Dog Bar,33951043,736857,33951043,0,0,0,0.00,0.00,0,0.00,0,0.00,0.00,0.00,0.00,0.00,0.0,100.0,0,NULL,0,NULL,NULL,0,0,0.00,NULL,0.00
2026-02-01,2026-02-28,American Hot Dog Bar (E Fremont St),2646891,736857,NULL,0,0,0,0.00,0.00,0,0.00,0,0.00,0.00,0.00,0.00,0.00,0.0,100.0,0,NULL,0,NULL,NULL,0,0,0.00,NULL,0.00
2026-02-01,2026-02-28,Amore Italian Desserts,1580568,362835,NULL,3,1,0,0.00,0.00,2,66.67,1,33.33,0.00,0.00,1.10,37.00,99.07,0.93,345,NULL,0,NULL,NULL,0,0,0.00,USD,37.48
2026-02-01,2026-02-28,Amore Pasta Ristorante,36728189,374452,36728189,6,6,1,16.67,9.76,0,0.00,0,0.00,0.00,1.97,6.58,46.83,100.0,0.0,0,NULL,2,NULL,NULL,0,1,50.00,USD,46.89
2026-02-01,2026-02-28,Amore Pasta Ristorante (2909A Queens Plaza North),32863770,374452,32863770,16,13,1,7.69,33.29,3,18.75,2,12.50,0.00,1.18,5.07,50.77,97.91,2.09,844,NULL,0,NULL,NULL,0,0,0.00,USD,46.26
2026-02-01,2026-02-28,Amore Pasta Ristorante (9083 Dallas St),31313153,374452,31313153,19,19,0,0.00,0.00,0,0.00,0,0.00,0.00,1.53,3.01,44.11,100.0,0.0,0,NULL,2,NULL,NULL,2,0,0.00,USD,44.14
2026-02-01,2026-02-28,Amore Pasta Ristorante (Pico Blvd),31535767,374452,31535767,9,9,0,0.00,0.00,0,0.00,0,0.00,0.00,1.36,3.07,38.44,100.0,0.0,0,NULL,1,NULL,NULL,0,0,0.00,USD,38.80
2026-02-01,2026-02-28,Amoy's Jerk Chicken Shack (5250 Grand Ave),27516788,11256388,27516788,0,0,0,0.00,0.00,0,0.00,0,0.00,0.00,0.00,0.00,0.00,0.0,100.0,0,NULL,0,NULL,NULL,0,0,0.00,NULL,0.00
2026-02-01,2026-02-28,Angelino's Breakfast Snob,38214291,537004,38214291,1,0,0,0.00,0.00,1,100.00,0,0.00,0.00,0.00,0.00,0.00,100.0,0.0,0,NULL,0,NULL,NULL,0,0,0.00,USD,0.00
2026-02-01,2026-02-28,Angelino's Breakfast Snob,34348665,14332571,34348665,0,0,0,0.00,0.00,0,0.00,0,0.00,0.00,0.00,0.00,0.00,100.0,0.0,0,NULL,0,NULL,NULL,0,0,0.00,NULL,0.00
2026-02-01,2026-02-28,Angelo's Wraps Shop (1 Kedron Ave Unit 4),24194520,844983,24194520,4,4,0,0.00,0.00,0,0.00,0,0.00,0.00,0.07,3.47,45.00,100.0,0.0,0,NULL,1,NULL,NULL,0,0,0.00,USD,44.85
2026-02-01,2026-02-28,Angelo's Wraps Shop (147 1st Ave),23549641,844983,23549641,5,5,0,0.00,0.00,0,0.00,0,0.00,0.00,1.64,6.05,40.20,97.91,2.09,844,NULL,0,NULL,NULL,0,0,0.00,USD,40.28
2026-02-01,2026-02-28,Anne's Artisan Coffee  (682 Morris Park Avenue),24703993,11439072,24703993,4,4,1,25.00,0.72,0,0.00,0,0.00,0.00,0.35,3.69,51.00,97.95,2.05,345,NULL,0,NULL,NULL,0,0,0.00,USD,34.62
2026-02-01,2026-02-28,Anne's Artisan Coffee (689 Broadway),24770455,11439072,24770455,0,0,0,0.00,0.00,0,0.00,0,0.00,0.00,0.00,0.00,0.00,97.9,2.1,845,NULL,0,NULL,NULL,0,0,0.00,NULL,0.00
2026-02-01,2026-02-28,Antonio's Quesadilla Shack,33951311,830385,33951311,2,2,0,0.00,0.00,0,0.00,0,0.00,0.00,2.03,4.33,44.00,99.11,0.89,179,NULL,1,NULL,NULL,0,0,0.00,USD,44.30
2026-02-01,2026-02-28,Antonio's Quesadilla Shack,36118675,830385,36118675,0,0,0,0.00,0.00,0,0.00,0,0.00,0.00,0.00,0.00,0.00,99.66,0.34,41,NULL,0,NULL,NULL,0,0,0.00,NULL,0.00
2026-02-01,2026-02-28,Antonio's Quesadilla Shack (240 Sullivan St),1833053,830385,NULL,0,0,0,0.00,0.00,0,0.00,0,0.00,0.00,0.00,0.00,0.00,97.91,2.09,841,NULL,0,NULL,NULL,0,0,0.00,NULL,0.00
2026-02-01,2026-02-28,Antonio's Quesadilla Shack (4352 E Speedway Blvd),31313981,830385,31313981,56,55,1,1.82,14.62,1,1.79,0,0.00,0.00,0.35,3.87,36.09,99.69,0.31,119,NULL,3,NULL,NULL,0,1,33.33,USD,31.62
2026-02-01,2026-02-28,Antonio's Quesadilla Shack (Broadway),2290857,830385,NULL,0,0,0,0.00,0.00,0,0.00,0,0.00,0.00,0.00,0.00,0.00,98.9,1.1,255,NULL,0,NULL,NULL,0,0,0.00,NULL,0.00
2026-02-01,2026-02-28,Ariana's Vegan Spot (488 Metropolitan Ave),33895844,11522383,33895844,11,10,0,0.00,0.00,1,9.09,1,9.09,0.00,0.23,3.34,35.90,91.71,8.29,3339,NULL,1,NULL,NULL,0,0,0.00,USD,36.94
2026-02-01,2026-02-28,Arifs Mediterranean Grill,34251093,863208,34251093,4,4,1,25.00,6.00,0,0.00,0,0.00,0.00,4.28,5.40,53.50,98.74,1.26,260,NULL,0,NULL,NULL,0,0,0.00,USD,53.44
2026-02-01,2026-02-28,Arifs Mediterranean Grill (1969 Bronxdale Ave),23556936,863208,23556936,7,7,0,0.00,0.00,0,0.00,0,0.00,0.00,5.11,10.64,49.57,97.83,2.17,874,NULL,0,NULL,NULL,0,0,0.00,USD,49.80
2026-02-01,2026-02-28,Arifs Mediterranean Grill (Bedford Ave),23026068,863208,23026068,18,17,1,5.88,19.41,1,5.56,1,5.56,0.00,4.57,5.78,62.71,97.75,2.25,905,NULL,0,NULL,NULL,0,0,0.00,USD,62.66
2026-02-01,2026-02-28,Arturo's Burrito Bowls,40734686,11072111,40734686,4,4,0,0.00,0.00,0,0.00,0,0.00,0.00,0.13,4.28,48.75,100.0,0.0,0,NULL,0,NULL,NULL,0,0,0.00,USD,48.64
2026-02-01,2026-02-28,Arturo's Burrito Bowls,36118791,11072111,36118791,1,1,0,0.00,0.00,0,0.00,0,0.00,0.00,6.62,9.82,35.00,99.67,0.33,41,NULL,0,NULL,NULL,0,0,0.00,USD,35.30
2026-02-01,2026-02-28,Arturo's Burrito Bowls,35669394,11072111,35669394,3,2,0,0.00,0.00,1,33.33,0,0.00,0.00,1.29,2.48,26.00,100.0,0.0,0,NULL,1,NULL,NULL,0,0,0.00,USD,26.08
2026-02-01,2026-02-28,Arturo's Burrito Bowls (3 West Fordham Rd),25404900,11072111,25404900,4,4,0,0.00,0.00,0,0.00,0,0.00,0.00,1.55,5.43,75.00,98.47,1.53,450,NULL,1,NULL,NULL,0,1,100.00,USD,74.87
2026-02-01,2026-02-28,Asian Garden Rice Bowls (2575 North Hollywood Way #107),23557148,922010,23557148,2,2,0,0.00,0.00,0,0.00,0,0.00,0.00,0.94,2.33,31.50,99.9,0.1,15,NULL,0,NULL,NULL,0,0,0.00,USD,31.29
2026-02-01,2026-02-28,Ava's Fried Chicken (Pennsylvania Ave),943695,419807,NULL,9,9,0,0.00,0.00,0,0.00,0,0.00,0.00,1.85,5.33,65.11,100.0,0.0,0,NULL,2,NULL,NULL,1,0,0.00,USD,53.69
2026-02-01,2026-02-28,Avocado N Toast Snob (Broadway),2589150,995981,NULL,1,0,0,0.00,0.00,1,100.00,1,100.00,0.00,0.00,0.00,0.00,10.99,89.01,7683,NULL,0,NULL,NULL,0,0,0.00,USD,0.00
2026-02-01,2026-02-28,BBQ Ribs Co.,966668,430168,NULL,15,14,1,7.14,3.75,1,6.67,1,6.67,0.00,1.70,4.44,60.36,100.0,0.0,0,NULL,3,NULL,NULL,0,2,66.67,USD,60.24
2026-02-01,2026-02-28,BBQ Ribs Co. (Virtual Brand)(228 George Street),1477944,430168,NULL,100,98,6,6.12,67.87,2,2.00,2,2.00,0.00,2.20,4.65,49.70,99.56,0.44,99,NULL,8,NULL,NULL,5,1,12.50,USD,49.01
2026-02-01,2026-02-28,Bagel Dynasty (330 W Broadway),2290794,732068,NULL,7,0,0,0.00,0.00,7,100.00,7,100.00,0.00,0.00,0.00,0.00,98.93,1.07,258,NULL,0,NULL,NULL,0,0,0.00,USD,0.00
2026-02-01,2026-02-28,Bagel Dynasty (34-02 30th St),23556771,732068,23556771,7,7,0,0.00,0.00,0,0.00,0,0.00,0.00,0.76,2.85,41.29,99.15,0.85,285,NULL,0,NULL,NULL,0,0,0.00,USD,40.98
2026-02-01,2026-02-28,Bagel Dynasty (502 E Thunderbird Rd Ste A),24872263,732068,24872263,0,0,0,0.00,0.00,0,0.00,0,0.00,0.00,0.00,0.00,0.00,0.0,100.0,0,NULL,0,NULL,NULL,0,0,0.00,NULL,0.00
2026-02-01,2026-02-28,Bagel Dynasty (7701 Garrison Road),24227486,732068,24227486,72,72,1,1.39,5.88,0,0.00,0,0.00,0.00,0.21,1.96,49.50,100.0,0.0,0,NULL,4,NULL,NULL,0,2,50.00,USD,41.01
2026-02-01,2026-02-28,Bagel Dynasty (Fulton St),31661381,732068,31661381,8,8,0,0.00,0.00,0,0.00,0,0.00,0.00,0.38,5.91,31.00,97.57,2.43,409,NULL,0,NULL,NULL,0,0,0.00,USD,30.97
2026-02-01,2026-02-28,Bain's Burger Bar (459 Main St),33887197,420397,33887197,1,1,0,0.00,0.00,0,0.00,0,0.00,0.00,0.00,2.30,52.00,100.0,0.0,0,NULL,0,NULL,NULL,0,0,0.00,USD,52.22
2026-02-01,2026-02-28,Bain's Burger Bar (Jamaica Ave),23060296,420397,23060296,3,1,0,0.00,0.00,2,66.67,2,66.67,0.00,20.78,20.98,64.00,97.91,2.09,844,NULL,0,NULL,NULL,0,0,0.00,USD,63.95
2026-02-01,2026-02-28,Barn's Burgers & Melts,40385043,11068594,40385043,0,0,0,0.00,0.00,0,0.00,0,0.00,0.00,0.00,0.00,0.00,100.0,0.0,0,NULL,0,NULL,NULL,0,0,0.00,NULL,0.00
2026-02-01,2026-02-28,Bart's Breakfast Sandwiches,33972041,11659113,33972041,12,12,1,8.33,14.46,0,0.00,0,0.00,0.00,1.00,3.21,40.50,84.46,15.54,2610,NULL,1,NULL,NULL,0,1,100.00,USD,42.49
2026-02-01,2026-02-28,Bart's Breakfast Sandwiches,35855567,11659113,35855567,2,2,0,0.00,0.00,0,0.00,0,0.00,0.00,0.00,6.30,30.00,98.8,1.2,315,NULL,0,NULL,NULL,0,0,0.00,USD,30.37
2026-02-01,2026-02-28,Bart's Breakfast Sandwiches (158 DELANCEY STREET),35667913,11659113,35667913,0,0,0,0.00,0.00,0,0.00,0,0.00,0.00,0.00,0.00,0.00,98.27,1.73,285,NULL,0,NULL,NULL,0,0,0.00,NULL,0.00
2026-02-01,2026-02-28,Bart's Breakfast Sandwiches (265 Bedford Ave),32863871,11659113,32863871,1,1,0,0.00,0.00,0,0.00,0,0.00,0.00,0.00,2.22,95.00,97.91,2.09,844,NULL,0,NULL,NULL,0,0,0.00,USD,95.37
2026-02-01,2026-02-28,Bart's Burger Bar (3661 Broadway),32922801,344282,32922801,22,18,3,16.67,29.22,4,18.18,3,13.64,0.00,1.22,4.00,31.18,97.0,3.0,1207,NULL,2,NULL,NULL,2,0,0.00,USD,31.13
2026-02-01,2026-02-28,Beeman's Burger Bar (7701 Garrison Road),24227521,878234,24227521,10,10,0,0.00,0.00,0,0.00,0,0.00,0.00,0.64,3.32,43.80,100.0,0.0,0,NULL,1,NULL,NULL,0,1,100.00,USD,43.84
2026-02-01,2026-02-28,Beeman's Burger Bar (93 Avenue A),32923019,878234,32923019,1,0,0,0.00,0.00,1,100.00,1,100.00,0.00,0.00,0.00,0.00,98.59,1.41,570,NULL,0,NULL,NULL,0,0,0.00,USD,0.00
2026-02-01,2026-02-28,Belgian Waffle Bar,34343091,387784,34343091,4,4,0,0.00,0.00,0,0.00,0,0.00,0.00,0.64,3.25,56.75,97.57,2.43,409,NULL,1,NULL,NULL,0,0,0.00,USD,56.69
2026-02-01,2026-02-28,Big Belly Paninis,39883231,911657,39883231,0,0,0,0.00,0.00,0,0.00,0,0.00,0.00,0.00,0.00,0.00,100.0,0.0,0,NULL,0,NULL,NULL,0,0,0.00,NULL,0.00
2026-02-01,2026-02-28,Big Belly Paninis (Queens Plaza N),2358047,911657,NULL,4,4,0,0.00,0.00,0,0.00,0,0.00,0.00,0.63,4.27,42.00,97.91,2.09,841,NULL,1,NULL,NULL,1,0,0.00,USD,41.78
2026-02-01,2026-02-28,Big Daddy's Wings (Polk St),850451,379287,NULL,9,9,0,0.00,0.00,0,0.00,0,0.00,0.00,0.29,4.05,63.67,98.59,1.41,510,NULL,1,NULL,NULL,0,0,0.00,USD,24.51
2026-02-01,2026-02-28,Big E's Wraps,33950889,908476,33950889,7,7,0,0.00,0.00,0,0.00,0,0.00,0.00,0.24,3.26,45.43,100.0,0.0,0,NULL,5,NULL,NULL,0,0,0.00,USD,45.66
2026-02-01,2026-02-28,Big E's Wraps,38057199,908476,38057199,0,0,0,0.00,0.00,0,0.00,0,0.00,0.00,0.00,0.00,0.00,100.0,0.0,0,NULL,0,NULL,NULL,0,0,0.00,NULL,0.00
2026-02-01,2026-02-28,Big E's Wraps,35668217,908476,35668217,1,1,0,0.00,0.00,0,0.00,0,0.00,0.00,2.93,4.53,35.00,96.01,3.99,852,NULL,0,NULL,NULL,0,0,0.00,USD,35.62
2026-02-01,2026-02-28,"Big E's Wraps (116 Thomas S Boyland St, Brooklyn, NY 11233)",34250013,908476,34250013,6,6,0,0.00,0.00,0,0.00,0,0.00,0.00,0.82,2.30,59.17,98.41,1.59,466,NULL,0,NULL,NULL,0,0,0.00,USD,59.14
2026-02-01,2026-02-28,Big E's Wraps (1282 Essex Ave),38214585,908476,38214585,0,0,0,0.00,0.00,0,0.00,0,0.00,0.00,0.00,0.00,0.00,0.0,100.0,0,NULL,0,NULL,NULL,0,0,0.00,NULL,0.00
2026-02-01,2026-02-28,Big E's Wraps (2126 Caton Ave),35464155,908476,35464155,3,3,0,0.00,0.00,0,0.00,0,0.00,0.00,1.29,2.79,122.67,96.31,3.69,850,NULL,0,NULL,NULL,0,0,0.00,USD,37.70
2026-02-01,2026-02-28,Big E's Wraps (315 Walter E Foran Blvd Ste 314),23549190,908476,23549190,6,6,0,0.00,0.00,0,0.00,0,0.00,0.00,2.05,4.84,53.50,100.0,0.0,0,NULL,0,NULL,NULL,0,0,0.00,USD,43.04
2026-02-01,2026-02-28,Big E's Wraps (330 W Broadway),2291401,908476,NULL,2,0,0,0.00,0.00,2,100.00,2,100.00,0.00,0.00,0.00,0.00,99.34,0.66,158,NULL,0,NULL,NULL,0,0,0.00,USD,0.00
2026-02-01,2026-02-28,Big Ease Smoothies,36364633,908656,36364633,1,1,0,0.00,0.00,0,0.00,0,0.00,0.00,0.00,1.45,35.00,99.81,0.19,22,NULL,0,NULL,NULL,0,0,0.00,USD,35.22
2026-02-01,2026-02-28,Big Ease Smoothies,34344579,908656,34344579,0,0,0,0.00,0.00,0,0.00,0,0.00,0.00,0.00,0.00,0.00,98.8,1.2,315,NULL,0,NULL,NULL,0,0,0.00,NULL,0.00
2026-02-01,2026-02-28,Big Ease Smoothies  (1117 Broadway),23423347,908656,23423347,15,12,0,0.00,0.00,3,20.00,3,20.00,0.00,1.01,3.49,40.17,98.14,1.86,456,NULL,0,NULL,NULL,0,0,0.00,USD,40.29
2026-02-01,2026-02-28,Big Ease Smoothies (2051 Frederick Douglass Blvd),33885459,908656,33885459,42,42,1,2.38,5.33,0,0.00,0,0.00,0.00,5.19,8.31,38.17,97.75,2.25,907,NULL,8,NULL,NULL,1,1,12.50,USD,38.06
2026-02-01,2026-02-28,Big Ease Smoothies (30th St),2487028,908656,NULL,55,55,0,0.00,0.00,0,0.00,0,0.00,0.00,1.67,3.22,36.91,99.05,0.95,348,NULL,3,NULL,NULL,1,0,0.00,USD,36.39
2026-02-01,2026-02-28,Big Ease Smoothies (93 Avenue A),36237363,908656,36237363,1,1,1,100.00,24.38,0,0.00,0,0.00,0.00,0.00,9.13,68.00,97.88,2.12,853,NULL,0,NULL,NULL,0,0,0.00,USD,68.72
2026-02-01,2026-02-28,Big Famous Deli & Grill (244 W. 14th street),25295637,11685769,25295637,1,0,0,0.00,0.00,1,100.00,0,0.00,0.00,0.00,0.00,0.00,100.0,0.0,0,NULL,0,NULL,NULL,0,0,0.00,USD,0.00
2026-02-01,2026-02-28,BigLeaf Salads (18300 Vanowen Street Suite 3),31313343,11913767,31313343,6,4,0,0.00,0.00,2,33.33,2,33.33,0.00,0.00,4.17,40.50,98.6,1.4,346,NULL,0,NULL,NULL,0,0,0.00,USD,40.36
2026-02-01,2026-02-28,Bill's Sandwich Shack (128 East 4th Street),33895415,11557631,33895415,1,0,0,0.00,0.00,1,100.00,1,100.00,0.00,0.00,0.00,0.00,87.48,12.52,1277,NULL,0,NULL,NULL,0,0,0.00,USD,0.00
2026-02-01,2026-02-28,Bird's Burger Bar,35651435,362837,35651435,11,11,1,9.09,41.44,0,0.00,0,0.00,0.00,0.56,3.21,34.64,100.0,0.0,0,NULL,3,NULL,NULL,1,0,0.00,USD,34.71
2026-02-01,2026-02-28,Bird's Burger Bar,34348667,362837,34348667,0,0,0,0.00,0.00,0,0.00,0,0.00,0.00,0.00,0.00,0.00,98.52,1.48,421,NULL,0,NULL,NULL,0,0,0.00,NULL,0.00
2026-02-01,2026-02-28,Bird's Burger Bar,33947623,362837,33947623,4,4,2,50.00,15.66,0,0.00,0,0.00,0.00,1.14,6.38,36.67,100.0,0.0,0,NULL,1,NULL,NULL,1,0,0.00,USD,36.68
2026-02-01,2026-02-28,Bird's Burger Bar (1710 Minnesota Ave #G),39648519,362837,39648519,0,0,0,0.00,0.00,0,0.00,0,0.00,0.00,0.00,0.00,0.00,100.0,0.0,0,NULL,0,NULL,NULL,0,0,0.00,NULL,0.00
2026-02-01,2026-02-28,Birdspot Sandwiches & Wings,33963715,14228581,33963715,1,1,0,0.00,0.00,0,0.00,0,0.00,0.00,0.00,14.08,43.00,100.0,0.0,0,NULL,0,NULL,NULL,0,0,0.00,USD,42.88
2026-02-01,2026-02-28,Black Hawk Burger,41261923,11452801,41261923,0,0,0,0.00,0.00,0,0.00,0,0.00,0.00,0.00,0.00,0.00,0.0,100.0,0,NULL,0,NULL,NULL,0,0,0.00,NULL,0.00
2026-02-01,2026-02-28,Blake's Bubblin' Mac (3955 Bronxwood Ave),32923077,13952805,32923077,1,1,0,0.00,0.00,0,0.00,0,0.00,0.00,7.77,9.28,49.00,99.21,0.79,169,NULL,0,NULL,NULL,0,0,0.00,USD,49.33
2026-02-01,2026-02-28,Blake's Dessert Lounge,34346369,11225441,34346369,33,33,1,3.03,3.20,0,0.00,0,0.00,0.00,3.26,6.21,44.58,98.5,1.5,541,NULL,3,NULL,NULL,1,0,0.00,USD,26.05
2026-02-01,2026-02-28,Blake's Dessert Lounge (190 Hillside Rd),31313807,11225441,31313807,1,1,0,0.00,0.00,0,0.00,0,0.00,0.00,0.00,10.87,46.00,95.63,4.37,684,NULL,0,NULL,NULL,0,0,0.00,USD,46.93
2026-02-01,2026-02-28,Blanca's Breakfast Bites (4083 Broadway),32923083,13952815,32923083,3,2,0,0.00,0.00,1,33.33,0,0.00,0.00,0.00,1.99,19.50,97.93,2.07,496,NULL,0,NULL,NULL,0,0,0.00,USD,19.43
2026-02-01,2026-02-28,Bobby's Caribbean Grill,34347671,904621,34347671,0,0,0,0.00,0.00,0,0.00,0,0.00,0.00,0.00,0.00,0.00,99.92,0.08,15,NULL,0,NULL,NULL,0,0,0.00,NULL,0.00
2026-02-01,2026-02-28,Bosscat Breakfast,1608749,755027,NULL,1,0,0,0.00,0.00,1,100.00,0,0.00,0.00,0.00,0.00,0.00,100.0,0.0,0,NULL,0,NULL,NULL,0,0,0.00,USD,0.00
2026-02-01,2026-02-28,Bosscat Breakfast,34349399,755027,34349399,0,0,0,0.00,0.00,0,0.00,0,0.00,0.00,0.00,0.00,0.00,99.46,0.54,105,NULL,0,NULL,NULL,0,0,0.00,NULL,0.00
2026-02-01,2026-02-28,Bosscat Breakfast,39042013,755027,39042013,2,0,0,0.00,0.00,2,100.00,1,50.00,0.00,0.00,0.00,0.00,99.02,0.98,106,NULL,0,NULL,NULL,0,0,0.00,USD,0.00
2026-02-01,2026-02-28,Bosscat Breakfast (1306 Atlantic Ave),25130127,755027,25130127,19,19,0,0.00,0.00,0,0.00,0,0.00,0.00,2.42,4.97,51.32,98.29,1.71,546,NULL,1,NULL,NULL,0,0,0.00,USD,51.30
2026-02-01,2026-02-28,Bosscat Breakfast (28501 Hoover Rd),31619809,755027,31619809,13,13,0,0.00,0.00,0,0.00,0,0.00,0.00,1.71,5.90,35.62,100.0,0.0,0,NULL,1,NULL,NULL,1,0,0.00,USD,35.53
2026-02-01,2026-02-28,Bosscat Breakfast (3001 Gilbert Ave),25130099,755027,25130099,0,0,0,0.00,0.00,0,0.00,0,0.00,0.00,0.00,0.00,0.00,0.0,100.0,0,NULL,0,NULL,NULL,0,0,0.00,NULL,0.00
2026-02-01,2026-02-28,Bosscat Breakfast - 8886 (Knott Ave),26292114,755027,26292114,4,3,0,0.00,0.00,1,25.00,0,0.00,0.00,0.00,5.43,42.50,100.0,0.0,0,NULL,0,NULL,NULL,0,0,0.00,USD,43.11
2026-02-01,2026-02-28,Bosscat Burgers,37375303,717039,37375303,0,0,0,0.00,0.00,0,0.00,0,0.00,0.00,0.00,0.00,0.00,97.64,2.36,574,NULL,0,NULL,NULL,0,0,0.00,NULL,0.00
2026-02-01,2026-02-28,Bosscat Burgers,37993253,717039,37993253,0,0,0,0.00,0.00,0,0.00,0,0.00,0.00,0.00,0.00,0.00,98.72,1.28,332,NULL,0,NULL,NULL,0,0,0.00,NULL,0.00
2026-02-01,2026-02-28,Bosscat Burgers (196 1st Ave),31313633,717039,31313633,0,0,0,0.00,0.00,0,0.00,0,0.00,0.00,0.00,0.00,0.00,96.87,3.13,787,NULL,0,NULL,NULL,0,0,0.00,NULL,0.00
2026-02-01,2026-02-28,Bosscat Cheesesteaks (459 Main St),1458743,668116,NULL,0,0,0,0.00,0.00,0,0.00,0,0.00,0.00,0.00,0.00,0.00,100.0,0.0,0,NULL,0,NULL,NULL,0,0,0.00,NULL,0.00
2026-02-01,2026-02-28,Bosscat Wings (1725-B Duke St),24974749,706908,24974749,0,0,0,0.00,0.00,0,0.00,0,0.00,0.00,0.00,0.00,0.00,100.0,0.0,0,NULL,0,NULL,NULL,0,0,0.00,NULL,0.00
2026-02-01,2026-02-28,Bosscat Wings (226 1/2 Newark Ave),24899981,706908,24899981,1,1,0,0.00,0.00,0,0.00,0,0.00,0.00,12.55,16.08,56.00,99.93,0.07,30,NULL,0,NULL,NULL,0,0,0.00,USD,55.97
2026-02-01,2026-02-28,Bosscat Wings (6646 Collins Ave),33886555,706908,33886555,7,7,0,0.00,0.00,0,0.00,0,0.00,0.00,2.06,5.36,56.71,100.0,0.0,0,NULL,1,NULL,NULL,1,0,0.00,USD,48.78
2026-02-01,2026-02-28,Bosscat Wings (7121 West US Highway 90 Suite #210),24974787,706908,24974787,0,0,0,0.00,0.00,0,0.00,0,0.00,0.00,0.00,0.00,0.00,0.0,100.0,0,NULL,0,NULL,NULL,0,0,0.00,NULL,0.00
2026-02-01,2026-02-28,Bosscat Wraps (309 7th Ave),27667568,11454035,27667568,4,4,1,25.00,23.90,0,0.00,0,0.00,0.00,7.70,7.77,59.75,98.44,1.56,458,NULL,0,NULL,NULL,0,0,0.00,USD,59.84
2026-02-01,2026-02-28,Breakfast Burrito Floozy,34345807,894496,34345807,4,4,0,0.00,0.00,0,0.00,0,0.00,0.00,2.96,4.86,48.00,99.19,0.81,210,NULL,0,NULL,NULL,0,0,0.00,USD,47.81
2026-02-01,2026-02-28,Breakfast Burrito Floozy (4955 Voltaire St),24270689,894496,24270689,7,7,0,0.00,0.00,0,0.00,0,0.00,0.00,1.07,3.63,52.43,100.0,0.0,0,NULL,0,NULL,NULL,0,0,0.00,USD,42.64
2026-02-01,2026-02-28,Breakfast Burrito Floozy (S 101st E Ave),2255754,894496,NULL,97,92,0,0.00,0.00,5,5.15,4,4.12,0.00,1.50,6.10,38.41,91.8,8.2,726,NULL,3,NULL,NULL,2,0,0.00,USD,34.96
2026-02-01,2026-02-28,"Breakfast Burrito Floozy (Virtual Brand)(Long Beach, CA)",1228046,894496,NULL,8,8,0,0.00,0.00,0,0.00,0,0.00,0.00,0.11,3.15,44.25,100.0,0.0,0,NULL,1,NULL,NULL,0,1,100.00,USD,44.34
2026-02-01,2026-02-28,Breakfast Burrito Joint,35493605,308489,35493605,0,0,0,0.00,0.00,0,0.00,0,0.00,0.00,0.00,0.00,0.00,100.0,0.0,0,NULL,0,NULL,NULL,0,0,0.00,NULL,0.00
2026-02-01,2026-02-28,Breakfast Burrito Joint,35870081,308489,35870081,53,53,0,0.00,0.00,0,0.00,0,0.00,0.00,1.13,3.45,74.40,99.23,0.77,298,NULL,6,NULL,NULL,2,0,0.00,USD,34.95
2026-02-01,2026-02-28,Breakfast Burrito Joint (128 East 4th Street),28607943,13952895,28607943,4,3,1,33.33,5.35,1,25.00,1,25.00,0.00,0.41,2.58,49.00,82.74,17.26,1367,NULL,0,NULL,NULL,0,0,0.00,USD,49.31
2026-02-01,2026-02-28,Breakfast Burrito Joint (300 The Village),31671733,13952895,31671733,0,0,0,0.00,0.00,0,0.00,0,0.00,0.00,0.00,0.00,0.00,100.0,0.0,0,NULL,0,NULL,NULL,0,0,0.00,NULL,0.00
2026-02-01,2026-02-28,Breakfast Burrito Joint (31-00 47th Ave),35754581,308489,35754581,1,1,0,0.00,0.00,0,0.00,0,0.00,0.00,0.00,3.72,47.00,97.21,2.79,285,NULL,0,NULL,NULL,0,0,0.00,USD,47.60
2026-02-01,2026-02-28,Breakfast Burrito Joint (3907 Lee Hwy),24387257,308489,24387257,43,43,2,4.65,24.57,0,0.00,0,0.00,0.00,0.23,2.76,47.07,100.0,0.0,0,NULL,0,NULL,NULL,0,0,0.00,USD,47.01
2026-02-01,2026-02-28,Breakfast Burrito Joint (San Francisco),664606,308489,NULL,0,0,0,0.00,0.00,0,0.00,0,0.00,0.00,0.00,0.00,0.00,0.0,100.0,0,NULL,0,NULL,NULL,0,0,0.00,NULL,0.00
2026-02-01,2026-02-28,Breakfast Burrito Snob,35370009,14632751,35370009,39,39,1,2.56,22.51,0,0.00,0,0.00,0.00,3.48,5.42,62.16,100.0,0.0,0,NULL,4,NULL,NULL,0,2,50.00,USD,36.50
2026-02-01,2026-02-28,Breakfast Burrito Snob,40824279,469379,40824279,3,0,0,0.00,0.00,3,100.00,3,100.00,0.00,0.00,0.00,0.00,47.83,52.17,3003,NULL,0,NULL,NULL,0,0,0.00,USD,0.00
2026-02-01,2026-02-28,Breakfast Burrito Snob,36364737,469379,36364737,1,0,0,0.00,0.00,1,100.00,1,100.00,0.00,0.00,0.00,0.00,98.25,1.75,175,NULL,0,NULL,NULL,0,0,0.00,USD,0.00
2026-02-01,2026-02-28,Breakfast Burrito Snob (1st Ave),1050862,469379,NULL,8,8,0,0.00,0.00,0,0.00,0,0.00,0.00,0.57,2.34,31.75,97.9,2.1,846,NULL,0,NULL,NULL,0,0,0.00,USD,31.84
2026-02-01,2026-02-28,Breakfast Burrito Snob (Long Island City),1367068,469379,NULL,12,12,1,8.33,3.07,0,0.00,0,0.00,0.00,0.25,3.09,43.08,97.9,2.1,845,NULL,2,NULL,NULL,0,0,0.00,USD,43.11
2026-02-01,2026-02-28,"Breakfast Burrito Snob(San Francisco, CA)",1340523,469379,NULL,16,16,1,6.25,5.96,0,0.00,0,0.00,0.00,0.19,2.04,69.63,99.47,0.53,79,NULL,1,NULL,NULL,1,0,0.00,USD,35.86
2026-02-01,2026-02-28,Breakfast N Vibe,36030569,13952929,36030569,1,1,0,0.00,0.00,0,0.00,0,0.00,0.00,0.33,1.27,66.00,99.47,0.53,142,NULL,0,NULL,NULL,0,0,0.00,USD,0.00
2026-02-01,2026-02-28,Breakfast N Vibe (4234 Broadway),32923293,13952929,32923293,18,17,4,23.53,23.33,1,5.56,0,0.00,0.00,2.27,4.70,31.94,97.5,2.5,843,NULL,2,NULL,NULL,0,2,100.00,USD,31.92
2026-02-01,2026-02-28,Breakfast Sandwich Express,35371505,957819,35371505,3,3,0,0.00,0.00,0,0.00,0,0.00,0.00,0.09,2.28,25.00,97.89,2.11,850,NULL,0,NULL,NULL,0,0,0.00,USD,25.11
2026-02-01,2026-02-28,Breakfast Sandwich Express (30th St),2487370,957819,NULL,2,2,0,0.00,0.00,0,0.00,0,0.00,0.00,1.68,11.43,42.50,99.15,0.85,285,NULL,0,NULL,NULL,0,0,0.00,USD,42.59
2026-02-01,2026-02-28,Breakfast Sandwich Express (5993 Broadway),32923301,957819,32923301,6,6,2,33.33,25.97,0,0.00,0,0.00,0.00,3.93,6.01,37.00,97.91,2.09,843,NULL,0,NULL,NULL,0,0,0.00,USD,36.75
2026-02-01,2026-02-28,Brenda's Breakfast Sandwiches,35639063,14711301,35639063,0,0,0,0.00,0.00,0,0.00,0,0.00,0.00,0.00,0.00,0.00,100.0,0.0,0,NULL,0,NULL,NULL,0,0,0.00,NULL,0.00
2026-02-01,2026-02-28,Brenda's Breakfast Sandwiches,38216085,11427315,38216085,0,0,0,0.00,0.00,0,0.00,0,0.00,0.00,0.00,0.00,0.00,100.0,0.0,0,NULL,0,NULL,NULL,0,0,0.00,NULL,0.00
2026-02-01,2026-02-28,Brenda's Panini Palace,34348849,759427,34348849,0,0,0,0.00,0.00,0,0.00,0,0.00,0.00,0.00,0.00,0.00,98.52,1.48,421,NULL,0,NULL,NULL,0,0,0.00,NULL,0.00
2026-02-01,2026-02-28,Brenda's Panini Palace,1824090,759427,NULL,1,1,0,0.00,0.00,0,0.00,0,0.00,0.00,0.60,2.85,43.00,97.91,2.09,841,NULL,0,NULL,NULL,0,0,0.00,USD,42.87
2026-02-01,2026-02-28,Brenda's Panini Palace (83 Canal St #6019),23549497,759427,23549497,1,0,0,0.00,0.00,1,100.00,1,100.00,0.00,0.00,0.00,0.00,100.0,0.0,0,NULL,0,NULL,NULL,0,0,0.00,USD,0.00
2026-02-01,2026-02-28,Bri's Breakfast Bar,35371677,11135129,35371677,3,1,0,0.00,0.00,2,66.67,2,66.67,0.00,7.78,12.67,49.00,94.6,5.4,1083,NULL,0,NULL,NULL,0,0,0.00,USD,48.60
2026-02-01,2026-02-28,Bri's Breakfast Bar (Lee Hwy),23268648,11135129,23268648,6,5,0,0.00,0.00,1,16.67,1,16.67,0.00,0.42,6.23,48.00,100.0,0.0,0,NULL,0,NULL,NULL,0,0,0.00,USD,48.33
2026-02-01,2026-02-28,Brooklyn Burger Snob,40385207,17471760,40385207,0,0,0,0.00,0.00,0,0.00,0,0.00,0.00,0.00,0.00,0.00,100.0,0.0,0,NULL,0,NULL,NULL,0,0,0.00,NULL,0.00
2026-02-01,2026-02-28,Bruno's Burning Pizza (1715 Sicklerville Rd),25092242,11225446,25092242,6,6,0,0.00,0.00,0,0.00,0,0.00,0.00,3.76,5.84,49.33,100.0,0.0,0,NULL,2,NULL,NULL,0,1,50.00,USD,49.56
2026-02-01,2026-02-28,Bruno's Burning Pizza (5532 W Saginaw Hwy),36032347,11225446,36032347,0,0,0,0.00,0.00,0,0.00,0,0.00,0.00,0.00,0.00,0.00,100.0,0.0,0,NULL,0,NULL,NULL,0,0,0.00,NULL,0.00
2026-02-01,2026-02-28,Bun Works Burgers (59 24 Kissena Blvd),36021375,14832781,36021375,0,0,0,0.00,0.00,0,0.00,0,0.00,0.00,0.00,0.00,0.00,100.0,0.0,0,NULL,0,NULL,NULL,0,0,0.00,NULL,0.00
2026-02-01,2026-02-28,Burning Burger Stack  (1306 Atlantic Ave),25130173,11225447,25130173,10,10,0,0.00,0.00,0,0.00,0,0.00,0.00,0.95,4.44,52.60,98.29,1.71,546,NULL,2,NULL,NULL,2,0,0.00,USD,52.50
2026-02-01,2026-02-28,Burning Burger Stack (1541 Glenn School Rd suite 17),31313915,11225447,31313915,4,4,0,0.00,0.00,0,0.00,0,0.00,0.00,0.47,6.72,40.00,100.0,0.0,0,NULL,1,NULL,NULL,0,0,0.00,USD,39.99
2026-02-01,2026-02-28,Burrito Lovers Bar,36031239,321199,36031239,0,0,0,0.00,0.00,0,0.00,0,0.00,0.00,0.00,0.00,0.00,99.47,0.53,142,NULL,0,NULL,NULL,0,0,0.00,NULL,0.00
2026-02-01,2026-02-28,Burrito Lovers Bar (59 4th Ave),1790189,321199,NULL,4,4,0,0.00,0.00,0,0.00,0,0.00,0.00,0.00,3.36,30.00,99.07,0.93,345,NULL,0,NULL,NULL,0,0,0.00,USD,29.95
2026-02-01,2026-02-28,Burritos on The Fly,39649289,11294071,39649289,0,0,0,0.00,0.00,0,0.00,0,0.00,0.00,0.00,0.00,0.00,100.0,0.0,0,NULL,0,NULL,NULL,0,0,0.00,NULL,0.00
2026-02-01,2026-02-28,Burritos to Bowls (4955 Voltaire St),24270704,11378616,24270704,4,4,0,0.00,0.00,0,0.00,0,0.00,0.00,2.95,3.83,44.75,100.0,0.0,0,NULL,0,NULL,NULL,0,0,0.00,USD,44.32
2026-02-01,2026-02-28,Burritos to Bowls (600 Park Ave),27833951,11378616,27833951,0,0,0,0.00,0.00,0,0.00,0,0.00,0.00,0.00,0.00,0.00,100.0,0.0,0,NULL,0,NULL,NULL,0,0,0.00,NULL,0.00
2026-02-01,2026-02-28,CJ's Breakfast Sandwich (31-00 47th Ave),35756038,11393013,35756038,0,0,0,0.00,0.00,0,0.00,0,0.00,0.00,0.00,0.00,0.00,97.21,2.79,285,NULL,0,NULL,NULL,0,0,0.00,NULL,0.00
2026-02-01,2026-02-28,CJ's Breakfast Sandwich (596 3rd Ave),25130177,11393013,25130177,15,15,0,0.00,0.00,0,0.00,0,0.00,0.00,1.17,4.80,58.93,97.9,2.1,846,NULL,0,NULL,NULL,0,0,0.00,USD,34.50
2026-02-01,2026-02-28,Cameron's Breakfast Cafe (38-01 Vernon Boulevard),24770396,11216987,24770396,26,25,1,4.00,6.00,1,3.85,0,0.00,0.00,2.96,4.83,63.36,98.17,1.83,438,NULL,2,NULL,NULL,1,1,50.00,USD,51.87
2026-02-01,2026-02-28,Carmen's Breakfast Burrito,37375475,879129,37375475,2,2,0,0.00,0.00,0,0.00,0,0.00,0.00,1.58,3.72,55.50,97.67,2.33,559,NULL,0,NULL,NULL,0,0,0.00,USD,55.53
2026-02-01,2026-02-28,Carmen's Breakfast Burritos,38216347,879129,38216347,1,0,0,0.00,0.00,1,100.00,1,100.00,0.00,0.00,0.00,0.00,100.0,0.0,0,NULL,0,NULL,NULL,0,0,0.00,USD,0.00
2026-02-01,2026-02-28,Carmen's Breakfast Burritos,39161493,879129,39161493,1,1,0,0.00,0.00,0,0.00,0,0.00,0.00,0.00,1.77,24.00,97.92,2.08,838,NULL,0,NULL,NULL,0,0,0.00,USD,23.30
2026-02-01,2026-02-28,Carmen's Breakfast Burritos (1201 Randall Avenue),32923453,879129,32923453,13,13,1,7.69,8.22,0,0.00,0,0.00,0.00,0.86,3.27,44.85,97.52,2.48,375,NULL,3,NULL,NULL,1,2,66.67,USD,45.05
2026-02-01,2026-02-28,Carmen's Breakfast Burritos (143 Grand Street),24770490,879129,24770490,6,0,0,0.00,0.00,6,100.00,3,50.00,0.00,0.00,0.00,0.00,100.0,0.0,0,NULL,0,NULL,NULL,0,0,0.00,USD,0.00
2026-02-01,2026-02-28,Carmen's Breakfast Burritos (415 E Windmill Ln),27741754,879129,27741754,2,2,0,0.00,0.00,0,0.00,0,0.00,0.00,0.20,2.68,39.00,98.83,1.17,327,NULL,0,NULL,NULL,0,0,0.00,USD,39.16
2026-02-01,2026-02-28,Carmen's Breakfast Burritos (N Citrus Ave),2455971,879129,NULL,4,4,1,25.00,6.06,0,0.00,0,0.00,0.00,0.03,2.09,27.00,100.0,0.0,0,NULL,2,NULL,NULL,0,2,100.00,USD,27.05
2026-02-01,2026-02-28,Casa De Quesadilla (415 E Windmill Ln),27741795,11178394,27741795,8,6,1,16.67,5.99,2,25.00,2,25.00,0.00,3.13,8.00,47.33,98.64,1.36,373,NULL,1,NULL,NULL,1,0,0.00,USD,47.33
2026-02-01,2026-02-28,Casa De Quesadilla (730 Astor Ave),24099355,11178394,24099355,3,0,0,0.00,0.00,3,100.00,2,66.67,0.00,0.00,0.00,0.00,91.49,8.51,878,NULL,0,NULL,NULL,0,0,0.00,USD,0.00
2026-02-01,2026-02-28,Casa De Quesadilla (Avenue A),23134862,11178394,23134862,3,3,0,0.00,0.00,0,0.00,0,0.00,0.00,4.12,7.18,40.00,97.8,2.2,853,NULL,0,NULL,NULL,0,0,0.00,USD,40.40
2026-02-01,2026-02-28,Casa Pasta Ristorante (1 Kedron Ave Unit 4),24387639,378903,24387639,56,55,7,12.73,82.89,1,1.79,1,1.79,0.00,1.38,5.07,62.48,99.8,0.2,41,NULL,5,NULL,NULL,3,0,0.00,USD,54.94
2026-02-01,2026-02-28,Casa Pasta Ristorante (9061 Van Nuys Blvd),33886671,378903,33886671,14,13,0,0.00,0.00,1,7.14,1,7.14,0.00,0.73,3.03,46.85,99.8,0.2,52,NULL,1,NULL,NULL,1,0,0.00,USD,46.75
2026-02-01,2026-02-28,Casa Pasta Ristorante (Bedford Ave),23026219,378903,23026219,3,3,0,0.00,0.00,0,0.00,0,0.00,0.00,3.20,5.39,98.00,97.83,2.17,875,NULL,1,NULL,NULL,0,1,100.00,USD,98.00
2026-02-01,2026-02-28,Celebrity Vegan Burger,34248810,435539,34248810,5,4,1,25.00,25.77,1,20.00,1,20.00,0.00,0.07,1.44,28.50,99.64,0.36,77,NULL,1,NULL,NULL,0,1,100.00,USD,28.66
2026-02-01,2026-02-28,Celebrity Vegan Burger,1045862,435539,NULL,5,5,0,0.00,0.00,0,0.00,0,0.00,0.00,1.19,3.45,28.80,98.56,1.44,518,NULL,1,NULL,NULL,1,0,0.00,USD,28.52
2026-02-01,2026-02-28,Celebrity Vegan Burger,34248823,435539,34248823,4,4,1,25.00,37.51,0,0.00,0,0.00,0.00,6.48,12.92,61.50,97.88,2.12,856,NULL,0,NULL,NULL,0,0,0.00,USD,62.01
2026-02-01,2026-02-28,Celebrity Vegan Burger (1726 2nd Ave),34248825,435539,34248825,0,0,0,0.00,0.00,0,0.00,0,0.00,0.00,0.00,0.00,0.00,99.86,0.14,33,NULL,0,NULL,NULL,0,0,0.00,NULL,0.00
2026-02-01,2026-02-28,Celine's Salad Bar,35900793,854849,35900793,0,0,0,0.00,0.00,0,0.00,0,0.00,0.00,0.00,0.00,0.00,100.0,0.0,0,NULL,0,NULL,NULL,0,0,0.00,NULL,0.00
2026-02-01,2026-02-28,Celines Salad Bar (119 Park Ave),35372261,854849,35372261,0,0,0,0.00,0.00,0,0.00,0,0.00,0.00,0.00,0.00,0.00,100.0,0.0,0,NULL,0,NULL,NULL,0,0,0.00,NULL,0.00
2026-02-01,2026-02-28,Celines Salad Bar (840 Fulton St),25130204,854849,25130204,2,2,0,0.00,0.00,0,0.00,0,0.00,0.00,0.00,2.28,33.50,98.5,1.5,427,NULL,0,NULL,NULL,0,0,0.00,USD,33.47
2026-02-01,2026-02-28,Celines Salad Bar (W Warren Ave),31492727,854849,31492727,0,0,0,0.00,0.00,0,0.00,0,0.00,0.00,0.00,0.00,0.00,0.0,100.0,0,NULL,0,NULL,NULL,0,0,0.00,NULL,0.00
2026-02-01,2026-02-28,Chanel's Coffee House (2051 Frederick Douglass Blvd),33885415,11427306,33885415,20,18,0,0.00,0.00,2,10.00,2,10.00,0.00,5.37,8.80,118.71,97.9,2.1,847,NULL,4,NULL,NULL,0,0,0.00,USD,52.68
2026-02-01,2026-02-28,Chanel's Coffee House (26801 Hillside Ave),24844776,11427306,24844776,2,2,0,0.00,0.00,0,0.00,0,0.00,0.00,0.00,3.23,40.00,98.53,1.47,420,NULL,0,NULL,NULL,0,0,0.00,USD,40.37
2026-02-01,2026-02-28,Chapman Market (W 8th St),307082,419558,NULL,0,0,0,0.00,0.00,0,0.00,0,0.00,0.00,0.00,0.00,0.00,0.0,100.0,0,NULL,0,NULL,NULL,0,0,0.00,NULL,0.00
2026-02-01,2026-02-28,Charlie's Calzone Co,33955797,374456,33955797,19,19,1,5.26,13.43,0,0.00,0,0.00,0.00,1.59,4.64,45.74,100.0,0.0,0,NULL,3,NULL,NULL,1,0,0.00,USD,42.04
2026-02-01,2026-02-28,Charlie's Calzone Co (5532 W Saginaw Hwy),25130224,374456,25130224,13,13,0,0.00,0.00,0,0.00,0,0.00,0.00,1.26,4.99,44.15,100.0,0.0,0,NULL,0,NULL,NULL,0,0,0.00,USD,44.08
2026-02-01,2026-02-28,Charlie's Calzone Co (Loudon Rd),22997861,374456,22997861,2,2,0,0.00,0.00,0,0.00,0,0.00,0.00,8.63,13.07,63.50,100.0,0.0,0,NULL,0,NULL,NULL,0,0,0.00,USD,63.59
2026-02-01,2026-02-28,Charlie's Calzone Co.,1767132,374456,NULL,10,10,1,10.00,7.85,0,0.00,0,0.00,0.00,3.44,7.86,52.40,100.0,0.0,0,NULL,0,NULL,NULL,0,0,0.00,USD,52.38
2026-02-01,2026-02-28,Charlie's Chicken Wings,1591153,608389,NULL,33,33,1,3.03,10.53,0,0.00,0,0.00,0.00,0.49,3.56,57.52,97.9,2.1,846,NULL,2,NULL,NULL,1,0,0.00,USD,38.51
2026-02-01,2026-02-28,Charlie's Chicken Wings,36019239,608389,36019239,8,6,2,33.33,4.17,2,25.00,2,25.00,0.00,8.59,13.59,54.83,100.0,0.0,0,NULL,0,NULL,NULL,0,0,0.00,USD,54.86
2026-02-01,2026-02-28,Charlie's Chicken Wings (New York),1332271,608389,NULL,12,11,2,18.18,25.05,1,8.33,1,8.33,0.00,1.95,5.47,41.18,97.9,2.1,845,NULL,1,NULL,NULL,1,0,0.00,USD,41.24
2026-02-01,2026-02-28,Charlie's Chicken Wings (Virtual Brand)(Bronxdale Ave),1465058,608389,NULL,9,9,3,33.33,39.32,0,0.00,0,0.00,0.00,0.77,4.27,41.89,97.91,2.09,843,NULL,0,NULL,NULL,0,0,0.00,USD,42.03
2026-02-01,2026-02-28,Che Breakfast Cafe,36033801,922025,36033801,0,0,0,0.00,0.00,0,0.00,0,0.00,0.00,0.00,0.00,0.00,98.64,1.36,345,NULL,0,NULL,NULL,0,0,0.00,NULL,0.00
2026-02-01,2026-02-28,Che Breakfast Cafe (301 W 96th St),23557667,922025,23557667,3,3,0,0.00,0.00,0,0.00,0,0.00,0.00,0.84,2.58,103.67,97.91,2.09,844,NULL,0,NULL,NULL,0,0,0.00,USD,33.44
2026-02-01,2026-02-28,Che Breakfast Cafe (689 Broadway),35372523,922025,35372523,2,2,0,0.00,0.00,0,0.00,0,0.00,0.00,0.00,4.07,36.50,97.89,2.11,850,NULL,0,NULL,NULL,0,0,0.00,USD,19.67
2026-02-01,2026-02-28,Cheers On Demand (111 Lex),976289,419558,NULL,0,0,0,0.00,0.00,0,0.00,0,0.00,0.00,0.00,0.00,0.00,99.3,0.7,158,NULL,0,NULL,NULL,0,0,0.00,NULL,0.00
2026-02-01,2026-02-28,Cheers On Demand (2310 W Chapman Ave),1897971,419558,NULL,0,0,0,0.00,0.00,0,0.00,0,0.00,0.00,0.00,0.00,0.00,2.64,97.36,13833,NULL,0,NULL,NULL,0,0,0.00,NULL,0.00
2026-02-01,2026-02-28,Cheers On Demand (3846 Mission Ave),1616218,419558,NULL,0,0,0,0.00,0.00,0,0.00,0,0.00,0.00,0.00,0.00,0.00,0.0,100.0,0,NULL,0,NULL,NULL,0,0,0.00,NULL,0.00
2026-02-01,2026-02-28,Cheers On Demand (Downey),1258581,419558,NULL,0,0,0,0.00,0.00,0,0.00,0,0.00,0.00,0.00,0.00,0.00,0.0,100.0,0,NULL,0,NULL,NULL,0,0,0.00,NULL,0.00
2026-02-01,2026-02-28,Cheers On Demand (Galamart),946587,419558,NULL,0,0,0,0.00,0.00,0,0.00,0,0.00,0.00,0.00,0.00,0.00,100.0,0.0,0,NULL,0,NULL,NULL,0,0,0.00,NULL,0.00
2026-02-01,2026-02-28,Cheers On Demand (Kwik),995475,419558,NULL,0,0,0,0.00,0.00,0,0.00,0,0.00,0.00,0.00,0.00,0.00,100.0,0.0,0,NULL,0,NULL,NULL,0,0,0.00,NULL,0.00
2026-02-01,2026-02-28,Cheers On Demand (Metro Wines),973512,419558,NULL,0,0,0,0.00,0.00,0,0.00,0,0.00,0.00,0.00,0.00,0.00,100.0,0.0,0,NULL,0,NULL,NULL,0,0,0.00,NULL,0.00
2026-02-01,2026-02-28,Cheers On Demand (Olive Drive),1256714,419558,NULL,0,0,0,0.00,0.00,0,0.00,0,0.00,0.00,0.00,0.00,0.00,0.0,100.0,0,NULL,0,NULL,NULL,0,0,0.00,NULL,0.00
2026-02-01,2026-02-28,Cheers On Demand (Savemore),1230202,419558,NULL,0,0,0,0.00,0.00,0,0.00,0,0.00,0.00,0.00,0.00,0.00,100.0,0.0,0,NULL,0,NULL,NULL,0,0,0.00,NULL,0.00
2026-02-01,2026-02-28,Cheers On Demand (SeaBee),1594297,419558,3000 Taraval St,0,0,0,0.00,0.00,0,0.00,0,0.00,0.00,0.00,0.00,0.00,100.0,0.0,0,NULL,0,NULL,NULL,0,0,0.00,NULL,0.00
2026-02-01,2026-02-28,Cheers On Demand (Souza),995626,419558,NULL,0,0,0,0.00,0.00,0,0.00,0,0.00,0.00,0.00,0.00,0.00,100.0,0.0,0,NULL,0,NULL,NULL,0,0,0.00,NULL,0.00
2026-02-01,2026-02-28,Cheers On Demand (Yogi),1022519,419558,NULL,0,0,0,0.00,0.00,0,0.00,0,0.00,0.00,0.00,0.00,0.00,100.0,0.0,0,NULL,0,NULL,NULL,0,0,0.00,NULL,0.00
2026-02-01,2026-02-28,Cheers on Demand (Fillmore St),63275,419558,NULL,68,67,1,1.49,0.00,1,1.47,1,1.47,0.00,1.17,2.02,29.10,100.0,0.0,0,NULL,13,1,12,0,0,0.00,USD,21.00
2026-02-01,2026-02-28,Cheesecake And Dessert Bar,1591183,742206,NULL,8,6,1,16.67,18.49,2,25.00,2,25.00,0.00,0.58,4.98,51.83,97.9,2.1,847,NULL,0,NULL,NULL,0,0,0.00,USD,51.73
2026-02-01,2026-02-28,Cheesin' with My Mac (Federal Rd),2641432,932186,NULL,2,2,0,0.00,0.00,0,0.00,0,0.00,0.00,0.98,5.73,45.50,100.0,0.0,0,NULL,0,NULL,NULL,0,0,0.00,USD,45.13
2026-02-01,2026-02-28,Cheesy Mac Factory,35670053,11225451,35670053,14,13,2,15.38,53.71,1,7.14,0,0.00,0.00,0.21,5.34,35.92,98.44,1.56,299,NULL,2,NULL,NULL,2,0,0.00,USD,35.85
2026-02-01,2026-02-28,Chef Hanoka Sushi (2575 North Hollywood Way #107),23557145,355034,23557145,3,3,0,0.00,0.00,0,0.00,0,0.00,0.00,0.23,5.54,36.00,99.9,0.1,15,NULL,0,NULL,NULL,0,0,0.00,USD,36.12
2026-02-01,2026-02-28,Chef Hanoka Sushi (W Greenway Rd),23085448,355034,23085448,11,11,0,0.00,0.00,0,0.00,0,0.00,0.00,0.46,2.56,33.55,99.92,0.08,15,NULL,2,NULL,NULL,0,1,50.00,USD,33.74
2026-02-01,2026-02-28,Chef Hanoka Sushi (W Peoria Ave),23085625,355034,23085625,15,14,1,7.14,3.39,1,6.67,1,6.67,0.00,0.49,2.53,43.71,96.23,3.77,662,NULL,2,NULL,NULL,0,0,0.00,USD,43.69
2026-02-01,2026-02-28,Chef's Chicken Bowls (9737 Manchester Rd),32863708,13937659,32863708,19,19,1,5.26,4.55,0,0.00,0,0.00,0.00,0.93,7.06,36.33,100.0,0.0,0,NULL,3,NULL,NULL,0,2,66.67,USD,32.82
2026-02-01,2026-02-28,Chelsea's Breakfast Bar,33972175,349362,33972175,10,9,0,0.00,0.00,1,10.00,0,0.00,0.00,2.80,8.26,33.22,98.69,1.31,359,NULL,2,NULL,NULL,1,0,0.00,USD,33.47
2026-02-01,2026-02-28,Chelsea's Breakfast Bar,768849,349362,NULL,0,0,0,0.00,0.00,0,0.00,0,0.00,0.00,0.00,0.00,0.00,97.91,2.09,842,NULL,0,NULL,NULL,0,0,0.00,NULL,0.00
2026-02-01,2026-02-28,Cherry's Chic Desserts,39846441,11225452,39846441,6,5,2,40.00,25.75,1,16.67,0,0.00,0.00,0.84,4.22,33.00,99.23,0.77,195,NULL,1,NULL,NULL,1,0,0.00,USD,33.30
2026-02-01,2026-02-28,Cherry's Chic Desserts,35171571,11225452,35171571,1,0,0,0.00,0.00,1,100.00,0,0.00,100.00,0.00,0.00,0.00,94.83,5.17,1508,NULL,0,NULL,NULL,0,0,0.00,USD,0.00
2026-02-01,2026-02-28,Cherry's Chic Desserts (4249 Washington St),23784850,11225452,23784850,38,38,1,2.63,10.31,0,0.00,0,0.00,0.00,1.05,4.32,46.87,100.0,0.0,0,NULL,1,NULL,NULL,0,1,100.00,USD,47.43
2026-02-01,2026-02-28,Chicken Salad Bar (Sullivan St),23280271,349070,23280271,21,21,1,4.76,4.52,0,0.00,0,0.00,0.00,0.70,3.05,44.05,97.81,2.19,850,NULL,2,NULL,NULL,0,2,100.00,USD,41.23
2026-02-01,2026-02-28,Chicken Sandwich Loft,36255933,884543,36255933,1,0,0,0.00,0.00,1,100.00,1,100.00,0.00,0.00,0.00,0.00,97.72,2.28,917,NULL,0,NULL,NULL,0,0,0.00,USD,0.00
2026-02-01,2026-02-28,Chicken Sandwich Loft,35492905,884543,35492905,7,3,0,0.00,0.00,4,57.14,4,57.14,0.00,0.00,3.83,41.33,97.73,2.27,913,NULL,0,NULL,NULL,0,0,0.00,USD,41.37
2026-02-01,2026-02-28,Chicken Sandwich Loft,36520311,884543,36520311,1,1,0,0.00,0.00,0,0.00,0,0.00,0.00,0.00,2.10,47.00,96.57,3.43,556,NULL,0,NULL,NULL,0,0,0.00,USD,47.33
2026-02-01,2026-02-28,Chicken Sandwich Loft,33973531,884543,33973531,2,2,0,0.00,0.00,0,0.00,0,0.00,0.00,1.24,2.41,61.00,100.0,0.0,0,NULL,1,NULL,NULL,0,0,0.00,USD,60.89
2026-02-01,2026-02-28,Chicken Sandwich Loft,34338415,884543,34338415,10,9,0,0.00,0.00,1,10.00,0,0.00,0.00,0.09,4.01,29.00,100.0,0.0,0,NULL,0,NULL,NULL,0,0,0.00,USD,28.96
2026-02-01,2026-02-28,Chicken Sandwich Loft,36033935,884543,36033935,1,1,0,0.00,0.00,0,0.00,0,0.00,0.00,0.00,4.03,45.00,98.64,1.36,345,NULL,0,NULL,NULL,0,0,0.00,USD,44.50
2026-02-01,2026-02-28,Chicken Sandwich Loft,35637721,884543,35637721,1,0,0,0.00,0.00,1,100.00,1,100.00,0.00,0.00,0.00,0.00,94.07,5.93,854,NULL,0,NULL,NULL,0,0,0.00,USD,0.00
2026-02-01,2026-02-28,Chicken Sandwich Loft,26174821,884543,26174821,13,10,2,20.00,21.57,3,23.08,2,15.38,0.00,0.93,3.80,40.10,92.66,7.34,1314,NULL,1,NULL,NULL,0,0,0.00,USD,40.32
2026-02-01,2026-02-28,Chicken Sandwich Loft,37993457,884543,37993457,0,0,0,0.00,0.00,0,0.00,0,0.00,0.00,0.00,0.00,0.00,98.72,1.28,332,NULL,0,NULL,NULL,0,0,0.00,NULL,0.00
2026-02-01,2026-02-28,Chicken Sandwich Loft,37414009,884543,37414009,3,0,0,0.00,0.00,3,100.00,3,100.00,0.00,0.00,0.00,0.00,94.23,5.77,1355,NULL,0,NULL,NULL,0,0,0.00,USD,0.00
2026-02-01,2026-02-28,Chicken Sandwich Loft,37617154,884543,37617154,1,0,0,0.00,0.00,1,100.00,1,100.00,0.00,0.00,0.00,0.00,100.0,0.0,0,NULL,0,NULL,NULL,0,0,0.00,USD,0.00
2026-02-01,2026-02-28,Chicken Sandwich Loft (1282 Essex Ave),38214839,884543,38214839,0,0,0,0.00,0.00,0,0.00,0,0.00,0.00,0.00,0.00,0.00,0.0,100.0,0,NULL,0,NULL,NULL,0,0,0.00,NULL,0.00
2026-02-01,2026-02-28,Chicken Sandwich Loft (1595 Seminole Blvd),28605587,884543,28605587,0,0,0,0.00,0.00,0,0.00,0,0.00,0.00,0.00,0.00,0.00,100.0,0.0,0,NULL,0,NULL,NULL,0,0,0.00,NULL,0.00
2026-02-01,2026-02-28,Chicken Sandwich Loft (196 1st Ave),31313617,884543,31313617,0,0,0,0.00,0.00,0,0.00,0,0.00,0.00,0.00,0.00,0.00,96.87,3.13,787,NULL,0,NULL,NULL,0,0,0.00,NULL,0.00
2026-02-01,2026-02-28,Chicken Sandwich Loft (2126 E Apache Blvd),32923527,884543,32923527,2,2,0,0.00,0.00,0,0.00,0,0.00,0.00,0.00,2.48,30.00,100.0,0.0,0,NULL,0,NULL,NULL,0,0,0.00,USD,29.45
2026-02-01,2026-02-28,Chicken Sandwich Loft (2138 W National Ave),35743615,884543,35743615,1,1,0,0.00,0.00,0,0.00,0,0.00,0.00,0.45,3.03,32.00,98.69,1.31,141,NULL,1,NULL,NULL,1,0,0.00,USD,32.08
2026-02-01,2026-02-28,Chicken Sandwich Loft (2511 Washington Blvd),27667571,884543,27667571,10,10,0,0.00,0.00,0,0.00,0,0.00,0.00,1.10,3.83,51.80,100.0,0.0,0,NULL,2,NULL,NULL,1,0,0.00,USD,51.70
2026-02-01,2026-02-28,Chicken Sandwich Loft (6600 W Sylvania Ave),27741728,884543,27741728,1,1,0,0.00,0.00,0,0.00,0,0.00,0.00,6.92,16.30,50.00,100.0,0.0,0,NULL,0,NULL,NULL,0,0,0.00,USD,50.17
2026-02-01,2026-02-28,Chicken Sandwich Loft (751 Post Road),26292097,884543,26292097,0,0,0,0.00,0.00,0,0.00,0,0.00,0.00,0.00,0.00,0.00,96.33,3.67,541,NULL,0,NULL,NULL,0,0,0.00,NULL,0.00
2026-02-01,2026-02-28,Chicken Sandwich Loft (97 Lexington Ave),26152966,884543,26152966,4,4,0,0.00,0.00,0,0.00,0,0.00,0.00,0.15,4.94,24.75,97.91,2.09,844,NULL,0,NULL,NULL,0,0,0.00,USD,24.84
2026-02-01,2026-02-28,Chicken Tenders Bar (4249 Washington St),23785266,665021,23785266,15,14,1,7.14,16.04,1,6.67,0,0.00,0.00,1.37,5.17,37.79,100.0,0.0,0,NULL,0,NULL,NULL,0,0,0.00,USD,36.39
2026-02-01,2026-02-28,Chief's Cheesesteaks,35446349,861219,35446349,2,2,0,0.00,0.00,0,0.00,0,0.00,0.00,3.50,4.18,40.00,97.89,2.11,850,NULL,0,NULL,NULL,0,0,0.00,USD,39.94
2026-02-01,2026-02-28,Chief's Cheesesteaks (Lee Hwy),22981379,861219,22981379,6,6,1,16.67,4.82,0,0.00,0,0.00,0.00,0.80,10.20,55.83,100.0,0.0,0,NULL,1,NULL,NULL,1,0,0.00,USD,55.87
2026-02-01,2026-02-28,Chinese Fried Rice Spot (S Higley Rd),23087862,554838,23087862,2,0,0,0.00,0.00,2,100.00,1,50.00,0.00,0.00,0.00,0.00,100.0,0.0,0,NULL,0,NULL,NULL,0,0,0.00,USD,0.00
2026-02-01,2026-02-28,Chop & Dice Salads,34338911,11225453,34338911,0,0,0,0.00,0.00,0,0.00,0,0.00,0.00,0.00,0.00,0.00,98.27,1.73,553,NULL,0,NULL,NULL,0,0,0.00,NULL,0.00
2026-02-01,2026-02-28,Chop & Dice Salads (3349 Mission St),34338815,11225453,34338815,7,7,1,14.29,13.17,0,0.00,0,0.00,0.00,0.06,2.27,68.29,99.71,0.29,63,NULL,1,NULL,NULL,1,0,0.00,USD,68.41
2026-02-01,2026-02-28,Chop & Dice Salads (415 E Windmill Ln),27741698,11225453,27741698,4,4,0,0.00,0.00,0,0.00,0,0.00,0.00,0.00,6.78,36.75,99.05,0.95,268,NULL,1,NULL,NULL,0,1,100.00,USD,36.81
2026-02-01,2026-02-28,Chop & Dice Salads (5510 Post Oak Blvd),23598114,11225453,23598114,0,0,0,0.00,0.00,0,0.00,0,0.00,0.00,0.00,0.00,0.00,0.0,100.0,0,NULL,0,NULL,NULL,0,0,0.00,NULL,0.00
2026-02-01,2026-02-28,Chris's Chicken Tenders,1556230,732077,NULL,5,5,0,0.00,0.00,0,0.00,0,0.00,0.00,0.09,3.21,48.00,100.0,0.0,0,NULL,0,NULL,NULL,0,0,0.00,USD,39.44
2026-02-01,2026-02-28,Chris's Chicken Tenders,36019345,732077,36019345,7,6,1,16.67,1.86,1,14.29,0,0.00,0.00,0.41,2.76,46.00,93.2,6.8,1113,NULL,1,NULL,NULL,1,0,0.00,USD,37.09
2026-02-01,2026-02-28,Christina's Vegan Cafe (1201 Castle Hill Ave),34249041,14303837,34249041,2,0,0,0.00,0.00,2,100.00,2,100.00,0.00,0.00,0.00,0.00,67.52,32.48,13088,NULL,0,NULL,NULL,0,0,0.00,USD,0.00
2026-02-01,2026-02-28,Christina's Vegan Cafe (1726 2nd Ave),34249039,14303837,34249039,1,1,0,0.00,0.00,0,0.00,0,0.00,0.00,0.00,3.40,22.00,99.29,0.71,165,NULL,0,NULL,NULL,0,0,0.00,USD,22.22
2026-02-01,2026-02-28,Christina's Vegan Cafe (58 St Marks Pl),34249037,14303837,34249037,2,2,0,0.00,0.00,0,0.00,0,0.00,0.00,7.50,9.05,42.50,100.0,0.0,0,NULL,0,NULL,NULL,0,0,0.00,USD,43.16
2026-02-01,2026-02-28,Chuck's Cheesesteaks,1580781,338895,NULL,0,0,0,0.00,0.00,0,0.00,0,0.00,0.00,0.00,0.00,0.00,98.21,1.79,345,NULL,0,NULL,NULL,0,0,0.00,NULL,0.00
2026-02-01,2026-02-28,Chucks Cheesecakes (682 Morris Park Avenue),37530643,689463,37530643,1,1,0,0.00,0.00,0,0.00,0,0.00,0.00,0.00,1.33,36.00,96.96,3.04,510,NULL,0,NULL,NULL,0,0,0.00,USD,35.42
2026-02-01,2026-02-28,City Life Breakfast,35170821,994325,35170821,1,0,0,0.00,0.00,1,100.00,0,0.00,100.00,0.00,0.00,0.00,98.42,1.58,461,NULL,0,NULL,NULL,0,0,0.00,USD,0.00
2026-02-01,2026-02-28,City Life Breakfast,35901053,994325,35901053,1,1,0,0.00,0.00,0,0.00,0,0.00,0.00,0.00,2.12,34.00,100.0,0.0,0,NULL,0,NULL,NULL,0,0,0.00,USD,33.22
2026-02-01,2026-02-28,City Light Wraps (1000 Palisades Center Dr),27682561,1031966,27682561,0,0,0,0.00,0.00,0,0.00,0,0.00,0.00,0.00,0.00,0.00,100.0,0.0,0,NULL,0,NULL,NULL,0,0,0.00,NULL,0.00
2026-02-01,2026-02-28,City Light Wraps (1201 Randall Avenue),23693129,1031966,23693129,3,3,0,0.00,0.00,0,0.00,0,0.00,0.00,0.63,2.08,54.67,97.4,2.6,375,NULL,0,NULL,NULL,0,0,0.00,USD,54.66
2026-02-01,2026-02-28,City Light Wraps (1947 E Main St),24704002,1031966,24704002,0,0,0,0.00,0.00,0,0.00,0,0.00,0.00,0.00,0.00,0.00,96.36,3.64,642,NULL,0,NULL,NULL,0,0,0.00,NULL,0.00
2026-02-01,2026-02-28,City Light Wraps (5701 Executive Center Dr),26292131,1031966,26292131,6,6,0,0.00,0.00,0,0.00,0,0.00,0.00,0.48,2.14,40.33,100.0,0.0,0,NULL,1,NULL,NULL,1,0,0.00,USD,40.10
2026-02-01,2026-02-28,City Light Wraps (810 N Vallejo),39042491,1031966,39042491,0,0,0,0.00,0.00,0,0.00,0,0.00,0.00,0.00,0.00,0.00,100.0,0.0,0,NULL,0,NULL,NULL,0,0,0.00,NULL,0.00
2026-02-01,2026-02-28,City Light Wraps - 800 Forrest St NW,27783266,1031966,27783266,0,0,0,0.00,0.00,0,0.00,0,0.00,0.00,0.00,0.00,0.00,0.0,100.0,0,NULL,0,NULL,NULL,0,0,0.00,NULL,0.00
2026-02-01,2026-02-28,Classic Cheeseburger Bar,1758531,214825,NULL,14,14,1,7.14,6.82,0,0.00,0,0.00,0.00,2.00,5.76,54.00,100.0,0.0,0,NULL,1,NULL,NULL,1,0,0.00,USD,44.11
2026-02-01,2026-02-28,Classic Cheeseburger Bar (560 E 149th St),33963911,214825,33963911,7,6,1,16.67,5.46,1,14.29,1,14.29,0.00,1.02,3.64,39.83,99.72,0.28,45,NULL,1,NULL,NULL,1,0,0.00,USD,39.78
2026-02-01,2026-02-28,Coffee Crema Snob (769 9th Ave #1),24556167,991906,24556167,2,2,0,0.00,0.00,0,0.00,0,0.00,0.00,0.00,8.58,45.50,97.9,2.1,846,NULL,1,NULL,NULL,0,0,0.00,USD,45.36
2026-02-01,2026-02-28,Coffee Crema Snob (Canal St),2566101,991906,NULL,0,0,0,0.00,0.00,0,0.00,0,0.00,0.00,0.00,0.00,0.00,100.0,0.0,0,NULL,0,NULL,NULL,0,0,0.00,NULL,0.00
2026-02-01,2026-02-28,Country Southern Diner (1201 Randall Avenue),23693111,11080589,23693111,9,9,0,0.00,0.00,0,0.00,0,0.00,0.00,0.54,3.07,51.89,97.4,2.6,375,NULL,1,NULL,NULL,0,1,100.00,USD,52.07
2026-02-01,2026-02-28,Country Southern Diner (Pennsylvania Ave),23038944,11080589,23038944,11,11,0,0.00,0.00,0,0.00,0,0.00,0.00,2.24,4.74,57.55,100.0,0.0,0,NULL,1,NULL,NULL,0,0,0.00,USD,57.38
2026-02-01,2026-02-28,Crack N Omelette (3001 S Bristol St),24438076,908479,24438076,3,3,0,0.00,0.00,0,0.00,0,0.00,0.00,0.47,2.81,35.67,100.0,0.0,0,NULL,1,NULL,NULL,0,1,100.00,USD,35.41
2026-02-01,2026-02-28,Creamy Cupcake Shop (801 S. 62nd St),24099483,1016452,24099483,0,0,0,0.00,0.00,0,0.00,0,0.00,0.00,0.00,0.00,0.00,0.0,100.0,0,NULL,0,NULL,NULL,0,0,0.00,NULL,0.00
2026-02-01,2026-02-28,Croissant Cravings,33899437,14211787,33899437,13,13,0,0.00,0.00,0,0.00,0,0.00,0.00,3.26,7.01,88.92,99.39,0.61,109,NULL,0,NULL,NULL,0,0,0.00,USD,37.38
2026-02-01,2026-02-28,Curry Curry Curry (S Abbott Ave),943687,419444,NULL,69,68,2,2.94,10.15,1,1.45,0,0.00,0.00,0.18,2.50,41.15,100.0,0.0,0,NULL,3,NULL,NULL,0,2,66.67,USD,36.53
2026-02-01,2026-02-28,DEACTIVATED Bhabi's Indian Restaurant(106),1059767,11181610,NULL,0,0,0,0.00,0.00,0,0.00,0,0.00,0.00,0.00,0.00,0.00,0.0,100.0,0,NULL,0,NULL,NULL,0,0,0.00,NULL,0.00
2026-02-01,2026-02-28,DEACTIVATED Hot Wings Co.,1006421,11181610,NULL,0,0,0,0.00,0.00,0,0.00,0,0.00,0.00,0.00,0.00,0.00,0.0,100.0,0,NULL,0,NULL,NULL,0,0,0.00,NULL,0.00
2026-02-01,2026-02-28,DNU Greens Salad God (2940 Justin Road #300),33898915,861211,33898915,0,0,0,0.00,0.00,0,0.00,0,0.00,0.00,0.00,0.00,0.00,0.0,100.0,0,NULL,0,NULL,NULL,0,0,0.00,NULL,0.00
2026-02-01,2026-02-28,DTLA Ramen Izakaya (W Camelback Rd),23087632,11114098,23087632,62,62,1,1.61,19.10,0,0.00,0,0.00,0.00,0.43,2.49,43.50,100.0,0.0,0,NULL,7,NULL,NULL,2,1,14.29,USD,43.19
2026-02-01,2026-02-28,Dad's Flamin' Quesadillas (7955 E Frontage Rd),24974912,11225456,24974912,9,9,0,0.00,0.00,0,0.00,0,0.00,0.00,0.00,2.83,34.00,100.0,0.0,0,NULL,0,NULL,NULL,0,0,0.00,USD,34.03
2026-02-01,2026-02-28,Dad's Flamin' Quesadillas (916 Hempstead Turnpike),33895755,11225456,33895755,5,5,0,0.00,0.00,0,0.00,0,0.00,0.00,0.00,7.34,39.60,99.33,0.67,135,NULL,0,NULL,NULL,0,0,0.00,USD,39.43
2026-02-01,2026-02-28,Dangerous Ice Cream (34-02 30th St),24227750,891048,24227750,0,0,0,0.00,0.00,0,0.00,0,0.00,0.00,0.00,0.00,0.00,99.15,0.85,285,NULL,0,NULL,NULL,0,0,0.00,NULL,0.00
2026-02-01,2026-02-28,Dangerous Ice Cream (867 FIllmore Street),2110247,891048,NULL,13,11,1,9.09,7.95,2,15.38,0,0.00,0.00,0.24,2.39,29.36,100.0,0.0,0,NULL,2,NULL,NULL,1,0,0.00,USD,31.65
2026-02-01,2026-02-28,Danny's Desserts (1147 West Chester Pike),1458742,667886,NULL,32,31,2,6.45,37.39,1,3.13,0,0.00,0.00,1.43,2.79,41.35,100.0,0.0,0,NULL,1,NULL,NULL,1,0,0.00,USD,38.94
2026-02-01,2026-02-28,Danny's Desserts (4352 E Speedway Blvd),36019835,667886,36019835,16,16,1,6.25,8.68,0,0.00,0,0.00,0.00,1.22,4.29,34.63,99.38,0.62,239,NULL,0,NULL,NULL,0,0,0.00,USD,34.61
2026-02-01,2026-02-28,Danny's Desserts (Van Nuys Blvd),23532713,667886,23532713,8,7,1,14.29,2.31,1,12.50,1,12.50,0.00,1.79,5.29,52.14,100.0,0.0,0,NULL,0,NULL,NULL,0,0,0.00,USD,52.29
2026-02-01,2026-02-28,Day N Night Pancakes (N Citrus Ave),2458848,910561,NULL,8,8,0,0.00,0.00,0,0.00,0,0.00,0.00,0.00,2.13,39.88,100.0,0.0,0,NULL,1,NULL,NULL,0,1,100.00,USD,39.80
2026-02-01,2026-02-28,Day N Night Pancakes (Sullivan St),2269274,910561,NULL,8,8,0,0.00,0.00,0,0.00,0,0.00,0.00,0.16,2.20,41.88,97.88,2.12,854,NULL,0,NULL,NULL,0,0,0.00,USD,41.93
2026-02-01,2026-02-28,Daybreak Breakfast Club,36587123,13937661,36587123,4,3,1,33.33,1.81,1,25.00,1,25.00,0.00,1.23,8.87,38.00,95.19,4.81,970,NULL,1,NULL,NULL,0,0,0.00,USD,38.01
2026-02-01,2026-02-28,Daybreak Breakfast Club,36256561,908591,36256561,0,0,0,0.00,0.00,0,0.00,0,0.00,0.00,0.00,0.00,0.00,98.53,1.47,345,NULL,0,NULL,NULL,0,0,0.00,NULL,0.00
2026-02-01,2026-02-28,Daybreak Breakfast Club (168 Myrtle Ave),32863821,908591,32863821,42,42,2,4.76,13.09,0,0.00,0,0.00,0.00,3.71,7.76,43.85,97.91,2.09,844,NULL,4,NULL,NULL,0,1,25.00,USD,38.24
2026-02-01,2026-02-28,Daybreak Breakfast Club (Washington Blvd),2422926,908591,NULL,8,8,0,0.00,0.00,0,0.00,0,0.00,0.00,2.09,6.93,30.63,100.0,0.0,0,NULL,1,NULL,NULL,0,0,0.00,USD,30.53
2026-02-01,2026-02-28,Despicable Wraps,37414343,882513,37414343,0,0,0,0.00,0.00,0,0.00,0,0.00,0.00,0.00,0.00,0.00,83.68,16.32,6577,NULL,0,NULL,NULL,0,0,0.00,NULL,0.00
2026-02-01,2026-02-28,Despicable Wraps (1219 1st Avenue),2230479,882513,NULL,1,1,0,0.00,0.00,0,0.00,0,0.00,0.00,0.00,9.22,36.00,98.79,1.21,315,NULL,0,NULL,NULL,0,0,0.00,USD,36.47
2026-02-01,2026-02-28,Despicable Wraps (300 8th Ave),2102745,882513,NULL,1,1,0,0.00,0.00,0,0.00,0,0.00,0.00,0.00,1.62,27.00,98.21,1.79,345,NULL,0,NULL,NULL,0,0,0.00,USD,26.73
2026-02-01,2026-02-28,Despicable Wraps (Canal St),2548391,882513,NULL,0,0,0,0.00,0.00,0,0.00,0,0.00,0.00,0.00,0.00,0.00,100.0,0.0,0,NULL,0,NULL,NULL,0,0,0.00,NULL,0.00
2026-02-01,2026-02-28,Devil's Burger Bar (22 4th Ave),33895959,364336,33895959,0,0,0,0.00,0.00,0,0.00,0,0.00,0.00,0.00,0.00,0.00,0.0,100.0,0,NULL,0,NULL,NULL,0,0,0.00,NULL,0.00
2026-02-01,2026-02-28,Divya's Indian Restaurant,35648739,11100795,35648739,6,1,0,0.00,0.00,5,83.33,2,33.33,0.00,0.00,0.00,98.00,94.14,5.86,1362,NULL,0,NULL,NULL,0,0,0.00,USD,0.00
2026-02-01,2026-02-28,Dosa on Dosa (3301 Preston Rd),24051985,883386,24051985,2,2,0,0.00,0.00,0,0.00,0,0.00,0.00,22.92,16.88,64.50,100.0,0.0,0,NULL,0,NULL,NULL,0,0,0.00,USD,64.40
2026-02-01,2026-02-28,Doughboys Sandwiches (101 Guyon Ave),26292279,903860,26292279,19,19,1,5.26,3.23,0,0.00,0,0.00,0.00,1.40,2.71,54.53,97.89,2.11,852,NULL,1,NULL,NULL,0,0,0.00,USD,44.06
2026-02-01,2026-02-28,Doughboys Sandwiches (105 Avenue A),33973693,903860,33973693,0,0,0,0.00,0.00,0,0.00,0,0.00,0.00,0.00,0.00,0.00,98.44,1.56,456,NULL,0,NULL,NULL,0,0,0.00,NULL,0.00
2026-02-01,2026-02-28,Doughboys Sandwiches (1174 Chapel St),35492373,903860,35492373,0,0,0,0.00,0.00,0,0.00,0,0.00,0.00,0.00,0.00,0.00,100.0,0.0,0,NULL,0,NULL,NULL,0,0,0.00,NULL,0.00
2026-02-01,2026-02-28,Doughboys Sandwiches (1268 W 86th St),32923607,903860,32923607,7,7,0,0.00,0.00,0,0.00,0,0.00,0.00,0.61,3.55,40.57,98.49,1.51,268,NULL,0,NULL,NULL,0,0,0.00,USD,40.61
2026-02-01,2026-02-28,Doughboys Sandwiches (3161 Michelson Dr),33899333,903860,33899333,1,1,0,0.00,0.00,0,0.00,0,0.00,0.00,0.00,2.32,205.00,100.0,0.0,0,NULL,0,NULL,NULL,0,0,0.00,USD,0.00
2026-02-01,2026-02-28,Doughboys Sandwiches (4th Ave),23556079,903860,23556079,3,3,0,0.00,0.00,0,0.00,0,0.00,0.00,0.55,4.04,37.33,99.07,0.93,345,NULL,0,NULL,NULL,0,0,0.00,USD,37.12
2026-02-01,2026-02-28,Doughboys Sandwiches (5108 Conveyor Dr),24606239,903860,24606239,0,0,0,0.00,0.00,0,0.00,0,0.00,0.00,0.00,0.00,0.00,0.0,100.0,0,NULL,0,NULL,NULL,0,0,0.00,NULL,0.00
2026-02-01,2026-02-28,EZ Cheesesteaks (3846 Mowry Ave),32926571,911656,32926571,46,45,4,8.89,29.14,1,2.17,1,2.17,0.00,0.32,3.17,42.67,99.56,0.44,104,NULL,12,NULL,NULL,2,6,50.00,USD,32.76
2026-02-01,2026-02-28,EarlyBites Sandwiches,33971941,14229855,33971941,0,0,0,0.00,0.00,0,0.00,0,0.00,0.00,0.00,0.00,0.00,100.0,0.0,0,NULL,0,NULL,NULL,0,0,0.00,NULL,0.00
2026-02-01,2026-02-28,Empire State Panini,1725776,791207,NULL,11,10,1,10.00,7.05,1,9.09,1,9.09,0.00,1.07,6.17,28.20,98.4,1.6,484,NULL,0,NULL,NULL,0,0,0.00,USD,28.25
2026-02-01,2026-02-28,Empire State Panini (Broadway),31536859,791207,31536859,3,3,0,0.00,0.00,0,0.00,0,0.00,0.00,0.69,4.01,33.33,97.92,2.08,840,NULL,0,NULL,NULL,0,0,0.00,USD,38.13
2026-02-01,2026-02-28,Erica's Shake Shack,37566393,11146897,37566393,8,6,0,0.00,0.00,2,25.00,2,25.00,0.00,2.34,6.12,33.00,99.24,0.76,146,NULL,0,NULL,NULL,0,0,0.00,USD,32.87
2026-02-01,2026-02-28,Evan's Burger Empire (143 Grand Street),24770450,11225461,24770450,1,0,0,0.00,0.00,1,100.00,1,100.00,0.00,0.00,0.00,0.00,100.0,0.0,0,NULL,0,NULL,NULL,0,0,0.00,USD,0.00
2026-02-01,2026-02-28,Evan's Burger Empire (877 10th Ave),25130156,11225461,25130156,5,1,0,0.00,0.00,4,80.00,4,80.00,0.00,0.00,11.88,38.00,92.88,7.12,2084,NULL,0,NULL,NULL,0,0,0.00,USD,38.17
2026-02-01,2026-02-28,Exquisite Bowls,35493035,750044,35493035,11,7,0,0.00,0.00,4,36.36,4,36.36,0.00,0.49,3.36,29.29,97.88,2.12,854,NULL,0,NULL,NULL,0,0,0.00,USD,27.64
2026-02-01,2026-02-28,Exquisite Bowls,37413841,750044,37413841,8,1,0,0.00,0.00,7,87.50,5,62.50,0.00,0.00,0.00,37.00,79.34,20.66,8326,NULL,0,NULL,NULL,0,0,0.00,USD,36.52
2026-02-01,2026-02-28,Exquisite Bowls,33948073,750044,33948073,17,14,1,7.14,6.37,3,17.65,2,11.76,0.00,1.70,4.87,64.57,95.75,4.25,1712,NULL,1,NULL,NULL,1,0,0.00,USD,43.67
2026-02-01,2026-02-28,Exquisite Bowls (1824 2nd Ave),33948075,750044,33948075,12,11,0,0.00,0.00,1,8.33,1,8.33,0.00,5.12,11.55,33.27,97.75,2.25,906,NULL,0,NULL,NULL,0,0,0.00,USD,33.20
2026-02-01,2026-02-28,Exquisite Bowls (8770 E McDowell Rd),33948069,750044,33948069,46,46,0,0.00,0.00,0,0.00,0,0.00,0.00,0.61,4.85,48.11,100.0,0.0,0,NULL,3,NULL,NULL,0,2,66.67,USD,33.90
2026-02-01,2026-02-28,Exquisite Bowls - 2705 Stoneridge Dr Unit B (Inside Pacific Food Hall),27833988,750044,27833988,0,0,0,0.00,0.00,0,0.00,0,0.00,0.00,0.00,0.00,0.00,0.0,100.0,0,NULL,0,NULL,NULL,0,0,0.00,NULL,0.00
2026-02-01,2026-02-28,Exquisite Poke Bowls (33757 Woodward Ave),24387240,998827,24387240,7,7,1,14.29,7.16,0,0.00,0,0.00,0.00,0.80,2.92,43.71,100.0,0.0,0,NULL,1,NULL,NULL,0,0,0.00,USD,31.12
2026-02-01,2026-02-28,Exquisite Poke Bowls (5021 Verdugo Way #109-A),27478242,750044,27478242,9,9,0,0.00,0.00,0,0.00,0,0.00,0.00,2.60,4.54,46.11,99.96,0.04,7,NULL,1,NULL,NULL,0,1,100.00,USD,46.25
2026-02-01,2026-02-28,Fallen Angel Wings (1368 N Arizona Ave),31313215,380093,31313215,13,13,0,0.00,0.00,0,0.00,0,0.00,0.00,0.13,3.40,30.31,100.0,0.0,0,NULL,0,NULL,NULL,0,0,0.00,USD,30.47
2026-02-01,2026-02-28,Fallon's Fried Chicken,35854061,368965,35854061,8,8,0,0.00,0.00,0,0.00,0,0.00,0.00,0.38,4.71,38.13,94.96,5.04,1775,NULL,1,NULL,NULL,1,0,0.00,USD,37.79
2026-02-01,2026-02-28,Fallon's Fried Chicken,33972435,368965,33972435,3,3,0,0.00,0.00,0,0.00,0,0.00,0.00,1.09,9.55,39.67,98.69,1.31,359,NULL,0,NULL,NULL,0,0,0.00,USD,39.42
2026-02-01,2026-02-28,Fallon's Fried Chicken (Pico Blvd),828125,368965,NULL,7,7,0,0.00,0.00,0,0.00,0,0.00,0.00,0.93,2.32,33.00,100.0,0.0,0,NULL,1,NULL,NULL,0,0,0.00,USD,33.18
2026-02-01,2026-02-28,Famous Gyro Bar,779913,351303,NULL,10,10,0,0.00,0.00,0,0.00,0,0.00,0.00,0.22,2.76,52.40,97.89,2.11,849,NULL,0,NULL,NULL,0,0,0.00,USD,30.26
2026-02-01,2026-02-28,Famous Gyro Bar (W 125th St),23135972,351303,23135972,0,0,0,0.00,0.00,0,0.00,0,0.00,0.00,0.00,0.00,0.00,0.0,100.0,0,NULL,0,NULL,NULL,0,0,0.00,NULL,0.00
2026-02-01,2026-02-28,Farmer Girl Salad (301 W 96th St),23557659,283534,23557659,2,1,0,0.00,0.00,1,50.00,0,0.00,0.00,0.57,5.27,33.00,97.83,2.17,844,NULL,0,NULL,NULL,0,0,0.00,USD,33.93
2026-02-01,2026-02-28,Farmer's Village Breakfast (34-02 30th St),24637114,882515,24637114,11,11,0,0.00,0.00,0,0.00,0,0.00,0.00,1.57,2.61,56.09,99.15,0.85,285,NULL,1,NULL,NULL,0,1,100.00,USD,56.19
2026-02-01,2026-02-28,Farmers Market Salads,33899541,14211817,33899541,1,0,0,0.00,0.00,1,100.00,0,0.00,100.00,0.00,0.00,0.00,100.0,0.0,0,NULL,0,NULL,NULL,0,0,0.00,USD,0.00
2026-02-01,2026-02-28,Farmers Market Salads (4507 West Coast Hwy),40119159,14211817,40119159,0,0,0,0.00,0.00,0,0.00,0,0.00,0.00,0.00,0.00,0.00,100.0,0.0,0,NULL,0,NULL,NULL,0,0,0.00,NULL,0.00
2026-02-01,2026-02-28,"Fat Cheesesteaks  (The Bronx, NY)",1413372,629629,NULL,0,0,0,0.00,0.00,0,0.00,0,0.00,0.00,0.00,0.00,0.00,17.29,82.71,10669,NULL,0,NULL,NULL,0,0,0.00,NULL,0.00
2026-02-01,2026-02-28,Fat Cheesesteaks (Virtual Brand)(Santa Monica),1335600,629629,NULL,33,33,0,0.00,0.00,0,0.00,0,0.00,0.00,0.73,3.03,42.15,100.0,0.0,0,NULL,1,NULL,NULL,0,1,100.00,USD,39.62
2026-02-01,2026-02-28,Fierce Chicken Sandwich,36364773,11411069,36364773,0,0,0,0.00,0.00,0,0.00,0,0.00,0.00,0.00,0.00,0.00,99.13,0.87,147,NULL,0,NULL,NULL,0,0,0.00,NULL,0.00
2026-02-01,2026-02-28,Fierce Chicken Sandwich,37994405,11411069,37994405,7,7,1,14.29,19.04,0,0.00,0,0.00,0.00,2.51,5.93,37.43,99.05,0.95,168,NULL,1,NULL,NULL,0,1,100.00,USD,37.48
2026-02-01,2026-02-28,Fierce Chicken Sandwich,37375655,11411069,37375655,0,0,0,0.00,0.00,0,0.00,0,0.00,0.00,0.00,0.00,0.00,97.64,2.36,574,NULL,0,NULL,NULL,0,0,0.00,NULL,0.00
2026-02-01,2026-02-28,Fierce Chicken Sandwich,38057903,11411069,38057903,1,0,0,0.00,0.00,1,100.00,0,0.00,0.00,0.00,0.00,0.00,100.0,0.0,0,NULL,0,NULL,NULL,0,0,0.00,USD,0.00
2026-02-01,2026-02-28,Fierce Chicken Sandwich,41189327,11411069,41189327,0,0,0,0.00,0.00,0,0.00,0,0.00,0.00,0.00,0.00,0.00,0.0,100.0,0,NULL,0,NULL,NULL,0,0,0.00,NULL,0.00
2026-02-01,2026-02-28,Fierce Chicken Sandwich,37413325,11411069,37413325,1,0,0,0.00,0.00,1,100.00,1,100.00,0.00,0.00,0.00,0.00,83.68,16.32,6577,NULL,0,NULL,NULL,0,0,0.00,USD,0.00
2026-02-01,2026-02-28,Fierce Chicken Sandwich,39162061,11411069,39162061,9,3,0,0.00,0.00,6,66.67,6,66.67,0.00,1.13,9.46,50.33,89.53,10.47,1997,NULL,0,NULL,NULL,0,0,0.00,USD,50.21
2026-02-01,2026-02-28,Fierce Chicken Sandwich,35681661,11411069,35681661,9,8,0,0.00,0.00,1,11.11,1,11.11,0.00,1.44,4.94,43.88,92.95,7.05,694,NULL,2,NULL,NULL,0,2,100.00,USD,39.59
2026-02-01,2026-02-28,Fierce Chicken Sandwich,35809781,11411069,35809781,0,0,0,0.00,0.00,0,0.00,0,0.00,0.00,0.00,0.00,0.00,98.6,1.4,285,NULL,0,NULL,NULL,0,0,0.00,NULL,0.00
2026-02-01,2026-02-28,Fierce Chicken Sandwich (1541 Glenn School Rd suite 17),31314095,11411069,31314095,1,1,0,0.00,0.00,0,0.00,0,0.00,0.00,0.00,18.68,43.00,100.0,0.0,0,NULL,0,NULL,NULL,0,0,0.00,USD,43.03
2026-02-01,2026-02-28,Fierce Chicken Sandwich (18679 W Dixie Highway),38796180,11411069,38796180,1,0,0,0.00,0.00,1,100.00,1,100.00,0.00,0.00,0.00,0.00,99.79,0.21,44,NULL,0,NULL,NULL,0,0,0.00,USD,0.00
2026-02-01,2026-02-28,Fierce Chicken Sandwich (226 1/2 Newark Ave),24899866,11411069,24899866,9,9,1,11.11,8.97,0,0.00,0,0.00,0.00,11.98,13.16,76.11,99.93,0.07,30,NULL,0,NULL,NULL,0,0,0.00,USD,76.23
2026-02-01,2026-02-28,Fierce Chicken Sandwich (456 Grove St),32863881,11411069,32863881,1,1,0,0.00,0.00,0,0.00,0,0.00,0.00,13.70,19.17,55.00,100.0,0.0,0,NULL,0,NULL,NULL,0,0,0.00,USD,54.97
2026-02-01,2026-02-28,Fierce Chicken Sandwich (589 1st Avenue),35115667,11411069,35115667,4,4,0,0.00,0.00,0,0.00,0,0.00,0.00,0.20,2.83,32.25,97.59,2.41,970,NULL,0,NULL,NULL,0,0,0.00,USD,32.06
2026-02-01,2026-02-28,Fierce Chicken Sandwich (590 32nd St),32863877,11411069,32863877,0,0,0,0.00,0.00,0,0.00,0,0.00,0.00,0.00,0.00,0.00,99.34,0.66,87,NULL,0,NULL,NULL,0,0,0.00,NULL,0.00
2026-02-01,2026-02-28,Fierce Chicken Sandwich (6413 Hillcrest Ave),35668945,11411069,35668945,2,2,1,50.00,20.68,0,0.00,0,0.00,0.00,0.00,3.97,22.00,98.44,1.56,299,NULL,1,NULL,NULL,1,0,0.00,USD,21.18
2026-02-01,2026-02-28,Fierce Chicken Sandwich (766 Grand St),38210463,11411069,38210463,0,0,0,0.00,0.00,0,0.00,0,0.00,0.00,0.00,0.00,0.00,98.62,1.38,376,NULL,0,NULL,NULL,0,0,0.00,NULL,0.00
2026-02-01,2026-02-28,Fierce Chicken Sandwich (810 N Vallejo),39042683,11411069,39042683,0,0,0,0.00,0.00,0,0.00,0,0.00,0.00,0.00,0.00,0.00,100.0,0.0,0,NULL,0,NULL,NULL,0,0,0.00,NULL,0.00
2026-02-01,2026-02-28,Fiesta Mexibowl,39161859,16733658,39161859,2,2,0,0.00,0.00,0,0.00,0,0.00,0.00,0.00,3.35,42.50,100.0,0.0,0,NULL,0,NULL,NULL,0,0,0.00,USD,42.77
2026-02-01,2026-02-28,Fiesta Mexican Spot,36034031,391672,36034031,1,1,0,0.00,0.00,0,0.00,0,0.00,0.00,0.00,28.80,87.00,98.59,1.41,345,NULL,1,NULL,NULL,0,0,0.00,USD,86.65
2026-02-01,2026-02-28,Fiesta Mexican Spot  (3605 W Chandler Blvd #105),27925744,391672,27925744,0,0,0,0.00,0.00,0,0.00,0,0.00,0.00,0.00,0.00,0.00,0.0,100.0,0,NULL,0,NULL,NULL,0,0,0.00,NULL,0.00
2026-02-01,2026-02-28,Fiesta Mexican Spot (1131 Westwood Blvd),23556706,391672,23556706,0,0,0,0.00,0.00,0,0.00,0,0.00,0.00,0.00,0.00,0.00,0.0,100.0,0,NULL,0,NULL,NULL,0,0,0.00,NULL,0.00
2026-02-01,2026-02-28,Fiesta Mexican Spot (Hillside Ave),2849804,391672,2849804,4,4,0,0.00,0.00,0,0.00,0,0.00,0.00,0.95,4.21,64.75,97.9,2.1,846,NULL,1,NULL,NULL,1,0,0.00,USD,46.27
2026-02-01,2026-02-28,Fiesta Vegan Mexican (3917 4th Ave),27682621,11102225,27682621,1,0,0,0.00,0.00,1,100.00,1,100.00,0.00,0.00,0.00,0.00,100.0,0.0,0,NULL,0,NULL,NULL,0,0,0.00,USD,0.00
2026-02-01,2026-02-28,Fiesta Vegan Mexican (4955 Voltaire St),24270691,11102225,24270691,19,18,3,16.67,25.56,1,5.26,1,5.26,0.00,0.96,2.29,53.44,100.0,0.0,0,NULL,3,NULL,NULL,0,2,66.67,USD,50.20
2026-02-01,2026-02-28,Fine Line Desserts (12453 Oxnard St),26153026,921991,26153026,7,6,0,0.00,0.00,1,14.29,0,0.00,14.29,0.00,1.72,23.67,99.13,0.87,147,NULL,1,NULL,NULL,0,1,100.00,USD,23.77
2026-02-01,2026-02-28,Finger Lickin Fried Chicken (854 N Broadway),31619811,392011,31619811,2,2,0,0.00,0.00,0,0.00,0,0.00,0.00,0.86,2.63,36.00,100.0,0.0,0,NULL,0,NULL,NULL,0,0,0.00,USD,36.18
2026-02-01,2026-02-28,Finn's Famous Fries (3846 Mowry Ave),32926642,11225462,32926642,9,9,1,11.11,14.78,0,0.00,0,0.00,0.00,0.29,4.84,37.00,100.0,0.0,0,NULL,0,NULL,NULL,0,0,0.00,USD,27.12
2026-02-01,2026-02-28,Fiona's Breakfast Burritos,37618873,13937663,37618873,0,0,0,0.00,0.00,0,0.00,0,0.00,0.00,0.00,0.00,0.00,100.0,0.0,0,NULL,0,NULL,NULL,0,0,0.00,NULL,0.00
2026-02-01,2026-02-28,Fiona's Breakfast Burritos (1282 Essex Ave),38215083,13937663,38215083,0,0,0,0.00,0.00,0,0.00,0,0.00,0.00,0.00,0.00,0.00,0.0,100.0,0,NULL,0,NULL,NULL,0,0,0.00,NULL,0.00
2026-02-01,2026-02-28,Fiona's Breakfast Burritos (1929 Chestnut St),32863835,13937663,32863835,0,0,0,0.00,0.00,0,0.00,0,0.00,0.00,0.00,0.00,0.00,0.0,100.0,0,NULL,0,NULL,NULL,0,0,0.00,NULL,0.00
2026-02-01,2026-02-28,Fiona's Breakfast Burritos (277 Gold Street),32863837,13937663,32863837,8,8,1,12.50,12.43,0,0.00,0,0.00,0.00,0.90,4.00,41.25,97.91,2.09,844,NULL,1,NULL,NULL,1,0,0.00,USD,41.26
2026-02-01,2026-02-28,Fiona's Breakfast Burritos (433 W 34th st),33886909,13937663,33886909,8,7,0,0.00,0.00,1,12.50,0,0.00,0.00,0.96,2.87,29.57,97.88,2.12,853,NULL,0,NULL,NULL,0,0,0.00,USD,29.57
2026-02-01,2026-02-28,Fiona's Breakfast Burritos (7701 Garrison Road),24227583,693494,24227583,38,38,0,0.00,0.00,0,0.00,0,0.00,0.00,0.29,2.07,41.95,100.0,0.0,0,NULL,0,NULL,NULL,0,0,0.00,USD,42.04
2026-02-01,2026-02-28,Fiona's Breakfast Burritos (Michelson Dr),22988449,693494,22988449,28,27,3,11.11,50.62,1,3.57,1,3.57,0.00,1.61,3.27,51.73,100.0,0.0,0,NULL,3,NULL,NULL,0,2,66.67,USD,41.71
2026-02-01,2026-02-28,Fiona's Breakfast Burritos -  (Polk St),1456061,693494,NULL,13,13,1,7.69,2.31,0,0.00,0,0.00,0.00,1.96,5.05,36.31,98.47,1.53,551,NULL,1,NULL,NULL,0,0,0.00,USD,32.57
2026-02-01,2026-02-28,Fiona's Pancake Bar,1008360,449678,NULL,4,4,0,0.00,0.00,0,0.00,0,0.00,0.00,1.99,4.62,50.00,98.57,1.43,315,NULL,0,NULL,NULL,0,0,0.00,USD,49.91
2026-02-01,2026-02-28,Fiona's Ultimate Wraps,2236277,857894,NULL,0,0,0,0.00,0.00,0,0.00,0,0.00,0.00,0.00,0.00,0.00,0.0,100.0,0,NULL,0,NULL,NULL,0,0,0.00,NULL,0.00
2026-02-01,2026-02-28,Fiona's Ultimate Wraps,38215689,857894,38215689,0,0,0,0.00,0.00,0,0.00,0,0.00,0.00,0.00,0.00,0.00,98.96,1.04,150,NULL,0,NULL,NULL,0,0,0.00,NULL,0.00
2026-02-01,2026-02-28,Fiona's Ultimate Wraps (607 9th Ave),2389718,857894,2389718,0,0,0,0.00,0.00,0,0.00,0,0.00,0.00,0.00,0.00,0.00,0.0,100.0,0,NULL,0,NULL,NULL,0,0,0.00,NULL,0.00
2026-02-01,2026-02-28,Fiona's Ultimate Wraps (766 Grand St),38211325,857894,38211325,0,0,0,0.00,0.00,0,0.00,0,0.00,0.00,0.00,0.00,0.00,98.59,1.41,285,NULL,0,NULL,NULL,0,0,0.00,NULL,0.00
2026-02-01,2026-02-28,Fire House Quesadillas,33967295,14229229,33967295,0,0,0,0.00,0.00,0,0.00,0,0.00,0.00,0.00,0.00,0.00,100.0,0.0,0,NULL,0,NULL,NULL,0,0,0.00,NULL,0.00
2026-02-01,2026-02-28,Firenze Pasta Ristorante (20491 Alton Pkwy Ste B),25295187,374447,25295187,19,19,0,0.00,0.00,0,0.00,0,0.00,0.00,1.03,4.18,42.84,100.0,0.0,0,NULL,1,NULL,NULL,0,1,100.00,USD,40.60
2026-02-01,2026-02-28,Firenze Pasta Ristorante (4th Ave),842380,374447,NULL,8,8,0,0.00,0.00,0,0.00,0,0.00,0.00,0.37,2.35,41.50,99.07,0.93,345,NULL,1,NULL,NULL,1,0,0.00,USD,41.57
2026-02-01,2026-02-28,Firenze Pasta Ristorante (Queens Plaza),23038920,374447,23038920,6,6,0,0.00,0.00,0,0.00,0,0.00,0.00,0.20,2.11,56.67,97.91,2.09,844,NULL,1,NULL,NULL,1,0,0.00,USD,56.37
2026-02-01,2026-02-28,First Light Breakfast Cafe,36364663,911646,36364663,2,2,0,0.00,0.00,0,0.00,0,0.00,0.00,0.00,1.70,44.00,99.46,0.54,72,NULL,0,NULL,NULL,0,0,0.00,USD,44.04
2026-02-01,2026-02-28,First Light Breakfast Cafe (101 Guyon Ave),26292110,911646,26292110,22,22,2,9.09,24.37,0,0.00,0,0.00,0.00,0.81,3.81,47.36,97.89,2.11,852,NULL,3,NULL,NULL,1,1,33.33,USD,41.86
2026-02-01,2026-02-28,First Light Breakfast Cafe (1174 Chapel St),35492772,14669295,35492772,0,0,0,0.00,0.00,0,0.00,0,0.00,0.00,0.00,0.00,0.00,100.0,0.0,0,NULL,0,NULL,NULL,0,0,0.00,NULL,0.00
2026-02-01,2026-02-28,First Light Breakfast Cafe (1595 Seminole Blvd),28605911,911646,28605911,0,0,0,0.00,0.00,0,0.00,0,0.00,0.00,0.00,0.00,0.00,0.0,100.0,0,NULL,0,NULL,NULL,0,0,0.00,NULL,0.00
2026-02-01,2026-02-28,First Light Breakfast Cafe (303 East 9th Street),31314233,911646,31314233,0,0,0,0.00,0.00,0,0.00,0,0.00,0.00,0.00,0.00,0.00,99.0,1.0,255,NULL,0,NULL,NULL,0,0,0.00,NULL,0.00
2026-02-01,2026-02-28,First Light Breakfast Cafe (3907 Lee Hwy),24387449,911646,24387449,68,65,5,7.69,20.79,3,4.41,1,1.47,0.00,0.41,3.13,50.42,100.0,0.0,0,NULL,8,NULL,NULL,1,2,25.00,USD,50.43
2026-02-01,2026-02-28,First Light Breakfast Cafe (877 10th Ave),36031447,911646,36031447,1,1,0,0.00,0.00,0,0.00,0,0.00,0.00,0.00,26.28,45.00,98.37,1.63,491,NULL,0,NULL,NULL,0,0,0.00,USD,44.97
2026-02-01,2026-02-28,FirstBite Breakfast Sandwiches (370 Main St),31314269,12658404,31314269,17,16,4,25.00,37.94,1,5.88,0,0.00,0.00,1.07,4.96,52.69,100.0,0.0,0,NULL,1,NULL,NULL,0,1,100.00,USD,52.61
2026-02-01,2026-02-28,Flavor of Greek,39899129,724544,39899129,0,0,0,0.00,0.00,0,0.00,0,0.00,0.00,0.00,0.00,0.00,100.0,0.0,0,NULL,0,NULL,NULL,0,0,0.00,NULL,0.00
2026-02-01,2026-02-28,Flowers Bouquet Shop (171 Bleecker St),2140050,894492,NULL,514,505,34,6.73,1558.63,9,1.75,1,0.19,0.00,1.93,5.14,222.16,93.62,6.38,2571,NULL,67,10,51,0,0,0.00,USD,48.58
2026-02-01,2026-02-28,Food & Liquor World,394811,189768,NULL,11,10,1,10.00,0.00,1,9.09,1,9.09,0.00,2.39,5.13,40.90,99.93,0.07,19,NULL,2,2,NULL,0,0,0.00,USD,44.16
2026-02-01,2026-02-28,Francesco Pasta Ristorante (2898 Homestead Rd),32926811,932185,32926811,10,10,0,0.00,0.00,0,0.00,0,0.00,0.00,1.94,5.36,43.00,100.0,0.0,0,NULL,0,NULL,NULL,0,0,0.00,USD,44.69
2026-02-01,2026-02-28,Frank's Philly Cheesesteaks,36523281,325003,36523281,1,1,0,0.00,0.00,0,0.00,0,0.00,0.00,0.00,2.70,49.00,96.57,3.43,556,NULL,0,NULL,NULL,0,0,0.00,USD,48.88
2026-02-01,2026-02-28,Frank's Philly Cheesesteaks,26175160,325003,26175160,33,32,4,12.50,17.78,1,3.03,1,3.03,0.00,0.48,4.17,39.22,91.69,8.31,1487,NULL,0,NULL,NULL,0,0,0.00,USD,36.63
2026-02-01,2026-02-28,Frankie's Burger Bar,33948231,329708,33948231,0,0,0,0.00,0.00,0,0.00,0,0.00,0.00,0.00,0.00,0.00,100.0,0.0,0,NULL,0,NULL,NULL,0,0,0.00,NULL,0.00
2026-02-01,2026-02-28,Frankie's Burger Bar (1824 2nd Ave),33948227,329708,33948227,0,0,0,0.00,0.00,0,0.00,0,0.00,0.00,0.00,0.00,0.00,97.9,2.1,846,NULL,0,NULL,NULL,0,0,0.00,NULL,0.00
2026-02-01,2026-02-28,Frankie's Burger Bar (3 West Fordham Rd.),25404572,329708,25404572,3,3,0,0.00,0.00,0,0.00,0,0.00,0.00,5.93,8.33,63.00,98.41,1.59,480,NULL,0,NULL,NULL,0,0,0.00,USD,63.33
2026-02-01,2026-02-28,French Omelette Bar (164-01 Hillside Ave),32863823,391330,32863823,1,1,0,0.00,0.00,0,0.00,0,0.00,0.00,0.00,8.58,66.00,97.91,2.09,844,NULL,0,NULL,NULL,0,0,0.00,USD,65.80
2026-02-01,2026-02-28,Fresh N Fruity Smoothies,34346795,848688,34346795,7,7,0,0.00,0.00,0,0.00,0,0.00,0.00,0.45,4.05,51.57,98.3,1.7,541,NULL,0,NULL,NULL,0,0,0.00,USD,39.29
2026-02-01,2026-02-28,Fresh N Fruity Smoothies (382 8th Ave),32863839,848688,32863839,17,17,1,5.88,11.18,0,0.00,0,0.00,0.00,0.85,8.60,26.76,97.91,2.09,844,NULL,0,NULL,NULL,0,0,0.00,USD,26.89
2026-02-01,2026-02-28,Fresh Seafood House (226 Newark Ave),24636919,877009,24636919,5,5,1,20.00,7.45,0,0.00,0,0.00,0.00,3.31,3.90,47.00,99.93,0.07,30,NULL,0,NULL,NULL,0,0,0.00,USD,46.86
2026-02-01,2026-02-28,Fried Chicken Co,33973287,581603,33973287,5,5,0,0.00,0.00,0,0.00,0,0.00,0.00,0.60,3.00,55.40,100.0,0.0,0,NULL,0,NULL,NULL,0,0,0.00,USD,55.34
2026-02-01,2026-02-28,Fried Chicken Savage (1428 Polk St),33558841,706849,33558841,6,6,0,0.00,0.00,0,0.00,0,0.00,0.00,7.73,15.61,35.33,99.19,0.81,210,NULL,0,NULL,NULL,0,0,0.00,USD,36.65
2026-02-01,2026-02-28,Fried Chicken Savage (555 CA-17),24974898,706849,24974898,17,17,1,5.88,19.66,0,0.00,0,0.00,0.00,1.29,4.27,37.94,99.91,0.09,14,NULL,2,NULL,NULL,2,0,0.00,USD,37.81
2026-02-01,2026-02-28,Fried Chicken Savage (George St),23046055,706849,23046055,1,1,0,0.00,0.00,0,0.00,0,0.00,0.00,0.00,2.82,20.00,100.0,0.0,0,NULL,0,NULL,NULL,0,0,0.00,USD,20.10
2026-02-01,2026-02-28,Fried Chicken Savage (Virtual Brand)(7000 Bancroft Ave),1505414,706849,NULL,0,0,0,0.00,0.00,0,0.00,0,0.00,0.00,0.00,0.00,0.00,0.0,100.0,0,NULL,0,NULL,NULL,0,0,0.00,NULL,0.00
2026-02-01,2026-02-28,Fried Munchies Shack (3rd Ave),23268670,11072035,23268670,13,13,0,0.00,0.00,0,0.00,0,0.00,0.00,0.32,2.65,41.69,97.8,2.2,854,NULL,1,NULL,NULL,0,0,0.00,USD,41.63
2026-02-01,2026-02-28,Fried Rice Fanatic (33757 Woodward Ave),24387336,872515,24387336,28,28,0,0.00,0.00,0,0.00,0,0.00,0.00,0.17,3.55,36.07,100.0,0.0,0,NULL,0,NULL,NULL,0,0,0.00,USD,36.23
2026-02-01,2026-02-28,Fry Bird Sandwiches,33948289,11818490,33948289,1,1,0,0.00,0.00,0,0.00,0,0.00,0.00,8.00,12.28,74.00,88.44,11.56,2720,NULL,0,NULL,NULL,0,0,0.00,USD,73.77
2026-02-01,2026-02-28,Fry Bird Sandwiches (15822 Bernardo Center Dr),35874349,11818490,35874349,1,1,0,0.00,0.00,0,0.00,0,0.00,0.00,2.00,4.47,47.00,100.0,0.0,0,NULL,0,NULL,NULL,0,0,0.00,USD,46.62
2026-02-01,2026-02-28,Fry Bird Sandwiches (16224 Tuskegee Airmen Way),33948287,11818490,33948287,6,5,3,60.00,42.32,1,16.67,1,16.67,0.00,1.47,3.49,43.20,98.32,1.68,492,NULL,0,NULL,NULL,0,0,0.00,USD,43.47
2026-02-01,2026-02-28,Fry Bird Sandwiches (370 Main St),31313869,11818490,31313869,8,8,0,0.00,0.00,0,0.00,0,0.00,0.00,0.72,3.58,58.25,100.0,0.0,0,NULL,1,NULL,NULL,0,0,0.00,USD,47.27
2026-02-01,2026-02-28,Fry Bird Sandwiches (4507 West Coast Hwy),40119426,11818490,40119426,0,0,0,0.00,0.00,0,0.00,0,0.00,0.00,0.00,0.00,0.00,100.0,0.0,0,NULL,0,NULL,NULL,0,0,0.00,NULL,0.00
2026-02-01,2026-02-28,Fry Bird Sandwiches (493 Old Hickory Blvd),33558897,11818490,33558897,8,8,1,12.50,0.00,0,0.00,0,0.00,0.00,0.69,4.00,44.13,100.0,0.0,0,NULL,0,NULL,NULL,0,0,0.00,USD,44.08
2026-02-01,2026-02-28,FryChick Sandwiches,35662249,14718147,35662249,0,0,0,0.00,0.00,0,0.00,0,0.00,0.00,0.00,0.00,0.00,0.0,100.0,0,NULL,0,NULL,NULL,0,0,0.00,NULL,0.00
2026-02-01,2026-02-28,FryChick Sandwiches,37412203,14718147,37412203,0,0,0,0.00,0.00,0,0.00,0,0.00,0.00,0.00,0.00,0.00,100.0,0.0,0,NULL,0,NULL,NULL,0,0,0.00,NULL,0.00
2026-02-01,2026-02-28,FryChick Sandwiches,38216683,14718147,38216683,0,0,0,0.00,0.00,0,0.00,0,0.00,0.00,0.00,0.00,0.00,100.0,0.0,0,NULL,0,NULL,NULL,0,0,0.00,NULL,0.00
2026-02-01,2026-02-28,FryChick Sandwiches,40385241,14718147,40385241,0,0,0,0.00,0.00,0,0.00,0,0.00,0.00,0.00,0.00,0.00,100.0,0.0,0,NULL,0,NULL,NULL,0,0,0.00,NULL,0.00
2026-02-01,2026-02-28,FryChick Sandwiches,36031619,14718147,36031619,0,0,0,0.00,0.00,0,0.00,0,0.00,0.00,0.00,0.00,0.00,100.0,0.0,0,NULL,0,NULL,NULL,0,0,0.00,NULL,0.00
2026-02-01,2026-02-28,FryChick Sandwiches,40734667,14718147,40734667,2,2,0,0.00,0.00,0,0.00,0,0.00,0.00,0.00,2.15,31.50,100.0,0.0,0,NULL,1,NULL,NULL,1,0,0.00,USD,31.47
2026-02-01,2026-02-28,General's French Toast (W Chester Pike),23367264,922016,23367264,54,53,2,3.77,7.20,1,1.85,0,0.00,0.00,0.56,3.30,38.94,100.0,0.0,0,NULL,0,NULL,NULL,0,0,0.00,USD,35.60
2026-02-01,2026-02-28,Get Grilled Cheesin' (15198 E 13 Mile Rd),25832877,840822,25832877,2,2,0,0.00,0.00,0,0.00,0,0.00,0.00,2.16,4.86,49.00,100.0,0.0,0,NULL,0,NULL,NULL,0,0,0.00,USD,48.97
2026-02-01,2026-02-28,Get Grilled Cheesin' (W Chester Pike),23367267,840822,23367267,16,16,1,6.25,18.53,0,0.00,0,0.00,0.00,0.14,2.68,34.81,100.0,0.0,0,NULL,1,NULL,NULL,0,1,100.00,USD,34.76
2026-02-01,2026-02-28,Gina's Greens N' Things (327 Union St),33558959,11225469,33558959,5,5,1,20.00,15.03,0,0.00,0,0.00,0.00,0.37,6.74,81.80,94.96,5.04,1775,NULL,1,NULL,NULL,1,0,0.00,USD,50.15
2026-02-01,2026-02-28,Glorious Panini Snob,33973079,859060,33973079,6,6,0,0.00,0.00,0,0.00,0,0.00,0.00,2.77,7.55,30.50,98.69,1.31,359,NULL,0,NULL,NULL,0,0,0.00,USD,30.48
2026-02-01,2026-02-28,Glorious Panini Snob (330 W Broadway),24556145,859060,24556145,5,2,0,0.00,0.00,3,60.00,1,20.00,0.00,0.00,7.42,62.00,97.78,2.22,533,NULL,0,NULL,NULL,0,0,0.00,USD,62.09
2026-02-01,2026-02-28,Glorious Panini Snob (433 W 34th st),23549668,859060,23549668,4,4,0,0.00,0.00,0,0.00,0,0.00,0.00,1.28,3.12,55.00,97.9,2.1,845,NULL,0,NULL,NULL,0,0,0.00,USD,59.62
2026-02-01,2026-02-28,Golden Bear Sandwiches,1783362,549430,NULL,9,9,0,0.00,0.00,0,0.00,0,0.00,0.00,0.25,2.44,45.00,97.91,2.09,842,NULL,0,NULL,NULL,0,0,0.00,USD,45.47
2026-02-01,2026-02-28,Golden Bear Sandwiches (111 E 161 St),25295455,549430,25295455,4,4,0,0.00,0.00,0,0.00,0,0.00,0.00,0.51,11.85,78.75,97.88,2.12,855,NULL,0,NULL,NULL,0,0,0.00,USD,47.67
2026-02-01,2026-02-28,Golden Bear Sandwiches (277 Gold Street),32927159,549430,32927159,1,1,0,0.00,0.00,0,0.00,0,0.00,0.00,0.00,0.00,96.00,97.88,2.12,853,NULL,1,NULL,NULL,0,0,0.00,USD,0.00
2026-02-01,2026-02-28,Golden Bear Sandwiches (83 Canal St #6019),23558050,549430,23558050,0,0,0,0.00,0.00,0,0.00,0,0.00,0.00,0.00,0.00,0.00,100.0,0.0,0,NULL,0,NULL,NULL,0,0,0.00,NULL,0.00
2026-02-01,2026-02-28,Golden Bear Sandwiches (Virtual Brand)(W Chester Pike),1451975,549430,NULL,20,20,2,10.00,28.47,0,0.00,0,0.00,0.00,0.54,4.04,34.75,100.0,0.0,0,NULL,1,NULL,NULL,0,1,100.00,USD,31.66
2026-02-01,2026-02-28,Golden Dragon Asian Bowls (1401 E Arapaho Rd #F),32927301,11334912,32927301,3,3,0,0.00,0.00,0,0.00,0,0.00,0.00,0.00,3.18,1101.67,100.0,0.0,0,NULL,1,NULL,NULL,0,0,0.00,USD,42.56
2026-02-01,2026-02-28,Good Planet Vegan Burgers (1428 Polk St),33558983,903309,33558983,40,40,1,2.50,10.48,0,0.00,0,0.00,0.00,2.56,6.30,73.97,98.73,1.27,330,NULL,7,NULL,NULL,1,5,71.43,USD,39.20
2026-02-01,2026-02-28,Good Planet Vegan Burgers (Hillcrest Ave),2428371,903309,NULL,4,4,0,0.00,0.00,0,0.00,0,0.00,0.00,0.00,3.63,39.50,98.44,1.56,299,NULL,0,NULL,NULL,0,0,0.00,USD,39.63
2026-02-01,2026-02-28,Gooey Mac N cheez (W Jefferson),26000460,11225471,26000460,8,1,1,100.00,18.00,7,87.50,3,37.50,50.00,10.52,13.42,38.00,99.85,0.15,20,NULL,0,NULL,NULL,0,0,0.00,USD,37.35
2026-02-01,2026-02-28,Gourmet Omelette Bar,35668631,414640,35668631,0,0,0,0.00,0.00,0,0.00,0,0.00,0.00,0.00,0.00,0.00,96.41,3.59,854,NULL,0,NULL,NULL,0,0,0.00,NULL,0.00
2026-02-01,2026-02-28,Gourmet Omelette Bar (226 1/2 Newark Ave),24556355,414640,24556355,5,4,1,25.00,2.31,1,20.00,0,0.00,0.00,9.65,9.63,55.25,100.0,0.0,0,NULL,1,NULL,NULL,0,0,0.00,USD,55.58
2026-02-01,2026-02-28,Gourmet Omelette Bar (2909A Queens Plaza North),32863841,414640,32863841,3,3,0,0.00,0.00,0,0.00,0,0.00,0.00,0.86,2.97,162.33,97.91,2.09,844,NULL,1,NULL,NULL,0,0,0.00,USD,40.64
2026-02-01,2026-02-28,Gourmet Omelette Bar (Crenshaw),22997212,414640,22997212,36,36,0,0.00,0.00,0,0.00,0,0.00,0.00,1.34,3.22,40.03,100.0,0.0,0,NULL,4,NULL,NULL,1,3,75.00,USD,40.02
2026-02-01,2026-02-28,Grandma's Breakfast Sandwiches,35900839,1014385,35900839,4,4,2,50.00,21.90,0,0.00,0,0.00,0.00,0.19,2.26,38.75,100.0,0.0,0,NULL,1,NULL,NULL,1,0,0.00,USD,38.83
2026-02-01,2026-02-28,Grandma's Breakfast Sandwiches (105 Avenue A),33973783,1014385,33973783,7,7,1,14.29,0.00,0,0.00,0,0.00,0.00,5.68,9.21,26.57,98.41,1.59,464,NULL,0,NULL,NULL,0,0,0.00,USD,28.23
2026-02-01,2026-02-28,Grandma's Breakfast Sandwiches (15198 E 13 Mile Rd),25833954,1014385,25833954,19,19,2,10.53,13.08,0,0.00,0,0.00,0.00,0.57,3.39,42.68,100.0,0.0,0,NULL,2,NULL,NULL,1,1,50.00,USD,42.40
2026-02-01,2026-02-28,Grandma's Breakfast Sandwiches (315 Walter E Foran Blvd Ste 314),23549227,1014385,23549227,15,15,1,6.67,16.24,0,0.00,0,0.00,0.00,0.51,5.25,40.87,100.0,0.0,0,NULL,1,NULL,NULL,0,0,0.00,USD,40.93
2026-02-01,2026-02-28,Grandma's Breakfast Sandwiches (330 W Broadway),32927450,1014385,32927450,5,0,0,0.00,0.00,5,100.00,2,40.00,0.00,0.00,0.00,0.00,99.75,0.25,60,NULL,0,NULL,NULL,0,0,0.00,USD,0.00
2026-02-01,2026-02-28,Grandma's Breakfast Sandwiches (5993 Broadway),24556141,1014385,24556141,11,11,1,9.09,4.77,0,0.00,0,0.00,0.00,0.88,4.82,44.00,97.9,2.1,846,NULL,1,NULL,NULL,1,0,0.00,USD,44.04
2026-02-01,2026-02-28,Greek Gyro Spot (265 Bedford Ave),1834947,321655,NULL,2,2,0,0.00,0.00,0,0.00,0,0.00,0.00,0.00,1.43,38.00,97.91,2.09,841,NULL,0,NULL,NULL,0,0,0.00,USD,38.29
2026-02-01,2026-02-28,Greek Gyro Spot (Hoover Rd),23045876,321655,23045876,6,6,0,0.00,0.00,0,0.00,0,0.00,0.00,3.49,7.04,38.00,100.0,0.0,0,NULL,0,NULL,NULL,0,0,0.00,USD,38.19
2026-02-01,2026-02-28,Green Leaf Salads (1306 Atlantic Ave),25130218,11225473,25130218,4,4,0,0.00,0.00,0,0.00,0,0.00,0.00,4.24,4.32,66.00,98.29,1.71,546,NULL,0,NULL,NULL,0,0,0.00,USD,66.66
2026-02-01,2026-02-28,Green Leaf Salads (2614 Lebanon Pike),26344247,11225473,26344247,7,7,0,0.00,0.00,0,0.00,0,0.00,0.00,0.48,2.67,61.86,97.57,2.43,719,NULL,1,NULL,NULL,1,0,0.00,USD,48.18
2026-02-01,2026-02-28,Green Leaf Salads (277 Gold Street),35808175,11225473,35808175,0,0,0,0.00,0.00,0,0.00,0,0.00,0.00,0.00,0.00,0.00,97.88,2.12,853,NULL,0,NULL,NULL,0,0,0.00,NULL,0.00
2026-02-01,2026-02-28,Green Leaf Salads (6806 Roosevelt Ave),37993786,11225473,37993786,1,1,0,0.00,0.00,0,0.00,0,0.00,0.00,9.78,12.07,57.00,98.72,1.28,332,NULL,0,NULL,NULL,0,0,0.00,USD,56.37
2026-02-01,2026-02-28,Green Vibes Salad (1116 Polk St),32927659,908480,32927659,7,7,0,0.00,0.00,0,0.00,0,0.00,0.00,0.31,3.32,26.14,99.57,0.43,77,NULL,0,NULL,NULL,0,0,0.00,USD,26.42
2026-02-01,2026-02-28,Green Vibes Salad (303 East 9th Street),31313941,908480,31313941,1,1,0,0.00,0.00,0,0.00,0,0.00,0.00,0.00,29.93,38.00,99.0,1.0,255,NULL,0,NULL,NULL,0,0,0.00,USD,38.35
2026-02-01,2026-02-28,Greens Salad God (493 Old Hickory Blvd),33886007,861211,33886007,8,8,0,0.00,0.00,0,0.00,0,0.00,0.00,0.15,3.17,50.50,100.0,0.0,0,NULL,0,NULL,NULL,0,0,0.00,USD,50.72
2026-02-01,2026-02-28,Greens Salad God (6611 S 101st E Ave),33948345,861211,33948345,10,9,1,11.11,7.50,1,10.00,1,10.00,0.00,3.69,8.76,44.50,92.95,7.05,694,NULL,3,NULL,NULL,1,1,33.33,USD,39.64
2026-02-01,2026-02-28,Grilled Cheese Ecstatic (401 Federal Rd),33559099,11103010,33559099,1,1,0,0.00,0.00,0,0.00,0,0.00,0.00,2.50,8.92,42.00,100.0,0.0,0,NULL,0,NULL,NULL,0,0,0.00,USD,42.32
2026-02-01,2026-02-28,Grilled Cheese Ecstatic (9th Ave),23060370,11103010,23060370,25,24,0,0.00,0.00,1,4.00,0,0.00,0.00,0.30,2.75,32.88,97.91,2.09,844,NULL,1,NULL,NULL,0,0,0.00,USD,32.81
2026-02-01,2026-02-28,Grilled Cheese Ecstatic (E 8th St),23367290,11103010,23367290,23,23,3,13.04,31.01,0,0.00,0,0.00,0.00,1.40,2.95,35.70,97.9,2.1,846,NULL,0,NULL,NULL,0,0,0.00,USD,32.50
2026-02-01,2026-02-28,Grilled Cheese Ecstatic (Sullivan St),23326403,11103010,23326403,3,3,0,0.00,0.00,0,0.00,0,0.00,0.00,1.54,2.79,72.33,97.89,2.11,850,NULL,0,NULL,NULL,0,0,0.00,USD,71.86
2026-02-01,2026-02-28,Halal Cheesesteak Snob,1608268,755167,NULL,27,27,0,0.00,0.00,0,0.00,0,0.00,0.00,1.47,5.45,39.15,98.43,1.57,565,NULL,0,NULL,NULL,0,0,0.00,USD,31.65
2026-02-01,2026-02-28,Halal Chicken Gyros Co. (Mowry Ave),873424,392316,NULL,40,39,1,2.56,5.55,1,2.50,0,0.00,0.00,0.25,3.11,37.97,100.0,0.0,0,NULL,2,NULL,NULL,0,1,50.00,USD,35.95
2026-02-01,2026-02-28,Halal Chicken Spot (244 W. 14th street),1451913,667829,NULL,6,5,0,0.00,0.00,1,16.67,1,16.67,0.00,2.07,4.23,35.80,97.91,2.09,842,NULL,0,NULL,NULL,0,0,0.00,USD,35.64
2026-02-01,2026-02-28,Halal Chicken Spot (Jamaica Ave),23059274,667829,23059274,4,3,0,0.00,0.00,1,25.00,0,0.00,0.00,10.59,12.72,65.00,96.4,3.6,1451,NULL,1,NULL,NULL,1,0,0.00,USD,65.03
2026-02-01,2026-02-28,Halal Gyro Lab (93 Avenue A),36238018,216466,36238018,3,3,0,0.00,0.00,0,0.00,0,0.00,0.00,3.73,7.96,30.67,97.88,2.12,853,NULL,0,NULL,NULL,0,0,0.00,USD,30.80
2026-02-01,2026-02-28,Halal Gyro Lab (Jamaica Ave),1459266,216466,NULL,11,5,0,0.00,0.00,6,54.55,5,45.45,0.00,13.60,15.50,93.40,85.01,14.99,4314,NULL,0,NULL,NULL,0,0,0.00,USD,93.26
2026-02-01,2026-02-28,Halal Gyro Lab (Virtual Brand)(1760 3rd Ave),1497405,216466,NULL,21,20,0,0.00,0.00,1,4.76,0,0.00,0.00,0.68,3.49,38.75,97.92,2.08,840,NULL,1,NULL,NULL,0,1,100.00,USD,38.70
2026-02-01,2026-02-28,Halal Gyro Lab (W 14th),2423067,216466,NULL,1,1,0,0.00,0.00,0,0.00,0,0.00,0.00,2.10,7.03,31.00,97.89,2.11,851,NULL,0,NULL,NULL,0,0,0.00,USD,30.42
2026-02-01,2026-02-28,Halal Indian Bazaar,814583,364326,NULL,0,0,0,0.00,0.00,0,0.00,0,0.00,0.00,0.00,0.00,0.00,98.02,1.98,262,NULL,0,NULL,NULL,0,0,0.00,NULL,0.00
2026-02-01,2026-02-28,Halal Indian Monsoon (B St),690586,321656,NULL,27,27,0,0.00,0.00,0,0.00,0,0.00,0.00,0.25,4.74,44.85,99.01,0.99,224,NULL,2,NULL,NULL,1,0,0.00,USD,42.63
2026-02-01,2026-02-28,Haley's Heavenly Burgers,34251159,11225474,34251159,1,1,0,0.00,0.00,0,0.00,0,0.00,0.00,0.00,6.23,31.00,98.79,1.21,250,NULL,0,NULL,NULL,0,0,0.00,USD,31.40
2026-02-01,2026-02-28,Haley's Heavenly Burgers,34349403,11225474,34349403,0,0,0,0.00,0.00,0,0.00,0,0.00,0.00,0.00,0.00,0.00,99.43,0.57,105,NULL,0,NULL,NULL,0,0,0.00,NULL,0.00
2026-02-01,2026-02-28,Haley's Heavenly Burgers (226 1/2 Newark Ave),24556356,11225474,24556356,7,7,1,14.29,6.73,0,0.00,0,0.00,0.00,10.26,6.76,46.57,100.0,0.0,0,NULL,0,NULL,NULL,0,0,0.00,USD,47.07
2026-02-01,2026-02-28,Harry's Sandwich House (1424 Lexington Ave),31635793,11705244,31635793,4,4,0,0.00,0.00,0,0.00,0,0.00,0.00,1.55,5.09,20.75,94.69,5.31,2138,NULL,2,NULL,NULL,1,0,0.00,USD,20.76
2026-02-01,2026-02-28,Harry's Sandwich House (228 George St),32863831,11705244,32863831,0,0,0,0.00,0.00,0,0.00,0,0.00,0.00,0.00,0.00,0.00,100.0,0.0,0,NULL,0,NULL,NULL,0,0,0.00,NULL,0.00
2026-02-01,2026-02-28,Harry's Sandwich House (8886 Knott Ave),26291900,11705244,26291900,0,0,0,0.00,0.00,0,0.00,0,0.00,0.00,0.00,0.00,0.00,100.0,0.0,0,NULL,0,NULL,NULL,0,0,0.00,NULL,0.00
2026-02-01,2026-02-28,Hassan's Mediterranean Flatbreads (1849 N Scottsdale Rd),24606197,11427318,24606197,5,4,0,0.00,0.00,1,20.00,0,0.00,0.00,0.00,4.02,33.25,100.0,0.0,0,NULL,0,NULL,NULL,0,0,0.00,USD,33.28
2026-02-01,2026-02-28,Headlines Mexican Spot,33964025,550785,33964025,1,0,0,0.00,0.00,1,100.00,1,100.00,0.00,0.00,0.00,0.00,99.72,0.28,45,NULL,0,NULL,NULL,0,0,0.00,USD,0.00
2026-02-01,2026-02-28,Headlines Mexican Spot (265 Bedford Ave),1834983,550785,NULL,0,0,0,0.00,0.00,0,0.00,0,0.00,0.00,0.00,0.00,0.00,97.91,2.09,841,NULL,0,NULL,NULL,0,0,0.00,NULL,0.00
2026-02-01,2026-02-28,Healthy Salad Bar,1585823,554803,5423,0,0,0,0.00,0.00,0,0.00,0,0.00,0.00,0.00,0.00,0.00,99.93,0.07,4,NULL,0,NULL,NULL,0,0,0.00,NULL,0.00
2026-02-01,2026-02-28,Healthy Salad Bar,1619091,554803,1760,27,27,0,0.00,0.00,0,0.00,0,0.00,0.00,0.58,2.30,37.70,97.9,2.1,847,NULL,0,NULL,NULL,0,0,0.00,USD,37.72
2026-02-01,2026-02-28,Heaven's Burgers,38058341,443555,38058341,0,0,0,0.00,0.00,0,0.00,0,0.00,0.00,0.00,0.00,0.00,100.0,0.0,0,NULL,0,NULL,NULL,0,0,0.00,NULL,0.00
2026-02-01,2026-02-28,Heaven's Burgers,33950863,443555,33950863,1,1,0,0.00,0.00,0,0.00,0,0.00,0.00,0.93,1.10,34.00,100.0,0.0,0,NULL,0,NULL,NULL,0,0,0.00,USD,34.60
2026-02-01,2026-02-28,Heaven's Burgers (1 Kedron Ave Unit 4),35463385,443555,35463385,1,1,0,0.00,0.00,0,0.00,0,0.00,0.00,0.00,10.98,71.00,100.0,0.0,0,NULL,0,NULL,NULL,0,0,0.00,USD,71.03
2026-02-01,2026-02-28,Heaven's Burgers (1282 Essex Ave),38215266,443555,38215266,0,0,0,0.00,0.00,0,0.00,0,0.00,0.00,0.00,0.00,0.00,0.0,100.0,0,NULL,0,NULL,NULL,0,0,0.00,NULL,0.00
2026-02-01,2026-02-28,Heaven's Burgers (S 11th St),25404570,443555,25404570,5,5,0,0.00,0.00,0,0.00,0,0.00,0.00,0.55,2.30,54.00,100.0,0.0,0,NULL,0,NULL,NULL,0,0,0.00,USD,44.16
2026-02-01,2026-02-28,Heavens Chicken Wings (New York),849212,377545,NULL,7,7,1,14.29,20.51,0,0.00,0,0.00,0.00,0.39,2.45,35.71,97.89,2.11,849,NULL,0,NULL,NULL,0,0,0.00,USD,35.78
2026-02-01,2026-02-28,Hella Good Chicken Wings (43 W Flagler St),28606154,292230,28606154,9,9,0,0.00,0.00,0,0.00,0,0.00,0.00,0.68,4.79,47.67,100.0,0.0,0,NULL,1,NULL,NULL,0,0,0.00,USD,47.74
2026-02-01,2026-02-28,Henry's Chicken Wings (4663 Trousdale Dr),24328785,873775,24328785,4,3,1,33.33,6.07,1,25.00,1,25.00,0.00,0.00,2.90,47.67,99.5,0.5,121,NULL,0,NULL,NULL,0,0,0.00,USD,47.44
2026-02-01,2026-02-28,High Life Breakfast Sandwiches,38215657,899169,38215657,0,0,0,0.00,0.00,0,0.00,0,0.00,0.00,0.00,0.00,0.00,0.0,100.0,0,NULL,0,NULL,NULL,0,0,0.00,NULL,0.00
2026-02-01,2026-02-28,High Life Breakfast Sandwiches,33975103,899169,33975103,2,2,0,0.00,0.00,0,0.00,0,0.00,0.00,0.00,4.51,36.50,97.21,2.79,285,NULL,0,NULL,NULL,0,0,0.00,USD,36.43
2026-02-01,2026-02-28,High Life Breakfast Sandwiches,37375845,899169,37375845,0,0,0,0.00,0.00,0,0.00,0,0.00,0.00,0.00,0.00,0.00,97.83,2.17,454,NULL,0,NULL,NULL,0,0,0.00,NULL,0.00
2026-02-01,2026-02-28,High Life Breakfast Sandwiches (1213 Amsterdam Ave),36255055,899169,36255055,9,8,1,12.50,4.49,1,11.11,1,11.11,0.00,0.34,4.34,56.63,96.21,3.79,778,NULL,0,NULL,NULL,0,0,0.00,USD,28.69
2026-02-01,2026-02-28,High Life Breakfast Sandwiches (3319 W Pico Blvd),28605981,899169,28605981,12,12,3,25.00,51.66,0,0.00,0,0.00,0.00,0.43,3.07,33.17,100.0,0.0,0,NULL,2,NULL,NULL,0,0,0.00,USD,33.15
2026-02-01,2026-02-28,High Life Breakfast Sandwiches (589 1st Avenue),38214901,899169,38214901,7,7,0,0.00,0.00,0,0.00,0,0.00,0.00,0.45,3.75,36.86,97.62,2.38,960,NULL,0,NULL,NULL,0,0,0.00,USD,36.71
2026-02-01,2026-02-28,High Life Breakfast Sandwiches (612 11th Ave),25129904,899169,25129904,5,5,1,20.00,13.91,0,0.00,0,0.00,0.00,1.31,6.12,33.00,97.9,2.1,846,NULL,0,NULL,NULL,0,0,0.00,USD,32.99
2026-02-01,2026-02-28,High Life Breakfast Sandwiches (Chapel St),23106184,899169,23106184,44,40,2,5.00,12.94,4,9.09,2,4.55,0.00,1.66,4.59,34.53,99.74,0.26,60,NULL,0,NULL,NULL,0,0,0.00,USD,34.69
2026-02-01,2026-02-28,High Life Pizzas,33559243,551789,33559243,0,0,0,0.00,0.00,0,0.00,0,0.00,0.00,0.00,0.00,0.00,100.0,0.0,0,NULL,0,NULL,NULL,0,0,0.00,NULL,0.00
2026-02-01,2026-02-28,High Life Pizzas,1556609,551789,NULL,0,0,0,0.00,0.00,0,0.00,0,0.00,0.00,0.00,0.00,0.00,100.0,0.0,0,NULL,0,NULL,NULL,0,0,0.00,NULL,0.00
2026-02-01,2026-02-28,Hill Top Sandwich,36019785,921996,36019785,1,0,0,0.00,0.00,1,100.00,0,0.00,0.00,0.00,0.00,0.00,97.89,2.11,851,NULL,0,NULL,NULL,0,0,0.00,USD,0.00
2026-02-01,2026-02-28,Hill Top Sandwich (433 W 34th st),23549662,921996,23549662,1,1,0,0.00,0.00,0,0.00,0,0.00,0.00,0.00,0.00,12.00,97.91,2.09,844,NULL,0,NULL,NULL,0,0,0.00,USD,12.28
2026-02-01,2026-02-28,Holly's Burger Bar,37531899,13937642,37531899,5,5,0,0.00,0.00,0,0.00,0,0.00,0.00,5.37,5.59,31.40,99.71,0.29,63,NULL,0,NULL,NULL,0,0,0.00,USD,31.61
2026-02-01,2026-02-28,Holly's Burger Bar,36364899,13937642,36364899,0,0,0,0.00,0.00,0,0.00,0,0.00,0.00,0.00,0.00,0.00,99.13,0.87,147,NULL,0,NULL,NULL,0,0,0.00,NULL,0.00
2026-02-01,2026-02-28,Holly's Burger Bar,32863849,13937642,32863849,0,0,0,0.00,0.00,0,0.00,0,0.00,0.00,0.00,0.00,0.00,97.91,2.09,844,NULL,0,NULL,NULL,0,0,0.00,NULL,0.00
2026-02-01,2026-02-28,Holly's Burger Bar,34348645,13937642,34348645,0,0,0,0.00,0.00,0,0.00,0,0.00,0.00,0.00,0.00,0.00,100.0,0.0,0,NULL,0,NULL,NULL,0,0,0.00,NULL,0.00
2026-02-01,2026-02-28,Holly's Burger Bar,37994615,13937642,37994615,7,7,0,0.00,0.00,0,0.00,0,0.00,0.00,1.62,5.98,34.71,99.05,0.95,168,NULL,0,NULL,NULL,0,0,0.00,USD,34.83
2026-02-01,2026-02-28,Holy Grail Omelettes,37619977,956535,37619977,0,0,0,0.00,0.00,0,0.00,0,0.00,0.00,0.00,0.00,0.00,93.03,6.97,2809,NULL,0,NULL,NULL,0,0,0.00,NULL,0.00
2026-02-01,2026-02-28,Holy Grail Omelettes (1760 3rd Ave),32974745,956535,32974745,7,7,0,0.00,0.00,0,0.00,0,0.00,0.00,0.08,1.71,43.43,97.88,2.12,853,NULL,1,NULL,NULL,1,0,0.00,USD,43.50
2026-02-01,2026-02-28,Holy Grail Omelettes (N Citrus Ave),2467401,956535,NULL,3,3,0,0.00,0.00,0,0.00,0,0.00,0.00,0.96,3.37,38.00,100.0,0.0,0,NULL,0,NULL,NULL,0,0,0.00,USD,38.13
2026-02-01,2026-02-28,Hot Sandwich Bar (1929 Chestnut St),32863853,341907,32863853,2,2,0,0.00,0.00,0,0.00,0,0.00,0.00,0.00,10.89,40.00,100.0,0.0,0,NULL,0,NULL,NULL,0,0,0.00,USD,39.73
2026-02-01,2026-02-28,Hot Sandwich Bar (228 George St),32863847,341907,32863847,6,6,0,0.00,0.00,0,0.00,0,0.00,0.00,2.18,4.34,46.33,100.0,0.0,0,NULL,0,NULL,NULL,0,0,0.00,USD,46.39
2026-02-01,2026-02-28,Hot Sandwich Bar (57 sip ave),23906852,341907,23906852,6,6,0,0.00,0.00,0,0.00,0,0.00,0.00,2.21,5.57,55.17,100.0,0.0,0,NULL,0,NULL,NULL,0,0,0.00,USD,55.18
2026-02-01,2026-02-28,House of Paninis,35757955,860374,35757955,0,0,0,0.00,0.00,0,0.00,0,0.00,0.00,0.00,0.00,0.00,97.21,2.79,285,NULL,0,NULL,NULL,0,0,0.00,NULL,0.00
2026-02-01,2026-02-28,House of Paninis (1424 Lexington Ave),31636141,860374,31636141,12,12,0,0.00,0.00,0,0.00,0,0.00,0.00,2.62,4.72,40.91,94.69,5.31,2138,NULL,1,NULL,NULL,1,0,0.00,USD,40.94
2026-02-01,2026-02-28,House of Paninis (5993 Broadway),24556139,860374,24556139,4,4,2,50.00,16.32,0,0.00,0,0.00,0.00,5.71,8.01,70.00,97.9,2.1,846,NULL,0,NULL,NULL,0,0,0.00,USD,69.71
2026-02-01,2026-02-28,Hyde's Grilled Cheese,33948455,911659,33948455,7,7,0,0.00,0.00,0,0.00,0,0.00,0.00,0.00,3.91,30.86,100.0,0.0,0,NULL,0,NULL,NULL,0,0,0.00,USD,30.72
2026-02-01,2026-02-28,Hyde's Grilled Cheese,26209885,911659,26209885,25,25,0,0.00,0.00,0,0.00,0,0.00,0.00,1.85,3.67,40.12,99.98,0.02,5,NULL,3,NULL,NULL,1,0,0.00,USD,39.70
2026-02-01,2026-02-28,Hyde's Grilled Cheese (330 W Broadway),2291215,911659,NULL,6,0,0,0.00,0.00,6,100.00,6,100.00,0.00,0.00,0.00,0.00,98.39,1.61,388,NULL,0,NULL,NULL,0,0,0.00,USD,0.00
2026-02-01,2026-02-28,Ice Cream and Cake Shop(Virtual Brand),1581202,716794,NULL,13,12,2,16.67,34.98,1,7.69,1,7.69,0.00,2.40,4.05,40.00,97.9,2.1,847,NULL,0,NULL,NULL,0,0,0.00,USD,39.81
2026-02-01,2026-02-28,Ice Cream and Cake Shop(Virtual Brand),1592282,716794,NULL,1,1,0,0.00,0.00,0,0.00,0,0.00,0.00,2.45,3.93,31.00,99.85,0.15,19,NULL,0,NULL,NULL,0,0,0.00,USD,31.45
2026-02-01,2026-02-28,Indian Chop House (16th Street),872655,392020,NULL,15,13,0,0.00,0.00,2,13.33,2,13.33,0.00,2.10,4.82,60.23,99.86,0.14,30,NULL,1,NULL,NULL,0,1,100.00,USD,50.67
2026-02-01,2026-02-28,Indian Pizza Snob,36730629,921997,36730629,1,1,0,0.00,0.00,0,0.00,0,0.00,0.00,0.98,9.10,63.00,100.0,0.0,0,NULL,1,NULL,NULL,0,0,0.00,USD,63.02
2026-02-01,2026-02-28,Italian Dessert Spot,1588326,348900,NULL,0,0,0,0.00,0.00,0,0.00,0,0.00,0.00,0.00,0.00,0.00,0.0,100.0,0,NULL,0,NULL,NULL,0,0,0.00,NULL,0.00
2026-02-01,2026-02-28,"Italian Panini Bar (New York, NY)",1421484,356172,NULL,2,2,0,0.00,0.00,0,0.00,0,0.00,0.00,0.50,1.71,41.00,78.0,22.0,1307,NULL,0,NULL,NULL,0,0,0.00,USD,40.66
2026-02-01,2026-02-28,Italian Pasta Joint,34250643,434823,34250643,15,15,1,6.67,23.99,0,0.00,0,0.00,0.00,1.59,4.96,44.00,99.36,0.64,256,NULL,1,NULL,NULL,1,0,0.00,USD,44.10
2026-02-01,2026-02-28,Italian Pasta Lounge,33899529,308117,33899529,4,1,0,0.00,0.00,3,75.00,0,0.00,75.00,0.00,10.70,44.00,99.56,0.44,60,NULL,1,NULL,NULL,1,0,0.00,USD,43.63
2026-02-01,2026-02-28,Italian Pasta Lounge,37375983,308117,37375983,1,1,0,0.00,0.00,0,0.00,0,0.00,0.00,11.87,13.28,65.00,97.67,2.33,559,NULL,0,NULL,NULL,0,0,0.00,USD,65.43
2026-02-01,2026-02-28,Italian Pasta Lounge,37994857,308117,37994857,5,5,0,0.00,0.00,0,0.00,0,0.00,0.00,0.50,3.72,53.00,99.05,0.95,168,NULL,0,NULL,NULL,0,0,0.00,USD,32.14
2026-02-01,2026-02-28,Italian Pasta Lounge (119 Park Ave),35449419,308117,35449419,3,2,0,0.00,0.00,1,33.33,1,33.33,0.00,1.31,3.18,52.50,99.16,0.84,129,NULL,0,NULL,NULL,0,0,0.00,USD,52.65
2026-02-01,2026-02-28,Italian Pasta Lounge (4115 Concord Blvd Suite 70),32961985,308117,32961985,44,43,1,2.33,0.00,1,2.27,1,2.27,0.00,0.70,3.61,40.69,100.0,0.0,0,NULL,3,NULL,NULL,0,0,0.00,USD,40.40
2026-02-01,2026-02-28,Italian Pasta Lounge (493 Old Hickory Blvd),32961981,308117,32961981,32,32,1,3.13,15.88,0,0.00,0,0.00,0.00,0.99,3.98,40.50,100.0,0.0,0,NULL,3,NULL,NULL,2,1,33.33,USD,40.58
2026-02-01,2026-02-28,Italian Pasta Lounge (Loudon Rd),22997790,308117,22997790,1,1,0,0.00,0.00,0,0.00,0,0.00,0.00,2.72,3.00,37.00,100.0,0.0,0,NULL,1,NULL,NULL,1,0,0.00,USD,37.23
2026-02-01,2026-02-28,Italiano Mac's (15198 E 13 Mile Rd),25832485,11225477,25832485,8,8,0,0.00,0.00,0,0.00,0,0.00,0.00,1.70,8.12,39.13,100.0,0.0,0,NULL,0,NULL,NULL,0,0,0.00,USD,39.02
2026-02-01,2026-02-28,Jack's Cheesesteaks (228 George St),37566147,392024,37566147,3,3,0,0.00,0.00,0,0.00,0,0.00,0.00,1.52,4.44,47.00,100.0,0.0,0,NULL,0,NULL,NULL,0,0,0.00,USD,47.12
2026-02-01,2026-02-28,Jacks Cheesesteaks,33951481,392024,33951481,0,0,0,0.00,0.00,0,0.00,0,0.00,0.00,0.00,0.00,0.00,98.91,1.09,220,NULL,0,NULL,NULL,0,0,0.00,NULL,0.00
2026-02-01,2026-02-28,Jacks Cheesesteaks (382 8th Ave),32863859,392024,32863859,3,3,0,0.00,0.00,0,0.00,0,0.00,0.00,0.97,7.58,31.67,97.91,2.09,844,NULL,0,NULL,NULL,0,0,0.00,USD,31.58
2026-02-01,2026-02-28,Jamaica Breakfast Bar (Jamaica Ave),844991,377077,NULL,1,0,0,0.00,0.00,1,100.00,1,100.00,0.00,0.00,0.00,0.00,95.67,4.33,1743,NULL,0,NULL,NULL,0,0,0.00,USD,0.00
2026-02-01,2026-02-28,Japan's Bento Box,35652838,922021,35652838,11,11,0,0.00,0.00,0,0.00,0,0.00,0.00,2.91,9.42,45.27,99.39,0.61,94,NULL,0,NULL,NULL,0,0,0.00,USD,40.31
2026-02-01,2026-02-28,Japanese Teriyaki House (33757 Woodward Ave),24387335,215182,24387335,5,5,0,0.00,0.00,0,0.00,0,0.00,0.00,0.82,3.69,37.00,100.0,0.0,0,NULL,0,NULL,NULL,0,0,0.00,USD,36.92
2026-02-01,2026-02-28,Jay's Breakfast Bar,38216727,373701,38216727,0,0,0,0.00,0.00,0,0.00,0,0.00,0.00,0.00,0.00,0.00,0.0,100.0,0,NULL,0,NULL,NULL,0,0,0.00,NULL,0.00
2026-02-01,2026-02-28,Jay's Breakfast Bar,33948533,373701,33948533,19,19,1,5.26,8.00,0,0.00,0,0.00,0.00,1.59,3.86,42.68,98.45,1.55,456,NULL,1,NULL,NULL,0,1,100.00,USD,42.76
2026-02-01,2026-02-28,Jay's Breakfast Bar (Washington Blvd),839909,373701,NULL,12,9,1,11.11,8.09,3,25.00,2,16.67,0.00,3.64,9.64,62.11,100.0,0.0,0,NULL,1,NULL,NULL,0,0,0.00,USD,43.57
2026-02-01,2026-02-28,Jay's breakfast bar,33948529,373701,33948529,4,4,0,0.00,0.00,0,0.00,0,0.00,0.00,0.78,6.04,44.75,98.29,1.71,345,NULL,1,NULL,NULL,0,0,0.00,USD,44.42
2026-02-01,2026-02-28,Jen's Burger Blaze,36034113,11225481,36034113,0,0,0,0.00,0.00,0,0.00,0,0.00,0.00,0.00,0.00,0.00,98.6,1.4,345,NULL,0,NULL,NULL,0,0,0.00,NULL,0.00
2026-02-01,2026-02-28,Jen's Burger Blaze,35639371,14711391,35639371,0,0,0,0.00,0.00,0,0.00,0,0.00,0.00,0.00,0.00,0.00,100.0,0.0,0,NULL,0,NULL,NULL,0,0,0.00,NULL,0.00
2026-02-01,2026-02-28,Jen's Burger Blaze (18300 Vanowen Street Suite 3),31313819,11225481,31313819,5,5,0,0.00,0.00,0,0.00,0,0.00,0.00,0.00,2.28,33.20,98.45,1.55,429,NULL,1,NULL,NULL,0,0,0.00,USD,33.55
2026-02-01,2026-02-28,Jen's Burger Blaze (2560 West Chester Pike),24920642,11225481,24920642,2,2,0,0.00,0.00,0,0.00,0,0.00,0.00,2.75,6.71,43.00,99.07,0.93,179,NULL,0,NULL,NULL,0,0,0.00,USD,43.12
2026-02-01,2026-02-28,Jewel's Breakfast Joint,35853343,11135126,35853343,0,0,0,0.00,0.00,0,0.00,0,0.00,0.00,0.00,0.00,0.00,98.6,1.4,285,NULL,0,NULL,NULL,0,0,0.00,NULL,0.00
2026-02-01,2026-02-28,Jewel's Breakfast Joint (937 1st Avenue),23549395,11135126,23549395,6,6,0,0.00,0.00,0,0.00,0,0.00,0.00,0.00,1.43,84.67,97.91,2.09,844,NULL,0,NULL,NULL,0,0,0.00,USD,27.34
2026-02-01,2026-02-28,Jewel's Breakfast Joint (Broadway),23367234,11135126,23367234,2,0,0,0.00,0.00,2,100.00,2,100.00,0.00,0.00,0.00,0.00,92.32,7.68,911,NULL,0,NULL,NULL,0,0,0.00,USD,0.00
2026-02-01,2026-02-28,Jim's House of Hoagies (1 Kedron Ave Unit 4),24387623,11217007,24387623,3,3,0,0.00,0.00,0,0.00,0,0.00,0.00,0.13,2.38,49.67,100.0,0.0,0,NULL,0,NULL,NULL,0,0,0.00,USD,49.76
2026-02-01,2026-02-28,Jim's House of Hoagies (1715 Sicklerville Rd),25092329,11217007,25092329,5,5,0,0.00,0.00,0,0.00,0,0.00,0.00,0.00,2.87,59.40,100.0,0.0,0,NULL,0,NULL,NULL,0,0,0.00,USD,59.63
2026-02-01,2026-02-28,Joe's Chicken and Waffles,1008261,449652,NULL,53,52,6,11.54,75.46,1,1.89,0,0.00,0.00,3.00,3.92,54.37,99.8,0.2,60,NULL,4,NULL,NULL,3,0,0.00,USD,52.90
2026-02-01,2026-02-28,John's Pizza Den,35637482,871701,35637482,1,1,0,0.00,0.00,0,0.00,0,0.00,0.00,0.00,9.50,70.00,95.22,4.78,516,NULL,0,NULL,NULL,0,0,0.00,USD,69.93
2026-02-01,2026-02-28,John's Pizza Den,35856397,871701,35856397,10,10,1,10.00,6.05,0,0.00,0,0.00,0.00,2.34,7.59,51.90,100.0,0.0,0,NULL,1,NULL,NULL,1,0,0.00,USD,38.34
2026-02-01,2026-02-28,John's Pizza Den,35449925,871701,35449925,4,4,0,0.00,0.00,0,0.00,0,0.00,0.00,1.14,5.21,311.50,99.9,0.1,30,NULL,2,NULL,NULL,1,1,50.00,USD,36.50
2026-02-01,2026-02-28,John's Pizza Den,35871797,871701,35871797,15,13,2,15.38,6.74,2,13.33,2,13.33,0.00,0.96,4.83,59.50,100.0,0.0,0,NULL,2,NULL,NULL,1,0,0.00,USD,47.27
2026-02-01,2026-02-28,Jolie's Mediterranean Kitchen,35746485,11462163,35746485,0,0,0,0.00,0.00,0,0.00,0,0.00,0.00,0.00,0.00,0.00,100.0,0.0,0,NULL,0,NULL,NULL,0,0,0.00,NULL,0.00
2026-02-01,2026-02-28,Jolie's Mediterranean Kitchen (1338 Polk St),34346511,11462163,34346511,24,24,0,0.00,0.00,0,0.00,0,0.00,0.00,2.50,5.58,45.25,98.25,1.75,632,NULL,3,NULL,NULL,0,2,66.67,USD,38.34
2026-02-01,2026-02-28,Jose's Burrito Bar,768836,349338,NULL,8,8,0,0.00,0.00,0,0.00,0,0.00,0.00,0.40,1.64,42.25,97.91,2.09,842,NULL,0,NULL,NULL,0,0,0.00,USD,42.36
2026-02-01,2026-02-28,Jr's Philly Cheesesteaks,33950667,349044,33950667,3,3,0,0.00,0.00,0,0.00,0,0.00,0.00,4.68,7.54,39.00,98.69,1.31,375,NULL,0,NULL,NULL,0,0,0.00,USD,38.82
2026-02-01,2026-02-28,Jr's Philly Cheesesteaks (Hillside Ave),23134821,349044,23134821,51,51,3,5.88,15.59,0,0.00,0,0.00,0.00,1.00,3.19,40.60,97.9,2.1,848,NULL,10,NULL,NULL,2,5,50.00,USD,40.64
2026-02-01,2026-02-28,Jr's Philly Cheesesteaks (Queens Plaza),23038686,349044,23038686,6,6,2,33.33,28.92,0,0.00,0,0.00,0.00,0.90,2.74,40.50,97.9,2.1,845,NULL,1,NULL,NULL,1,0,0.00,USD,40.60
2026-02-01,2026-02-28,Julia's Juice Shack,1552928,667817,NULL,0,0,0,0.00,0.00,0,0.00,0,0.00,0.00,0.00,0.00,0.00,0.0,100.0,0,NULL,0,NULL,NULL,0,0,0.00,NULL,0.00
2026-02-01,2026-02-28,Julia's Juice Shack (265 Bedford Ave),1834934,667817,NULL,0,0,0,0.00,0.00,0,0.00,0,0.00,0.00,0.00,0.00,0.00,97.91,2.09,841,NULL,0,NULL,NULL,0,0,0.00,NULL,0.00
2026-02-01,2026-02-28,Julia's Juice Shack (Sullivan St),23280263,667817,23280263,1,1,0,0.00,0.00,0,0.00,0,0.00,0.00,2.17,3.98,52.00,97.9,2.1,846,NULL,0,NULL,NULL,0,0,0.00,USD,51.28
2026-02-01,2026-02-28,K's Slice of Cake (18300 Vanowen Street Suite 3),31671965,11225483,NULL,27,27,3,11.11,22.07,0,0.00,0,0.00,0.00,0.42,3.24,36.81,98.49,1.51,419,NULL,3,NULL,NULL,2,1,33.33,USD,36.68
2026-02-01,2026-02-28,K's Slice of Cake (26801 Hillside Ave),24931355,11225483,24931355,2,2,1,50.00,9.09,0,0.00,0,0.00,0.00,0.81,3.25,49.50,98.53,1.47,419,NULL,0,NULL,NULL,0,0,0.00,USD,49.27
2026-02-01,2026-02-28,Kelly's Pancake Bar (Queens Plaza),849210,377542,NULL,15,15,1,6.67,28.40,0,0.00,0,0.00,0.00,4.22,6.52,63.80,97.89,2.11,852,NULL,0,NULL,NULL,0,0,0.00,USD,63.88
2026-02-01,2026-02-28,Kevins Cheesesteaks,34345601,411937,34345601,5,5,0,0.00,0.00,0,0.00,0,0.00,0.00,0.31,4.39,31.40,99.19,0.81,210,NULL,0,NULL,NULL,0,0,0.00,USD,31.41
2026-02-01,2026-02-28,Kung Fu Chinese Kitchen (W Greenway Rd),23085637,987291,23085637,70,69,2,2.90,7.02,1,1.43,0,0.00,0.00,0.62,3.14,35.01,99.8,0.2,40,NULL,7,NULL,NULL,2,0,0.00,USD,35.03
2026-02-01,2026-02-28,Kung Fu Fried Rice (4957 Winters Chapel Rd Suite B),25079045,11217012,25079045,22,19,2,10.53,22.31,3,13.64,2,9.09,0.00,4.21,8.75,47.05,96.69,3.31,808,NULL,1,NULL,NULL,0,1,100.00,USD,47.11
2026-02-01,2026-02-28,La Mexicana Quesadilla,40533977,971598,40533977,0,0,0,0.00,0.00,0,0.00,0,0.00,0.00,0.00,0.00,0.00,0.0,100.0,0,NULL,0,NULL,NULL,0,0,0.00,NULL,0.00
2026-02-01,2026-02-28,La Puebla Quesadilla,33896877,11225484,33896877,0,0,0,0.00,0.00,0,0.00,0,0.00,0.00,0.00,0.00,0.00,98.53,1.47,345,NULL,0,NULL,NULL,0,0,0.00,NULL,0.00
2026-02-01,2026-02-28,La Puebla Quesadilla (1424 Lexington Ave),31635709,11225484,31635709,8,8,0,0.00,0.00,0,0.00,0,0.00,0.00,3.18,7.23,39.00,94.69,5.31,2138,NULL,0,NULL,NULL,0,0,0.00,USD,38.75
2026-02-01,2026-02-28,Lee's Coffee & Tea (600 Washington Ave),24387649,909358,24387649,0,0,0,0.00,0.00,0,0.00,0,0.00,0.00,0.00,0.00,0.00,100.0,0.0,0,NULL,0,NULL,NULL,0,0,0.00,NULL,0.00
2026-02-01,2026-02-28,Leon's Legendary Pizza,35450093,11225487,35450093,0,0,0,0.00,0.00,0,0.00,0,0.00,0.00,0.00,0.00,0.00,100.0,0.0,0,NULL,0,NULL,NULL,0,0,0.00,NULL,0.00
2026-02-01,2026-02-28,Leon's Legendary Pizza (137 S Las Posas Rd #153),24800337,11225487,24800337,1,1,0,0.00,0.00,0,0.00,0,0.00,0.00,0.00,10.18,41.00,100.0,0.0,0,NULL,0,NULL,NULL,0,0,0.00,USD,41.30
2026-02-01,2026-02-28,Leon's Legendary Pizza (1595 Seminole Blvd),31313829,11225487,31313829,2,0,0,0.00,0.00,2,100.00,0,0.00,100.00,0.00,0.00,0.00,96.45,3.55,686,NULL,0,NULL,NULL,0,0,0.00,USD,0.00
2026-02-01,2026-02-28,Leon's Legendary Pizza (3349 Mission St),34343685,11225487,34343685,15,15,0,0.00,0.00,0,0.00,0,0.00,0.00,1.02,4.28,37.87,99.7,0.3,63,NULL,2,NULL,NULL,0,1,50.00,USD,38.03
2026-02-01,2026-02-28,Lettuce N Greens (257 Water Street),31313605,917370,31313605,0,0,0,0.00,0.00,0,0.00,0,0.00,0.00,0.00,0.00,0.00,98.89,1.11,285,NULL,0,NULL,NULL,0,0,0.00,NULL,0.00
2026-02-01,2026-02-28,Linh's Chinese Restaurant (2711 La Frontera Blvd #260),24872469,833879,24872469,3,3,0,0.00,0.00,0,0.00,0,0.00,0.00,0.00,3.99,35.33,100.0,0.0,0,NULL,0,NULL,NULL,0,0,0.00,USD,35.41
2026-02-01,2026-02-28,Linh's Chinese Restaurant (W Greenway Rd),23085566,833879,23085566,26,26,0,0.00,0.00,0,0.00,0,0.00,0.00,0.08,2.81,33.35,99.9,0.1,20,NULL,2,NULL,NULL,1,0,0.00,USD,33.73
2026-02-01,2026-02-28,Little Italy's Calzones (12121 W Linebaugh Ave),26152910,581529,26152910,1,1,0,0.00,0.00,0,0.00,0,0.00,0.00,17.43,17.73,68.00,100.0,0.0,0,NULL,0,NULL,NULL,0,0,0.00,USD,68.27
2026-02-01,2026-02-28,Little Italy's Calzones (1368 N Arizona Ave),32946727,581529,32946727,42,42,1,2.38,6.69,0,0.00,0,0.00,0.00,1.13,5.48,42.26,100.0,0.0,0,NULL,2,NULL,NULL,0,1,50.00,USD,40.24
2026-02-01,2026-02-28,Little Italy's Calzones (415 E Windmill Lane),27741910,581529,27741910,7,7,0,0.00,0.00,0,0.00,0,0.00,0.00,4.62,9.34,72.57,98.62,1.38,406,NULL,0,NULL,NULL,0,0,0.00,USD,51.77
2026-02-01,2026-02-28,Little Italy's Calzones (Virtual Brand)(2624 Pico Blvd),1534047,581529,NULL,5,5,0,0.00,0.00,0,0.00,0,0.00,0.00,0.47,3.58,49.00,100.0,0.0,0,NULL,0,NULL,NULL,0,0,0.00,USD,48.92
2026-02-01,2026-02-28,Livia's Mediterranean Table (1849 N Scottsdale Rd),24506648,11393018,24506648,14,12,0,0.00,0.00,2,14.29,1,7.14,0.00,0.17,2.95,46.83,99.14,0.86,212,NULL,5,NULL,NULL,2,0,0.00,USD,41.78
2026-02-01,2026-02-28,Local Breakfast Spot,35635001,717252,35635001,0,0,0,0.00,0.00,0,0.00,0,0.00,0.00,0.00,0.00,0.00,0.0,100.0,0,NULL,0,NULL,NULL,0,0,0.00,NULL,0.00
2026-02-01,2026-02-28,Local Breakfast Spot,36256107,717252,36256107,1,1,0,0.00,0.00,0,0.00,0,0.00,0.00,0.00,0.00,105.00,97.88,2.12,853,NULL,0,NULL,NULL,0,0,0.00,USD,0.00
2026-02-01,2026-02-28,Local Breakfast Spot (11925 S Inglewood Ave),32863759,717252,32863759,14,14,0,0.00,0.00,0,0.00,0,0.00,0.00,3.76,10.47,44.64,100.0,0.0,0,NULL,0,NULL,NULL,0,0,0.00,USD,40.43
2026-02-01,2026-02-28,Local Breakfast Spot (2126 E Apache Blvd),32863757,717252,32863757,1,1,0,0.00,0.00,0,0.00,0,0.00,0.00,0.35,0.68,41.00,100.0,0.0,0,NULL,0,NULL,NULL,0,0,0.00,USD,41.27
2026-02-01,2026-02-28,Local Breakfast Spot (755 9th Ave),1518316,717252,NULL,17,17,0,0.00,0.00,0,0.00,0,0.00,0.00,0.12,2.30,37.18,97.91,2.09,843,NULL,2,NULL,NULL,0,0,0.00,USD,29.41
2026-02-01,2026-02-28,Local Pizza Boy,38058995,885285,38058995,1,0,0,0.00,0.00,1,100.00,1,100.00,0.00,0.00,0.00,0.00,100.0,0.0,0,NULL,0,NULL,NULL,0,0,0.00,USD,0.00
2026-02-01,2026-02-28,Local Pizza Boy (1116 Polk St),32863767,885285,32863767,2,2,0,0.00,0.00,0,0.00,0,0.00,0.00,1.38,4.85,70.00,99.57,0.43,77,NULL,0,NULL,NULL,0,0,0.00,USD,69.85
2026-02-01,2026-02-28,Local Vegetarian Cafe (1219 1st Avenue),36018567,11217013,36018567,0,0,0,0.00,0.00,0,0.00,0,0.00,0.00,0.00,0.00,0.00,98.8,1.2,315,NULL,0,NULL,NULL,0,0,0.00,NULL,0.00
2026-02-01,2026-02-28,Local's Breakfast Snob,38214235,706839,38214235,0,0,0,0.00,0.00,0,0.00,0,0.00,0.00,0.00,0.00,0.00,100.0,0.0,0,NULL,0,NULL,NULL,0,0,0.00,NULL,0.00
2026-02-01,2026-02-28,Local's Breakfast Snob,33948833,706839,33948833,19,19,0,0.00,0.00,0,0.00,0,0.00,0.00,0.00,3.27,36.74,100.0,0.0,0,NULL,1,NULL,NULL,0,0,0.00,USD,31.71
2026-02-01,2026-02-28,Local's Breakfast Snob,33948835,706839,33948835,2,2,1,50.00,5.26,0,0.00,0,0.00,0.00,0.00,4.94,19.00,97.9,2.1,846,NULL,0,NULL,NULL,0,0,0.00,USD,19.75
2026-02-01,2026-02-28,"Locals Breakfast Snob (Armonk, NY)",1091378,706839,NULL,10,10,1,10.00,5.86,0,0.00,0,0.00,0.00,0.34,2.55,48.11,100.0,0.0,0,NULL,1,NULL,NULL,0,0,0.00,USD,47.97
2026-02-01,2026-02-28,Lola's Smoothie Mix,32947199,994329,32947199,3,3,0,0.00,0.00,0,0.00,0,0.00,0.00,0.89,3.17,30.00,97.91,2.09,843,NULL,0,NULL,NULL,0,0,0.00,USD,30.24
2026-02-01,2026-02-28,Lola's Smoothie Mix (Hillside Ave),23134804,994329,23134804,39,39,2,5.13,8.72,0,0.00,0,0.00,0.00,0.65,3.32,41.13,97.9,2.1,848,NULL,2,NULL,NULL,1,0,0.00,USD,41.04
2026-02-01,2026-02-28,Lola's Smoothie Mix (Metropolitan Ave),31671943,994329,31671943,9,9,0,0.00,0.00,0,0.00,0,0.00,0.00,0.08,4.65,48.67,97.64,2.36,849,NULL,4,NULL,NULL,1,3,75.00,USD,41.70
2026-02-01,2026-02-28,Louie's Cheesesteaks,33951119,350312,33951119,0,0,0,0.00,0.00,0,0.00,0,0.00,0.00,0.00,0.00,0.00,0.0,100.0,0,NULL,0,NULL,NULL,0,0,0.00,NULL,0.00
2026-02-01,2026-02-28,Louie's Cheesesteaks,35853264,350312,35853264,0,0,0,0.00,0.00,0,0.00,0,0.00,0.00,0.00,0.00,0.00,98.72,1.28,345,NULL,0,NULL,NULL,0,0,0.00,NULL,0.00
2026-02-01,2026-02-28,Luca's Chicken Wings (330 W Broadway),2291226,888356,NULL,1,0,0,0.00,0.00,1,100.00,0,0.00,0.00,0.00,0.00,0.00,100.0,0.0,0,NULL,0,NULL,NULL,0,0,0.00,USD,0.00
2026-02-01,2026-02-28,Luca's Philly Cheesesteak,33971851,903334,33971851,1,1,0,0.00,0.00,0,0.00,0,0.00,0.00,0.70,1.68,31.00,97.88,2.12,853,NULL,0,NULL,NULL,0,0,0.00,USD,31.32
2026-02-01,2026-02-28,Luca's Philly Cheesesteak (315 Walter E Foran Blvd Ste 314),23549180,903334,23549180,16,16,0,0.00,0.00,0,0.00,0,0.00,0.00,1.31,8.51,38.31,100.0,0.0,0,NULL,0,NULL,NULL,0,0,0.00,USD,38.02
2026-02-01,2026-02-28,Luca's Philly Cheesesteak (Metropolitan Ave),31561737,903334,31561737,2,1,0,0.00,0.00,1,50.00,0,0.00,0.00,0.00,1.80,28.00,94.38,5.62,2265,NULL,0,NULL,NULL,0,0,0.00,USD,28.15
2026-02-01,2026-02-28,Lucy's Pancake Bar (353 W 125th St),1591151,369911,NULL,0,0,0,0.00,0.00,0,0.00,0,0.00,0.00,0.00,0.00,0.00,0.0,100.0,0,NULL,0,NULL,NULL,0,0,0.00,NULL,0.00
2026-02-01,2026-02-28,Lucy's Pancake Bar (5993 Broadway),24556140,369911,24556140,9,9,1,11.11,0.00,0,0.00,0,0.00,0.00,1.34,6.34,49.56,97.9,2.1,846,NULL,1,NULL,NULL,1,0,0.00,USD,49.68
2026-02-01,2026-02-28,Luigi's Pasta Ristorante,32863674,349193,32863674,10,9,1,11.11,4.78,1,10.00,0,0.00,0.00,2.77,4.77,37.00,100.0,0.0,0,NULL,2,NULL,NULL,1,0,0.00,USD,36.71
2026-02-01,2026-02-28,Luigi's Pasta Ristorante,34250513,349193,34250513,27,25,4,16.00,34.10,2,7.41,1,3.70,0.00,7.04,10.95,54.60,98.55,1.45,422,NULL,2,NULL,NULL,2,0,0.00,USD,49.22
2026-02-01,2026-02-28,Luigi's Pasta Ristorante,33948863,349193,33948863,5,4,0,0.00,0.00,1,20.00,0,0.00,0.00,0.98,2.33,48.00,98.29,1.71,345,NULL,0,NULL,NULL,0,0,0.00,USD,35.49
2026-02-01,2026-02-28,Luigi's Pasta Ristorante,33948861,349193,33948861,9,7,0,0.00,0.00,2,22.22,1,11.11,0.00,19.18,15.67,90.71,93.99,6.01,1413,NULL,0,NULL,NULL,0,0,0.00,USD,85.20
2026-02-01,2026-02-28,Luke's Breakfast Club,34250381,348863,34250381,5,5,0,0.00,0.00,0,0.00,0,0.00,0.00,3.25,4.92,64.60,98.36,1.64,496,NULL,2,NULL,NULL,1,0,0.00,USD,64.33
2026-02-01,2026-02-28,Luke's Breakfast Club,37412641,348863,37412641,8,7,0,0.00,0.00,1,12.50,1,12.50,0.00,3.39,7.61,38.86,98.33,1.67,248,NULL,1,NULL,NULL,0,1,100.00,USD,42.12
2026-02-01,2026-02-28,Luke's Breakfast Club (766 Grand St),38213641,348863,38213641,0,0,0,0.00,0.00,0,0.00,0,0.00,0.00,0.00,0.00,0.00,98.59,1.41,285,NULL,0,NULL,NULL,0,0,0.00,NULL,0.00
2026-02-01,2026-02-28,Luke's Breakfast Club (7701 Garrison Road),24227611,348863,24227611,42,42,1,2.38,2.73,0,0.00,0,0.00,0.00,0.14,2.27,41.43,100.0,0.0,0,NULL,5,NULL,NULL,1,3,60.00,USD,41.92
2026-02-01,2026-02-28,Luke's Breakfast Club (7825 EASTERN AVE),33895231,348863,33895231,1,0,0,0.00,0.00,1,100.00,1,100.00,0.00,0.00,0.00,0.00,91.25,8.75,2184,NULL,0,NULL,NULL,0,0,0.00,USD,0.00
2026-02-01,2026-02-28,Luke's Breakfast Club (Caton Ave),31547931,348863,31547931,7,6,0,0.00,0.00,1,14.29,1,14.29,0.00,0.56,2.39,122.50,96.35,3.65,840,NULL,1,NULL,NULL,0,0,0.00,USD,46.35
2026-02-01,2026-02-28,Luke's Breakfast Wraps (769 9th Ave #1),24556171,859176,24556171,7,7,1,14.29,6.38,0,0.00,0,0.00,0.00,6.52,8.55,76.86,97.9,2.1,846,NULL,0,NULL,NULL,0,0,0.00,USD,64.69
2026-02-01,2026-02-28,Luke's Breakfast Wraps (93 Avenue A),37532867,859176,37532867,1,1,0,0.00,0.00,0,0.00,0,0.00,0.00,0.00,9.87,24.00,97.9,2.1,848,NULL,0,NULL,NULL,0,0,0.00,USD,24.30
2026-02-01,2026-02-28,Luna's Loaded Fries (226 1/2 Newark Ave),24899869,11225492,24899869,0,0,0,0.00,0.00,0,0.00,0,0.00,0.00,0.00,0.00,0.00,0.0,100.0,0,NULL,0,NULL,NULL,0,0,0.00,NULL,0.00
2026-02-01,2026-02-28,Luna's Loaded Fries (4352 E Speedway Blvd),27682605,11225492,27682605,27,26,0,0.00,0.00,1,3.70,0,0.00,0.00,0.09,2.26,44.50,99.69,0.31,119,NULL,1,NULL,NULL,0,1,100.00,USD,41.68
2026-02-01,2026-02-28,Mac's Cheese Factory,34347679,11225494,34347679,6,6,0,0.00,0.00,0,0.00,0,0.00,0.00,3.84,5.30,53.67,99.92,0.08,15,NULL,0,NULL,NULL,0,0,0.00,USD,53.72
2026-02-01,2026-02-28,Mama's Buffalo Wings,1580759,648298,NULL,10,10,0,0.00,0.00,0,0.00,0,0.00,0.00,1.79,7.29,70.00,97.9,2.1,847,NULL,2,NULL,NULL,0,1,50.00,USD,58.36
2026-02-01,2026-02-28,Mama's Buffalo Wings (E 8th St),23367545,648298,23367545,16,16,0,0.00,0.00,0,0.00,0,0.00,0.00,0.74,2.17,58.19,97.89,2.11,850,NULL,3,NULL,NULL,0,0,0.00,USD,58.23
2026-02-01,2026-02-28,Manhattan Salad Bar (265 Bedford Ave),1834903,282204,NULL,2,2,0,0.00,0.00,0,0.00,0,0.00,0.00,4.35,7.35,33.50,97.91,2.09,841,NULL,0,NULL,NULL,0,0,0.00,USD,33.15
2026-02-01,2026-02-28,Maria's Burrito Bar,33951815,14225241,33951815,6,6,0,0.00,0.00,0,0.00,0,0.00,0.00,0.03,4.61,39.17,100.0,0.0,0,NULL,1,NULL,NULL,0,0,0.00,USD,39.03
2026-02-01,2026-02-28,Maria's Italian Meatballs (1st Ave),834794,370904,NULL,0,0,0,0.00,0.00,0,0.00,0,0.00,0.00,0.00,0.00,0.00,97.89,2.11,852,NULL,0,NULL,NULL,0,0,0.00,NULL,0.00
2026-02-01,2026-02-28,Mario's Italian Ristorante,1743858,430423,NULL,7,6,0,0.00,0.00,1,14.29,0,0.00,14.29,0.04,2.43,30.50,99.13,0.87,147,NULL,0,NULL,NULL,0,0,0.00,USD,30.66
2026-02-01,2026-02-28,Martha's Breakfast Sandwiches (Lee Hwy),23268680,841684,23268680,17,17,3,17.65,21.95,0,0.00,0,0.00,0.00,0.94,3.79,60.65,100.0,0.0,0,NULL,1,NULL,NULL,0,0,0.00,USD,50.64
2026-02-01,2026-02-28,Martha's Fried Chicken (493 Old Hickory Blvd),33886083,692210,33886083,9,9,0,0.00,0.00,0,0.00,0,0.00,0.00,0.27,4.73,39.78,100.0,0.0,0,NULL,0,NULL,NULL,0,0,0.00,USD,39.82
2026-02-01,2026-02-28,Martha's Mariscos Bar (Washington Blvd),2423511,921987,NULL,0,0,0,0.00,0.00,0,0.00,0,0.00,0.00,0.00,0.00,0.00,100.0,0.0,0,NULL,0,NULL,NULL,0,0,0.00,NULL,0.00
2026-02-01,2026-02-28,Martha's Pancake Bar,35639462,14711407,35639462,2,2,0,0.00,0.00,0,0.00,0,0.00,0.00,0.00,1.20,40.50,99.61,0.39,93,NULL,0,NULL,NULL,0,0,0.00,USD,40.35
2026-02-01,2026-02-28,Marty's Wraps Shack,33948931,994328,33948931,8,7,0,0.00,0.00,1,12.50,1,12.50,0.00,3.45,4.60,59.29,98.45,1.55,456,NULL,1,NULL,NULL,1,0,0.00,USD,59.41
2026-02-01,2026-02-28,Marty's Wraps Shack,33948929,994328,33948929,0,0,0,0.00,0.00,0,0.00,0,0.00,0.00,0.00,0.00,0.00,97.9,2.1,846,NULL,0,NULL,NULL,0,0,0.00,NULL,0.00
2026-02-01,2026-02-28,Marty's Wraps Shack,37413054,994328,37413054,1,1,0,0.00,0.00,0,0.00,0,0.00,0.00,0.00,0.00,41.00,100.0,0.0,0,NULL,0,NULL,NULL,0,0,0.00,USD,40.83
2026-02-01,2026-02-28,Marty's Wraps Shack,39162345,994328,39162345,12,2,0,0.00,0.00,10,83.33,10,83.33,0.00,0.00,2.59,90.50,89.88,10.12,1931,NULL,0,NULL,NULL,0,0,0.00,USD,42.52
2026-02-01,2026-02-28,Marty's Wraps Shack (4315 Bryan Street),35450375,994328,35450375,0,0,0,0.00,0.00,0,0.00,0,0.00,0.00,0.00,0.00,0.00,0.0,100.0,0,NULL,0,NULL,NULL,0,0,0.00,NULL,0.00
2026-02-01,2026-02-28,Marty's Wraps Shack (433 W 34th st),23549667,994328,23549667,4,3,0,0.00,0.00,1,25.00,1,25.00,0.00,0.00,1.55,19.50,97.91,2.09,844,NULL,0,NULL,NULL,0,0,0.00,USD,19.14
2026-02-01,2026-02-28,Marty's Wraps Shack (459 Main St),23549737,994328,23549737,5,5,0,0.00,0.00,0,0.00,0,0.00,0.00,0.16,2.66,42.80,100.0,0.0,0,NULL,0,NULL,NULL,0,0,0.00,USD,42.54
2026-02-01,2026-02-28,Marty's Wraps Shack (5993 Broadway),24556142,994328,24556142,10,10,0,0.00,0.00,0,0.00,0,0.00,0.00,1.02,4.92,61.10,97.88,2.12,854,NULL,0,NULL,NULL,0,0,0.00,USD,61.11
2026-02-01,2026-02-28,Mary's Bagel Bar,978430,434407,NULL,2,2,0,0.00,0.00,0,0.00,0,0.00,0.00,2.45,9.68,32.00,99.07,0.93,345,NULL,0,NULL,NULL,0,0,0.00,USD,31.65
2026-02-01,2026-02-28,Mary's Breakfast Burritos (6 W Court St),1478821,643448,NULL,3,3,0,0.00,0.00,0,0.00,0,0.00,0.00,0.00,1.41,33.33,100.0,0.0,0,NULL,0,NULL,NULL,0,0,0.00,USD,33.55
2026-02-01,2026-02-28,"Mary's Breakfast Burritos (New York, NY)",1355159,643448,NULL,2,2,0,0.00,0.00,0,0.00,0,0.00,0.00,0.37,3.72,53.00,99.07,0.93,345,NULL,0,NULL,NULL,0,0,0.00,USD,52.79
2026-02-01,2026-02-28,Mary's Chicken Sandwiches,39042633,736745,39042633,0,0,0,0.00,0.00,0,0.00,0,0.00,0.00,0.00,0.00,0.00,100.0,0.0,0,NULL,0,NULL,NULL,0,0,0.00,NULL,0.00
2026-02-01,2026-02-28,Mary's Chicken Sandwiches,40824475,736745,40824475,0,0,0,0.00,0.00,0,0.00,0,0.00,0.00,0.00,0.00,0.00,100.0,0.0,0,NULL,0,NULL,NULL,0,0,0.00,NULL,0.00
2026-02-01,2026-02-28,Mary's Chicken Sandwiches,34348661,736745,34348661,0,0,0,0.00,0.00,0,0.00,0,0.00,0.00,0.00,0.00,0.00,96.43,3.57,660,NULL,0,NULL,NULL,0,0,0.00,NULL,0.00
2026-02-01,2026-02-28,Mary's Chicken Sandwiches,34249079,736745,34249079,0,0,0,0.00,0.00,0,0.00,0,0.00,0.00,0.00,0.00,0.00,98.72,1.28,376,NULL,0,NULL,NULL,0,0,0.00,NULL,0.00
2026-02-01,2026-02-28,Mary's Chicken Sandwiches,41262197,736745,41262197,0,0,0,0.00,0.00,0,0.00,0,0.00,0.00,0.00,0.00,0.00,0.0,100.0,0,NULL,0,NULL,NULL,0,0,0.00,NULL,0.00
2026-02-01,2026-02-28,Mary's Chicken Sandwiches,36033683,736745,36033683,0,0,0,0.00,0.00,0,0.00,0,0.00,0.00,0.00,0.00,0.00,92.9,7.1,694,NULL,0,NULL,NULL,0,0,0.00,NULL,0.00
2026-02-01,2026-02-28,"Mary's Chicken Sandwiches (116 Thomas S Boyland St, Brooklyn, NY 11233)",34249077,736745,34249077,2,2,0,0.00,0.00,0,0.00,0,0.00,0.00,0.00,7.04,52.00,98.36,1.64,496,NULL,0,NULL,NULL,0,0,0.00,USD,51.77
2026-02-01,2026-02-28,Mary's Chicken Sandwiches (1824 2nd Ave),33974255,736745,33974255,4,4,1,25.00,6.02,0,0.00,0,0.00,0.00,11.50,12.83,49.00,97.75,2.25,905,NULL,0,NULL,NULL,0,0,0.00,USD,49.28
2026-02-01,2026-02-28,Mary's Chicken Sandwiches (257 Gold St),32863869,736745,32863869,12,12,0,0.00,0.00,0,0.00,0,0.00,0.00,2.20,3.32,32.25,97.91,2.09,844,NULL,0,NULL,NULL,0,0,0.00,USD,32.03
2026-02-01,2026-02-28,Mary's Chicken Sandwiches (265 Bedford Ave),32863867,736745,32863867,0,0,0,0.00,0.00,0,0.00,0,0.00,0.00,0.00,0.00,0.00,97.91,2.09,844,NULL,0,NULL,NULL,0,0,0.00,NULL,0.00
2026-02-01,2026-02-28,Mary's Chicken Sandwiches (Chestnut St),32863865,736745,32863865,4,3,0,0.00,0.00,1,25.00,1,25.00,0.00,0.00,3.54,31.00,100.0,0.0,0,NULL,0,NULL,NULL,0,0,0.00,USD,30.76
2026-02-01,2026-02-28,Mary's Omelette Bar,37376175,419366,37376175,2,2,0,0.00,0.00,0,0.00,0,0.00,0.00,0.80,2.91,30.50,97.64,2.36,574,NULL,0,NULL,NULL,0,0,0.00,USD,30.52
2026-02-01,2026-02-28,Mary's Omelette Bar (300),1533181,419366,NULL,0,0,0,0.00,0.00,0,0.00,0,0.00,0.00,0.00,0.00,0.00,98.21,1.79,345,NULL,0,NULL,NULL,0,0,0.00,NULL,0.00
2026-02-01,2026-02-28,Mary's Omelette Bar (330 W Broadway),2291104,419366,NULL,5,2,0,0.00,0.00,3,60.00,2,40.00,0.00,0.00,8.77,39.00,99.01,0.99,239,NULL,2,NULL,NULL,0,0,0.00,USD,38.75
2026-02-01,2026-02-28,Mary's Pancake House (3001 S Bristol St),24438074,340684,24438074,8,8,0,0.00,0.00,0,0.00,0,0.00,0.00,0.28,2.95,40.25,100.0,0.0,0,NULL,0,NULL,NULL,0,0,0.00,USD,40.39
2026-02-01,2026-02-28,Mary's Salad Co (839 W University Dr),32948183,692267,32948183,6,6,0,0.00,0.00,0,0.00,0,0.00,0.00,0.06,3.12,54.33,100.0,0.0,0,NULL,1,NULL,NULL,0,1,100.00,USD,31.30
2026-02-01,2026-02-28,Mason's Burger Bar,33898631,370903,33898631,0,0,0,0.00,0.00,0,0.00,0,0.00,0.00,0.00,0.00,0.00,98.53,1.47,345,NULL,0,NULL,NULL,0,0,0.00,NULL,0.00
2026-02-01,2026-02-28,Master Yamamoto Ramen Bar (E Bell Rd),23087583,350307,23087583,118,118,2,1.69,7.50,0,0.00,0,0.00,0.00,0.51,3.10,39.84,88.72,11.28,2007,NULL,6,NULL,NULL,1,2,33.33,USD,38.34
2026-02-01,2026-02-28,Mean Salad Bar,35464311,14656767,35464311,0,0,0,0.00,0.00,0,0.00,0,0.00,0.00,0.00,0.00,0.00,100.0,0.0,0,NULL,0,NULL,NULL,0,0,0.00,NULL,0.00
2026-02-01,2026-02-28,Mean Salad Bar,35450631,14656767,35450631,0,0,0,0.00,0.00,0,0.00,0,0.00,0.00,0.00,0.00,0.00,100.0,0.0,0,NULL,0,NULL,NULL,0,0,0.00,NULL,0.00
2026-02-01,2026-02-28,Mediterranean Salad Chop,39899333,11072950,39899333,0,0,0,0.00,0.00,0,0.00,0,0.00,0.00,0.00,0.00,0.00,100.0,0.0,0,NULL,0,NULL,NULL,0,0,0.00,NULL,0.00
2026-02-01,2026-02-28,Mediterranean Salad Chop (197 Havemeyer St.),24257608,11072950,24257608,13,12,1,8.33,9.71,1,7.69,1,7.69,0.00,0.20,4.36,49.67,97.33,2.67,557,NULL,0,NULL,NULL,0,0,0.00,USD,36.94
2026-02-01,2026-02-28,Mexican Omelette Bar,976318,433153,NULL,3,3,0,0.00,0.00,0,0.00,0,0.00,0.00,0.00,1.28,54.33,100.0,0.0,0,NULL,0,NULL,NULL,0,0,0.00,USD,22.73
2026-02-01,2026-02-28,Mexicana Breakfast Lab (3001 N Hayden Rd),27741830,11068605,27741830,0,0,0,0.00,0.00,0,0.00,0,0.00,0.00,0.00,0.00,0.00,0.0,100.0,0,NULL,0,NULL,NULL,0,0,0.00,NULL,0.00
2026-02-01,2026-02-28,Mexiq Tacos,33886191,14208715,33886191,2,2,0,0.00,0.00,0,0.00,0,0.00,0.00,0.21,3.99,33.00,98.49,1.51,268,NULL,0,NULL,NULL,0,0,0.00,USD,33.83
2026-02-01,2026-02-28,Mia's Breakfast Bar,1008526,450236,NULL,5,4,0,0.00,0.00,1,20.00,0,0.00,0.00,0.25,4.36,46.75,97.9,2.1,846,NULL,0,NULL,NULL,0,0,0.00,USD,29.01
2026-02-01,2026-02-28,Mia's Quesadillas (296 3rd Ave),32973053,882517,32973053,13,11,0,0.00,0.00,2,15.38,2,15.38,0.00,4.20,8.44,46.64,97.07,2.93,802,NULL,1,NULL,NULL,0,0,0.00,USD,41.19
2026-02-01,2026-02-28,Mia's Quesadillas (Queens Plaza N),2359023,882517,NULL,11,11,0,0.00,0.00,0,0.00,0,0.00,0.00,1.25,3.05,64.36,97.91,2.09,841,NULL,2,NULL,NULL,0,2,100.00,USD,52.39
2026-02-01,2026-02-28,Middle East Wraps - 750 East Main St,24703825,871674,24703825,14,13,0,0.00,0.00,1,7.14,1,7.14,0.00,0.05,2.43,36.46,99.71,0.29,47,NULL,1,NULL,NULL,0,0,0.00,USD,36.55
2026-02-01,2026-02-28,Midtown Quesadillas Snob,1767282,801989,NULL,2,2,0,0.00,0.00,0,0.00,0,0.00,0.00,0.00,2.73,53.50,88.35,11.65,1307,NULL,0,NULL,NULL,0,0,0.00,USD,53.54
2026-02-01,2026-02-28,Mighty Grilled Cheese,33898595,948635,33898595,0,0,0,0.00,0.00,0,0.00,0,0.00,0.00,0.00,0.00,0.00,98.53,1.47,345,NULL,0,NULL,NULL,0,0,0.00,NULL,0.00
2026-02-01,2026-02-28,Mighty Grilled Cheese (1760 3rd Ave),23367132,948635,23367132,15,15,1,6.67,14.97,0,0.00,0,0.00,0.00,0.17,2.25,43.67,97.89,2.11,850,NULL,0,NULL,NULL,0,0,0.00,USD,43.60
2026-02-01,2026-02-28,Mighty Grilled Cheese (6600 W Sylvania Ave),27834141,948635,27834141,7,7,0,0.00,0.00,0,0.00,0,0.00,0.00,1.33,4.45,50.43,100.0,0.0,0,NULL,0,NULL,NULL,0,0,0.00,USD,50.42
2026-02-01,2026-02-28,Milkshake And Dessert Bar (Hillcrest Ave),2428480,705464,NULL,6,6,0,0.00,0.00,0,0.00,0,0.00,0.00,0.00,4.38,46.00,98.44,1.56,299,NULL,0,NULL,NULL,0,0,0.00,USD,45.95
2026-02-01,2026-02-28,Muf's Muffin Shop (Hillside Ave),23134903,1008100,23134903,79,78,13,16.67,107.11,1,1.27,1,1.27,0.00,0.85,2.75,47.46,97.88,2.12,853,NULL,4,NULL,NULL,2,1,25.00,USD,47.53
2026-02-01,2026-02-28,NY Boba Bae (501 Broadway St),32973995,12964955,32973995,0,0,0,0.00,0.00,0,0.00,0,0.00,0.00,0.00,0.00,0.00,100.0,0.0,0,NULL,0,NULL,NULL,0,0,0.00,NULL,0.00
2026-02-01,2026-02-28,NY Breakfast Spot,36017463,668068,36017463,4,4,0,0.00,0.00,0,0.00,0,0.00,0.00,0.00,4.61,40.25,98.72,1.28,345,NULL,0,NULL,NULL,0,0,0.00,USD,20.97
2026-02-01,2026-02-28,"NY Breakfast Spot (Virtual Brand)(New York, NY)",1245783,668068,NULL,59,59,1,1.69,3.63,0,0.00,0,0.00,0.00,3.51,8.14,34.95,95.76,4.24,1709,NULL,6,NULL,NULL,0,1,16.67,USD,35.57
2026-02-01,2026-02-28,"NY Burger Spot (Jamaica, NY)",1209803,222504,NULL,0,0,0,0.00,0.00,0,0.00,0,0.00,0.00,0.00,0.00,0.00,97.89,2.11,850,NULL,0,NULL,NULL,0,0,0.00,NULL,0.00
2026-02-01,2026-02-28,NY Dessert Bar (34-02 30th St),23556864,349588,23556864,24,22,0,0.00,0.00,2,8.33,1,4.17,0.00,1.53,3.12,36.41,99.15,0.85,285,NULL,1,NULL,NULL,0,0,0.00,USD,36.87
2026-02-01,2026-02-28,NY Dessert Bar (9th Ave),23007130,349588,23007130,7,6,2,33.33,0.00,1,14.29,0,0.00,0.00,0.49,2.40,36.33,97.82,2.18,848,NULL,0,NULL,NULL,0,0,0.00,USD,36.55
2026-02-01,2026-02-28,NY Smoothie Joint,34250615,752005,34250615,6,6,0,0.00,0.00,0,0.00,0,0.00,0.00,0.37,3.16,28.00,98.68,1.32,345,NULL,0,NULL,NULL,0,0,0.00,USD,30.41
2026-02-01,2026-02-28,NY Smoothie Joint,33964063,752005,33964063,0,0,0,0.00,0.00,0,0.00,0,0.00,0.00,0.00,0.00,0.00,97.88,2.12,853,NULL,0,NULL,NULL,0,0,0.00,NULL,0.00
2026-02-01,2026-02-28,NY Smoothie Joint,35638047,752005,35638047,2,0,0,0.00,0.00,2,100.00,1,50.00,0.00,0.00,0.00,0.00,96.95,3.05,1142,NULL,0,NULL,NULL,0,0,0.00,USD,0.00
2026-02-01,2026-02-28,NY Smoothie Joint,35117591,752005,35117591,5,0,0,0.00,0.00,5,100.00,0,0.00,100.00,0.00,0.00,0.00,93.61,6.39,1863,NULL,0,NULL,NULL,0,0,0.00,USD,0.00
2026-02-01,2026-02-28,NY Smoothie Joint (1741 1st Avenue),23907051,752005,23907051,2,2,0,0.00,0.00,0,0.00,0,0.00,0.00,6.79,7.15,39.50,98.39,1.61,485,NULL,0,NULL,NULL,0,0,0.00,USD,39.87
2026-02-01,2026-02-28,Nakamura Ramen House (1401 E Arapaho Rd #F),32973693,232306,32973693,21,21,1,4.76,5.24,0,0.00,0,0.00,0.00,0.75,3.22,57.62,100.0,0.0,0,NULL,3,NULL,NULL,0,0,0.00,USD,55.16
2026-02-01,2026-02-28,Nakamura Ramen House (2575 North Hollywood Way #107),23557166,232306,23557166,2,2,0,0.00,0.00,0,0.00,0,0.00,0.00,0.00,3.50,32.00,99.9,0.1,15,NULL,0,NULL,NULL,0,0,0.00,USD,32.00
2026-02-01,2026-02-28,Nakamura Ramen House (W Greenway Rd),23085594,232306,23085594,67,64,3,4.69,39.88,3,4.48,0,0.00,0.00,0.39,2.66,41.11,99.95,0.05,10,NULL,10,NULL,NULL,3,2,20.00,USD,38.20
2026-02-01,2026-02-28,Nakamura Ramen House (W Indian School Rd),23085722,232306,23085722,143,141,7,4.96,43.15,2,1.40,2,1.40,0.00,0.82,2.98,46.55,99.43,0.57,108,NULL,11,NULL,NULL,4,4,36.36,USD,45.41
2026-02-01,2026-02-28,Nakamura Ramen House (W Peoria Ave),23085638,232306,23085638,81,77,2,2.60,15.91,4,4.94,3,3.70,0.00,0.58,2.31,53.51,96.09,3.91,686,NULL,4,NULL,NULL,0,1,25.00,USD,44.74
2026-02-01,2026-02-28,Nancy's Desserts (555 CA-17),24974708,11225500,24974708,64,63,2,3.17,14.15,1,1.56,0,0.00,0.00,2.19,4.50,55.85,99.91,0.09,14,NULL,8,NULL,NULL,5,1,12.50,USD,38.29
2026-02-01,2026-02-28,Nancy's Grilled Cheese,1619022,283709,NULL,23,23,1,4.35,3.76,0,0.00,0,0.00,0.00,0.50,2.85,35.91,97.9,2.1,847,NULL,1,NULL,NULL,0,0,0.00,USD,35.83
2026-02-01,2026-02-28,NextBagel (1225 Amsterdam Ave),27456448,11916772,27456448,4,3,0,0.00,0.00,1,25.00,1,25.00,0.00,1.08,5.92,80.00,98.41,1.59,479,NULL,0,NULL,NULL,0,0,0.00,USD,36.48
2026-02-01,2026-02-28,NextBagel (196 1st Ave),31313749,11916772,31313749,0,0,0,0.00,0.00,0,0.00,0,0.00,0.00,0.00,0.00,0.00,96.87,3.13,787,NULL,0,NULL,NULL,0,0,0.00,NULL,0.00
2026-02-01,2026-02-28,Nico's Italian Ristorante,775642,350324,NULL,0,0,0,0.00,0.00,0,0.00,0,0.00,0.00,0.00,0.00,0.00,100.0,0.0,0,NULL,0,NULL,NULL,0,0,0.00,NULL,0.00
2026-02-01,2026-02-28,Nico's Italian Ristorante (2624 Pico Blvd),31636133,350324,31636133,2,2,0,0.00,0.00,0,0.00,0,0.00,0.00,0.00,1.40,29.00,100.0,0.0,0,NULL,0,NULL,NULL,0,0,0.00,USD,31.72
2026-02-01,2026-02-28,Nino's Nacho Bar,36020955,11225502,36020955,18,18,1,5.56,23.78,0,0.00,0,0.00,0.00,1.06,3.54,43.89,100.0,0.0,0,NULL,2,NULL,NULL,1,0,0.00,USD,40.74
2026-02-01,2026-02-28,Nino's Nacho Bar,36031291,11225502,36031291,0,0,0,0.00,0.00,0,0.00,0,0.00,0.00,0.00,0.00,0.00,99.47,0.53,142,NULL,0,NULL,NULL,0,0,0.00,NULL,0.00
2026-02-01,2026-02-28,Nomad's Bagels (1741 1st Avenue),23906822,908469,23906822,0,0,0,0.00,0.00,0,0.00,0,0.00,0.00,0.00,0.00,0.00,98.38,1.62,490,NULL,0,NULL,NULL,0,0,0.00,NULL,0.00
2026-02-01,2026-02-28,Nomad's Bagels (433 W 34th st),23785119,908469,23785119,12,12,0,0.00,0.00,0,0.00,0,0.00,0.00,0.16,1.69,99.67,97.91,2.09,844,NULL,0,NULL,NULL,0,0,0.00,USD,30.49
2026-02-01,2026-02-28,Nomad's Bagels (5701 Executive Center Dr),26292154,908469,26292154,5,5,0,0.00,0.00,0,0.00,0,0.00,0.00,0.62,3.33,33.60,100.0,0.0,0,NULL,0,NULL,NULL,0,0,0.00,USD,33.73
2026-02-01,2026-02-28,Noodle And Rice Bar (W Camelback Rd),23087659,493352,23087659,63,62,2,3.23,10.75,1,1.59,0,0.00,0.00,0.81,2.67,49.87,100.0,0.0,0,NULL,1,NULL,NULL,1,0,0.00,USD,44.44
2026-02-01,2026-02-28,Notch My Sandwich,35853841,921993,35853841,0,0,0,0.00,0.00,0,0.00,0,0.00,0.00,0.00,0.00,0.00,98.8,1.2,315,NULL,0,NULL,NULL,0,0,0.00,NULL,0.00
2026-02-01,2026-02-28,Notch My Sandwich (147 1st Ave),23549635,921993,23549635,9,9,0,0.00,0.00,0,0.00,0,0.00,0.00,1.94,6.98,50.56,97.91,2.09,844,NULL,0,NULL,NULL,0,0,0.00,USD,50.53
2026-02-01,2026-02-28,Notch My Sandwich (31-00 47th Ave),33975155,921993,33975155,7,7,0,0.00,0.00,0,0.00,0,0.00,0.00,1.49,5.70,44.00,97.17,2.83,255,NULL,1,NULL,NULL,1,0,0.00,USD,43.96
2026-02-01,2026-02-28,Notch My Sandwich (502 E Thunderbird Rd Ste A),24872336,921993,24872336,0,0,0,0.00,0.00,0,0.00,0,0.00,0.00,0.00,0.00,0.00,0.0,100.0,0,NULL,0,NULL,NULL,0,0,0.00,NULL,0.00
2026-02-01,2026-02-28,Old Town Sandwiches,36021073,879126,36021073,0,0,0,0.00,0.00,0,0.00,0,0.00,0.00,0.00,0.00,0.00,100.0,0.0,0,NULL,0,NULL,NULL,0,0,0.00,NULL,0.00
2026-02-01,2026-02-28,Old Village Burgers (493 Old Hickory Blvd),33884295,14208445,33884295,0,0,0,0.00,0.00,0,0.00,0,0.00,0.00,0.00,0.00,0.00,100.0,0.0,0,NULL,0,NULL,NULL,0,0,0.00,NULL,0.00
2026-02-01,2026-02-28,Olivia's Breakfast Cafe,33970773,880375,33970773,1,1,0,0.00,0.00,0,0.00,0,0.00,0.00,0.00,2.27,32.00,100.0,0.0,0,NULL,0,NULL,NULL,0,0,0.00,USD,32.42
2026-02-01,2026-02-28,Olivia's Breakfast Cafe (226 Newark Ave),1973260,880375,NULL,13,13,0,0.00,0.00,0,0.00,0,0.00,0.00,1.06,5.75,50.08,99.93,0.07,30,NULL,1,NULL,NULL,0,0,0.00,USD,50.06
2026-02-01,2026-02-28,Olivia's Breakfast Cafe (319 Rogers Ave),24194633,880375,24194633,1,1,0,0.00,0.00,0,0.00,0,0.00,0.00,0.00,3.03,47.00,98.29,1.71,554,NULL,1,NULL,NULL,1,0,0.00,USD,46.60
2026-02-01,2026-02-28,Olivia's Breakfast Cafe (433 W 34th st),23784492,880375,23784492,3,3,0,0.00,0.00,0,0.00,0,0.00,0.00,0.00,3.57,18.67,97.91,2.09,844,NULL,0,NULL,NULL,0,0,0.00,USD,18.51
2026-02-01,2026-02-28,Olivia's Breakfast Cafe (Crenshaw Blvd),31648563,880375,31648563,2,2,0,0.00,0.00,0,0.00,0,0.00,0.00,0.00,3.68,44.00,100.0,0.0,0,NULL,0,NULL,NULL,0,0,0.00,USD,43.60
2026-02-01,2026-02-28,"Olivia's Breakfast Cafe (New York, NY)",1339730,880375,NULL,4,1,0,0.00,0.00,3,75.00,3,75.00,0.00,0.00,7.92,47.00,82.37,17.63,1396,NULL,0,NULL,NULL,0,0,0.00,USD,46.65
2026-02-01,2026-02-28,Olivia's Omelettes,34339851,732439,34339851,0,0,0,0.00,0.00,0,0.00,0,0.00,0.00,0.00,0.00,0.00,98.35,1.65,255,NULL,0,NULL,NULL,0,0,0.00,NULL,0.00
2026-02-01,2026-02-28,Olivia's Omelettes (1201 Randall Avenue),23692944,732439,23692944,3,3,0,0.00,0.00,0,0.00,0,0.00,0.00,0.46,3.83,42.00,97.52,2.48,375,NULL,0,NULL,NULL,0,0,0.00,USD,41.81
2026-02-01,2026-02-28,Olivia's Sandwich Shack,37620683,801952,37620683,0,0,0,0.00,0.00,0,0.00,0,0.00,0.00,0.00,0.00,0.00,98.65,1.35,545,NULL,0,NULL,NULL,0,0,0.00,NULL,0.00
2026-02-01,2026-02-28,Olivia's Sandwich Shack,34348671,801952,34348671,0,0,0,0.00,0.00,0,0.00,0,0.00,0.00,0.00,0.00,0.00,98.48,1.52,433,NULL,0,NULL,NULL,0,0,0.00,NULL,0.00
2026-02-01,2026-02-28,Olivia's Sandwich Shack (315 Walter E Foran Blvd Ste 314),23549172,801952,23549172,5,5,0,0.00,0.00,0,0.00,0,0.00,0.00,2.10,5.07,45.00,100.0,0.0,0,NULL,1,NULL,NULL,0,0,0.00,USD,44.87
2026-02-01,2026-02-28,Original Burger Bar,38215405,215604,38215405,1,1,0,0.00,0.00,0,0.00,0,0.00,0.00,0.00,2.13,46.00,97.62,2.38,959,NULL,0,NULL,NULL,0,0,0.00,USD,46.48
2026-02-01,2026-02-28,Original Burger Bar,34344990,215604,34344990,2,2,0,0.00,0.00,0,0.00,0,0.00,0.00,0.00,5.04,29.00,99.19,0.81,210,NULL,0,NULL,NULL,0,0,0.00,USD,29.01
2026-02-01,2026-02-28,Original Burger Bar,33949029,215604,33949029,8,8,3,37.50,17.88,0,0.00,0,0.00,0.00,0.43,2.22,30.50,97.9,2.1,846,NULL,0,NULL,NULL,0,0,0.00,USD,30.53
2026-02-01,2026-02-28,Original Burger Bar,35856547,215604,35856547,1,1,0,0.00,0.00,0,0.00,0,0.00,0.00,0.00,12.93,49.00,100.0,0.0,0,NULL,0,NULL,NULL,0,0,0.00,USD,49.12
2026-02-01,2026-02-28,Original Burger Bar,35853665,215604,35853665,1,1,0,0.00,0.00,0,0.00,0,0.00,0.00,0.00,1.55,55.00,98.8,1.2,315,NULL,0,NULL,NULL,0,0,0.00,USD,54.10
2026-02-01,2026-02-28,Original Burger Bar (135 E 125th St),33899303,215604,33899303,6,0,0,0.00,0.00,6,100.00,5,83.33,0.00,0.00,0.00,0.00,94.83,5.17,1481,NULL,0,NULL,NULL,0,0,0.00,USD,0.00
2026-02-01,2026-02-28,Original Burger Bar (16224 Tuskegee Airmen Way),33949027,215604,33949027,1,1,1,100.00,13.95,0,0.00,0,0.00,0.00,0.12,5.85,24.00,98.42,1.58,463,NULL,0,NULL,NULL,0,0,0.00,USD,24.60
2026-02-01,2026-02-28,Original Burger Bar (2909A Queens Plaza North),33949031,215604,33949031,0,0,0,0.00,0.00,0,0.00,0,0.00,0.00,0.00,0.00,0.00,97.9,2.1,846,NULL,0,NULL,NULL,0,0,0.00,NULL,0.00
2026-02-01,2026-02-28,Original Burger Bar (309 7th Ave),27667595,215604,27667595,0,0,0,0.00,0.00,0,0.00,0,0.00,0.00,0.00,0.00,0.00,98.42,1.58,463,NULL,0,NULL,NULL,0,0,0.00,NULL,0.00
2026-02-01,2026-02-28,Palm Tree Acai,37182777,861210,37182777,3,3,1,33.33,21.05,0,0.00,0,0.00,0.00,8.05,4.92,48.00,98.47,1.53,345,NULL,0,NULL,NULL,0,0,0.00,USD,48.16
2026-02-01,2026-02-28,Palm Tree Acai (717 S Battlefield Blvd),35493370,861210,35493370,2,0,0,0.00,0.00,2,100.00,2,100.00,0.00,0.00,0.00,0.00,98.58,1.42,223,NULL,0,NULL,NULL,0,0,0.00,USD,0.00
2026-02-01,2026-02-28,Palm Tree Juice Bar,1742400,760004,NULL,0,0,0,0.00,0.00,0,0.00,0,0.00,0.00,0.00,0.00,0.00,0.0,100.0,0,NULL,0,NULL,NULL,0,0,0.00,NULL,0.00
2026-02-01,2026-02-28,Panini Fantasy (300 The Village),36020849,1031958,36020849,0,0,0,0.00,0.00,0,0.00,0,0.00,0.00,0.00,0.00,0.00,4.17,95.83,11730,NULL,0,NULL,NULL,0,0,0.00,NULL,0.00
2026-02-01,2026-02-28,Panini's On Panini's,33950065,848789,33950065,12,12,1,8.33,7.59,0,0.00,0,0.00,0.00,1.82,4.17,54.50,100.0,0.0,0,NULL,3,NULL,NULL,1,1,33.33,USD,46.25
2026-02-01,2026-02-28,Papa's Panini (30th St),2479531,437175,NULL,3,3,0,0.00,0.00,0,0.00,0,0.00,0.00,1.09,3.18,36.33,99.15,0.85,285,NULL,2,NULL,NULL,0,1,50.00,USD,35.99
2026-02-01,2026-02-28,Pardon My Panini,1714540,395876,NULL,1,1,0,0.00,0.00,0,0.00,0,0.00,0.00,0.00,4.38,29.00,97.9,2.1,845,NULL,0,NULL,NULL,0,0,0.00,USD,28.50
2026-02-01,2026-02-28,Pardon My Panini,35638263,395876,35638263,2,0,0,0.00,0.00,2,100.00,2,100.00,0.00,0.00,0.00,0.00,76.02,23.98,8971,NULL,0,NULL,NULL,0,0,0.00,USD,0.00
2026-02-01,2026-02-28,Pardon My Panini,33506133,395876,33506133,5,5,0,0.00,0.00,0,0.00,0,0.00,0.00,0.49,2.24,34.20,99.15,0.85,285,NULL,1,NULL,NULL,0,1,100.00,USD,34.22
2026-02-01,2026-02-28,Pardon My Panini (93 Avenue A),33436433,395876,33436433,0,0,0,0.00,0.00,0,0.00,0,0.00,0.00,0.00,0.00,0.00,97.89,2.11,849,NULL,0,NULL,NULL,0,0,0.00,NULL,0.00
2026-02-01,2026-02-28,"Pardon My Panini (New York, NY)",1389556,395876,NULL,0,0,0,0.00,0.00,0,0.00,0,0.00,0.00,0.00,0.00,0.00,98.21,1.79,345,NULL,0,NULL,NULL,0,0,0.00,NULL,0.00
2026-02-01,2026-02-28,Pardon My Panini (Queens Plaza S),23135397,395876,23135397,6,6,0,0.00,0.00,0,0.00,0,0.00,0.00,0.98,3.20,44.33,97.88,2.12,853,NULL,0,NULL,NULL,0,0,0.00,USD,44.19
2026-02-01,2026-02-28,Patricia's Paninis,33970843,716766,33970843,2,2,0,0.00,0.00,0,0.00,0,0.00,0.00,2.82,4.73,42.00,100.0,0.0,0,NULL,0,NULL,NULL,0,0,0.00,USD,42.10
2026-02-01,2026-02-28,Patricia's Paninis,37376363,716766,37376363,1,1,0,0.00,0.00,0,0.00,0,0.00,0.00,0.90,4.37,61.00,97.67,2.33,559,NULL,0,NULL,NULL,0,0,0.00,USD,60.67
2026-02-01,2026-02-28,Patricia's Paninis (Virtual Brand)(1760 3rd Ave),1518324,716766,NULL,9,9,0,0.00,0.00,0,0.00,0,0.00,0.00,0.13,1.88,40.78,97.91,2.09,843,NULL,0,NULL,NULL,0,0,0.00,USD,40.42
2026-02-01,2026-02-28,Paz's Pupusa Pantry (4 Manorhaven Blvd # 4B),24606324,11289842,24606324,14,14,1,7.14,3.16,0,0.00,0,0.00,0.00,3.06,6.82,49.64,100.0,0.0,0,NULL,0,NULL,NULL,0,0,0.00,USD,49.50
2026-02-01,2026-02-28,Pedro's Burrito Bar,35639329,14711385,35639329,2,2,0,0.00,0.00,0,0.00,0,0.00,0.00,0.49,2.51,55.00,100.0,0.0,0,NULL,0,NULL,NULL,0,0,0.00,USD,54.88
2026-02-01,2026-02-28,Pedro's Burrito Bar (4352 E Speedway Blvd),31671729,11217018,31671729,23,23,0,0.00,0.00,0,0.00,0,0.00,0.00,0.73,3.02,36.78,99.69,0.31,119,NULL,4,NULL,NULL,0,4,100.00,USD,36.69
2026-02-01,2026-02-28,Penny's Pancakes (1760 3rd Ave),1497417,392318,NULL,39,39,4,10.26,37.73,0,0.00,0,0.00,0.00,0.65,2.83,53.76,97.9,2.1,845,NULL,6,NULL,NULL,3,1,16.67,USD,47.63
2026-02-01,2026-02-28,Penny's Pancakes (Bedford Ave),23026166,392318,23026166,8,8,0,0.00,0.00,0,0.00,0,0.00,0.00,5.29,7.84,40.38,97.81,2.19,883,NULL,0,NULL,NULL,0,0,0.00,USD,40.73
2026-02-01,2026-02-28,Penny's Pancakes (Hillside Ave),2849774,392318,2849774,29,28,1,3.57,0.00,1,3.45,0,0.00,0.00,0.55,2.38,38.11,97.9,2.1,846,NULL,0,NULL,NULL,0,0,0.00,USD,38.18
2026-02-01,2026-02-28,Perry's Pizza Parlour,34250523,357506,34250523,0,0,0,0.00,0.00,0,0.00,0,0.00,0.00,0.00,0.00,0.00,98.72,1.28,376,NULL,0,NULL,NULL,0,0,0.00,NULL,0.00
2026-02-01,2026-02-28,Perry's Pizza Parlour (9061 Van Nuys Blvd),32985155,357506,32985155,2,2,0,0.00,0.00,0,0.00,0,0.00,0.00,0.42,1.80,43.50,100.0,0.0,0,NULL,1,NULL,NULL,0,1,100.00,USD,43.79
2026-02-01,2026-02-28,Philly Cheesesteak Artists,35493165,733298,35493165,11,6,0,0.00,0.00,5,45.45,5,45.45,0.00,0.56,5.19,36.17,97.73,2.27,914,NULL,0,NULL,NULL,0,0,0.00,USD,36.43
2026-02-01,2026-02-28,Philly Cheesesteak Artists(Virtual Brand),1667941,733298,NULL,13,13,1,7.69,33.83,0,0.00,0,0.00,0.00,0.21,3.35,44.23,97.89,2.11,852,NULL,0,NULL,NULL,0,0,0.00,USD,46.17
2026-02-01,2026-02-28,Philly Cheesesteak Company,33967403,223018,33967403,5,4,0,0.00,0.00,1,20.00,1,20.00,0.00,0.00,13.15,39.50,99.27,0.73,42,NULL,0,NULL,NULL,0,0,0.00,USD,39.45
2026-02-01,2026-02-28,Philly Cheesesteak Company,1611988,223018,NULL,3,3,1,33.33,2.93,0,0.00,0,0.00,0.00,2.73,4.56,73.67,100.0,0.0,0,NULL,0,NULL,NULL,0,0,0.00,USD,73.68
2026-02-01,2026-02-28,Philly Cheesesteak Company,33885843,223018,33885843,12,12,0,0.00,0.00,0,0.00,0,0.00,0.00,0.97,2.75,48.75,100.0,0.0,0,NULL,1,NULL,NULL,1,0,0.00,USD,48.65
2026-02-01,2026-02-28,Philly Cheesesteak Company,1612008,223018,NULL,9,9,0,0.00,0.00,0,0.00,0,0.00,0.00,0.15,1.63,47.78,97.9,2.1,847,NULL,1,NULL,NULL,0,0,0.00,USD,47.82
2026-02-01,2026-02-28,"Philly Cheesesteak Company (Los Angeles, CA)",1249477,223018,NULL,0,0,0,0.00,0.00,0,0.00,0,0.00,0.00,0.00,0.00,0.00,0.0,100.0,0,NULL,0,NULL,NULL,0,0,0.00,NULL,0.00
2026-02-01,2026-02-28,Philly Cheesesteak Snob,33974415,465507,33974415,8,8,1,12.50,16.48,0,0.00,0,0.00,0.00,6.54,12.91,42.25,97.9,2.1,845,NULL,0,NULL,NULL,0,0,0.00,USD,42.40
2026-02-01,2026-02-28,Philly Cheesesteak Snob (Bronxdale Ave),1455616,465507,NULL,17,15,2,13.33,15.47,2,11.76,2,11.76,0.00,0.65,2.82,42.23,97.01,2.99,962,NULL,2,NULL,NULL,1,0,0.00,USD,42.09
2026-02-01,2026-02-28,Phillz Cheesesteaks (607 9th Ave),33885603,376734,33885603,0,0,0,0.00,0.00,0,0.00,0,0.00,0.00,0.00,0.00,0.00,0.0,100.0,0,NULL,0,NULL,NULL,0,0,0.00,NULL,0.00
2026-02-01,2026-02-28,Pita Sandwich Bite (601 Shell Beach Rd),24703929,11076128,24703929,13,13,0,0.00,0.00,0,0.00,0,0.00,0.00,1.05,2.65,45.92,99.66,0.34,60,NULL,1,NULL,NULL,0,0,0.00,USD,45.83
2026-02-01,2026-02-28,Pita Sandwich Bite (George St),23045921,11076128,23045921,33,32,3,9.38,37.86,1,3.03,1,3.03,0.00,3.21,6.30,43.91,99.57,0.43,97,NULL,1,NULL,NULL,0,0,0.00,USD,43.91
2026-02-01,2026-02-28,Pizza Thriller,36524057,736738,36524057,0,0,0,0.00,0.00,0,0.00,0,0.00,0.00,0.00,0.00,0.00,96.57,3.43,556,NULL,0,NULL,NULL,0,0,0.00,NULL,0.00
2026-02-01,2026-02-28,Planet Earth Salad,35681981,909361,35681981,3,3,0,0.00,0.00,0,0.00,0,0.00,0.00,0.60,5.46,39.33,100.0,0.0,0,NULL,0,NULL,NULL,0,0,0.00,USD,39.40
2026-02-01,2026-02-28,Prima Panini Bar,35686755,11217028,35686755,0,0,0,0.00,0.00,0,0.00,0,0.00,0.00,0.00,0.00,0.00,100.0,0.0,0,NULL,0,NULL,NULL,0,0,0.00,NULL,0.00
2026-02-01,2026-02-28,Prima Panini Bar (16965 Monterey Hwy #106D),27556354,11217028,27556354,1,0,0,0.00,0.00,1,100.00,1,100.00,0.00,0.00,0.00,0.00,42.64,57.36,826,NULL,0,NULL,NULL,0,0,0.00,USD,0.00
2026-02-01,2026-02-28,Prima Panini Bar (2755 Broadway),33886123,11217028,33886123,0,0,0,0.00,0.00,0,0.00,0,0.00,0.00,0.00,0.00,0.00,97.88,2.12,853,NULL,0,NULL,NULL,0,0,0.00,NULL,0.00
2026-02-01,2026-02-28,Prima Panini Bar (3319 W Pico Blvd),28606994,11217028,28606994,14,14,0,0.00,0.00,0,0.00,0,0.00,0.00,1.22,3.17,51.64,100.0,0.0,0,NULL,1,NULL,NULL,0,1,100.00,USD,51.65
2026-02-01,2026-02-28,Prime Burger Lounge,1248514,770453,NULL,3,3,0,0.00,0.00,0,0.00,0,0.00,0.00,1.45,2.62,43.67,97.9,2.1,848,NULL,0,NULL,NULL,0,0,0.00,USD,43.93
2026-02-01,2026-02-28,Prime Burger Lounge (111 E 161 St),25295599,770453,25295599,10,10,0,0.00,0.00,0,0.00,0,0.00,0.00,1.05,3.84,47.00,97.88,2.12,855,NULL,1,NULL,NULL,1,0,0.00,USD,47.24
2026-02-01,2026-02-28,Prime Burger Lounge (301 W 96th St),23558171,770453,23558171,3,3,1,33.33,9.11,0,0.00,0,0.00,0.00,1.04,2.85,41.00,97.91,2.09,844,NULL,0,NULL,NULL,0,0,0.00,USD,41.14
2026-02-01,2026-02-28,Prime Burger Lounge (Hoover Rd),2405858,770453,NULL,11,11,0,0.00,0.00,0,0.00,0,0.00,0.00,0.35,5.21,41.82,100.0,0.0,0,NULL,2,NULL,NULL,0,1,50.00,USD,41.80
2026-02-01,2026-02-28,"Prime Burger Lounge (West Chester, PA)",1245290,770453,NULL,23,22,2,9.09,20.99,1,4.35,0,0.00,0.00,0.26,3.30,34.57,100.0,0.0,0,NULL,0,NULL,NULL,0,0,0.00,USD,34.64
2026-02-01,2026-02-28,Princess Panini (1219 1st Avenue),35853477,884547,35853477,1,1,0,0.00,0.00,0,0.00,0,0.00,0.00,13.50,14.60,46.00,98.8,1.2,345,NULL,0,NULL,NULL,0,0,0.00,USD,46.30
2026-02-01,2026-02-28,Princess Panini (1741 1st Avenue),2145951,884547,NULL,3,3,0,0.00,0.00,0,0.00,0,0.00,0.00,0.00,3.63,29.67,94.85,5.15,1556,NULL,0,NULL,NULL,0,0,0.00,USD,29.75
2026-02-01,2026-02-28,Princess Panini (589 1st Ave),2101672,884547,NULL,0,0,0,0.00,0.00,0,0.00,0,0.00,0.00,0.00,0.00,0.00,97.58,2.42,975,NULL,0,NULL,NULL,0,0,0.00,NULL,0.00
2026-02-01,2026-02-28,Princess Panini (937 1st Avenue),32985745,884547,32985745,5,5,0,0.00,0.00,0,0.00,0,0.00,0.00,0.89,1.80,46.80,97.88,2.12,853,NULL,0,NULL,NULL,0,0,0.00,USD,46.93
2026-02-01,2026-02-28,Priya's Indian Kitchen,1556320,130342,2092,0,0,0,0.00,0.00,0,0.00,0,0.00,0.00,0.00,0.00,0.00,0.0,100.0,0,NULL,0,NULL,NULL,0,0,0.00,NULL,0.00
2026-02-01,2026-02-28,Priya's Indian Kitchen,33970729,130342,33970729,10,10,0,0.00,0.00,0,0.00,0,0.00,0.00,0.59,2.23,40.10,100.0,0.0,0,NULL,1,NULL,NULL,0,0,0.00,USD,38.66
2026-02-01,2026-02-28,Priyanka's Vegan Indian,35648661,287948,35648661,14,14,1,7.14,6.21,0,0.00,0,0.00,0.00,0.20,4.66,33.57,99.09,0.91,209,NULL,2,NULL,NULL,0,1,50.00,USD,33.41
2026-02-01,2026-02-28,Public Burger Bar,35743783,216474,35743783,0,0,0,0.00,0.00,0,0.00,0,0.00,0.00,0.00,0.00,0.00,100.0,0.0,0,NULL,0,NULL,NULL,0,0,0.00,NULL,0.00
2026-02-01,2026-02-28,Public Burger Bar,39883649,216474,39883649,0,0,0,0.00,0.00,0,0.00,0,0.00,0.00,0.00,0.00,0.00,100.0,0.0,0,NULL,0,NULL,NULL,0,0,0.00,NULL,0.00
2026-02-01,2026-02-28,Public Burger Bar,38217019,216474,38217019,0,0,0,0.00,0.00,0,0.00,0,0.00,0.00,0.00,0.00,0.00,100.0,0.0,0,NULL,0,NULL,NULL,0,0,0.00,NULL,0.00
2026-02-01,2026-02-28,Public Burger Bar,34339953,216474,34339953,6,4,0,0.00,0.00,2,33.33,2,33.33,0.00,4.49,7.12,43.75,99.74,0.26,70,NULL,1,NULL,NULL,1,0,0.00,USD,43.43
2026-02-01,2026-02-28,Public Burger Bar (3319 W Pico Blvd),28607075,216474,28607075,0,0,0,0.00,0.00,0,0.00,0,0.00,0.00,0.00,0.00,0.00,100.0,0.0,0,NULL,0,NULL,NULL,0,0,0.00,NULL,0.00
2026-02-01,2026-02-28,Quatro's Quesadilla Bar (3618 N Pennsylvania Ave),24800989,11225504,24800989,2,0,0,0.00,0.00,2,100.00,2,100.00,0.00,0.00,0.00,0.00,100.0,0.0,0,NULL,0,NULL,NULL,0,0,0.00,USD,0.00
2026-02-01,2026-02-28,Quatro's Quesadilla Bar (4249 Washington St),23784901,11225504,23784901,18,18,0,0.00,0.00,0,0.00,0,0.00,0.00,1.49,4.86,56.78,100.0,0.0,0,NULL,1,NULL,NULL,0,1,100.00,USD,56.71
2026-02-01,2026-02-28,Queen's Quesadillas (330 W Broadway),32986919,11225506,32986919,3,0,0,0.00,0.00,3,100.00,1,33.33,0.00,0.00,0.00,0.00,99.14,0.86,195,NULL,0,NULL,NULL,0,0,0.00,USD,0.00
2026-02-01,2026-02-28,Queen's Quesadillas (689 Broadway),24854759,11225506,24854759,23,22,0,0.00,0.00,1,4.35,0,0.00,0.00,1.24,3.57,58.18,97.92,2.08,839,NULL,2,NULL,NULL,0,1,50.00,USD,43.89
2026-02-01,2026-02-28,Quick Bite Munchies (278 N. Brewster Rd),24099579,11069837,24099579,6,6,0,0.00,0.00,0,0.00,0,0.00,0.00,1.65,3.36,41.83,98.52,1.48,268,NULL,0,NULL,NULL,0,0,0.00,USD,41.84
2026-02-01,2026-02-28,Quinten's Quinoa Bowls (937 1st Avenue),35639813,998829,35639813,5,5,1,20.00,4.51,0,0.00,0,0.00,0.00,0.00,1.88,32.50,97.89,2.11,852,NULL,1,NULL,NULL,1,0,0.00,USD,32.35
2026-02-01,2026-02-28,RJ's Philly Cheesesteaks,33971503,349950,33971503,0,0,0,0.00,0.00,0,0.00,0,0.00,0.00,0.00,0.00,0.00,100.0,0.0,0,NULL,0,NULL,NULL,0,0,0.00,NULL,0.00
2026-02-01,2026-02-28,Ramen Noodle Empire (2521 Durant Ave Suite D),25294875,11334910,25294875,136,135,0,0.00,0.00,1,0.74,0,0.00,0.00,0.15,4.01,39.08,100.0,0.0,0,NULL,4,NULL,NULL,1,2,50.00,USD,37.71
2026-02-01,2026-02-28,Riya's Indian Restaurant (Roosevelt Ave),799976,360496,NULL,3,0,0,0.00,0.00,3,100.00,2,66.67,0.00,0.00,0.00,0.00,94.45,5.55,396,NULL,0,NULL,NULL,0,0,0.00,USD,0.00
2026-02-01,2026-02-28,Roll N Chop Sushi's (1401 E Arapaho Rd #F),32987257,11381502,32987257,64,63,1,1.59,19.42,1,1.56,0,0.00,0.00,0.36,2.82,48.97,100.0,0.0,0,NULL,7,NULL,NULL,2,2,28.57,USD,45.38
2026-02-01,2026-02-28,Roman's Pizza Oven,36975739,830410,36975739,3,3,0,0.00,0.00,0,0.00,0,0.00,0.00,4.37,7.38,51.00,100.0,0.0,0,NULL,0,NULL,NULL,0,0,0.00,USD,51.03
2026-02-01,2026-02-28,Roman's Pizza Oven (2898 Homestead Rd),32987475,830410,32987475,7,7,1,14.29,18.43,0,0.00,0,0.00,0.00,4.09,7.36,43.14,100.0,0.0,0,NULL,1,NULL,NULL,0,0,0.00,USD,42.91
2026-02-01,2026-02-28,Rooftop Sandwiches,33963399,876963,33963399,3,3,0,0.00,0.00,0,0.00,0,0.00,0.00,1.16,2.33,36.67,100.0,0.0,0,NULL,0,NULL,NULL,0,0,0.00,USD,36.64
2026-02-01,2026-02-28,Rooftop Sandwiches,35451691,876963,35451691,0,0,0,0.00,0.00,0,0.00,0,0.00,0.00,0.00,0.00,0.00,100.0,0.0,0,NULL,0,NULL,NULL,0,0,0.00,NULL,0.00
2026-02-01,2026-02-28,Rooftop Sandwiches (169-03 Jamaica Ave),2145966,876963,169-03,2,0,0,0.00,0.00,2,100.00,2,100.00,0.00,0.00,0.00,0.00,96.67,3.33,1341,NULL,0,NULL,NULL,0,0,0.00,USD,0.00
2026-02-01,2026-02-28,Rooftop Sandwiches (Grand Ave),27516932,876963,27516932,0,0,0,0.00,0.00,0,0.00,0,0.00,0.00,0.00,0.00,0.00,0.0,100.0,0,NULL,0,NULL,NULL,0,0,0.00,NULL,0.00
2026-02-01,2026-02-28,Round Tower Sandwiches,34340045,11225509,34340045,3,3,1,33.33,7.49,0,0.00,0,0.00,0.00,0.76,7.84,29.33,97.88,2.12,853,NULL,0,NULL,NULL,0,0,0.00,USD,28.63
2026-02-01,2026-02-28,Round Tower Sandwiches (83 Canal St #6019),33952583,11225509,33952583,0,0,0,0.00,0.00,0,0.00,0,0.00,0.00,0.00,0.00,0.00,100.0,0.0,0,NULL,0,NULL,NULL,0,0,0.00,NULL,0.00
2026-02-01,2026-02-28,Sal's Smoothie Spot,35457947,736750,35457947,2,0,0,0.00,0.00,2,100.00,1,50.00,0.00,0.00,0.00,0.00,94.58,5.42,1344,NULL,0,NULL,NULL,0,0,0.00,USD,0.00
2026-02-01,2026-02-28,Sal's Smoothie Spot (265 Bedford Ave),24194387,736750,24194387,4,4,1,25.00,13.47,0,0.00,0,0.00,0.00,3.23,6.36,37.50,97.92,2.08,839,NULL,0,NULL,NULL,0,0,0.00,USD,37.36
2026-02-01,2026-02-28,Sal's Smoothie Spot (353 W 125th St),1835949,736750,NULL,0,0,0,0.00,0.00,0,0.00,0,0.00,0.00,0.00,0.00,0.00,0.0,100.0,0,NULL,0,NULL,NULL,0,0,0.00,NULL,0.00
2026-02-01,2026-02-28,Sal's Smoothie Spot (5993 Broadway),23906725,736750,23906725,14,14,1,7.14,6.28,0,0.00,0,0.00,0.00,0.41,5.75,48.07,97.81,2.19,850,NULL,0,NULL,NULL,0,0,0.00,USD,47.91
2026-02-01,2026-02-28,Sal's Smoothie Spot (Queens Plaza),23038937,736750,23038937,0,0,0,0.00,0.00,0,0.00,0,0.00,0.00,0.00,0.00,0.00,97.91,2.09,844,NULL,0,NULL,NULL,0,0,0.00,NULL,0.00
2026-02-01,2026-02-28,Salad Dream,33950931,282198,33950931,0,0,0,0.00,0.00,0,0.00,0,0.00,0.00,0.00,0.00,0.00,98.29,1.71,345,NULL,0,NULL,NULL,0,0,0.00,NULL,0.00
2026-02-01,2026-02-28,Salad Kreation,32863709,283707,32863709,10,10,0,0.00,0.00,0,0.00,0,0.00,0.00,0.94,3.88,47.20,100.0,0.0,0,NULL,3,NULL,NULL,0,3,100.00,USD,42.43
2026-02-01,2026-02-28,Salad Kreation,35493879,283707,35493879,0,0,0,0.00,0.00,0,0.00,0,0.00,0.00,0.00,0.00,0.00,98.78,1.22,285,NULL,0,NULL,NULL,0,0,0.00,NULL,0.00
2026-02-01,2026-02-28,Salad Kreation (1969 Bronxdale Ave),23557041,283707,23557041,6,6,0,0.00,0.00,0,0.00,0,0.00,0.00,0.94,3.00,39.17,97.9,2.1,845,NULL,0,NULL,NULL,0,0,0.00,USD,39.37
2026-02-01,2026-02-28,Salad Kreation (5993 Broadway),32863688,283707,32863688,13,13,1,7.69,0.00,0,0.00,0,0.00,0.00,1.63,5.06,48.42,97.91,2.09,844,NULL,0,NULL,NULL,0,0,0.00,USD,39.61
2026-02-01,2026-02-28,Salads N Soups Station (615 Town Square Blvd),24438109,998821,24438109,2,2,0,0.00,0.00,0,0.00,0,0.00,0.00,0.00,5.75,31.50,89.93,10.07,1655,NULL,1,NULL,NULL,0,1,100.00,USD,31.45
2026-02-01,2026-02-28,Salvatore's Parmigiana Sandwiches (315 Walter E Foran Blvd Ste 314),23549040,364278,23549040,9,9,1,11.11,3.65,0,0.00,0,0.00,0.00,2.84,6.24,43.00,100.0,0.0,0,NULL,3,NULL,NULL,0,2,66.67,USD,42.89
2026-02-01,2026-02-28,Salvatore's Parmigiana Sandwiches (43 W Flagler St),1877090,364278,NULL,21,20,0,0.00,0.00,1,4.76,1,4.76,0.00,1.58,3.76,54.20,98.45,1.55,352,NULL,0,NULL,NULL,0,0,0.00,USD,54.28
2026-02-01,2026-02-28,Salvatore's Sicilian Pizza,36364967,364283,36364967,0,0,0,0.00,0.00,0,0.00,0,0.00,0.00,0.00,0.00,0.00,100.0,0.0,0,NULL,0,NULL,NULL,0,0,0.00,NULL,0.00
2026-02-01,2026-02-28,Sam's Sandwich Spot (10890 S. EASTERN AVE #103),38796955,724537,38796955,0,0,0,0.00,0.00,0,0.00,0,0.00,0.00,0.00,0.00,0.00,100.0,0.0,0,NULL,0,NULL,NULL,0,0,0.00,NULL,0.00
2026-02-01,2026-02-28,Sam's Sandwich Spot (265 Bedford Ave),1834080,724537,NULL,14,14,1,7.14,12.95,0,0.00,0,0.00,0.00,2.71,5.80,43.86,97.91,2.09,841,NULL,0,NULL,NULL,0,0,0.00,USD,44.01
2026-02-01,2026-02-28,Sam's Sandwich Spot (493 Old Hickory Blvd),32987863,724537,32987863,21,21,2,9.52,16.06,0,0.00,0,0.00,0.00,1.43,4.84,39.81,100.0,0.0,0,NULL,1,NULL,NULL,0,1,100.00,USD,40.08
2026-02-01,2026-02-28,Sam's Sandwich Spot (5993 Broadway),23906729,724537,23906729,4,4,0,0.00,0.00,0,0.00,0,0.00,0.00,1.38,4.68,56.75,97.89,2.11,850,NULL,0,NULL,NULL,0,0,0.00,USD,56.41
2026-02-01,2026-02-28,Sam's Scrumptious Subs,36976791,903858,36976791,2,2,0,0.00,0.00,0,0.00,0,0.00,0.00,0.00,8.41,35.00,100.0,0.0,0,NULL,0,NULL,NULL,0,0,0.00,USD,34.99
2026-02-01,2026-02-28,Sam's Scrumptious Subs (1213 Amsterdam Ave),36255253,903858,36255253,0,0,0,0.00,0.00,0,0.00,0,0.00,0.00,0.00,0.00,0.00,98.32,1.68,345,NULL,0,NULL,NULL,0,0,0.00,NULL,0.00
2026-02-01,2026-02-28,Sam's Scrumptious Subs (226 Newark Ave),33899519,903858,33899519,0,0,0,0.00,0.00,0,0.00,0,0.00,0.00,0.00,0.00,0.00,100.0,0.0,0,NULL,0,NULL,NULL,0,0,0.00,NULL,0.00
2026-02-01,2026-02-28,Sam's Soulfood Shack,35458043,1020556,35458043,0,0,0,0.00,0.00,0,0.00,0,0.00,0.00,0.00,0.00,0.00,0.0,100.0,0,NULL,0,NULL,NULL,0,0,0.00,NULL,0.00
2026-02-01,2026-02-28,Sandwich On Fleek (2126 Caton Ave),35464965,908473,35464965,6,5,1,20.00,0.00,1,16.67,1,16.67,0.00,1.62,3.89,37.75,96.31,3.69,850,NULL,0,NULL,NULL,0,0,0.00,USD,44.18
2026-02-01,2026-02-28,Sandwich On Fleek (W Jefferson),26000640,908473,26000640,3,1,0,0.00,0.00,2,66.67,1,33.33,33.33,0.00,12.60,36.00,100.0,0.0,0,NULL,0,NULL,NULL,0,0,0.00,USD,35.77
2026-02-01,2026-02-28,Sarah's Breakfast Bar,33957057,590469,33957057,10,10,0,0.00,0.00,0,0.00,0,0.00,0.00,0.96,3.65,38.20,100.0,0.0,0,NULL,2,NULL,NULL,0,1,50.00,USD,38.12
2026-02-01,2026-02-28,Sarah's Salad Bar,36364727,732083,36364727,0,0,0,0.00,0.00,0,0.00,0,0.00,0.00,0.00,0.00,0.00,99.44,0.56,72,NULL,0,NULL,NULL,0,0,0.00,NULL,0.00
2026-02-01,2026-02-28,Sarah's Salad Bar,37376533,732083,37376533,2,2,0,0.00,0.00,0,0.00,0,0.00,0.00,5.78,4.93,67.00,97.64,2.36,574,NULL,0,NULL,NULL,0,0,0.00,USD,66.58
2026-02-01,2026-02-28,Sarah's Salad Bar (589 1st Avenue),33886771,732083,33886771,0,0,0,0.00,0.00,0,0.00,0,0.00,0.00,0.00,0.00,0.00,97.6,2.4,967,NULL,0,NULL,NULL,0,0,0.00,NULL,0.00
2026-02-01,2026-02-28,"Sasha's Indian Restaurant (Santa Clara, CA)",1228070,11078804,NULL,133,133,0,0.00,0.00,0,0.00,0,0.00,0.00,0.18,2.30,36.36,100.0,0.0,0,NULL,10,NULL,NULL,1,3,30.00,USD,33.42
2026-02-01,2026-02-28,Sasha's Sandwiches,35808533,723982,35808533,1,0,0,0.00,0.00,1,100.00,0,0.00,0.00,0.00,0.00,0.00,100.0,0.0,0,NULL,0,NULL,NULL,0,0,0.00,USD,0.00
2026-02-01,2026-02-28,Sasha's Sandwiches (1710 Minnesota Ave #G),39649321,723982,39649321,0,0,0,0.00,0.00,0,0.00,0,0.00,0.00,0.00,0.00,0.00,100.0,0.0,0,NULL,0,NULL,NULL,0,0,0.00,NULL,0.00
2026-02-01,2026-02-28,Sasha's Sandwiches (60-84 Fresh Pond Rd),1790140,723982,NULL,28,28,0,0.00,0.00,0,0.00,0,0.00,0.00,0.74,4.13,56.07,97.91,2.09,842,NULL,3,NULL,NULL,0,1,33.33,USD,55.93
2026-02-01,2026-02-28,Sasha's Sandwiches (93 Avenue A),36238219,723982,36238219,1,1,0,0.00,0.00,0,0.00,0,0.00,0.00,0.00,3.58,18.00,97.88,2.12,853,NULL,0,NULL,NULL,0,0,0.00,USD,17.33
2026-02-01,2026-02-28,Savage Juice Bar (2755 Broadway),23557518,732402,23557518,4,4,0,0.00,0.00,0,0.00,0,0.00,0.00,0.00,3.23,25.00,97.9,2.1,845,NULL,1,NULL,NULL,0,0,0.00,USD,24.85
2026-02-01,2026-02-28,Savage Juice Bar (769 9th Ave #1),23984324,732402,23984324,9,9,0,0.00,0.00,0,0.00,0,0.00,0.00,10.70,15.91,64.67,97.82,2.18,880,NULL,1,NULL,NULL,0,1,100.00,USD,64.51
2026-02-01,2026-02-28,Scotty's Bagel Express,33970947,899136,33970947,3,3,0,0.00,0.00,0,0.00,0,0.00,0.00,1.22,2.32,34.00,97.88,2.12,853,NULL,0,NULL,NULL,0,0,0.00,USD,34.20
2026-02-01,2026-02-28,Scotty's Bagel Express (Chapel St),31535783,899136,31535783,19,18,2,11.11,9.86,1,5.26,1,5.26,0.00,1.88,6.89,38.81,99.61,0.39,88,NULL,1,NULL,NULL,1,0,0.00,USD,38.77
2026-02-01,2026-02-28,Seema's Indian Bar (11121 N Rodney Parham Rd Ste 36B),24920612,485535,24920612,0,0,0,0.00,0.00,0,0.00,0,0.00,0.00,0.00,0.00,0.00,100.0,0.0,0,NULL,0,NULL,NULL,0,0,0.00,NULL,0.00
2026-02-01,2026-02-28,Selena's Torta Shack,36119351,11271337,36119351,1,1,0,0.00,0.00,0,0.00,0,0.00,0.00,0.00,3.32,30.00,99.68,0.32,41,NULL,0,NULL,NULL,0,0,0.00,USD,30.00
2026-02-01,2026-02-28,Selena's Torta Shack,40011133,11271337,40011133,1,1,0,0.00,0.00,0,0.00,0,0.00,0.00,0.00,3.48,34.00,98.73,1.27,331,NULL,0,NULL,NULL,0,0,0.00,USD,34.03
2026-02-01,2026-02-28,Sensai Sushi Bar (S Higley Rd),23087824,922024,23087824,0,0,0,0.00,0.00,0,0.00,0,0.00,0.00,0.00,0.00,0.00,0.0,100.0,0,NULL,0,NULL,NULL,0,0,0.00,NULL,0.00
2026-02-01,2026-02-28,Seth's Sandwiches,39042253,11225517,39042253,0,0,0,0.00,0.00,0,0.00,0,0.00,0.00,0.00,0.00,0.00,100.0,0.0,0,NULL,0,NULL,NULL,0,0,0.00,NULL,0.00
2026-02-01,2026-02-28,Seth's Sandwiches (4083 Broadway),26291987,11225517,26291987,1,1,1,100.00,6.77,0,0.00,0,0.00,0.00,2.65,8.37,53.00,98.95,1.05,253,NULL,0,NULL,NULL,0,0,0.00,USD,52.52
2026-02-01,2026-02-28,Sheila's Satisfying Salads (916 Hempstead Turnpike),33895651,11225518,33895651,1,1,0,0.00,0.00,0,0.00,0,0.00,0.00,1.00,3.48,63.00,98.8,1.2,240,NULL,0,NULL,NULL,0,0,0.00,USD,63.20
2026-02-01,2026-02-28,Sicily's Calzone House,37617973,860103,37617973,1,1,0,0.00,0.00,0,0.00,0,0.00,0.00,0.00,26.60,128.00,100.0,0.0,0,NULL,0,NULL,NULL,0,0,0.00,USD,127.87
2026-02-01,2026-02-28,Sicily's Calzone House,33950129,860103,33950129,8,8,0,0.00,0.00,0,0.00,0,0.00,0.00,6.93,9.97,40.63,99.62,0.38,58,NULL,0,NULL,NULL,0,0,0.00,USD,41.08
2026-02-01,2026-02-28,Sicily's Calzone House,33950127,860103,33950127,3,2,0,0.00,0.00,1,33.33,1,33.33,0.00,12.52,15.98,56.50,93.47,6.53,1528,NULL,0,NULL,NULL,0,0,0.00,USD,57.09
2026-02-01,2026-02-28,Sicily's Calzone House,34249133,860103,34249133,0,0,0,0.00,0.00,0,0.00,0,0.00,0.00,0.00,0.00,0.00,98.79,1.21,250,NULL,0,NULL,NULL,0,0,0.00,NULL,0.00
2026-02-01,2026-02-28,Sicily's Calzone House,35463489,860103,35463489,18,18,0,0.00,0.00,0,0.00,0,0.00,0.00,3.86,5.57,45.28,100.0,0.0,0,NULL,1,NULL,NULL,0,0,0.00,USD,46.17
2026-02-01,2026-02-28,Sicily's Calzone House,35115743,860103,35115743,8,8,0,0.00,0.00,0,0.00,0,0.00,0.00,2.03,4.62,42.50,100.0,0.0,0,NULL,0,NULL,NULL,0,0,0.00,USD,37.23
2026-02-01,2026-02-28,Sicily's Calzone House,23532708,860103,23532708,9,9,0,0.00,0.00,0,0.00,0,0.00,0.00,0.42,2.66,41.78,100.0,0.0,0,NULL,2,NULL,NULL,0,1,50.00,USD,41.90
2026-02-01,2026-02-28,Sicily's Calzone House,34249135,860103,34249135,0,0,0,0.00,0.00,0,0.00,0,0.00,0.00,0.00,0.00,0.00,99.36,0.64,256,NULL,0,NULL,NULL,0,0,0.00,NULL,0.00
2026-02-01,2026-02-28,Sicily's Calzone House (1338 Polk St),32988371,860103,32988371,43,43,1,2.33,6.52,0,0.00,0,0.00,0.00,2.71,5.25,35.14,98.27,1.73,626,NULL,5,NULL,NULL,0,1,20.00,USD,35.10
2026-02-01,2026-02-28,Sicily's Calzone House (1411 Bronx River Ave),40050277,860103,40050277,1,1,0,0.00,0.00,0,0.00,0,0.00,0.00,0.00,9.58,41.00,98.48,1.52,360,NULL,0,NULL,NULL,0,0,0.00,USD,40.23
2026-02-01,2026-02-28,Sicily's Calzone House (43 W Flagler St),1877353,860103,NULL,0,0,0,0.00,0.00,0,0.00,0,0.00,0.00,0.00,0.00,0.00,100.0,0.0,0,NULL,0,NULL,NULL,0,0,0.00,NULL,0.00
2026-02-01,2026-02-28,Siena's Pizza Sauce,36020233,11225520,36020233,0,0,0,0.00,0.00,0,0.00,0,0.00,0.00,0.00,0.00,0.00,100.0,0.0,0,NULL,0,NULL,NULL,0,0,0.00,NULL,0.00
2026-02-01,2026-02-28,Sip On Smoothie,35868827,917371,35868827,3,3,0,0.00,0.00,0,0.00,0,0.00,0.00,6.58,8.25,36.33,97.88,2.12,853,NULL,0,NULL,NULL,0,0,0.00,USD,36.78
2026-02-01,2026-02-28,Sip On Smoothie (26801 Hillside Ave),24844931,917371,24844931,0,0,0,0.00,0.00,0,0.00,0,0.00,0.00,0.00,0.00,0.00,98.48,1.52,435,NULL,0,NULL,NULL,0,0,0.00,NULL,0.00
2026-02-01,2026-02-28,Sip On Smoothie (Queens Plaza N),2361507,917371,NULL,1,1,0,0.00,0.00,0,0.00,0,0.00,0.00,2.07,4.48,54.00,97.89,2.11,852,NULL,0,NULL,NULL,0,0,0.00,USD,54.40
2026-02-01,2026-02-28,Sizzlin' Hibachi (2575 North Hollywood Way #107),23558081,909360,23558081,16,16,0,0.00,0.00,0,0.00,0,0.00,0.00,0.15,3.04,42.31,99.87,0.13,19,NULL,1,NULL,NULL,0,1,100.00,USD,42.16
2026-02-01,2026-02-28,Sizzlin' Hibachi (33757 Woodward Ave),24387337,909360,24387337,13,13,0,0.00,0.00,0,0.00,0,0.00,0.00,0.13,2.68,53.15,100.0,0.0,0,NULL,2,NULL,NULL,0,1,50.00,USD,43.40
2026-02-01,2026-02-28,Sizzlin' Omelette Cafe (101 Plaza Center),32863721,11454034,32863721,0,0,0,0.00,0.00,0,0.00,0,0.00,0.00,0.00,0.00,0.00,98.73,1.27,321,NULL,0,NULL,NULL,0,0,0.00,NULL,0.00
2026-02-01,2026-02-28,Sizzlin' Omelette Cafe (257 Gold St),32863707,11454034,32863707,7,7,1,14.29,12.83,0,0.00,0,0.00,0.00,1.35,7.60,41.14,97.75,2.25,853,NULL,2,NULL,NULL,1,0,0.00,USD,41.58
2026-02-01,2026-02-28,Slapjack Pancakes (Chapel St),31564187,921994,31564187,43,41,2,4.88,11.18,2,4.65,2,4.65,0.00,1.18,5.36,34.71,100.0,0.0,0,NULL,2,NULL,NULL,1,0,0.00,USD,34.70
2026-02-01,2026-02-28,Slapjack Pancakes (E Houston St),2355648,921994,NULL,9,9,0,0.00,0.00,0,0.00,0,0.00,0.00,1.61,6.60,47.67,97.91,2.09,841,NULL,1,NULL,NULL,0,0,0.00,USD,47.68
2026-02-01,2026-02-28,Smoken Hot Wings Bar (1634 W High St),33895033,315700,33895033,12,12,1,8.33,20.28,0,0.00,0,0.00,0.00,0.35,3.49,45.50,99.78,0.22,32,NULL,1,NULL,NULL,0,1,100.00,USD,45.65
2026-02-01,2026-02-28,Smokin' Burger Grille,35900903,11225522,35900903,0,0,0,0.00,0.00,0,0.00,0,0.00,0.00,0.00,0.00,0.00,100.0,0.0,0,NULL,0,NULL,NULL,0,0,0.00,NULL,0.00
2026-02-01,2026-02-28,Smokin' Burger Grille (2126 Caton Ave),33896087,11225522,33896087,1,1,0,0.00,0.00,0,0.00,0,0.00,0.00,0.00,4.68,80.00,96.32,3.68,847,NULL,0,NULL,NULL,0,0,0.00,USD,80.22
2026-02-01,2026-02-28,Smoothie And Dessert Bar,1725679,717280,NULL,4,1,1,100.00,9.93,3,75.00,3,75.00,0.00,0.00,13.53,79.00,98.4,1.6,484,NULL,0,NULL,NULL,0,0,0.00,USD,0.00
2026-02-01,2026-02-28,Smoothie And Dessert Bar (755 9th Ave),1518347,717280,NULL,4,4,0,0.00,0.00,0,0.00,0,0.00,0.00,0.84,1.80,50.00,97.91,2.09,843,NULL,0,NULL,NULL,0,0,0.00,USD,49.80
2026-02-01,2026-02-28,Snobby Chicken Wings (937 1st Avenue),850181,378878,NULL,21,21,1,4.76,10.86,0,0.00,0,0.00,0.00,0.43,2.88,51.45,97.89,2.11,852,NULL,0,NULL,NULL,0,0,0.00,USD,42.98
2026-02-01,2026-02-28,Stan's Burger Bar,1778083,339049,NULL,2,2,0,0.00,0.00,0,0.00,0,0.00,0.00,0.00,4.76,123.00,99.38,0.62,87,NULL,0,NULL,NULL,0,0,0.00,USD,84.78
2026-02-01,2026-02-28,Stan's Burger Bar,35869949,339049,35869949,1,1,0,0.00,0.00,0,0.00,0,0.00,0.00,0.00,1.77,26.00,97.9,2.1,848,NULL,0,NULL,NULL,0,0,0.00,USD,26.00
2026-02-01,2026-02-28,Stan's Burger Bar,37413549,339049,37413549,2,2,0,0.00,0.00,0,0.00,0,0.00,0.00,6.92,9.20,52.50,100.0,0.0,0,NULL,0,NULL,NULL,0,0,0.00,USD,52.45
2026-02-01,2026-02-28,Stan's Burger Bar,35634189,14709741,35634189,2,2,0,0.00,0.00,0,0.00,0,0.00,0.00,0.00,4.47,39.00,96.45,3.55,1074,NULL,0,NULL,NULL,0,0,0.00,USD,38.42
2026-02-01,2026-02-28,Stan's Burger Bar (158 DELANCEY STREET),35668744,339049,35668744,0,0,0,0.00,0.00,0,0.00,0,0.00,0.00,0.00,0.00,0.00,98.52,1.48,285,NULL,0,NULL,NULL,0,0,0.00,NULL,0.00
2026-02-01,2026-02-28,Stan's Burger Bar (168 Myrtle Ave),32988873,339049,32988873,11,11,0,0.00,0.00,0,0.00,0,0.00,0.00,2.58,4.91,45.55,97.91,2.09,843,NULL,2,NULL,NULL,1,0,0.00,USD,45.54
2026-02-01,2026-02-28,Stella's Pancake Bar (26801 Hillside Ave),24844871,370673,24844871,5,5,0,0.00,0.00,0,0.00,0,0.00,0.00,0.38,3.29,137.80,98.53,1.47,420,NULL,2,NULL,NULL,0,0,0.00,USD,54.66
2026-02-01,2026-02-28,Stella's Pancake Bar (937 1st Ave),833127,370673,NULL,78,77,3,3.90,33.96,1,1.28,1,1.28,0.00,0.17,2.89,50.27,97.89,2.11,852,NULL,6,NULL,NULL,3,2,33.33,USD,32.60
2026-02-01,2026-02-28,Stella's Pancake Bar (Broadway),2548384,370673,NULL,4,4,0,0.00,0.00,0,0.00,0,0.00,0.00,1.25,7.24,49.75,98.79,1.21,285,NULL,0,NULL,NULL,0,0,0.00,USD,49.46
2026-02-01,2026-02-28,Stella's Slammin' Burgers,32989131,11225527,32989131,0,0,0,0.00,0.00,0,0.00,0,0.00,0.00,0.00,0.00,0.00,97.91,2.09,843,NULL,0,NULL,NULL,0,0,0.00,NULL,0.00
2026-02-01,2026-02-28,Stella's Slammin' Burgers (303 East 9th Street),31313647,11225527,31313647,0,0,0,0.00,0.00,0,0.00,0,0.00,0.00,0.00,0.00,0.00,99.0,1.0,255,NULL,0,NULL,NULL,0,0,0.00,NULL,0.00
2026-02-01,2026-02-28,Steph's Salad Shop,35665478,13967741,35665478,3,0,0,0.00,0.00,3,100.00,0,0.00,0.00,0.00,0.00,0.00,100.0,0.0,0,NULL,0,NULL,NULL,0,0,0.00,USD,0.00
2026-02-01,2026-02-28,Steph's Salad Shop,33964039,13967741,33964039,7,7,2,28.57,22.39,0,0.00,0,0.00,0.00,0.33,4.05,40.67,99.62,0.38,96,NULL,0,NULL,NULL,0,0,0.00,USD,28.33
2026-02-01,2026-02-28,Stop N Shop Sushi (W Camelback Rd),23087847,11114104,23087847,16,16,1,6.25,8.10,0,0.00,0,0.00,0.00,0.32,2.12,40.53,100.0,0.0,0,NULL,2,NULL,NULL,0,0,0.00,USD,40.50
2026-02-01,2026-02-28,Strictly Vegetarian Sandwich (2909A Queens Plaza North),33964093,14228735,33964093,6,6,0,0.00,0.00,0,0.00,0,0.00,0.00,0.33,3.20,37.67,100.0,0.0,0,NULL,0,NULL,NULL,0,0,0.00,USD,32.39
2026-02-01,2026-02-28,Stromboli House,38055951,860110,38055951,13,13,0,0.00,0.00,0,0.00,0,0.00,0.00,1.01,5.22,35.31,99.05,0.95,168,NULL,2,NULL,NULL,1,1,50.00,USD,35.18
2026-02-01,2026-02-28,Stromboli House (1 Kedron Ave Unit 4),24194482,860110,24194482,9,9,0,0.00,0.00,0,0.00,0,0.00,0.00,5.34,8.01,61.33,100.0,0.0,0,NULL,0,NULL,NULL,0,0,0.00,USD,61.40
2026-02-01,2026-02-28,Stromboli House (1634 W High St),24438169,860110,24438169,8,8,0,0.00,0.00,0,0.00,0,0.00,0.00,0.09,3.43,35.63,99.78,0.22,32,NULL,1,NULL,NULL,0,0,0.00,USD,35.62
2026-02-01,2026-02-28,SugarSlice Cakes,26174718,11846546,26174718,10,9,1,11.11,13.97,1,10.00,1,10.00,0.00,0.32,2.61,332.11,81.06,18.94,3388,NULL,0,NULL,NULL,0,0,0.00,USD,37.23
2026-02-01,2026-02-28,Sun's Up Breakfast Wraps,35669185,841807,35669185,0,0,0,0.00,0.00,0,0.00,0,0.00,0.00,0.00,0.00,0.00,97.72,2.28,852,NULL,0,NULL,NULL,0,0,0.00,NULL,0.00
2026-02-01,2026-02-28,Sun's Up Breakfast Wraps (257 Water Street),31313887,841807,31313887,1,1,0,0.00,0.00,0,0.00,0,0.00,0.00,0.00,2.12,26.00,98.89,1.11,285,NULL,0,NULL,NULL,0,0,0.00,USD,25.43
2026-02-01,2026-02-28,Sunny's Sandwich Bistro,34341891,948633,34341891,0,0,0,0.00,0.00,0,0.00,0,0.00,0.00,0.00,0.00,0.00,97.88,2.12,853,NULL,0,NULL,NULL,0,0,0.00,NULL,0.00
2026-02-01,2026-02-28,Sunny's Sandwich Bistro,34341889,948633,34341889,0,0,0,0.00,0.00,0,0.00,0,0.00,0.00,0.00,0.00,0.00,100.0,0.0,0,NULL,0,NULL,NULL,0,0,0.00,NULL,0.00
2026-02-01,2026-02-28,Sunrise Breakfast Club (502 E Thunderbird Rd Ste A),24872510,854879,24872510,0,0,0,0.00,0.00,0,0.00,0,0.00,0.00,0.00,0.00,0.00,0.0,100.0,0,NULL,0,NULL,NULL,0,0,0.00,NULL,0.00
2026-02-01,2026-02-28,Sunrise Breakfast Club (Sullivan St),23328728,854879,23328728,9,9,0,0.00,0.00,0,0.00,0,0.00,0.00,1.43,4.00,1292.33,97.89,2.11,850,NULL,0,NULL,NULL,0,0,0.00,USD,46.43
2026-02-01,2026-02-28,Sunrise Coffee Express (301 W 96th St),23557660,903857,23557660,13,13,1,7.69,16.40,0,0.00,0,0.00,0.00,0.85,3.85,81.31,97.91,2.09,844,NULL,0,NULL,NULL,0,0,0.00,USD,43.53
2026-02-01,2026-02-28,Sunrise Coffee Express (Michelson Dr),22988364,903857,22988364,8,8,0,0.00,0.00,0,0.00,0,0.00,0.00,2.22,4.18,40.13,100.0,0.0,0,NULL,1,NULL,NULL,0,0,0.00,USD,40.34
2026-02-01,2026-02-28,Sunshine Sushi Bar (400 W Indian School Rd),33015551,11334915,33015551,12,12,1,8.33,21.97,0,0.00,0,0.00,0.00,0.24,3.76,39.42,99.4,0.6,108,NULL,1,NULL,NULL,0,1,100.00,USD,39.48
2026-02-01,2026-02-28,Super Burrito Bar (Washington Blvd),2427743,806739,NULL,4,4,0,0.00,0.00,0,0.00,0,0.00,0.00,0.95,6.83,111.25,100.0,0.0,0,NULL,0,NULL,NULL,0,0,0.00,USD,30.66
2026-02-01,2026-02-28,Suzanne's Sub Sandwiches,35681291,908475,35681291,1,1,0,0.00,0.00,0,0.00,0,0.00,0.00,0.58,5.95,35.00,92.95,7.05,694,NULL,1,NULL,NULL,1,0,0.00,USD,34.82
2026-02-01,2026-02-28,Suzanne's Sub Sandwiches,34250671,908475,34250671,1,1,1,100.00,23.99,0,0.00,0,0.00,0.00,0.00,6.87,34.00,99.26,0.74,256,NULL,0,NULL,NULL,0,0,0.00,USD,34.43
2026-02-01,2026-02-28,Suzanne's Sub Sandwiches (2nd Ave),2339943,908475,NULL,0,0,0,0.00,0.00,0,0.00,0,0.00,0.00,0.00,0.00,0.00,100.0,0.0,0,NULL,0,NULL,NULL,0,0,0.00,NULL,0.00
2026-02-01,2026-02-28,Sweet Crepe Delights (3001 S Bristol St),24438079,11146892,24438079,8,8,0,0.00,0.00,0,0.00,0,0.00,0.00,0.49,2.01,855.13,100.0,0.0,0,NULL,2,NULL,NULL,0,0,0.00,USD,44.97
2026-02-01,2026-02-28,Taco Paradiso (1282 Essex Ave),38216978,208295,38216978,0,0,0,0.00,0.00,0,0.00,0,0.00,0.00,0.00,0.00,0.00,0.0,100.0,0,NULL,0,NULL,NULL,0,0,0.00,NULL,0.00
2026-02-01,2026-02-28,Taco Paradiso (514 Main St),24637043,208295,24637043,11,10,2,20.00,32.06,1,9.09,1,9.09,0.00,10.74,15.30,63.70,100.0,0.0,0,NULL,3,NULL,NULL,1,1,33.33,USD,63.66
2026-02-01,2026-02-28,"Taco Paradiso (New York, NY)",1042619,208295,NULL,0,0,0,0.00,0.00,0,0.00,0,0.00,0.00,0.00,0.00,0.00,98.57,1.43,315,NULL,0,NULL,NULL,0,0,0.00,NULL,0.00
2026-02-01,2026-02-28,TacoTaste Mexican (1st Avenue),31463157,13553269,31463157,0,0,0,0.00,0.00,0,0.00,0,0.00,0.00,0.00,0.00,0.00,98.41,1.59,480,NULL,0,NULL,NULL,0,0,0.00,NULL,0.00
2026-02-01,2026-02-28,Tessa's Fruity Treats  (1741 1st Avenue),24770405,11217037,24770405,2,0,0,0.00,0.00,2,100.00,1,50.00,0.00,0.00,0.00,0.00,94.85,5.15,1555,NULL,0,NULL,NULL,0,0,0.00,USD,0.00
2026-02-01,2026-02-28,The Acai Dream  (689 Broadway),24770466,1011007,24770466,11,11,2,18.18,11.35,0,0.00,0,0.00,0.00,1.01,3.76,41.56,97.9,2.1,845,NULL,0,NULL,NULL,0,0,0.00,USD,41.71
2026-02-01,2026-02-28,The Acai Dream (34-02 30th St),27833963,1011007,27833963,15,14,0,0.00,0.00,1,6.67,0,0.00,0.00,2.32,4.30,36.29,99.18,0.82,301,NULL,3,NULL,NULL,0,1,33.33,USD,36.29
2026-02-01,2026-02-28,The American Cheesesteaks (4th Ave),842327,374444,NULL,4,3,0,0.00,0.00,1,25.00,0,0.00,0.00,0.99,3.18,68.33,99.07,0.93,345,NULL,0,NULL,NULL,0,0,0.00,USD,52.95
2026-02-01,2026-02-28,The American Cheesesteaks (Polk St),22932399,374444,22932399,32,32,1,3.13,0.00,0,0.00,0,0.00,0.00,1.90,5.04,42.94,99.19,0.81,210,NULL,5,NULL,NULL,0,0,0.00,USD,43.10
2026-02-01,2026-02-28,The American Vegan Burger (1338 Polk St),31314345,884214,31314345,7,7,0,0.00,0.00,0,0.00,0,0.00,0.00,0.31,3.19,24.86,98.41,1.59,574,NULL,0,NULL,NULL,0,0,0.00,USD,24.93
2026-02-01,2026-02-28,The American Vegan Burger (5155 3rd St),33898961,884214,33898961,8,7,0,0.00,0.00,1,12.50,1,12.50,0.00,4.86,6.07,279.71,100.0,0.0,0,NULL,0,NULL,NULL,0,0,0.00,USD,48.76
2026-02-01,2026-02-28,The Bagel Crave,41262353,12792759,41262353,0,0,0,0.00,0.00,0,0.00,0,0.00,0.00,0.00,0.00,0.00,0.0,100.0,0,NULL,0,NULL,NULL,0,0,0.00,NULL,0.00
2026-02-01,2026-02-28,The Bagel Savage,33971791,664954,33971791,1,0,0,0.00,0.00,1,100.00,0,0.00,0.00,0.00,0.00,0.00,97.9,2.1,845,NULL,0,NULL,NULL,0,0,0.00,USD,0.00
2026-02-01,2026-02-28,The Bagel Savage (309 7th Ave),27667602,664954,27667602,1,1,0,0.00,0.00,0,0.00,0,0.00,0.00,0.00,3.28,21.00,98.44,1.56,458,NULL,0,NULL,NULL,0,0,0.00,USD,20.35
2026-02-01,2026-02-28,The Bagel Savage (415 W Gray St),26210048,664954,26210048,17,17,1,5.88,4.15,0,0.00,0,0.00,0.00,3.37,5.55,36.76,100.0,0.0,0,NULL,3,NULL,NULL,1,1,33.33,USD,36.70
2026-02-01,2026-02-28,The Bagel Savage (Hillside Ave),23134820,664954,23134820,0,0,0,0.00,0.00,0,0.00,0,0.00,0.00,0.00,0.00,0.00,97.9,2.1,848,NULL,0,NULL,NULL,0,0,0.00,NULL,0.00
2026-02-01,2026-02-28,The Breakfast Bar (E Houston Street),476794,226269,NULL,13,13,1,7.69,16.07,0,0.00,0,0.00,0.00,2.87,4.73,37.08,95.81,4.19,1688,NULL,0,NULL,NULL,0,0,0.00,USD,37.21
2026-02-01,2026-02-28,The Breakfast Dream (1117 Broadway),1556211,304917,NULL,12,11,1,9.09,23.98,1,8.33,0,0.00,0.00,1.71,4.15,41.45,98.84,1.16,285,NULL,3,NULL,NULL,2,1,33.33,USD,41.42
2026-02-01,2026-02-28,The Breakfast Dream (1824 2nd Ave),33974552,304917,33974552,5,5,0,0.00,0.00,0,0.00,0,0.00,0.00,2.01,8.35,40.20,97.9,2.1,845,NULL,0,NULL,NULL,0,0,0.00,USD,40.30
2026-02-01,2026-02-28,The Breakfast Dream (6611 S 101st E Ave),24051979,304917,24051979,19,18,2,11.11,8.66,1,5.26,1,5.26,0.00,1.99,6.18,33.76,91.84,8.16,695,NULL,1,NULL,NULL,1,0,0.00,USD,33.58
2026-02-01,2026-02-28,The Breakfast Dream (9th Ave),23007040,304917,23007040,6,6,0,0.00,0.00,0,0.00,0,0.00,0.00,0.69,2.96,43.67,97.9,2.1,848,NULL,1,NULL,NULL,0,0,0.00,USD,43.82
2026-02-01,2026-02-28,The Breakfast Skillet,35854363,405691,35854363,0,0,0,0.00,0.00,0,0.00,0,0.00,0.00,0.00,0.00,0.00,98.8,1.2,315,NULL,0,NULL,NULL,0,0,0.00,NULL,0.00
2026-02-01,2026-02-28,The Breakfast Skillet (Hoover Rd),31535742,405691,31535742,20,20,0,0.00,0.00,0,0.00,0,0.00,0.00,0.93,5.88,37.10,100.0,0.0,0,NULL,1,NULL,NULL,0,0,0.00,USD,37.15
2026-02-01,2026-02-28,The Breakfast Snob,1184963,260164,NULL,0,0,0,0.00,0.00,0,0.00,0,0.00,0.00,0.00,0.00,0.00,0.0,100.0,0,NULL,0,NULL,NULL,0,0,0.00,NULL,0.00
2026-02-01,2026-02-28,The Burger Bae,34348863,486756,34348863,1,1,0,0.00,0.00,0,0.00,0,0.00,0.00,0.00,8.08,27.00,94.38,5.62,2266,NULL,0,NULL,NULL,0,0,0.00,USD,27.33
2026-02-01,2026-02-28,The Burger Bae (1201 Randall Avenue),35458185,486756,35458185,1,1,0,0.00,0.00,0,0.00,0,0.00,0.00,0.40,1.07,39.00,97.55,2.45,405,NULL,0,NULL,NULL,0,0,0.00,USD,38.43
2026-02-01,2026-02-28,The Burger Bae (E 172nd St),23134814,486756,23134814,0,0,0,0.00,0.00,0,0.00,0,0.00,0.00,0.00,0.00,0.00,17.3,82.7,10668,NULL,0,NULL,NULL,0,0,0.00,NULL,0.00
2026-02-01,2026-02-28,The Burger Bae (Van Nuys Blvd),23532702,486756,23532702,6,4,0,0.00,0.00,2,33.33,2,33.33,0.00,2.45,3.93,40.25,100.0,0.0,0,NULL,0,NULL,NULL,0,0,0.00,USD,40.15
2026-02-01,2026-02-28,The Burger Blade,33950217,665052,33950217,0,0,0,0.00,0.00,0,0.00,0,0.00,0.00,0.00,0.00,0.00,0.0,100.0,0,NULL,0,NULL,NULL,0,0,0.00,NULL,0.00
2026-02-01,2026-02-28,The Burger Blade,34348867,665052,34348867,0,0,0,0.00,0.00,0,0.00,0,0.00,0.00,0.00,0.00,0.00,97.57,2.43,409,NULL,0,NULL,NULL,0,0,0.00,NULL,0.00
2026-02-01,2026-02-28,The Burger Blade,1518350,665052,NULL,12,10,0,0.00,0.00,2,16.67,1,8.33,0.00,0.19,4.10,40.80,97.92,2.08,840,NULL,2,NULL,NULL,1,1,50.00,USD,40.73
2026-02-01,2026-02-28,The Burger Blade,33950219,665052,33950219,0,0,0,0.00,0.00,0,0.00,0,0.00,0.00,0.00,0.00,0.00,98.29,1.71,345,NULL,0,NULL,NULL,0,0,0.00,NULL,0.00
2026-02-01,2026-02-28,The Burger Blade (4234 Broadway),32863729,665052,32863729,21,20,0,0.00,0.00,1,4.76,0,0.00,0.00,0.16,3.42,29.30,97.45,2.55,860,NULL,2,NULL,NULL,1,1,50.00,USD,29.23
2026-02-01,2026-02-28,The Burger Blade (590 32nd St),33950215,665052,33950215,2,2,0,0.00,0.00,0,0.00,0,0.00,0.00,0.23,3.42,35.50,99.82,0.18,23,NULL,0,NULL,NULL,0,0,0.00,USD,35.74
2026-02-01,2026-02-28,The Burger Blade (682 Morris Park Avenue),32863731,665052,32863731,5,5,0,0.00,0.00,0,0.00,0,0.00,0.00,3.62,6.17,52.00,96.96,3.04,510,NULL,0,NULL,NULL,0,0,0.00,USD,38.66
2026-02-01,2026-02-28,The Burger Co (226 Newark Ave),33899481,800826,33899481,0,0,0,0.00,0.00,0,0.00,0,0.00,0.00,0.00,0.00,0.00,100.0,0.0,0,NULL,0,NULL,NULL,0,0,0.00,NULL,0.00
2026-02-01,2026-02-28,The Burger Hole (1213 Amsterdam Ave),36254687,394154,36254687,4,4,0,0.00,0.00,0,0.00,0,0.00,0.00,1.57,3.35,29.25,98.11,1.89,345,NULL,1,NULL,NULL,0,0,0.00,USD,29.37
2026-02-01,2026-02-28,The Burger Hole (277 Gold Street) ,37530982,394154,37530982,3,3,0,0.00,0.00,0,0.00,0,0.00,0.00,0.16,2.00,30.00,97.9,2.1,848,NULL,0,NULL,NULL,0,0,0.00,USD,29.88
2026-02-01,2026-02-28,The Burger Joint,40846543,224158,40846543,0,0,0,0.00,0.00,0,0.00,0,0.00,0.00,0.00,0.00,0.00,100.0,0.0,0,NULL,0,NULL,NULL,0,0,0.00,NULL,0.00
2026-02-01,2026-02-28,The Burger Joint,34340106,224158,34340106,0,0,0,0.00,0.00,0,0.00,0,0.00,0.00,0.00,0.00,0.00,98.28,1.72,269,NULL,0,NULL,NULL,0,0,0.00,NULL,0.00
2026-02-01,2026-02-28,The Burger Joint (1152 Ogden Ave #4304),34340098,224158,34340098,0,0,0,0.00,0.00,0,0.00,0,0.00,0.00,0.00,0.00,0.00,98.35,1.65,421,NULL,0,NULL,NULL,0,0,0.00,NULL,0.00
2026-02-01,2026-02-28,The Burger Joint (1595 Seminole Blvd),28607133,224158,28607133,2,2,0,0.00,0.00,0,0.00,0,0.00,0.00,1.17,7.35,41.50,100.0,0.0,0,NULL,0,NULL,NULL,0,0,0.00,USD,41.43
2026-02-01,2026-02-28,The Burger Joint (3907 Lee Hwy),33899309,224158,33899309,1,1,0,0.00,0.00,0,0.00,0,0.00,0.00,0.70,5.53,76.00,100.0,0.0,0,NULL,1,NULL,NULL,0,1,100.00,USD,76.08
2026-02-01,2026-02-28,The Burger Joint (730 Astor Ave),24099359,224158,24099359,0,0,0,0.00,0.00,0,0.00,0,0.00,0.00,0.00,0.00,0.00,0.0,100.0,0,NULL,0,NULL,NULL,0,0,0.00,NULL,0.00
2026-02-01,2026-02-28,The Burger Joint (783 Hillside Avenue),33971643,224158,33971643,1,1,0,0.00,0.00,0,0.00,0,0.00,0.00,0.00,18.93,68.00,100.0,0.0,0,NULL,0,NULL,NULL,0,0,0.00,USD,67.67
2026-02-01,2026-02-28,"The Burger Joint (Brooklyn, NY)",1413374,224158,NULL,1,1,0,0.00,0.00,0,0.00,0,0.00,0.00,0.00,13.23,30.00,100.0,0.0,0,NULL,0,NULL,NULL,0,0,0.00,USD,29.25
2026-02-01,2026-02-28,The Burger Passion (Hillcrest Ave),2440058,888357,NULL,5,5,0,0.00,0.00,0,0.00,0,0.00,0.00,0.00,3.19,34.60,98.45,1.55,298,NULL,2,NULL,NULL,1,1,50.00,USD,34.68
2026-02-01,2026-02-28,The Burger Passion (W 125th St),23135532,888357,23135532,0,0,0,0.00,0.00,0,0.00,0,0.00,0.00,0.00,0.00,0.00,0.0,100.0,0,NULL,0,NULL,NULL,0,0,0.00,NULL,0.00
2026-02-01,2026-02-28,The Burger Project,33951571,656018,33951571,1,1,0,0.00,0.00,0,0.00,0,0.00,0.00,0.00,2.33,39.00,100.0,0.0,0,NULL,0,NULL,NULL,0,0,0.00,USD,38.25
2026-02-01,2026-02-28,The Burger Project,35666693,656018,35666693,0,0,0,0.00,0.00,0,0.00,0,0.00,0.00,0.00,0.00,0.00,97.72,2.28,852,NULL,0,NULL,NULL,0,0,0.00,NULL,0.00
2026-02-01,2026-02-28,The Burger Project (2511 Washington Blvd),27667605,656018,27667605,12,12,0,0.00,0.00,0,0.00,0,0.00,0.00,1.43,4.52,60.50,100.0,0.0,0,NULL,5,NULL,NULL,4,0,0.00,USD,60.41
2026-02-01,2026-02-28,The Burger Project (440 10th Ave),27667606,656018,27667606,0,0,0,0.00,0.00,0,0.00,0,0.00,0.00,0.00,0.00,0.00,0.0,100.0,0,NULL,0,NULL,NULL,0,0,0.00,NULL,0.00
2026-02-01,2026-02-28,The Burger Stack (330 W Broadway),2291140,665003,NULL,2,0,0,0.00,0.00,2,100.00,1,50.00,0.00,0.00,0.00,0.00,100.0,0.0,0,NULL,0,NULL,NULL,0,0,0.00,USD,0.00
2026-02-01,2026-02-28,The Burger Trilogy  (San Francisco),969305,430192,NULL,70,68,2,2.94,13.86,2,2.86,1,1.43,0.00,0.69,2.42,41.04,100.0,0.0,0,NULL,6,NULL,NULL,1,2,33.33,USD,41.19
2026-02-01,2026-02-28,The Burger Trilogy (1969 Bronxdale Ave),1459219,430192,NULL,13,13,0,0.00,0.00,0,0.00,0,0.00,0.00,1.22,3.32,42.69,97.61,2.39,962,NULL,0,NULL,NULL,0,0,0.00,USD,42.82
2026-02-01,2026-02-28,The Burrito Bae (4th Ave),23556050,331640,23556050,4,4,0,0.00,0.00,0,0.00,0,0.00,0.00,0.04,4.32,33.00,99.07,0.93,345,NULL,0,NULL,NULL,0,0,0.00,USD,33.02
2026-02-01,2026-02-28,The Burrito Bae (916 Hempstead Turnpike),33895557,331640,33895557,6,5,0,0.00,0.00,1,16.67,1,16.67,0.00,0.58,6.07,44.60,99.33,0.67,135,NULL,0,NULL,NULL,0,0,0.00,USD,44.65
2026-02-01,2026-02-28,The Burrito Co (4352 E Speedway Blvd),27682669,732078,27682669,15,15,0,0.00,0.00,0,0.00,0,0.00,0.00,1.24,4.74,40.93,99.62,0.38,149,NULL,1,NULL,NULL,0,1,100.00,USD,41.02
2026-02-01,2026-02-28,The Burrito Snob,1595687,308705,128,5,2,0,0.00,0.00,3,60.00,3,60.00,0.00,0.00,3.53,29.50,80.81,19.19,1520,NULL,0,NULL,NULL,0,0,0.00,USD,29.41
2026-02-01,2026-02-28,"The Burrito Snob (Woodland, CA)",1097102,308705,NULL,0,0,0,0.00,0.00,0,0.00,0,0.00,0.00,0.00,0.00,0.00,100.0,0.0,0,NULL,0,NULL,NULL,0,0,0.00,NULL,0.00
2026-02-01,2026-02-28,The Cali Calzone,36730843,673879,36730843,1,1,0,0.00,0.00,0,0.00,0,0.00,0.00,0.00,4.40,50.00,100.0,0.0,0,NULL,0,NULL,NULL,0,0,0.00,USD,49.83
2026-02-01,2026-02-28,The Cali Calzone,33950261,673879,33950261,1,1,0,0.00,0.00,0,0.00,0,0.00,0.00,0.00,5.27,43.00,100.0,0.0,0,NULL,0,NULL,NULL,0,0,0.00,USD,43.23
2026-02-01,2026-02-28,The Cali Calzone (1116 Polk St),33016661,673879,33016661,6,6,0,0.00,0.00,0,0.00,0,0.00,0.00,4.75,8.51,37.50,99.57,0.43,77,NULL,0,NULL,NULL,0,0,0.00,USD,37.54
2026-02-01,2026-02-28,The Cali Calzone (2624 Pico Blvd),31671737,673879,31671737,24,24,0,0.00,0.00,0,0.00,0,0.00,0.00,6.20,7.50,42.04,99.88,0.12,30,NULL,3,NULL,NULL,0,1,33.33,USD,41.17
2026-02-01,2026-02-28,The Cali Calzone (4507 West Coast Hwy),40119617,673879,40119617,3,3,0,0.00,0.00,0,0.00,0,0.00,0.00,1.31,3.38,40.67,100.0,0.0,0,NULL,0,NULL,NULL,0,0,0.00,USD,40.79
2026-02-01,2026-02-28,The Calzone Empire,33950295,852992,33950295,17,16,0,0.00,0.00,1,5.88,0,0.00,0.00,1.68,5.57,40.31,99.5,0.5,126,NULL,1,NULL,NULL,0,0,0.00,USD,40.17
2026-02-01,2026-02-28,The Calzone Empire,35666855,852992,35666855,7,7,0,0.00,0.00,0,0.00,0,0.00,0.00,4.31,5.95,42.00,96.93,3.07,556,NULL,1,NULL,NULL,0,0,0.00,USD,41.81
2026-02-01,2026-02-28,The Calzone Empire,37994992,852992,37994992,5,5,0,0.00,0.00,0,0.00,0,0.00,0.00,3.25,4.97,44.20,99.05,0.95,168,NULL,0,NULL,NULL,0,0,0.00,USD,44.11
2026-02-01,2026-02-28,The Calzone Empire,33950297,852992,33950297,10,10,0,0.00,0.00,0,0.00,0,0.00,0.00,1.42,2.65,41.90,99.72,0.28,45,NULL,4,NULL,NULL,1,1,25.00,USD,41.99
2026-02-01,2026-02-28,The Calzone Empire (18300 Vanowen Street Suite 3),31314365,852992,31314365,1,1,0,0.00,0.00,0,0.00,0,0.00,0.00,0.00,0.00,49.00,98.45,1.55,430,NULL,0,NULL,NULL,0,0,0.00,USD,48.70
2026-02-01,2026-02-28,The Calzone Empire (2511 Washington Blvd),27667607,852992,27667607,11,11,0,0.00,0.00,0,0.00,0,0.00,0.00,3.12,5.40,51.27,100.0,0.0,0,NULL,0,NULL,NULL,0,0,0.00,USD,51.18
2026-02-01,2026-02-28,The Calzone Empire (4663 Trousdale Dr),33898959,852992,33898959,4,0,0,0.00,0.00,4,100.00,4,100.00,0.00,0.00,0.00,0.00,98.82,1.18,284,NULL,0,NULL,NULL,0,0,0.00,USD,0.00
2026-02-01,2026-02-28,The Calzone Empire (7121 West US Highway 90 Suite #210),24974719,852992,24974719,2,2,0,0.00,0.00,0,0.00,0,0.00,0.00,0.31,1.91,76.00,81.85,18.15,2273,NULL,0,NULL,NULL,0,0,0.00,USD,76.27
2026-02-01,2026-02-28,The Calzone Empire (Broad St),2705628,852992,2705628,12,12,0,0.00,0.00,0,0.00,0,0.00,0.00,1.56,3.50,38.75,94.26,5.74,1139,NULL,2,NULL,NULL,1,0,0.00,USD,38.97
2026-02-01,2026-02-28,The Cheeseburger Paradise (468 9th Ave),33895329,1020570,33895329,3,3,0,0.00,0.00,0,0.00,0,0.00,0.00,0.00,7.99,28.33,98.34,1.66,517,NULL,0,NULL,NULL,0,0,0.00,USD,28.29
2026-02-01,2026-02-28,The Cheeseburger Paradise (5993 Broadway),24556258,1020570,24556258,12,12,1,8.33,14.38,0,0.00,0,0.00,0.00,1.69,5.85,54.58,97.9,2.1,846,NULL,1,NULL,NULL,0,0,0.00,USD,54.57
2026-02-01,2026-02-28,The Chicken Affair,33971361,14201665,33971361,1,1,0,0.00,0.00,0,0.00,0,0.00,0.00,0.00,15.62,130.00,100.0,0.0,0,NULL,0,NULL,NULL,0,0,0.00,USD,0.00
2026-02-01,2026-02-28,The Chicken Affair - 135 E 125th St,34349143,14201665,34349143,4,1,0,0.00,0.00,3,75.00,3,75.00,0.00,0.00,9.72,44.00,98.7,1.3,366,NULL,1,NULL,NULL,0,1,100.00,USD,44.17
2026-02-01,2026-02-28,The Chicken Dream,33899219,934688,33899219,2,2,1,50.00,13.68,0,0.00,0,0.00,0.00,0.79,2.79,32.50,100.0,0.0,0,NULL,0,NULL,NULL,0,0,0.00,USD,32.65
2026-02-01,2026-02-28,The Chinese Noodle Palace (4957 Winters Chapel Rd Suite B),25079119,813892,25079119,16,12,2,16.67,9.56,4,25.00,3,18.75,0.00,6.83,11.95,53.75,96.37,3.63,884,NULL,2,NULL,NULL,1,1,50.00,USD,53.91
2026-02-01,2026-02-28,The Chinese Noodle Palace (5874 Forbes Ave),24556108,813892,24556108,2,2,0,0.00,0.00,0,0.00,0,0.00,0.00,1.47,4.14,61.00,100.0,0.0,0,NULL,0,NULL,NULL,0,0,0.00,USD,61.38
2026-02-01,2026-02-28,The Chinese Noodle Palace (9737 Manchester Rd),1790286,813892,NULL,41,41,1,2.44,13.34,0,0.00,0,0.00,0.00,1.82,4.82,51.78,100.0,0.0,0,NULL,1,NULL,NULL,0,0,0.00,USD,46.16
2026-02-01,2026-02-28,The Chinese Noodle Palace (S Higley Rd),23087616,813892,23087616,3,0,0,0.00,0.00,3,100.00,2,66.67,0.00,0.00,0.00,0.00,80.75,19.25,589,NULL,0,NULL,NULL,0,0,0.00,USD,0.00
2026-02-01,2026-02-28,The Chopped Salad,37625025,56426,37625025,1,0,0,0.00,0.00,1,100.00,0,0.00,100.00,0.00,0.00,0.00,50.94,49.06,19769,NULL,0,NULL,NULL,0,0,0.00,USD,0.00
2026-02-01,2026-02-28,The Chopped Salad (353 W 125th St),1586799,56426,NULL,0,0,0,0.00,0.00,0,0.00,0,0.00,0.00,0.00,0.00,0.00,0.0,100.0,0,NULL,0,NULL,NULL,0,0,0.00,NULL,0.00
2026-02-01,2026-02-28,The Chopped Salad (Hillside Ave),2849967,56426,2849967,63,63,4,6.35,0.00,0,0.00,0,0.00,0.00,1.00,3.31,43.32,97.9,2.1,846,NULL,1,NULL,NULL,0,0,0.00,USD,42.95
2026-02-01,2026-02-28,The Craft Pizza,39042382,56428,39042382,0,0,0,0.00,0.00,0,0.00,0,0.00,0.00,0.00,0.00,0.00,0.0,100.0,0,NULL,0,NULL,NULL,0,0,0.00,NULL,0.00
2026-02-01,2026-02-28,The Craft Pizza (2700 Marina Bay Drive),27898091,56428,27898091,0,0,0,0.00,0.00,0,0.00,0,0.00,0.00,0.00,0.00,0.00,0.0,100.0,0,NULL,0,NULL,NULL,0,0,0.00,NULL,0.00
2026-02-01,2026-02-28,The Craft Pizza (3360 Broadway),34340201,56428,34340201,0,0,0,0.00,0.00,0,0.00,0,0.00,0.00,0.00,0.00,0.00,0.0,100.0,0,NULL,0,NULL,NULL,0,0,0.00,NULL,0.00
2026-02-01,2026-02-28,The Craft Pizza (4315 Bryan Street),35458617,56428,35458617,0,0,0,0.00,0.00,0,0.00,0,0.00,0.00,0.00,0.00,0.00,0.0,100.0,0,NULL,0,NULL,NULL,0,0,0.00,NULL,0.00
2026-02-01,2026-02-28,The Crimson Gyro (1428 Polk St),39846735,11522397,39846735,17,15,2,13.33,13.92,2,11.76,2,11.76,0.00,2.20,5.00,34.20,96.42,3.58,903,NULL,1,NULL,NULL,0,0,0.00,USD,34.21
2026-02-01,2026-02-28,The Dessert Dream (245 E Houston St),31636171,854888,31636171,1,1,0,0.00,0.00,0,0.00,0,0.00,0.00,0.00,2.23,35.00,95.8,4.2,1693,NULL,0,NULL,NULL,0,0,0.00,USD,34.38
2026-02-01,2026-02-28,The Dessert Dream (Hoover Rd),2272718,854888,NULL,14,12,3,25.00,24.13,2,14.29,2,14.29,0.00,2.14,4.76,43.17,100.0,0.0,0,NULL,1,NULL,NULL,0,0,0.00,USD,43.06
2026-02-01,2026-02-28,The Dessert Shack,33951523,705436,33951523,1,1,0,0.00,0.00,0,0.00,0,0.00,0.00,0.00,2.13,51.00,99.11,0.89,179,NULL,0,NULL,NULL,0,0,0.00,USD,50.70
2026-02-01,2026-02-28,The Dessert Shack (83 Canal St #6019),23549559,705436,23549559,0,0,0,0.00,0.00,0,0.00,0,0.00,0.00,0.00,0.00,0.00,100.0,0.0,0,NULL,0,NULL,NULL,0,0,0.00,NULL,0.00
2026-02-01,2026-02-28,The Farmers Salad (28501 Hoover Rd),31619827,13591991,31619827,14,13,0,0.00,0.00,1,7.14,0,0.00,0.00,0.94,5.06,30.08,100.0,0.0,0,NULL,1,NULL,NULL,1,0,0.00,USD,30.21
2026-02-01,2026-02-28,The French Toast Flip (3001 S Bristol St),24438078,1054195,24438078,6,6,0,0.00,0.00,0,0.00,0,0.00,0.00,0.19,2.41,50.50,100.0,0.0,0,NULL,0,NULL,NULL,0,0,0.00,USD,39.40
2026-02-01,2026-02-28,The French Toast Flip (4th Ave),23556081,1054195,23556081,0,0,0,0.00,0.00,0,0.00,0,0.00,0.00,0.00,0.00,0.00,99.07,0.93,345,NULL,0,NULL,NULL,0,0,0.00,NULL,0.00
2026-02-01,2026-02-28,The Fried Chicken Crave (1338 Polk St),31313963,11225532,31313963,14,14,0,0.00,0.00,0,0.00,0,0.00,0.00,0.26,6.86,43.57,98.34,1.66,577,NULL,1,NULL,NULL,1,0,0.00,USD,43.36
2026-02-01,2026-02-28,The Fried Chicken Crave (1741 1st Ave),31672379,11225532,31672379,5,4,0,0.00,0.00,1,20.00,1,20.00,0.00,1.06,5.19,33.00,98.37,1.63,491,NULL,1,NULL,NULL,1,0,0.00,USD,32.71
2026-02-01,2026-02-28,The Gourmet Burger,33016935,656223,NULL,2,2,0,0.00,0.00,0,0.00,0,0.00,0.00,0.00,1.73,73.50,100.0,0.0,0,NULL,0,NULL,NULL,0,0,0.00,USD,46.17
2026-02-01,2026-02-28,The Gourmet Burger (S 101st E Ave),2272754,656223,NULL,3,3,1,33.33,3.38,0,0.00,0,0.00,0.00,3.94,10.71,52.67,92.39,7.61,696,NULL,1,NULL,NULL,1,0,0.00,USD,31.68
2026-02-01,2026-02-28,The Gyro Bar (1969 Bronxdale Ave),1477969,560974,NULL,20,19,0,0.00,0.00,1,5.00,1,5.00,0.00,1.74,4.00,41.63,97.61,2.39,965,NULL,1,NULL,NULL,0,0,0.00,USD,41.80
2026-02-01,2026-02-28,The Gyro Bar (319 Rogers Ave),24194631,560974,24194631,14,13,1,7.69,15.94,1,7.14,1,7.14,0.00,1.83,4.02,64.92,98.17,1.83,590,NULL,1,NULL,NULL,0,0,0.00,USD,64.99
2026-02-01,2026-02-28,The Gyro Bar (8770 E McDowell Rd),23907282,560974,23907282,49,49,0,0.00,0.00,0,0.00,0,0.00,0.00,0.92,4.77,38.67,99.87,0.13,30,NULL,1,NULL,NULL,1,0,0.00,USD,38.65
2026-02-01,2026-02-28,The Gyro Brothers (E 125th St),23056011,915472,23056011,7,3,0,0.00,0.00,4,57.14,4,57.14,0.00,18.03,11.45,72.67,98.11,1.89,531,NULL,2,NULL,NULL,1,1,50.00,USD,72.99
2026-02-01,2026-02-28,The Gyro Shop,33970497,706778,33970497,8,7,0,0.00,0.00,1,12.50,0,0.00,0.00,1.15,6.11,217.71,100.0,0.0,0,NULL,0,NULL,NULL,0,0,0.00,USD,34.13
2026-02-01,2026-02-28,The Gyro Shop(Virtual Brand),1556279,706778,NULL,7,4,0,0.00,0.00,3,42.86,1,14.29,0.00,1.36,2.87,49.00,98.45,1.55,380,NULL,0,NULL,NULL,0,0,0.00,USD,48.88
2026-02-01,2026-02-28,The Gyro Snob,1586776,560983,NULL,0,0,0,0.00,0.00,0,0.00,0,0.00,0.00,0.00,0.00,0.00,0.0,100.0,0,NULL,0,NULL,NULL,0,0,0.00,NULL,0.00
2026-02-01,2026-02-28,The Gyro Snob (7126 N 35th ave),23906819,560983,23906819,66,66,1,1.52,13.58,0,0.00,0,0.00,0.00,0.80,4.58,40.08,99.76,0.24,30,NULL,5,NULL,NULL,1,2,40.00,USD,40.07
2026-02-01,2026-02-28,The Hot Dog Village,34345716,1065469,34345716,52,52,0,0.00,0.00,0,0.00,0,0.00,0.00,0.71,3.68,52.77,99.31,0.69,180,NULL,12,NULL,NULL,0,11,91.67,USD,42.53
2026-02-01,2026-02-28,The Hot Dog Village,35686889,1065469,35686889,27,23,2,8.70,40.00,4,14.81,4,14.81,0.00,5.59,10.84,43.30,92.67,7.33,721,NULL,2,NULL,NULL,0,1,50.00,USD,43.35
2026-02-01,2026-02-28,The Ice Cream Lab (Fillmore St),129914,74518,NULL,17,15,2,13.33,12.78,2,11.76,2,11.76,0.00,2.31,3.71,24.07,99.89,0.11,30,NULL,0,NULL,NULL,0,0,0.00,USD,23.91
2026-02-01,2026-02-28,The Ice Cream Snob,635466,293287,NULL,7,5,1,20.00,11.68,2,28.57,1,14.29,0.00,3.69,6.48,32.20,100.0,0.0,0,NULL,0,NULL,NULL,0,0,0.00,USD,32.52
2026-02-01,2026-02-28,"The Ice Cream Snob (949 w Canal St. N, Belle Glade, Fl 33430)",34250437,293287,34250437,0,0,0,0.00,0.00,0,0.00,0,0.00,0.00,0.00,0.00,0.00,0.0,100.0,0,NULL,0,NULL,NULL,0,0,0.00,NULL,0.00
2026-02-01,2026-02-28,The Indian Spice Kitchen (100 N Almaden Ave ste 176),33017063,725298,33017063,1,1,0,0.00,0.00,0,0.00,0,0.00,0.00,0.00,1.40,37.00,98.28,1.72,287,NULL,0,NULL,NULL,0,0,0.00,USD,36.60
2026-02-01,2026-02-28,The Indian Spice Kitchen (2026 Agnew Rd),33017061,725298,33017061,26,26,0,0.00,0.00,0,0.00,0,0.00,0.00,0.73,2.52,42.65,100.0,0.0,0,NULL,1,NULL,NULL,1,0,0.00,USD,40.26
2026-02-01,2026-02-28,The Indian Spice Palace,33894883,922014,33894883,4,3,0,0.00,0.00,1,25.00,0,0.00,0.00,0.00,5.09,29.33,98.36,1.64,287,NULL,0,NULL,NULL,0,0,0.00,USD,29.71
2026-02-01,2026-02-28,The Indian Spice Palace (1740 Monument Blvd),27890496,922014,27890496,0,0,0,0.00,0.00,0,0.00,0,0.00,0.00,0.00,0.00,0.00,0.0,100.0,0,NULL,0,NULL,NULL,0,0,0.00,NULL,0.00
2026-02-01,2026-02-28,The Indian Spice Palace (3005 36th Ave),26000771,922014,26000771,9,8,0,0.00,0.00,1,11.11,1,11.11,0.00,6.15,8.98,59.25,95.0,5.0,1428,NULL,0,NULL,NULL,0,0,0.00,USD,59.41
2026-02-01,2026-02-28,The Italian Pasta Bar,33963529,724577,33963529,21,20,1,5.00,3.01,1,4.76,1,4.76,0.00,0.79,4.79,41.70,100.0,0.0,0,NULL,2,NULL,NULL,1,1,50.00,USD,41.65
2026-02-01,2026-02-28,The Italian Pizza Co,35639147,14711327,35639147,0,0,0,0.00,0.00,0,0.00,0,0.00,0.00,0.00,0.00,0.00,100.0,0.0,0,NULL,0,NULL,NULL,0,0,0.00,NULL,0.00
2026-02-01,2026-02-28,The Italian Pizza Co,37995313,349525,37995313,0,0,0,0.00,0.00,0,0.00,0,0.00,0.00,0.00,0.00,0.00,99.05,0.95,168,NULL,0,NULL,NULL,0,0,0.00,NULL,0.00
2026-02-01,2026-02-28,The Italian Pizza Co,35639149,14711327,35639149,0,0,0,0.00,0.00,0,0.00,0,0.00,0.00,0.00,0.00,0.00,100.0,0.0,0,NULL,0,NULL,NULL,0,0,0.00,NULL,0.00
2026-02-01,2026-02-28,The Italian Pizza Co,35647715,349525,35647715,0,0,0,0.00,0.00,0,0.00,0,0.00,0.00,0.00,0.00,0.00,95.89,4.11,300,NULL,0,NULL,NULL,0,0,0.00,NULL,0.00
2026-02-01,2026-02-28,The Juice Affair (240 Sullivan St),1834918,732070,NULL,7,7,0,0.00,0.00,0,0.00,0,0.00,0.00,1.68,8.11,132.29,97.91,2.09,841,NULL,0,NULL,NULL,0,0,0.00,USD,50.72
2026-02-01,2026-02-28,The Juice Affair (5423 2nd Ave),33970187,732070,33970187,0,0,0,0.00,0.00,0,0.00,0,0.00,0.00,0.00,0.00,0.00,100.0,0.0,0,NULL,0,NULL,NULL,0,0,0.00,NULL,0.00
2026-02-01,2026-02-28,The Juice Affair (93 Avenue A),36238367,732070,36238367,0,0,0,0.00,0.00,0,0.00,0,0.00,0.00,0.00,0.00,0.00,100.0,0.0,0,NULL,0,NULL,NULL,0,0,0.00,NULL,0.00
2026-02-01,2026-02-28,The Juice Empire,33952685,13607210,33952685,0,0,0,0.00,0.00,0,0.00,0,0.00,0.00,0.00,0.00,0.00,100.0,0.0,0,NULL,0,NULL,NULL,0,0,0.00,NULL,0.00
2026-02-01,2026-02-28,The Juice Empire,33899381,13607210,33899381,3,0,0,0.00,0.00,3,100.00,3,100.00,0.00,0.00,0.00,0.00,90.21,9.79,1267,NULL,0,NULL,NULL,0,0,0.00,USD,0.00
2026-02-01,2026-02-28,The Juice Empire,35901427,13607210,35901427,1,1,0,0.00,0.00,0,0.00,0,0.00,0.00,0.50,7.48,43.00,98.52,1.48,315,NULL,0,NULL,NULL,0,0,0.00,USD,43.85
2026-02-01,2026-02-28,The Juice Empire (9th Ave),23060304,13607210,23060304,47,47,2,4.26,9.25,0,0.00,0,0.00,0.00,0.55,2.92,35.28,97.91,2.09,844,NULL,3,NULL,NULL,0,2,66.67,USD,35.33
2026-02-01,2026-02-28,The Juice Empire (Broadway),31672166,13607210,31672166,7,7,0,0.00,0.00,0,0.00,0,0.00,0.00,3.26,6.48,32.43,95.07,4.93,851,NULL,2,NULL,NULL,0,2,100.00,USD,32.59
2026-02-01,2026-02-28,The Kabob Snob (57 sip ave),31577153,888358,31577153,6,5,0,0.00,0.00,1,16.67,0,0.00,0.00,0.57,2.80,51.00,100.0,0.0,0,NULL,0,NULL,NULL,0,0,0.00,USD,50.94
2026-02-01,2026-02-28,The Mac N Cheese Bar,40385117,11135221,40385117,0,0,0,0.00,0.00,0,0.00,0,0.00,0.00,0.00,0.00,0.00,100.0,0.0,0,NULL,0,NULL,NULL,0,0,0.00,NULL,0.00
2026-02-01,2026-02-28,The Mac and Cheese Co,26175096,145229,26175096,115,111,12,10.81,103.49,4,3.48,4,3.48,0.00,0.43,3.77,39.09,90.67,9.33,1670,NULL,7,NULL,NULL,3,3,42.86,USD,37.73
2026-02-01,2026-02-28,The Mac and Cheese Co (Hoover Rd),23045828,145229,23045828,14,14,1,7.14,0.00,0,0.00,0,0.00,0.00,0.87,4.65,174.79,100.0,0.0,0,NULL,2,NULL,NULL,1,0,0.00,USD,45.85
2026-02-01,2026-02-28,The Mexican Cocina,34250543,370675,34250543,2,1,0,0.00,0.00,1,50.00,0,0.00,0.00,0.00,3.63,57.00,98.72,1.28,377,NULL,0,NULL,NULL,0,0,0.00,USD,57.70
2026-02-01,2026-02-28,The Mexican Cocina,33950479,370675,33950479,0,0,0,0.00,0.00,0,0.00,0,0.00,0.00,0.00,0.00,0.00,98.77,1.23,345,NULL,0,NULL,NULL,0,0,0.00,NULL,0.00
2026-02-01,2026-02-28,The Mexican Cocina (1st Ave),833133,370675,NULL,10,10,0,0.00,0.00,0,0.00,0,0.00,0.00,0.21,3.92,50.70,97.89,2.11,849,NULL,0,NULL,NULL,0,0,0.00,USD,50.63
2026-02-01,2026-02-28,The Milk Snob (Post Street),873421,392317,NULL,20,17,4,23.53,37.71,3,15.00,2,10.00,0.00,1.24,4.41,33.80,100.0,0.0,0,NULL,0,NULL,NULL,0,0,0.00,USD,33.76
2026-02-01,2026-02-28,The Minister Wraps,1785496,823810,NULL,1,0,0,0.00,0.00,1,100.00,1,100.00,0.00,0.00,0.00,0.00,97.91,2.09,842,NULL,0,NULL,NULL,0,0,0.00,USD,0.00
2026-02-01,2026-02-28,The Minister Wraps,35853725,823810,35853725,0,0,0,0.00,0.00,0,0.00,0,0.00,0.00,0.00,0.00,0.00,98.72,1.28,345,NULL,0,NULL,NULL,0,0,0.00,NULL,0.00
2026-02-01,2026-02-28,The Minister Wraps (265 Bedford Ave),24194630,823810,24194630,0,0,0,0.00,0.00,0,0.00,0,0.00,0.00,0.00,0.00,0.00,97.92,2.08,839,NULL,0,NULL,NULL,0,0,0.00,NULL,0.00
2026-02-01,2026-02-28,The Minister Wraps (Broadway),23106174,823810,23106174,10,9,1,11.11,0.00,1,10.00,0,0.00,0.00,1.23,5.92,45.67,97.89,2.11,850,NULL,0,NULL,NULL,0,0,0.00,USD,45.61
2026-02-01,2026-02-28,The Minister Wraps (Michelson Dr),22988570,823810,22988570,1,1,0,0.00,0.00,0,0.00,0,0.00,0.00,0.00,1.90,68.00,95.93,4.07,420,NULL,0,NULL,NULL,0,0,0.00,USD,68.13
2026-02-01,2026-02-28,The Montage Vegetarian (253 E 172nd St),33970427,911655,33970427,1,0,0,0.00,0.00,1,100.00,1,100.00,0.00,0.00,0.00,0.00,18.3,81.7,10539,NULL,0,NULL,NULL,0,0,0.00,USD,0.00
2026-02-01,2026-02-28,The Montage Vegetarian (Florida Ave NW),2408663,911655,NULL,0,0,0,0.00,0.00,0,0.00,0,0.00,0.00,0.00,0.00,0.00,0.0,100.0,0,NULL,0,NULL,NULL,0,0,0.00,NULL,0.00
2026-02-01,2026-02-28,The Montage Vegetarian (N Broadway),23022912,911655,23022912,1,1,0,0.00,0.00,0,0.00,0,0.00,0.00,0.00,1.57,47.00,100.0,0.0,0,NULL,0,NULL,NULL,0,0,0.00,USD,47.15
2026-02-01,2026-02-28,The Omelette Farm,34349153,393008,34349153,0,0,0,0.00,0.00,0,0.00,0,0.00,0.00,0.00,0.00,0.00,98.35,1.65,421,NULL,0,NULL,NULL,0,0,0.00,NULL,0.00
2026-02-01,2026-02-28,The Omelette Farm (147 1st Ave),23549638,393008,23549638,11,11,0,0.00,0.00,0,0.00,0,0.00,0.00,3.08,6.35,46.55,97.91,2.09,844,NULL,0,NULL,NULL,0,0,0.00,USD,46.40
2026-02-01,2026-02-28,The Omelette Farm (1741 1st Avenue),2162874,393008,1741,4,4,0,0.00,0.00,0,0.00,0,0.00,0.00,0.40,3.44,43.75,98.41,1.59,480,NULL,0,NULL,NULL,0,0,0.00,USD,43.98
2026-02-01,2026-02-28,The Omelette Farm (57 sip ave),35900955,393008,35900955,2,2,0,0.00,0.00,0,0.00,0,0.00,0.00,5.47,4.51,53.50,100.0,0.0,0,NULL,0,NULL,NULL,0,0,0.00,USD,53.63
2026-02-01,2026-02-28,The Omelette Farm (769 9th Ave #1),23984095,393008,23984095,6,6,0,0.00,0.00,0,0.00,0,0.00,0.00,7.42,12.22,63.00,97.89,2.11,850,NULL,0,NULL,NULL,0,0,0.00,USD,63.32
2026-02-01,2026-02-28,The Omelette Farm (New York),875183,393008,NULL,75,75,0,0.00,0.00,0,0.00,0,0.00,0.00,1.64,3.78,34.27,97.89,2.11,852,NULL,3,NULL,NULL,0,1,33.33,USD,27.86
2026-02-01,2026-02-28,The Omelette Farm (Sullivan St),2273066,393008,NULL,11,11,0,0.00,0.00,0,0.00,0,0.00,0.00,0.62,3.37,41.91,97.88,2.12,854,NULL,0,NULL,NULL,0,0,0.00,USD,41.92
2026-02-01,2026-02-28,The Pancake Flip (7701 Garrison Road),24227554,1011005,24227554,157,157,2,1.27,46.15,0,0.00,0,0.00,0.00,0.37,2.92,44.80,100.0,0.0,0,NULL,16,NULL,NULL,3,3,18.75,USD,40.72
2026-02-01,2026-02-28,The Pancake Flip (Broadway),23106170,1011005,23106170,5,5,0,0.00,0.00,0,0.00,0,0.00,0.00,1.52,6.73,55.20,97.89,2.11,850,NULL,0,NULL,NULL,0,0,0.00,USD,55.21
2026-02-01,2026-02-28,The Pancake Snob (1st Ave),1194035,609184,NULL,19,16,1,6.25,16.90,3,15.79,3,15.79,0.00,1.07,5.12,35.81,94.98,5.02,1518,NULL,1,NULL,NULL,0,0,0.00,USD,35.87
2026-02-01,2026-02-28,"The Pancake Snob (Brooklyn, NY)",1184943,609184,NULL,41,41,1,2.44,5.45,0,0.00,0,0.00,0.00,1.30,3.76,36.85,98.13,1.87,753,NULL,6,NULL,NULL,1,2,33.33,USD,36.90
2026-02-01,2026-02-28,The Pancake Snob (The Bronx),1303675,609184,NULL,31,31,0,0.00,0.00,0,0.00,0,0.00,0.00,1.94,4.32,53.35,97.6,2.4,967,NULL,2,NULL,NULL,0,1,50.00,USD,53.28
2026-02-01,2026-02-28,"The Pancake Snob (Virtual Brand)(New York, NY)",1180434,609184,NULL,8,8,1,12.50,0.00,0,0.00,0,0.00,0.00,1.48,3.81,65.75,93.64,6.36,2378,NULL,2,NULL,NULL,1,0,0.00,USD,68.69
2026-02-01,2026-02-28,The Pancake Snob (Virtual Brand)(West Chester Pike),1166202,609184,NULL,78,78,5,6.41,26.06,0,0.00,0,0.00,0.00,0.89,3.99,36.29,99.92,0.08,30,NULL,4,NULL,NULL,1,0,0.00,USD,36.29
2026-02-01,2026-02-28,The Pancake Spot,1567795,411280,NULL,3,2,0,0.00,0.00,1,33.33,0,0.00,0.00,13.13,15.78,60.50,18.61,81.39,9865,NULL,1,NULL,NULL,0,0,0.00,USD,60.25
2026-02-01,2026-02-28,The Pancake Spot (8th Ave),919185,411280,NULL,3,3,0,0.00,0.00,0,0.00,0,0.00,0.00,0.17,2.47,65.67,98.21,1.79,345,NULL,1,NULL,NULL,1,0,0.00,USD,65.70
2026-02-01,2026-02-28,The Panini Project (265 Bedford Ave),1836485,739023,NULL,6,6,1,16.67,4.75,0,0.00,0,0.00,0.00,0.53,5.06,38.33,97.91,2.09,841,NULL,0,NULL,NULL,0,0,0.00,USD,38.14
2026-02-01,2026-02-28,The Panini Project (59 4th Ave),1860319,739023,NULL,14,14,0,0.00,0.00,0,0.00,0,0.00,0.00,0.86,3.28,39.43,99.07,0.93,345,NULL,0,NULL,NULL,0,0,0.00,USD,39.43
2026-02-01,2026-02-28,The Pasta Brothers,32882525,281355,NULL,32,32,0,0.00,0.00,0,0.00,0,0.00,0.00,1.12,4.71,38.81,100.0,0.0,0,NULL,0,NULL,NULL,0,0,0.00,USD,38.67
2026-02-01,2026-02-28,The Pasta Brothers (265 Bedford Ave),2400705,281355,NULL,6,6,1,16.67,2.99,0,0.00,0,0.00,0.00,3.93,9.43,58.83,97.8,2.2,886,NULL,0,NULL,NULL,0,0,0.00,USD,58.74
2026-02-01,2026-02-28,The Pasta Brothers (456 Grove St),32882523,281355,32882523,44,44,2,4.55,13.61,0,0.00,0,0.00,0.00,0.65,3.89,46.00,100.0,0.0,0,NULL,2,NULL,NULL,1,0,0.00,USD,43.02
2026-02-01,2026-02-28,The Pasta Brothers (4663 Trousdale Dr),24328952,281355,24328952,3,3,0,0.00,0.00,0,0.00,0,0.00,0.00,0.62,6.52,52.67,100.0,0.0,0,NULL,0,NULL,NULL,0,0,0.00,USD,52.32
2026-02-01,2026-02-28,The Pasta Brothers (589 1st Avenue),32882529,281355,32882529,12,12,1,8.33,11.80,0,0.00,0,0.00,0.00,0.07,2.58,49.17,97.61,2.39,964,NULL,1,NULL,NULL,0,0,0.00,USD,31.19
2026-02-01,2026-02-28,The Pasta Story (1424 Lexington Ave),1465730,566645,NULL,78,72,7,9.72,73.22,6,7.69,4,5.13,0.00,2.98,7.22,44.00,96.11,3.89,1566,NULL,2,NULL,NULL,1,0,0.00,USD,43.06
2026-02-01,2026-02-28,The Pasta Story (2138 W National Ave),33017373,566645,33017373,175,169,3,1.78,51.74,6,3.43,1,0.57,0.00,0.70,3.28,46.51,96.53,3.47,375,NULL,17,NULL,NULL,1,4,23.53,USD,41.80
2026-02-01,2026-02-28,The Pasta Story (43 W Flagler St),28607208,566645,28607208,31,30,2,6.67,10.50,1,3.23,1,3.23,0.00,0.48,6.76,54.54,99.14,0.86,195,NULL,1,NULL,NULL,1,0,0.00,USD,54.45
2026-02-01,2026-02-28,The Pasta Twins (Chestnut St),31535791,321574,31535791,7,6,0,0.00,0.00,1,14.29,0,0.00,0.00,0.70,5.76,53.33,100.0,0.0,0,NULL,1,NULL,NULL,0,0,0.00,USD,51.36
2026-02-01,2026-02-28,"The Pasta Twins (New York, NY)",1185887,321574,NULL,2,2,0,0.00,0.00,0,0.00,0,0.00,0.00,1.03,3.79,54.00,98.21,1.79,345,NULL,0,NULL,NULL,0,0,0.00,USD,54.13
2026-02-01,2026-02-28,The Pizza Flip,34344857,11225535,34344857,0,0,0,0.00,0.00,0,0.00,0,0.00,0.00,0.00,0.00,0.00,100.0,0.0,0,NULL,0,NULL,NULL,0,0,0.00,NULL,0.00
2026-02-01,2026-02-28,The Pizza Flip (115-20 Queens Blvd),25295355,11225535,25295355,0,0,0,0.00,0.00,0,0.00,0,0.00,0.00,0.00,0.00,0.00,94.78,5.22,1185,NULL,0,NULL,NULL,0,0,0.00,NULL,0.00
2026-02-01,2026-02-28,The Pizza Flip (493 Old Hickory Blvd),33884067,11225535,33884067,3,3,0,0.00,0.00,0,0.00,0,0.00,0.00,0.50,4.35,40.00,100.0,0.0,0,NULL,0,NULL,NULL,0,0,0.00,USD,40.12
2026-02-01,2026-02-28,The Pizza Obsession,34342003,962905,34342003,0,0,0,0.00,0.00,0,0.00,0,0.00,0.00,0.00,0.00,0.00,100.0,0.0,0,NULL,0,NULL,NULL,0,0,0.00,NULL,0.00
2026-02-01,2026-02-28,The Pizza Obsession,34250899,962905,34250899,1,1,0,0.00,0.00,0,0.00,0,0.00,0.00,0.75,2.02,58.00,99.36,0.64,256,NULL,0,NULL,NULL,0,0,0.00,USD,58.25
2026-02-01,2026-02-28,The Pizza Obsession (226 Newark Ave),34341988,962905,34341988,2,2,0,0.00,0.00,0,0.00,0,0.00,0.00,12.45,10.92,53.50,100.0,0.0,0,NULL,0,NULL,NULL,0,0,0.00,USD,53.21
2026-02-01,2026-02-28,The Salad Dream,35464012,282198,35464012,5,5,0,0.00,0.00,0,0.00,0,0.00,0.00,2.15,5.22,41.40,100.0,0.0,0,NULL,0,NULL,NULL,0,0,0.00,USD,41.21
2026-02-01,2026-02-28,The Salad Dream,37414507,282198,37414507,1,0,0,0.00,0.00,1,100.00,0,0.00,0.00,0.00,0.00,0.00,98.25,1.75,564,NULL,0,NULL,NULL,0,0,0.00,USD,0.00
2026-02-01,2026-02-28,The Salad Dream (31-00 47th Ave),35758085,282198,35758085,0,0,0,0.00,0.00,0,0.00,0,0.00,0.00,0.00,0.00,0.00,97.21,2.79,285,NULL,0,NULL,NULL,0,0,0.00,NULL,0.00
2026-02-01,2026-02-28,The Salad Dream (5155 3rd St),33899129,282198,33899129,0,0,0,0.00,0.00,0,0.00,0,0.00,0.00,0.00,0.00,0.00,100.0,0.0,0,NULL,0,NULL,NULL,0,0,0.00,NULL,0.00
2026-02-01,2026-02-28,The Salad God,33967261,733302,33967261,0,0,0,0.00,0.00,0,0.00,0,0.00,0.00,0.00,0.00,0.00,100.0,0.0,0,NULL,0,NULL,NULL,0,0,0.00,NULL,0.00
2026-02-01,2026-02-28,The Salad God,35492579,733302,35492579,1,1,0,0.00,0.00,0,0.00,0,0.00,0.00,1.25,1.83,35.00,100.0,0.0,0,NULL,0,NULL,NULL,0,0,0.00,USD,35.48
2026-02-01,2026-02-28,The Salad God(Virtual Brand),1580550,733302,NULL,9,9,1,11.11,3.04,0,0.00,0,0.00,0.00,0.80,3.08,36.22,99.07,0.93,345,NULL,0,NULL,NULL,0,0,0.00,USD,36.45
2026-02-01,2026-02-28,The Salad Prince,34342099,824240,34342099,2,2,0,0.00,0.00,0,0.00,0,0.00,0.00,0.47,3.40,84.50,100.0,0.0,0,NULL,0,NULL,NULL,0,0,0.00,USD,53.55
2026-02-01,2026-02-28,The Salad Prince,36977493,824240,36977493,0,0,0,0.00,0.00,0,0.00,0,0.00,0.00,0.00,0.00,0.00,100.0,0.0,0,NULL,0,NULL,NULL,0,0,0.00,NULL,0.00
2026-02-01,2026-02-28,The Salad Prince (135 E 125th St),34342097,824240,34342097,0,0,0,0.00,0.00,0,0.00,0,0.00,0.00,0.00,0.00,0.00,98.77,1.23,345,NULL,0,NULL,NULL,0,0,0.00,NULL,0.00
2026-02-01,2026-02-28,The Salad Snob,34340355,257890,34340355,12,12,1,8.33,13.43,0,0.00,0,0.00,0.00,0.99,2.80,43.75,98.49,1.51,268,NULL,2,NULL,NULL,2,0,0.00,USD,43.60
2026-02-01,2026-02-28,The Salad Snob,38214605,257890,38214605,0,0,0,0.00,0.00,0,0.00,0,0.00,0.00,0.00,0.00,0.00,100.0,0.0,0,NULL,0,NULL,NULL,0,0,0.00,NULL,0.00
2026-02-01,2026-02-28,The Salad Snob (Pico Blvd),564064,257890,NULL,13,13,1,7.69,2.70,0,0.00,0,0.00,0.00,0.75,2.66,36.23,100.0,0.0,0,NULL,3,NULL,NULL,1,0,0.00,USD,36.17
2026-02-01,2026-02-28,The Salad Snob (Virtual Brand)(3846 Mowry Ave Fremont),1478850,257890,NULL,23,22,3,13.64,21.88,1,4.35,1,4.35,0.00,0.29,2.44,41.05,100.0,0.0,0,NULL,2,NULL,NULL,2,0,0.00,USD,35.51
2026-02-01,2026-02-28,The Sandwich Cafe,1533372,124075,NULL,2,2,0,0.00,0.00,0,0.00,0,0.00,0.00,0.71,2.58,51.50,98.21,1.79,345,NULL,0,NULL,NULL,0,0,0.00,USD,28.70
2026-02-01,2026-02-28,The Sandwich Cafe,36727494,124075,36727494,1,1,0,0.00,0.00,0,0.00,0,0.00,0.00,0.00,11.97,35.00,96.26,3.74,667,NULL,0,NULL,NULL,0,0,0.00,USD,34.95
2026-02-01,2026-02-28,The Sandwich Cafe,37995477,124075,37995477,6,6,0,0.00,0.00,0,0.00,0,0.00,0.00,4.82,8.43,42.50,99.05,0.95,168,NULL,0,NULL,NULL,0,0,0.00,USD,42.66
2026-02-01,2026-02-28,The Sandwich Cafe,33950507,124075,33950507,0,0,0,0.00,0.00,0,0.00,0,0.00,0.00,0.00,0.00,0.00,18.34,81.66,10534,NULL,0,NULL,NULL,0,0,0.00,NULL,0.00
2026-02-01,2026-02-28,The Sandwich Cafe (2841 E Anaheim St),1909205,124075,NULL,17,16,1,6.25,2.17,1,5.88,1,5.88,0.00,0.32,2.44,50.31,100.0,0.0,0,NULL,2,NULL,NULL,2,0,0.00,USD,44.40
2026-02-01,2026-02-28,The Sandwich Cafe (57 sip ave),23906853,124075,23906853,1,1,0,0.00,0.00,0,0.00,0,0.00,0.00,0.53,1.17,57.00,100.0,0.0,0,NULL,0,NULL,NULL,0,0,0.00,USD,56.97
2026-02-01,2026-02-28,The Sandwich Doctor (83 Canal St #6019),23549534,854844,23549534,3,0,0,0.00,0.00,3,100.00,3,100.00,0.00,0.00,0.00,0.00,84.5,15.5,892,NULL,0,NULL,NULL,0,0,0.00,USD,0.00
2026-02-01,2026-02-28,The Sandwich Slut,1803495,485586,NULL,11,8,0,0.00,0.00,3,27.27,3,27.27,0.00,0.92,3.88,44.25,97.91,2.09,841,NULL,0,NULL,NULL,0,0,0.00,USD,44.37
2026-02-01,2026-02-28,The Sandwich Vibe,35117567,863183,35117567,2,2,0,0.00,0.00,0,0.00,0,0.00,0.00,0.00,3.93,39.50,100.0,0.0,0,NULL,0,NULL,NULL,0,0,0.00,USD,39.46
2026-02-01,2026-02-28,The Sandwich Vibe (119 Park Ave),35459941,863183,35459941,2,2,0,0.00,0.00,0,0.00,0,0.00,0.00,4.85,6.75,56.50,100.0,0.0,0,NULL,0,NULL,NULL,0,0,0.00,USD,56.85
2026-02-01,2026-02-28,The Sandwich Vibe (1306 Atlantic Ave),25130231,863183,25130231,15,15,1,6.67,10.98,0,0.00,0,0.00,0.00,1.32,3.57,61.27,98.29,1.71,546,NULL,3,NULL,NULL,0,2,66.67,USD,61.15
2026-02-01,2026-02-28,The Sandwich Vibe (137 S Las Posas Rd #153),24800718,863183,24800718,10,10,1,10.00,27.92,0,0.00,0,0.00,0.00,5.29,8.38,54.40,100.0,0.0,0,NULL,3,NULL,NULL,2,1,33.33,USD,54.52
2026-02-01,2026-02-28,The Sandwich Vibe (1741 1st Avenue),2162544,863183,1741,0,0,0,0.00,0.00,0,0.00,0,0.00,0.00,0.00,0.00,0.00,98.41,1.59,480,NULL,0,NULL,NULL,0,0,0.00,NULL,0.00
2026-02-01,2026-02-28,The Sandwich Vibe (257 Gold St),33017475,689548,33017475,1,1,0,0.00,0.00,0,0.00,0,0.00,0.00,3.15,3.47,44.00,97.91,2.09,843,NULL,0,NULL,NULL,0,0,0.00,USD,44.60
2026-02-01,2026-02-28,The Smooth Eaze,37012189,859164,37012189,0,0,0,0.00,0.00,0,0.00,0,0.00,0.00,0.00,0.00,0.00,94.76,5.24,1183,NULL,0,NULL,NULL,0,0,0.00,NULL,0.00
2026-02-01,2026-02-28,The Smooth Eaze (1424 Lexington Ave),31636291,859164,31636291,5,5,0,0.00,0.00,0,0.00,0,0.00,0.00,0.75,3.75,43.60,95.99,4.01,1615,NULL,0,NULL,NULL,0,0,0.00,USD,43.58
2026-02-01,2026-02-28,The Smoothie Savage (1404 Madison Ave),36030515,706784,36030515,0,0,0,0.00,0.00,0,0.00,0,0.00,0.00,0.00,0.00,0.00,98.52,1.48,315,NULL,0,NULL,NULL,0,0,0.00,NULL,0.00
2026-02-01,2026-02-28,The Smoothie Squeeze,37376751,884551,37376751,3,3,0,0.00,0.00,0,0.00,0,0.00,0.00,1.20,7.11,39.67,97.64,2.36,574,NULL,0,NULL,NULL,0,0,0.00,USD,39.64
2026-02-01,2026-02-28,The Smoothie Squeeze (128 East 4th Street),31619812,884551,31619812,2,1,0,0.00,0.00,1,50.00,1,50.00,0.00,0.00,5.20,20.00,87.82,12.18,1367,NULL,0,NULL,NULL,0,0,0.00,USD,20.30
2026-02-01,2026-02-28,The Smoothie Squeeze (330 W Broadway),2291200,884551,NULL,1,0,0,0.00,0.00,1,100.00,1,100.00,0.00,0.00,0.00,0.00,100.0,0.0,0,NULL,0,NULL,NULL,0,0,0.00,USD,0.00
2026-02-01,2026-02-28,The Smoothie Squeeze (450 9th Ave),23007066,884551,23007066,23,22,0,0.00,0.00,1,4.35,0,0.00,0.00,0.56,4.22,60.82,97.88,2.12,853,NULL,0,NULL,NULL,0,0,0.00,USD,41.58
2026-02-01,2026-02-28,The Smoothie Squeeze (589 1st Avenue),35117657,884551,35117657,2,2,0,0.00,0.00,0,0.00,0,0.00,0.00,0.00,3.26,30.00,97.59,2.41,970,NULL,0,NULL,NULL,0,0,0.00,USD,29.82
2026-02-01,2026-02-28,The Smoothie Squeeze (730 Astor Ave),24099363,884551,24099363,0,0,0,0.00,0.00,0,0.00,0,0.00,0.00,0.00,0.00,0.00,0.0,100.0,0,NULL,0,NULL,NULL,0,0,0.00,NULL,0.00
2026-02-01,2026-02-28,The Smoothie Squeeze (766 Grand St),38213973,884551,38213973,2,2,0,0.00,0.00,0,0.00,0,0.00,0.00,0.82,2.01,66.00,98.59,1.41,285,NULL,0,NULL,NULL,0,0,0.00,USD,66.12
2026-02-01,2026-02-28,The Valley Gyro Spot,1743781,800835,NULL,15,15,0,0.00,0.00,0,0.00,0,0.00,0.00,1.26,5.89,50.60,97.91,2.09,844,NULL,1,NULL,NULL,0,0,0.00,USD,50.64
2026-02-01,2026-02-28,The Village Breakfast,33950568,757140,33950568,0,0,0,0.00,0.00,0,0.00,0,0.00,0.00,0.00,0.00,0.00,98.91,1.09,220,NULL,0,NULL,NULL,0,0,0.00,NULL,0.00
2026-02-01,2026-02-28,The Village Breakfast,35868685,757140,35868685,6,6,0,0.00,0.00,0,0.00,0,0.00,0.00,0.18,2.63,39.67,97.88,2.12,853,NULL,1,NULL,NULL,0,1,100.00,USD,39.48
2026-02-01,2026-02-28,The Village Smoothie Spot,1803513,825536,NULL,10,10,0,0.00,0.00,0,0.00,0,0.00,0.00,0.96,5.02,81.70,97.38,2.62,841,NULL,1,NULL,NULL,0,0,0.00,USD,43.59
2026-02-01,2026-02-28,The Water Distributor (San Francisco),651703,303359,NULL,0,0,0,0.00,0.00,0,0.00,0,0.00,0.00,0.00,0.00,0.00,100.0,0.0,0,NULL,0,NULL,NULL,0,0,0.00,NULL,0.00
2026-02-01,2026-02-28,The Wine & Cheese Bar (Fillmore St),129913,56433,NULL,9,9,0,0.00,0.00,0,0.00,0,0.00,0.00,1.34,2.15,34.56,100.0,0.0,0,NULL,0,NULL,NULL,0,0,0.00,USD,34.53
2026-02-01,2026-02-28,"The Wings Express (West Chester, PA)",1245296,11136775,NULL,107,106,5,4.72,36.36,1,0.93,0,0.00,0.00,0.47,3.50,37.47,100.0,0.0,0,NULL,4,NULL,NULL,3,1,25.00,USD,34.52
2026-02-01,2026-02-28,Tia's Tortas,38217419,904619,38217419,0,0,0,0.00,0.00,0,0.00,0,0.00,0.00,0.00,0.00,0.00,100.0,0.0,0,NULL,0,NULL,NULL,0,0,0.00,NULL,0.00
2026-02-01,2026-02-28,Tia's Tortas,36031368,904619,36031368,3,3,0,0.00,0.00,0,0.00,0,0.00,0.00,0.00,1.48,50.00,99.47,0.53,142,NULL,0,NULL,NULL,0,0,0.00,USD,28.53
2026-02-01,2026-02-28,Tia's Tortas (3605 W Chandler Blvd #105),28607358,904619,28607358,0,0,0,0.00,0.00,0,0.00,0,0.00,0.00,0.00,0.00,0.00,0.0,100.0,0,NULL,0,NULL,NULL,0,0,0.00,NULL,0.00
2026-02-01,2026-02-28,Times French Fries (1715 Sicklerville Rd),25092392,11225537,25092392,2,0,0,0.00,0.00,2,100.00,2,100.00,0.00,0.00,0.00,0.00,100.0,0.0,0,NULL,0,NULL,NULL,0,0,0.00,USD,0.00
2026-02-01,2026-02-28,Times Square Pizza Boy,457017,297479,NULL,7,6,0,0.00,0.00,1,14.29,1,14.29,0.00,1.45,6.83,31.17,99.67,0.33,83,NULL,0,NULL,NULL,0,0,0.00,USD,31.07
2026-02-01,2026-02-28,Tina's Tasty Pizza,34349415,11225539,34349415,0,0,0,0.00,0.00,0,0.00,0,0.00,0.00,0.00,0.00,0.00,100.0,0.0,0,NULL,0,NULL,NULL,0,0,0.00,NULL,0.00
2026-02-01,2026-02-28,Toast N Roast Breakfast Sandwiches (590 32nd St),23549308,917129,23549308,69,69,0,0.00,0.00,0,0.00,0,0.00,0.00,0.60,5.37,45.07,99.38,0.62,87,NULL,6,NULL,NULL,1,3,50.00,USD,44.62
2026-02-01,2026-02-28,Toast N Roast Breakfast Sandwiches (97 Lexington Ave),26152963,917129,26152963,13,13,0,0.00,0.00,0,0.00,0,0.00,0.00,0.35,2.76,28.69,97.91,2.09,843,NULL,0,NULL,NULL,0,0,0.00,USD,28.74
2026-02-01,2026-02-28,Toast N Roast Breakfast Sandwiches (Crenshaw Blvd),31492505,917129,31492505,50,50,1,2.00,8.72,0,0.00,0,0.00,0.00,0.89,3.47,38.66,100.0,0.0,0,NULL,5,NULL,NULL,1,0,0.00,USD,34.21
2026-02-01,2026-02-28,Top Notch Sandwiches,33415843,908472,33415843,9,9,0,0.00,0.00,0,0.00,0,0.00,0.00,0.30,3.59,56.33,100.0,0.0,0,NULL,2,NULL,NULL,0,1,50.00,USD,48.92
2026-02-01,2026-02-28,Top Notch Sandwiches,34348517,908472,34348517,3,2,0,0.00,0.00,1,33.33,1,33.33,0.00,0.00,1.72,35.00,96.35,3.65,735,NULL,1,NULL,NULL,1,0,0.00,USD,35.41
2026-02-01,2026-02-28,Top Notch Sandwiches,35460305,908472,35460305,0,0,0,0.00,0.00,0,0.00,0,0.00,0.00,0.00,0.00,0.00,94.52,5.48,1271,NULL,0,NULL,NULL,0,0,0.00,NULL,0.00
2026-02-01,2026-02-28,Top Notch Sandwiches (164-01 Hillside Ave) MAIN,36256793,908472,36256793,6,6,1,16.67,4.34,0,0.00,0,0.00,0.00,0.21,4.36,35.33,97.92,2.08,839,NULL,0,NULL,NULL,0,0,0.00,USD,35.21
2026-02-01,2026-02-28,Top Notch Sandwiches (330 W Broadway),2291207,908472,NULL,5,2,0,0.00,0.00,3,60.00,3,60.00,0.00,1.52,10.93,56.50,98.42,1.58,380,NULL,0,NULL,NULL,0,0,0.00,USD,56.00
2026-02-01,2026-02-28,"Top Notch Sandwiches (872 Cypress Pkwy, Kissimmee, FL 34759)",34250457,908472,34250457,0,0,0,0.00,0.00,0,0.00,0,0.00,0.00,0.00,0.00,0.00,0.0,100.0,0,NULL,0,NULL,NULL,0,0,0.00,NULL,0.00
2026-02-01,2026-02-28,Top Notch Sandwiches (9061 Van Nuys Blvd),33415839,908472,33415839,12,11,0,0.00,0.00,1,8.33,1,8.33,0.00,0.82,3.24,51.82,100.0,0.0,0,NULL,2,NULL,NULL,1,1,50.00,USD,40.36
2026-02-01,2026-02-28,Top Notch Sandwiches (Smith Rd),2455636,908472,NULL,1,1,0,0.00,0.00,0,0.00,0,0.00,0.00,5.22,7.53,44.00,100.0,0.0,0,NULL,0,NULL,NULL,0,0,0.00,USD,43.80
2026-02-01,2026-02-28,Top Panini Shop,34349411,736753,34349411,0,0,0,0.00,0.00,0,0.00,0,0.00,0.00,0.00,0.00,0.00,99.46,0.54,105,NULL,0,NULL,NULL,0,0,0.00,NULL,0.00
2026-02-01,2026-02-28,Top Panini Shop,35493988,736753,35493988,0,0,0,0.00,0.00,0,0.00,0,0.00,0.00,0.00,0.00,0.00,98.78,1.22,285,NULL,0,NULL,NULL,0,0,0.00,NULL,0.00
2026-02-01,2026-02-28,Top Panini Shop (1424 Lexington Ave),23907042,736753,23907042,5,5,0,0.00,0.00,0,0.00,0,0.00,0.00,5.37,7.83,40.60,97.89,2.11,850,NULL,1,NULL,NULL,1,0,0.00,USD,40.61
2026-02-01,2026-02-28,Top Panini Shop (Hillside Ave),2849819,736753,2849819,46,46,1,2.17,0.00,0,0.00,0,0.00,0.00,0.81,2.61,43.35,97.9,2.1,846,NULL,8,NULL,NULL,1,1,12.50,USD,38.74
2026-02-01,2026-02-28,Toretto's Breakfast Cafe,33022161,888348,NULL,6,6,0,0.00,0.00,0,0.00,0,0.00,0.00,2.57,6.88,35.33,100.0,0.0,0,NULL,1,NULL,NULL,1,0,0.00,USD,35.15
2026-02-01,2026-02-28,Toretto's Breakfast Cafe,33951729,888348,33951729,25,19,0,0.00,0.00,6,24.00,6,24.00,0.00,2.56,6.89,41.21,92.51,7.49,1497,NULL,1,NULL,NULL,1,0,0.00,USD,41.10
2026-02-01,2026-02-28,Toss N' Chop Salad Bar (Lawrence Expy),22921336,909362,22921336,12,12,2,16.67,48.14,0,0.00,0,0.00,0.00,2.21,4.58,30.33,96.74,3.26,501,NULL,2,NULL,NULL,1,0,0.00,USD,28.43
2026-02-01,2026-02-28,Toss N' Chop Salad Bar (N 1st St),22921640,909362,22921640,2,2,1,50.00,0.00,0,0.00,0,0.00,0.00,0.00,8.78,302.50,100.0,0.0,0,NULL,0,NULL,NULL,0,0,0.00,USD,62.50
2026-02-01,2026-02-28,Toss N' Chop Salad Bar (Queens Plaza N),2359110,909362,NULL,4,4,0,0.00,0.00,0,0.00,0,0.00,0.00,0.69,3.60,42.75,97.88,2.12,856,NULL,0,NULL,NULL,0,0,0.00,USD,42.95
2026-02-01,2026-02-28,Toss N' Chop Salad Bar (Smith Rd),2459220,909362,NULL,10,7,1,14.29,13.40,3,30.00,3,30.00,0.00,1.49,5.05,46.57,99.41,0.59,144,NULL,0,NULL,NULL,0,0,0.00,USD,46.32
2026-02-01,2026-02-28,Twin Bridge Burger (783 Hillside Avenue),33971701,11225545,33971701,0,0,0,0.00,0.00,0,0.00,0,0.00,0.00,0.00,0.00,0.00,100.0,0.0,0,NULL,0,NULL,NULL,0,0,0.00,NULL,0.00
2026-02-01,2026-02-28,Two Hand Burger,37532343,304501,37532343,6,4,1,25.00,0.00,2,33.33,2,33.33,0.00,1.42,4.34,37.00,98.22,1.78,427,NULL,0,NULL,NULL,0,0,0.00,USD,37.17
2026-02-01,2026-02-28,Two Hand Burger (6600 W Sylvania Ave),27741763,304501,27741763,15,15,0,0.00,0.00,0,0.00,0,0.00,0.00,1.82,4.69,40.80,100.0,0.0,0,NULL,3,NULL,NULL,1,0,0.00,USD,40.68
2026-02-01,2026-02-28,Two Hand Burger (97 Lexington Ave),26152960,304501,26152960,2,2,0,0.00,0.00,0,0.00,0,0.00,0.00,0.28,3.54,31.50,97.91,2.09,843,NULL,0,NULL,NULL,0,0,0.00,USD,31.48
2026-02-01,2026-02-28,Vegan Falafel Joint (3846 Mowry Ave),35639573,14711421,35639573,24,24,0,0.00,0.00,0,0.00,0,0.00,0.00,0.10,3.46,28.75,100.0,0.0,0,NULL,0,NULL,NULL,0,0,0.00,USD,28.91
2026-02-01,2026-02-28,Vegan Indian Company (New York),610571,282200,NULL,25,25,1,4.00,7.52,0,0.00,0,0.00,0.00,1.08,2.41,53.40,98.59,1.41,366,NULL,1,NULL,NULL,0,1,100.00,USD,49.04
2026-02-01,2026-02-28,Vegetarian Chinese Snob (2711 La Frontera Blvd #260),24872465,833582,24872465,2,2,0,0.00,0.00,0,0.00,0,0.00,0.00,0.00,6.41,35.00,100.0,0.0,0,NULL,1,NULL,NULL,1,0,0.00,USD,35.00
2026-02-01,2026-02-28,Vegetarian Indian Cafe (11121 N Rodney Parham Rd Ste 36B),24920665,425158,24920665,6,6,0,0.00,0.00,0,0.00,0,0.00,0.00,2.93,6.87,42.00,100.0,0.0,0,NULL,0,NULL,NULL,0,0,0.00,USD,41.89
2026-02-01,2026-02-28,Vegetarian Pizza Empire (1368 N Arizona Ave),24872471,11329488,24872471,7,7,0,0.00,0.00,0,0.00,0,0.00,0.00,2.64,5.80,43.14,100.0,0.0,0,NULL,1,NULL,NULL,0,1,100.00,USD,42.98
2026-02-01,2026-02-28,Vegetarian Sandwich Boss (George St),23046141,1011010,23046141,13,13,1,7.69,2.94,0,0.00,0,0.00,0.00,1.67,4.83,49.15,100.0,0.0,0,NULL,2,NULL,NULL,0,2,100.00,USD,49.30
2026-02-01,2026-02-28,Veronica's Burrito Bar,36030439,378895,36030439,0,0,0,0.00,0.00,0,0.00,0,0.00,0.00,0.00,0.00,0.00,100.0,0.0,0,NULL,0,NULL,NULL,0,0,0.00,NULL,0.00
2026-02-01,2026-02-28,Veronica's Burrito Bar (1282 Essex Ave),38211845,378895,38211845,0,0,0,0.00,0.00,0,0.00,0,0.00,0.00,0.00,0.00,0.00,100.0,0.0,0,NULL,0,NULL,NULL,0,0,0.00,NULL,0.00
2026-02-01,2026-02-28,Veronica's Burrito Bar (4955 Voltaire St),24270701,378895,24270701,0,0,0,0.00,0.00,0,0.00,0,0.00,0.00,0.00,0.00,0.00,100.0,0.0,0,NULL,0,NULL,NULL,0,0,0.00,NULL,0.00
2026-02-01,2026-02-28,Village Breakfast Snob (4th Ave),842313,374421,NULL,161,159,3,1.89,26.85,2,1.24,0,0.00,0.00,0.88,4.07,47.42,98.99,1.01,375,NULL,12,NULL,NULL,0,6,50.00,USD,35.66
2026-02-01,2026-02-28,Village Quesadilla,34344153,884548,34344153,15,14,0,0.00,0.00,1,6.67,0,0.00,0.00,0.63,3.56,32.21,99.6,0.4,89,NULL,2,NULL,NULL,0,0,0.00,USD,32.31
2026-02-01,2026-02-28,Village Quesadilla (Bedford Ave),23026318,884548,23026318,10,10,0,0.00,0.00,0,0.00,0,0.00,0.00,4.00,8.97,64.10,97.83,2.17,875,NULL,1,NULL,NULL,0,1,100.00,USD,64.13
2026-02-01,2026-02-28,Village Wraps Snob,34344089,848766,34344089,2,2,0,0.00,0.00,0,0.00,0,0.00,0.00,0.00,6.31,19.50,97.91,2.09,841,NULL,0,NULL,NULL,0,0,0.00,USD,19.63
2026-02-01,2026-02-28,Village Wraps Snob,33970681,848766,33970681,10,10,0,0.00,0.00,0,0.00,0,0.00,0.00,0.13,1.80,30.00,100.0,0.0,0,NULL,0,NULL,NULL,0,0,0.00,USD,30.06
2026-02-01,2026-02-28,Village Wraps Snob (226 Newark Ave),33899507,848766,33899507,1,1,0,0.00,0.00,0,0.00,0,0.00,0.00,0.00,1.88,26.00,100.0,0.0,0,NULL,0,NULL,NULL,0,0,0.00,USD,25.77
2026-02-01,2026-02-28,Village Wraps Snob (2755 Broadway),23557521,848766,23557521,6,6,0,0.00,0.00,0,0.00,0,0.00,0.00,0.00,2.70,33.67,97.9,2.1,845,NULL,0,NULL,NULL,0,0,0.00,USD,33.36
2026-02-01,2026-02-28,Viva Vegan Sandwiches (30th St),2477395,879128,NULL,40,40,2,5.00,4.33,0,0.00,0,0.00,0.00,1.46,2.89,42.31,99.15,0.85,285,NULL,3,NULL,NULL,0,1,33.33,USD,36.78
2026-02-01,2026-02-28,Willy's Wieners (103A E Dakin Ave),28608598,11181610,28608598,0,0,0,0.00,0.00,0,0.00,0,0.00,0.00,0.00,0.00,0.00,100.0,0.0,0,NULL,0,NULL,NULL,0,0,0.00,NULL,0.00
2026-02-01,2026-02-28,Wonderland Wraps,1744501,208329,60-84,0,0,0,0.00,0.00,0,0.00,0,0.00,0.00,0.00,0.00,0.00,97.91,2.09,844,NULL,0,NULL,NULL,0,0,0.00,NULL,0.00
2026-02-01,2026-02-28,Wonderland Wraps,1769351,208329,217,4,4,0,0.00,0.00,0,0.00,0,0.00,0.00,0.14,2.08,31.50,93.21,6.79,2640,NULL,0,NULL,NULL,0,0,0.00,USD,31.66
2026-02-01,2026-02-28,Wonderland Wraps (25-02 Queens Plaza S),1786056,208329,NULL,1,1,0,0.00,0.00,0,0.00,0,0.00,0.00,0.00,1.42,48.00,97.91,2.09,842,NULL,0,NULL,NULL,0,0,0.00,USD,48.53
2026-02-01,2026-02-28,Wonderland Wraps (400 Commons Way Unit 3500),27682027,208329,27682027,3,3,0,0.00,0.00,0,0.00,0,0.00,0.00,1.78,6.22,77.67,95.14,4.86,596,NULL,0,NULL,NULL,0,0,0.00,USD,27.47
2026-02-01,2026-02-28,Wonderland Wraps (415 E Windmill Lane),27741749,208329,27741749,3,3,0,0.00,0.00,0,0.00,0,0.00,0.00,2.99,5.14,42.33,98.82,1.18,347,NULL,1,NULL,NULL,0,0,0.00,USD,42.17
2026-02-01,2026-02-28,Wonderland Wraps ,39042725,208329,39042725,0,0,0,0.00,0.00,0,0.00,0,0.00,0.00,0.00,0.00,0.00,0.0,100.0,0,NULL,0,NULL,NULL,0,0,0.00,NULL,0.00
2026-02-01,2026-02-28,Wonderland Wraps  (3661 Broadway),32918455,208329,32918455,7,6,0,0.00,0.00,1,14.29,1,14.29,0.00,0.11,3.99,24.50,97.88,2.12,853,NULL,0,NULL,NULL,0,0,0.00,USD,24.72
2026-02-01,2026-02-28,Wonderland Wraps  (3846 Mowry Ave),32918453,208329,32918453,27,27,5,18.52,28.82,0,0.00,0,0.00,0.00,0.84,4.21,32.16,100.0,0.0,0,NULL,3,NULL,NULL,1,0,0.00,USD,29.56
2026-02-01,2026-02-28,Wonderland Wraps  (468 9th Ave),32918457,208329,32918457,1,1,0,0.00,0.00,0,0.00,0,0.00,0.00,0.00,6.75,32.00,98.35,1.65,513,NULL,0,NULL,NULL,0,0,0.00,USD,32.25
2026-02-01,2026-02-28,Wonka's Smoothie Bar,37625155,802012,37625155,8,7,0,0.00,0.00,1,12.50,0,0.00,25.00,1.51,2.66,25.00,94.56,5.44,2191,NULL,0,NULL,NULL,0,0,0.00,USD,24.80
2026-02-01,2026-02-28,Wonka's Smoothie Bar,34340507,802012,34340507,4,2,0,0.00,0.00,2,50.00,2,50.00,0.00,0.00,10.82,45.50,98.3,1.7,541,NULL,0,NULL,NULL,0,0,0.00,USD,61.30
2026-02-01,2026-02-28,Wonka's Smoothie Bar,35855559,802012,35855559,6,6,0,0.00,0.00,0,0.00,0,0.00,0.00,0.15,2.26,25.50,97.9,2.1,848,NULL,0,NULL,NULL,0,0,0.00,USD,25.34
2026-02-01,2026-02-28,Wonka's Smoothie Bar,35808351,802012,35808351,1,1,0,0.00,0.00,0,0.00,0,0.00,0.00,0.00,3.30,76.00,97.88,2.12,853,NULL,0,NULL,NULL,0,0,0.00,USD,75.40
2026-02-01,2026-02-28,Wonka's Smoothie Bar (59 4th Ave),1795228,802012,NULL,4,4,0,0.00,0.00,0,0.00,0,0.00,0.00,0.00,1.33,27.00,99.07,0.93,345,NULL,0,NULL,NULL,0,0,0.00,USD,26.99
2026-02-01,2026-02-28,Wraps On Tap,39883937,857878,39883937,0,0,0,0.00,0.00,0,0.00,0,0.00,0.00,0.00,0.00,0.00,100.0,0.0,0,NULL,0,NULL,NULL,0,0,0.00,NULL,0.00
2026-02-01,2026-02-28,Wraps On Tap,34341025,857878,34341025,2,1,0,0.00,0.00,1,50.00,1,50.00,0.00,0.00,6.92,162.00,94.56,5.44,994,NULL,0,NULL,NULL,0,0,0.00,USD,0.00
2026-02-01,2026-02-28,Wraps On Tap,34340759,857878,34340759,2,2,0,0.00,0.00,0,0.00,0,0.00,0.00,0.00,2.88,35.00,100.0,0.0,0,NULL,0,NULL,NULL,0,0,0.00,USD,34.80
2026-02-01,2026-02-28,Wraps On Tap,35636841,857878,35636841,0,0,0,0.00,0.00,0,0.00,0,0.00,0.00,0.00,0.00,0.00,0.0,100.0,0,NULL,0,NULL,NULL,0,0,0.00,NULL,0.00
2026-02-01,2026-02-28,Wraps On Tap (4410 Bergen Tpke),33963677,857878,33963677,3,1,0,0.00,0.00,2,66.67,2,66.67,0.00,9.35,22.53,42.00,96.89,3.11,537,NULL,0,NULL,NULL,0,0,0.00,USD,41.93
2026-02-01,2026-02-28,Wraps On Tap (769 9th Ave #1),23784999,857878,23784999,0,0,0,0.00,0.00,0,0.00,0,0.00,0.00,0.00,0.00,0.00,97.91,2.09,844,NULL,0,NULL,NULL,0,0,0.00,NULL,0.00
2026-02-01,2026-02-28,Wraps on Tap,37414755,857878,37414755,1,0,0,0.00,0.00,1,100.00,1,100.00,0.00,0.00,0.00,0.00,94.73,5.27,1067,NULL,0,NULL,NULL,0,0,0.00,USD,0.00
2026-02-01,2026-02-28,Xiu's Vegetarian Chinese (5874 Forbes Ave),24556111,11217047,24556111,7,7,0,0.00,0.00,0,0.00,0,0.00,0.00,1.87,5.69,53.00,100.0,0.0,0,NULL,2,NULL,NULL,0,0,0.00,USD,55.23
2026-02-01,2026-02-28,Xiu's Vegetarian Chinese (9737 Manchester Rd),34344011,11217047,34344011,10,10,0,0.00,0.00,0,0.00,0,0.00,0.00,1.64,6.98,49.60,100.0,0.0,0,NULL,0,NULL,NULL,0,0,0.00,USD,49.49
2026-02-01,2026-02-28,NULL,0,0,NULL,0,0,0,0.00,0.00,0,0.00,0,0.00,0.00,0.00,0.00,0.00,67.08,32.92,474,NULL,0,NULL,NULL,0,0,0.00,NULL,0.00
2026-02-01,2026-02-28,NULL,0,0,NULL,0,0,0,0.00,0.00,0,0.00,0,0.00,0.00,0.00,0.00,0.00,78.0,22.0,1307,NULL,0,NULL,NULL,0,0,0.00,NULL,0.00
2026-02-01,2026-02-28,NULL,0,0,NULL,0,0,0,0.00,0.00,0,0.00,0,0.00,0.00,0.00,0.00,0.00,18.34,81.66,9153,NULL,0,NULL,NULL,0,0,0.00,NULL,0.00
2026-02-01,2026-02-28,NULL,0,0,NULL,0,0,0,0.00,0.00,0,0.00,0,0.00,0.00,0.00,0.00,0.00,100.0,0.0,0,NULL,0,NULL,NULL,0,0,0.00,NULL,0.00
2026-02-01,2026-02-28,NULL,0,0,NULL,0,0,0,0.00,0.00,0,0.00,0,0.00,0.00,0.00,0.00,0.00,0.0,100.0,12948,NULL,0,NULL,NULL,0,0,0.00,NULL,0.00
2026-02-01,2026-02-28,NULL,0,0,NULL,0,0,0,0.00,0.00,0,0.00,0,0.00,0.00,0.00,0.00,0.00,67.29,32.71,471,NULL,0,NULL,NULL,0,0,0.00,NULL,0.00
2026-02-01,2026-02-28,NULL,0,0,NULL,0,0,0,0.00,0.00,0,0.00,0,0.00,0.00,0.00,0.00,0.00,87.52,12.48,629,NULL,0,NULL,NULL,0,0,0.00,NULL,0.00
2026-02-01,2026-02-28,NULL,0,0,NULL,0,0,0,0.00,0.00,0,0.00,0,0.00,0.00,0.00,0.00,0.00,100.0,0.0,0,NULL,0,NULL,NULL,0,0,0.00,NULL,0.00
2026-02-01,2026-02-28,NULL,0,0,NULL,0,0,0,0.00,0.00,0,0.00,0,0.00,0.00,0.00,0.00,0.00,100.0,0.0,0,NULL,0,NULL,NULL,0,0,0.00,NULL,0.00
2026-02-01,2026-02-28,NULL,0,0,NULL,0,0,0,0.00,0.00,0,0.00,0,0.00,0.00,0.00,0.00,0.00,100.0,0.0,0,NULL,0,NULL,NULL,0,0,0.00,NULL,0.00
2026-02-01,2026-02-28,NULL,0,0,NULL,0,0,0,0.00,0.00,0,0.00,0,0.00,0.00,0.00,0.00,0.00,100.0,0.0,0,NULL,0,NULL,NULL,0,0,0.00,NULL,0.00
2026-02-01,2026-02-28,NULL,0,0,NULL,0,0,0,0.00,0.00,0,0.00,0,0.00,0.00,0.00,0.00,0.00,100.0,0.0,0,NULL,0,NULL,NULL,0,0,0.00,NULL,0.00
2026-02-01,2026-02-28,NULL,0,0,NULL,0,0,0,0.00,0.00,0,0.00,0,0.00,0.00,0.00,0.00,0.00,100.0,0.0,0,NULL,0,NULL,NULL,0,0,0.00,NULL,0.00
2026-02-01,2026-02-28,NULL,0,0,NULL,0,0,0,0.00,0.00,0,0.00,0,0.00,0.00,0.00,0.00,0.00,100.0,0.0,0,NULL,0,NULL,NULL,0,0,0.00,NULL,0.00
2026-02-01,2026-02-28,NULL,0,0,NULL,0,0,0,0.00,0.00,0,0.00,0,0.00,0.00,0.00,0.00,0.00,100.0,0.0,0,NULL,0,NULL,NULL,0,0,0.00,NULL,0.00
2026-02-01,2026-02-28,NULL,0,0,NULL,0,0,0,0.00,0.00,0,0.00,0,0.00,0.00,0.00,0.00,0.00,100.0,0.0,0,NULL,0,NULL,NULL,0,0,0.00,NULL,0.00
2026-02-01,2026-02-28,NULL,0,0,NULL,0,0,0,0.00,0.00,0,0.00,0,0.00,0.00,0.00,0.00,0.00,100.0,0.0,0,NULL,0,NULL,NULL,0,0,0.00,NULL,0.00
2026-02-01,2026-02-28,NULL,0,0,NULL,0,0,0,0.00,0.00,0,0.00,0,0.00,0.00,0.00,0.00,0.00,100.0,0.0,0,NULL,0,NULL,NULL,0,0,0.00,NULL,0.00
2026-02-01,2026-02-28,NULL,0,0,NULL,0,0,0,0.00,0.00,0,0.00,0,0.00,0.00,0.00,0.00,0.00,100.0,0.0,0,NULL,0,NULL,NULL,0,0,0.00,NULL,0.00
2026-02-01,2026-02-28,NULL,0,0,NULL,0,0,0,0.00,0.00,0,0.00,0,0.00,0.00,0.00,0.00,0.00,100.0,0.0,0,NULL,0,NULL,NULL,0,0,0.00,NULL,0.00
2026-02-01,2026-02-28,NULL,0,0,NULL,0,0,0,0.00,0.00,0,0.00,0,0.00,0.00,0.00,0.00,0.00,66.74,33.26,479,NULL,0,NULL,NULL,0,0,0.00,NULL,0.00
2026-02-01,2026-02-28,NULL,0,0,NULL,0,0,0,0.00,0.00,0,0.00,0,0.00,0.00,0.00,0.00,0.00,100.0,0.0,0,NULL,0,NULL,NULL,0,0,0.00,NULL,0.00
2026-02-01,2026-02-28,NULL,0,0,NULL,0,0,0,0.00,0.00,0,0.00,0,0.00,0.00,0.00,0.00,0.00,100.0,0.0,0,NULL,0,NULL,NULL,0,0,0.00,NULL,0.00
