"week_start_date","grubhub_store_id","store_number","store_name","street_address","city","state","postal_code","total_orders","adjusted_orders","adjusted_orders_rate","total_canceled_orders","total_canceled_orders_rate","avoidable_canceled_orders","avoidable_canceled_orders_rate","gross_subtotal_sales","adjusted_subtotal_sales","total_canceled_orders_subtotal_sales","avoidable_canceled_orders_subtotal_sales","subtotal_sales_after_adjustments_and_cancels","new_customer_orders","new_customer_orders_rate","gh_plus_customer_orders","gh_plus_customer_orders_rate","pick_up_orders","self_delivery_orders","grubhub_delivery_orders","avg_driver_time_at_store","avg_avoidable_driver_wait_time","avg_delivery_route_time","avg_order_to_delivery_time","ratings_all","ratings_5_stars","ratings_4_stars","ratings_3_stars","ratings_2_stars","ratings_1_star","reviews"
"2026-02-09","4839144","319 Rogers Ave","The Gyro Bar","319 Rogers Ave  ","Brooklyn","NY","11225","7","1","0.143","0",,"0",,"140.13","-19.78","0.00","0.00","120.35","3","0.429","6","0.857","0","0","7","00:04:45.000","00:01:40.200","00:13:10.200","00:32:30.000","1","1","0","0","0","0","0"
"2026-02-23","5851928","1st Avenue","Sarah's Breakfast Bar","1741 1st Ave.  ","New York","NY","10128","1","0",,"0",,"0",,"13.45","0.00","0.00","0.00","13.45","0",,"0",,"0","0","1","00:09:00.000","00:00:00.000","00:01:00.000","00:18:00.000","0","0","0","0","0","0","0"
"2026-02-16","7097584","Golden State Pizza & Grill - 3349 Mission St","Philly Cheesesteak Company","3349 Mission St  ","San Francisco","CA","94110","2","0",,"0",,"0",,"55.23","0.00","0.00","0.00","55.23","2","1.000","1","0.500","0","0","2","00:01:00.000","00:00:00.000","00:13:30.000","00:40:00.000","0","0","0","0","0","0","0"
"2026-02-23","3310236","Queens Plaza S","The Pasta Story","25-02 Queens Plaza S  ","Queens","NY","11101","6","0",,"0",,"0",,"165.06","0.00","0.00","0.00","165.06","2","0.333","4","0.667","0","0","6","00:08:07.800","00:00:15.000","00:13:00.000","00:30:45.000","0","0","0","0","0","0","0"
"2026-02-16","6893800","Dream Gourmet Deli inc. - 111 East 161 Street","Prime Burger Lounge","111 E 161 St  ","Bronx","NY","10452","2","0",,"0",,"0",,"64.73","0.00","0.00","0.00","64.73","1","0.500","2","1.000","0","0","2","00:01:00.000","00:00:30.000","00:06:00.000","00:31:30.000","0","0","0","0","0","0","0"
"2026-02-02","7749192","Sicilian Pizza - 2614 Lebanon Pike","Green Leaf Salads","2614 Lebanon Pike  ","Nashville","TN","37214","1","0",,"0",,"0",,"17.48","0.00","0.00","0.00","17.48","1","1.000","0",,"0","0","1","00:00:00.000","00:00:00.000","00:13:00.000","00:45:00.000","0","0","0","0","0","0","0"
"2026-02-09","2117009",,"Kelly's Pancake Bar","25-02 Queens Plaza S ","NY","NY","11101","1","0",,"0",,"0",,"20.97","0.00","0.00","0.00","20.97","0",,"1","1.000","0","0","1","00:15:00.000","00:01:00.000","00:08:00.000","00:28:00.000","0","0","0","0","0","0","0"
"2026-02-02","3312349","Gold St","Doughboys Sandwiches","257 Gold St  ","Brooklyn","NY","11201","4","0",,"0",,"0",,"113.98","0.00","0.00","0.00","113.98","2","0.500","2","0.500","0","0","4","00:07:00.000","00:02:00.000","00:14:19.800","00:32:40.200","0","0","0","0","0","0","0"
"2026-02-02","3310939","Crenshaw Blvd","Breakfast Burrito Floozy","6732 Crenshaw Blvd  ","Los Angeles","CA","90043","2","0",,"0",,"0",,"48.05","0.00","0.00","0.00","48.05","1","0.500","1","0.500","0","0","2","00:01:30.000","00:00:00.000","00:19:30.000","00:29:00.000","0","0","0","0","0","0","0"
"2026-02-09","2900807",,"The Omelette Farm (1st Avenue)","1741 1st Avenue  ","New York","NY","10128","6","0",,"0",,"0",,"124.55","0.00","0.00","0.00","124.55","2","0.333","6","1.000","0","0","6","00:07:15.000","00:04:00.000","00:11:07.800","00:27:30.000","0","0","0","0","0","0","0"
"2026-02-23","7746488","Havana Heights - 4083 Broadway","The Scorchin' Burger","4083 Broadway  ","New York","NY","10032","1","0",,"0",,"0",,"27.66","0.00","0.00","0.00","27.66","1","1.000","0",,"0","0","1","00:21:00.000","00:02:00.000","00:03:00.000","00:25:00.000","0","0","0","0","0","0","0"
"2026-02-23","10357744","1st Ave","Big Ease Smoothies","1219 1st Ave.  ","New York","NY","10065","2","0",,"0",,"0",,"36.31","0.00","0.00","0.00","36.31","2","1.000","0",,"0","0","2","00:02:30.000","00:00:00.000","00:07:00.000","00:18:30.000","0","0","0","0","0","0","0"
"2026-02-09","2344366",,"The Pancake Snob","217 1st Avenue  ","New York","NY","10003","3","0",,"1","0.333","1","0.333","58.73","0.00","-14.97","-14.97","43.76","1","0.333","2","0.667","0","0","3","00:13:00.000","00:05:00.000","00:13:00.000","00:37:30.000","0","0","0","0","0","0","0"
"2026-02-23","9816352","168 Myrtle Ave","Daybreak Breakfast Club","168 Myrtle Ave  ","Brooklyn","NY","11201","1","0",,"0",,"0",,"26.25","0.00","0.00","0.00","26.25","1","1.000","1","1.000","0","0","1","00:20:00.000","00:10:00.000","00:08:00.000","00:37:00.000","0","0","0","0","0","0","0"
"2026-02-23","2642274",,"Smoothie and Dessert Bar","755 9th Ave  #1C","New York","NY","10019","1","0",,"1","1.000","1","1.000","15.29","0.00","-15.29","-15.29","0.00","1","1.000","1","1.000","0","0","1",,,,,"0","0","0","0","0","0","0"
"2026-02-02","1938953",,"Luigi's Pasta Ristorante","589 1st Avenue ","New York","NY","10016","1","0",,"0",,"0",,"33.98","0.00","0.00","0.00","33.98","0",,"1","1.000","0","0","1","00:02:00.000","00:00:00.000","00:19:00.000","00:31:00.000","0","0","0","0","0","0","0"
"2026-02-02","2485324",,"Olivia's Breakfast Cafe","128 E 4th St ","New York","NY","10003","11","0",,"2","0.182","2","0.182","168.04","0.00","-26.38","-26.38","141.66","3","0.273","11","1.000","0","0","11","00:03:48.000","00:01:10.200","00:03:16.200","00:23:19.800","0","0","0","0","0","0","0"
"2026-02-16","5853472","Metropolitan Ave","The Vegan Snob","488 Metropolitan Ave  ","Brooklyn","NY","11211","8","0",,"0",,"0",,"284.69","0.00","0.00","0.00","284.69","3","0.375","5","0.625","0","0","8","00:05:55.800","00:02:04.200","00:19:49.800","00:53:19.800","0","0","0","0","0","0","0"
"2026-01-26","2729151",,"Halal Lamb Gyro Spot","755 9th Ave  ","New York","NY","10019","1","0",,"0",,"0",,"12.69","0.00","0.00","0.00","12.69","1","1.000","1","1.000","0","0","1","00:09:00.000","00:01:00.000","00:14:00.000","00:37:00.000","0","0","0","0","0","0","0"
"2026-02-02","3310395","9th Ave","Mufasa's Pancakes & French Toast","755 9th Ave  ","New York","NY","10019","4","0",,"0",,"0",,"112.22","0.00","0.00","0.00","112.22","2","0.500","3","0.750","0","0","4","00:04:19.800","00:00:00.000","00:05:00.000","00:18:49.800","0","0","0","0","0","0","0"
"2026-02-16","6538040","Not Just Pizza - 1715 Sicklerville Rd","Jim's House of Hoagies","1715 Sicklerville Rd  ","Gloucester Township","NJ","08081","1","0",,"0",,"0",,"18.19","0.00","0.00","0.00","18.19","1","1.000","1","1.000","0","0","1","00:06:00.000","00:06:00.000","00:10:00.000","00:58:00.000","1","1","0","0","0","0","0"
"2026-02-09","2730399",,"Ali's Gyro Lab","1404 Madison Ave  ","New York","NY","10029","1","0",,"0",,"0",,"113.31","0.00","0.00","0.00","113.31","0",,"0",,"0","0","1","00:08:00.000","00:00:00.000","00:03:00.000",,"0","0","0","0","0","0","0"
"2026-02-23","1937273",,"Snobby Chicken Wings","937 1st Avenue ","New York","NY","10022","1","0",,"0",,"0",,"43.35","0.00","0.00","0.00","43.35","1","1.000","1","1.000","0","0","1","00:20:00.000","00:10:00.000","00:43:00.000","01:20:00.000","0","0","0","0","0","0","0"
"2026-02-23","3309965","Sullivan St","Grilled Cheese Ecstatic","240 Sullivan St  ","New York","NY","10012","7","0",,"0",,"0",,"138.56","0.00","0.00","0.00","138.56","5","0.714","5","0.714","0","0","7","00:08:19.800","00:01:10.200","00:08:40.200","00:28:00.000","1","0","1","0","0","0","0"
"2026-01-26","3310939","Crenshaw Blvd","Breakfast Burrito Floozy","6732 Crenshaw Blvd  ","Los Angeles","CA","90043","2","0",,"0",,"0",,"106.08","0.00","0.00","0.00","106.08","1","0.500","1","0.500","0","0","2","00:04:00.000","00:03:00.000","00:26:00.000","00:49:00.000","0","0","0","0","0","0","0"
"2026-02-16","6154848","11121 N Rodney Parham Rd Ste 36B","Palace Indo-Chnese Fusion","11121 N Rodney Parham Rd  ","Little Rock","AR","72212","1","0",,"0",,"0",,"63.66","0.00","0.00","0.00","63.66","0",,"1","1.000","0","0","1","00:06:00.000","00:00:00.000","00:11:00.000","00:28:00.000","0","0","0","0","0","0","0"
"2026-02-16","10363728","Polk St","Breakfast Burrito Floozy","1428 Polk St  ","San Francisco","CA","94109","2","0",,"0",,"0",,"72.92","0.00","0.00","0.00","72.92","1","0.500","2","1.000","0","0","2","00:01:30.000","00:00:30.000","00:12:30.000","00:27:30.000","0","0","0","0","0","0","0"
"2026-02-02","5289640","3846 Mowry Ave","Halal Chicken Gyros Co.","3846 Mowry Ave  ","Fremont","CA","94538","1","0",,"0",,"0",,"18.89","0.00","0.00","0.00","18.89","0",,"0",,"0","0","1","00:00:00.000","00:00:00.000","00:13:00.000","00:21:00.000","0","0","0","0","0","0","0"
"2026-02-23","3311345","Ave #35st","Nomad's Bagels","450 9th Ave  ","New York","NY","10018","1","0",,"0",,"0",,"39.98","0.00","0.00","0.00","39.98","1","1.000","1","1.000","0","0","1","00:04:00.000","00:00:00.000","00:04:00.000","00:11:00.000","0","0","0","0","0","0","0"
"2026-02-23","3310191","Dallas St","Luigi's Pasta Ristorante","9083 Dallas St  ","La Mesa","CA","91942","1","0",,"0",,"0",,"36.38","0.00","0.00","0.00","36.38","0",,"1","1.000","0","0","1","00:02:00.000","00:02:00.000","00:11:00.000","00:43:00.000","0","0","0","0","0","0","0"
"2026-01-26","10999320","Sullivan St","Exquisite Bowls","240 Sullivan St  ","New York","NY","10012","1","1","1.000","0",,"0",,"35.67","-35.67","0.00","0.00","0.00","1","1.000","1","1.000","0","0","1","00:01:00.000","00:00:00.000","00:12:00.000","00:37:00.000","0","0","0","0","0","0","0"
"2026-02-16","2285322",,"The Pasta Slut","1338 Polk St  ","San Francisco","CA","94109","7","0",,"0",,"0",,"307.81","0.00","0.00","0.00","307.81","5","0.714","2","0.286","0","0","7","00:03:52.200","00:00:48.000","00:12:19.800","00:44:04.200","0","0","0","0","0","0","0"
"2026-02-02","5024688","296 3rd Ave","Savage Juice Bar","296 3rd Ave  ","New York","NY","10010","2","0",,"0",,"0",,"41.05","0.00","0.00","0.00","41.05","0",,"2","1.000","0","0","2","00:19:30.000","00:14:00.000","00:08:30.000","00:42:30.000","0","0","0","0","0","0","0"
"2026-02-16","10938176","8th Ave","The Burger Blade","300 8th Ave  ","New York","NY","10001","1","0",,"0",,"0",,"36.36","0.00","0.00","0.00","36.36","0",,"0",,"0","0","1","00:04:00.000","00:00:00.000","00:01:00.000","00:12:00.000","0","0","0","0","0","0","0"
"2026-02-02","1968311",,"Penny's Pancakes","1237 Fulton Street  ","Brooklyn","NY","11216","4","1","0.250","0",,"0",,"97.57","-26.37","0.00","0.00","71.20","3","0.750","3","0.750","0","0","4","00:03:30.000","00:01:30.000","00:09:19.800","00:26:19.800","0","0","0","0","0","0","0"
"2026-02-23","9813496","E 149th","Fresh N Fruity Smoothies","560 E 149th St  ","Bronx","NY","10455","1","0",,"0",,"0",,"11.59","0.00","0.00","0.00","11.59","1","1.000","1","1.000","0","0","1","00:16:00.000","00:15:00.000","00:24:00.000","00:56:00.000","1","1","0","0","0","0","0"
"2026-02-09","2848424",,"The Pasta Brothers (Bedford Ave)","265 Bedford Ave  ","Brooklyn","NY","11211","1","0",,"0",,"0",,"55.95","0.00","0.00","0.00","55.95","1","1.000","1","1.000","0","0","1","00:04:00.000","00:04:00.000","00:25:00.000","00:51:00.000","1","0","0","1","0","0","0"
"2026-02-02","3309880","Sullivan St","Sunrise Breakfast Club","240 Sullivan St  ","New York","NY","10012","1","0",,"0",,"0",,"80.13","0.00","0.00","0.00","80.13","1","1.000","1","1.000","0","0","1","00:12:00.000","00:00:00.000","00:18:00.000",,"0","0","0","0","0","0","0"
"2026-02-23","2285322",,"The Pasta Slut","1338 Polk St  ","San Francisco","CA","94109","10","0",,"0",,"0",,"358.76","0.00","0.00","0.00","358.76","3","0.300","9","0.900","0","0","10","00:02:45.000","00:00:00.000","00:09:51.600","00:28:24.000","0","0","0","0","0","0","0"
"2026-02-02","10334552","N Arizona Ave","Little Italy's Calzones","1368 N Arizona Ave  ","Chandler","AZ","85225","2","0",,"0",,"0",,"47.65","0.00","0.00","0.00","47.65","0",,"2","1.000","0","0","2","00:02:00.000","00:00:30.000","00:28:30.000","00:51:00.000","0","0","0","0","0","0","0"
"2026-02-16","6156504","839 W University Dr","The Sandwich Vibe","839 W University Dr  ","Tempe","AZ","85281","1","0",,"0",,"0",,"14.19","0.00","0.00","0.00","14.19","0",,"1","1.000","0","0","1","00:00:00.000","00:00:00.000","00:20:00.000","00:29:00.000","0","0","0","0","0","0","0"
"2026-02-23","3310203","9th Ave","The Juice Empire","755 9th Ave  ","New York","NY","10019","3","0",,"0",,"0",,"104.95","0.00","0.00","0.00","104.95","2","0.667","3","1.000","0","0","3","00:03:00.000","00:00:00.000","00:10:00.000","00:18:00.000","0","0","0","0","0","0","0"
"2026-02-02","10938088","Chestnut St","Panini's On Panini's","1929 Chestnut St  ","Philadelphia","PA","19103","1","0",,"0",,"0",,"54.57","0.00","0.00","0.00","54.57","1","1.000","0",,"0","0","1","00:01:00.000","00:01:00.000","00:18:00.000","00:43:00.000","0","0","0","0","0","0","0"
"2026-02-09","10498104","George St","Village Quesadilla","228 George St  ","New Brunswick","NJ","08901","1","0",,"0",,"0",,"25.98","0.00","0.00","0.00","25.98","1","1.000","1","1.000","0","0","1","00:02:00.000","00:00:00.000","00:26:00.000","00:41:00.000","0","0","0","0","0","0","0"
"2026-02-02","4511000","5993 Broadway","Sal's Smoothie Spot","5993 Broadway  ","Bronx","NY","10471","1","0",,"0",,"0",,"21.27","0.00","0.00","0.00","21.27","1","1.000","1","1.000","0","0","1","00:12:00.000","00:12:00.000","00:11:00.000","00:59:00.000","0","0","0","0","0","0","0"
"2026-02-16","5289640","3846 Mowry Ave","Halal Chicken Gyros Co.","3846 Mowry Ave  ","Fremont","CA","94538","2","0",,"0",,"0",,"41.26","0.00","0.00","0.00","41.26","0",,"2","1.000","0","0","2","00:01:00.000","00:00:00.000","00:15:00.000","00:24:00.000","0","0","0","0","0","0","0"
"2026-02-02","3311109","9th Ave","Sal's Smoothie Spot","468 9th Ave  ","New York","NY","10018","1","0",,"0",,"0",,"19.96","0.00","0.00","0.00","19.96","1","1.000","0",,"0","0","1","00:05:00.000","00:00:00.000","00:07:00.000","00:17:00.000","0","0","0","0","0","0","0"
"2026-02-16","3310580","George St","Sandwiches On Fleek","228 George St  ","New Brunswick","NJ","08901","1","0",,"0",,"0",,"25.67","0.00","0.00","0.00","25.67","1","1.000","1","1.000","0","0","1","00:08:00.000","00:05:00.000","00:18:00.000","00:43:00.000","0","0","0","0","0","0","0"
"2026-02-02","10373776","7th Ave","The Village Breakfast","154 7th Ave  ","New York","NY","10011","1","0",,"1","1.000","1","1.000","20.65","0.00","-20.65","-20.65","0.00","0",,"0",,"0","0","1",,,,,"0","0","0","0","0","0","0"
"2026-02-23","3311297","Hillside Ave","The Chopped Salad","164-01 Hillside Avenue  ","Jamaica","NY","11432","2","0",,"0",,"0",,"41.25","0.00","0.00","0.00","41.25","2","1.000","1","0.500","0","0","2","00:00:00.000","00:00:00.000","00:12:00.000","00:23:00.000","0","0","0","0","0","0","0"
"2026-02-16","10379392","Tulane","John's Pizza Den","3402 Tulane Ave  ","New Orleans","LA","70119","1","0",,"0",,"0",,"69.84","0.00","0.00","0.00","69.84","1","1.000","1","1.000","0","0","1","00:58:00.000","00:52:00.000","00:09:00.000","01:23:00.000","0","0","0","0","0","0","0"
"2026-02-02","6894736","Medina Halal Gril - 114 East Main Street","Ali's Mediterranean Sandwiches","114 E Main St  ","Richardson","TX","75081","4","0",,"0",,"0",,"85.51","0.00","0.00","0.00","85.51","1","0.250","4","1.000","0","0","4","00:01:30.000","00:01:00.000","00:20:49.800","00:45:00.000","1","1","0","0","0","0","0"
"2026-02-09","4510336","937 1st Avenue","Jay's Breakfast Bar","937 1st Ave.  ","New York","NY","10022","11","0",,"0",,"0",,"218.17","0.00","0.00","0.00","218.17","6","0.545","7","0.636","0","0","11","00:04:24.000","00:00:00.000","00:09:40.200","00:24:00.000","0","0","0","0","0","0","0"
"2026-02-23","2561042",,"Golden Bear Sandwiches","1147 West Chester Pike  ","West Chester","PA","19382","2","0",,"0",,"0",,"37.98","0.00","0.00","0.00","37.98","1","0.500","2","1.000","0","0","2","00:00:30.000","00:00:00.000","00:14:00.000","00:27:30.000","0","0","0","0","0","0","0"
"2026-02-23","2423690",,"Charlie's Chicken Wings"," 329 Union St ","Nashville","TN","37203","3","0",,"0",,"0",,"107.92","0.00","0.00","0.00","107.92","0",,"3","1.000","0","0","3","00:02:00.000","00:00:19.800","00:17:19.800","00:45:40.200","0","0","0","0","0","0","0"
"2026-02-16","3312494","9th Ave","Danny's Desserts","468 9th Ave  ","New York","NY","10018","1","0",,"0",,"0",,"20.75","0.00","0.00","0.00","20.75","1","1.000","0",,"0","0","1","00:05:00.000","00:00:00.000","00:26:00.000","00:43:00.000","0","0","0","0","0","0","0"
"2026-02-09","5853472","Metropolitan Ave","The Vegan Snob","488 Metropolitan Ave  ","Brooklyn","NY","11211","2","0",,"0",,"0",,"165.24","0.00","0.00","0.00","165.24","1","0.500","0",,"0","0","2","00:07:00.000","00:05:00.000","01:01:00.000","01:30:30.000","0","0","0","0","0","0","0"
"2026-02-23","5028128","3907 Lee Hwy","Breakfast Burrito Joint","3907 Lee Hwy  ","Arlington","VA","22207","1","0",,"0",,"0",,"10.19","0.00","0.00","0.00","10.19","0",,"1","1.000","0","0","1","00:00:00.000","00:00:00.000","00:09:00.000","00:49:00.000","0","0","0","0","0","0","0"
"2026-02-23","5024720","3907 Lee Hwy","First Light Breakfast Cafe","3907 Lee Hwy  ","Arlington","VA","22207","3","0",,"0",,"0",,"55.94","0.00","0.00","0.00","55.94","2","0.667","2","0.667","0","0","3","00:00:40.200","00:00:19.800","00:10:00.000","00:30:00.000","0","0","0","0","0","0","0"
"2026-02-09","6890824","Los barriles mexican restaurant -  6845 Doniphan Dr","The Breakfast Skillet","6845 Doniphan Dr  ","Canutillo","TX","79835","1","0",,"0",,"0",,"14.39","0.00","0.00","0.00","14.39","0",,"1","1.000","0","0","1","00:09:00.000","00:09:00.000","00:19:00.000","01:23:00.000","0","0","0","0","0","0","0"
"2026-02-02","4510072","433 W 34th st","Sip On Smoothie","433 W 34th St.  ","New York","NY","10001","2","0",,"0",,"0",,"55.23","0.00","0.00","0.00","55.23","1","0.500","2","1.000","0","0","2","00:05:30.000","00:00:00.000","00:05:30.000","00:22:00.000","0","0","0","0","0","0","0"
"2026-02-23","3312267","Lexington Ave","Casa De Quesadilla","1424 Lexington Ave  ","New York","NY","10128","7","0",,"2","0.286","2","0.286","147.56","0.00","-38.07","-38.07","109.49","4","0.571","4","0.571","0","0","7","00:12:45.000","00:05:00.000","00:11:07.800","00:34:22.800","0","0","0","0","0","0","0"
"2026-02-09","7747984","382 Farmer Deli & Juice - 382 8th Ave","The Village Smoothie Spot","382 8th Ave  ","New York","NY","10001","2","1","0.500","0",,"0",,"135.59","-4.99","0.00","0.00","130.60","0",,"1","0.500","0","0","2","00:18:30.000","00:12:00.000","00:19:30.000","00:57:00.000","0","0","0","0","0","0","0"
"2026-02-16","2040775",,"Ava's Fried Chicken","820 Pennsylvania Ave ","Pittsburgh","PA","15233","2","0",,"0",,"0",,"95.90","0.00","0.00","0.00","95.90","0",,"1","0.500","0","0","2","00:06:30.000","00:02:30.000","00:13:30.000","00:41:00.000","0","0","0","0","0","0","0"
"2026-02-02","11791240","1st Ave","The Smoothie Squeeze","589 1st Ave  ","New York","NY","10016","1","0",,"0",,"0",,"18.98","0.00","0.00","0.00","18.98","0",,"1","1.000","0","0","1","00:00:00.000","00:00:00.000","00:17:00.000","00:33:00.000","0","0","0","0","0","0","0"
"2026-02-02","3311229","Loudon Rd #960","Charlie's Calzone Co","800 Loudon Rd  ","Latham","NY","12110","2","0",,"0",,"0",,"67.96","0.00","0.00","0.00","67.96","0",,"0",,"0","0","2","00:08:00.000","00:08:00.000","00:13:00.000","00:53:00.000","0","0","0","0","0","0","0"
"2026-02-09","11003712","Post Road","Luigi's Pasta Ristorante","751 Post Rd  ","Scarsdale","NY","10583","2","0",,"1","0.500","1","0.500","27.98","0.00","-12.59","-12.59","15.39","1","0.500","2","1.000","0","0","2","00:01:00.000","00:01:00.000","00:20:00.000","01:31:00.000","0","0","0","0","0","0","0"
"2026-02-02","2900607",,"Princess Panini","589 1st Avenue  ","New York","NY","10016","1","0",,"0",,"0",,"19.99","0.00","0.00","0.00","19.99","0",,"0",,"0","0","1","00:03:00.000","00:00:00.000","00:27:00.000","00:41:00.000","0","0","0","0","0","0","0"
"2026-02-02","8568712",,"The Village Smoothie Spot","1175 2nd Ave  ","New York","NY","10065","1","0",,"0",,"0",,"15.98","0.00","0.00","0.00","15.98","1","1.000","0",,"0","0","1","00:10:00.000","00:01:00.000","00:29:00.000","00:45:00.000","0","0","0","0","0","0","0"
"2026-02-02","3310093","1st Avenue","Fiona's French Toast","589 1st Ave.  ","New York","NY","10016","3","0",,"0",,"0",,"59.94","0.00","0.00","0.00","59.94","0",,"3","1.000","0","0","3","00:02:00.000","00:01:15.000","00:18:30.000","00:41:45.000","0","0","0","0","0","0","0"
"2026-02-02","6890744","Wholesome Farms Market - 1306 Atlantic Ave","The Sandwich Vibe","1306 Atlantic Ave  ","Brooklyn","NY","11216","6","0",,"0",,"0",,"110.83","0.00","0.00","0.00","110.83","3","0.500","5","0.833","0","0","6","00:05:26.400","00:01:16.800","00:23:36.600","00:49:03.600","2","2","0","0","0","0","0"
"2026-02-09","2116488",,"Molly's Chicken Wings","25-02 Queens Plaza S ","New York","NY","11101","3","0",,"0",,"0",,"68.98","0.00","0.00","0.00","68.98","2","0.667","2","0.667","0","0","3","00:03:19.800","00:03:00.000","00:19:40.200","00:40:40.200","0","0","0","0","0","0","0"
"2026-02-23","6539752","Asian Fusion Cafe - 4957 Winters Chapel Rd Suite B","Connie's Soup Station","4957 Winters Chapel Rd  ","Dunwoody","GA","30360","2","0",,"0",,"0",,"31.75","0.00","0.00","0.00","31.75","2","1.000","1","0.500","0","0","2","00:09:00.000","00:04:00.000","00:43:30.000","01:05:00.000","0","0","0","0","0","0","0"
"2026-01-26","2741308",,"Nancy's Grilled Cheese","1760 3rd Ave  ","New York","NY","10029","5","0",,"0",,"0",,"67.06","0.00","0.00","0.00","67.06","1","0.200","5","1.000","0","0","5","00:07:00.000","00:03:36.000","00:18:00.000","00:34:00.000","1","1","0","0","0","0","0"
"2026-02-16","7332904","Midtown Bar and Grill - 415 W Gray St","The Bagel Savage","415 W Gray St  ","Houston","TX","77019","3","0",,"0",,"0",,"44.84","0.00","0.00","0.00","44.84","1","0.333","0",,"0","0","3","00:05:00.000","00:00:19.800","00:17:00.000","00:35:00.000","2","1","1","0","0","0","0"
"2026-02-02","3310784","Madison Ave","Hyde's Grilled Cheese","1404 Madison Ave  ","New York","NY","10029","1","0",,"0",,"0",,"18.47","0.00","0.00","0.00","18.47","1","1.000","1","1.000","0","0","1","00:07:00.000","00:00:00.000","00:15:00.000","00:32:00.000","0","0","0","0","0","0","0"
"2026-02-16","3310812","Hillside Ave","Top Panini Shop","164-01 Hillside Avenue  ","Jamaica","NY","11432","3","0",,"0",,"0",,"76.42","0.00","0.00","0.00","76.42","3","1.000","1","0.333","0","0","3","00:07:30.000","00:04:30.000","00:27:30.000","00:52:00.000","0","0","0","0","0","0","0"
"2026-02-23","3311173","Madison Ave","Fiona's Breakfast Burritos","1404 Madison Ave  ","New York","NY","10029","1","0",,"0",,"0",,"24.71","0.00","0.00","0.00","24.71","0",,"1","1.000","0","0","1","00:10:00.000","00:00:00.000","00:07:00.000","00:23:00.000","1","1","0","0","0","0","0"
"2026-02-02","7325384","Picante Taco- 411 S High St","Fire House Quesadillas","411 S High St  ","Baltimore","MD","21202","2","0",,"0",,"0",,"169.44","0.00","0.00","0.00","169.44","1","0.500","1","0.500","0","0","2","00:09:30.000","00:07:30.000","00:23:00.000","01:06:00.000","0","0","0","0","0","0","0"
"2026-02-23","3301220","W St Louis Ave #25","The Smooth Eaze","333 W St Louis Ave  ","Las Vegas","NV","89102","1","0",,"0",,"0",,"24.98","0.00","0.00","0.00","24.98","0",,"1","1.000","0","0","1","00:03:00.000","00:01:00.000","00:40:00.000","01:01:00.000","0","0","0","0","0","0","0"
"2026-02-23","6893800","Dream Gourmet Deli inc. - 111 East 161 Street","Prime Burger Lounge","111 E 161 St  ","Bronx","NY","10452","2","0",,"0",,"0",,"39.16","0.00","0.00","0.00","39.16","2","1.000","1","0.500","0","0","2","00:09:00.000","00:05:00.000","00:26:00.000","01:02:30.000","0","0","0","0","0","0","0"
"2026-02-09","5320096","Yue Bai Wei - 5874 Forbes Ave","Xiu's Vegetarian Chinese","5874 Forbes Ave  ","Pittsburgh","PA","15217","1","0",,"0",,"0",,"25.99","0.00","0.00","0.00","25.99","0",,"1","1.000","0","0","1","00:03:00.000","00:00:00.000","00:23:00.000","00:37:00.000","0","0","0","0","0","0","0"
"2026-02-23","11801712","Thomas S Boyland St","Luke's Breakfast Club","116 Thomas S Boyland St  ","Brooklyn","NY","11233","6","1","0.167","0",,"0",,"178.42","-10.49","0.00","0.00","167.93","3","0.500","4","0.667","0","0","6","00:03:48.000","00:01:36.000","00:24:42.000","00:46:30.000","2","2","0","0","0","0","0"
"2026-02-23","2848424",,"The Pasta Brothers (Bedford Ave)","265 Bedford Ave  ","Brooklyn","NY","11211","1","0",,"0",,"0",,"28.68","0.00","0.00","0.00","28.68","0",,"1","1.000","0","0","1","00:02:00.000","00:00:00.000","00:10:00.000","00:26:00.000","0","0","0","0","0","0","0"
"2026-02-16","5037632","9061 Van Nuys Blvd","The Gourmet Burger","9061 Van Nuys Blvd  ","Los Angeles","CA","91402","2","0",,"0",,"0",,"60.16","0.00","0.00","0.00","60.16","2","1.000","2","1.000","0","0","2","00:06:30.000","00:02:00.000","00:09:30.000","00:28:30.000","1","1","0","0","0","0","0"
"2026-02-23","6890824","Los barriles mexican restaurant -  6845 Doniphan Dr","The Breakfast Skillet","6845 Doniphan Dr  ","Canutillo","TX","79835","1","0",,"1","1.000","1","1.000","14.39","0.00","-14.39","-14.39","0.00","0",,"1","1.000","0","0","1",,,,,"0","0","0","0","0","0","0"
"2026-02-16","10359464","1st Ave","The Pasta Brothers","589 1st Ave.  ","New York","NY","10016","5","0",,"0",,"0",,"211.88","0.00","0.00","0.00","211.88","2","0.400","1","0.200","0","0","5","00:07:37.800","00:04:30.000","00:06:30.000","00:34:07.800","0","0","0","0","0","0","0"
"2026-02-16","8563056",,"Nomad's Bagels","433 W 34th St.  ","New York","NY","10001","2","0",,"0",,"0",,"17.98","0.00","0.00","0.00","17.98","1","0.500","2","1.000","0","0","2","00:01:30.000","00:00:00.000","00:01:30.000","00:08:30.000","0","0","0","0","0","0","0"
"2026-02-09","3309671","E Arapaho Rd #F","Chef Hanoka Sushi","1401 E Arapaho Rd  ","Richardson","TX","75081","2","0",,"0",,"0",,"45.16","0.00","0.00","0.00","45.16","1","0.500","1","0.500","0","0","2","00:00:00.000","00:00:00.000","00:31:30.000","00:40:00.000","0","0","0","0","0","0","0"
"2026-02-09","9811888","Avenue A","Luke's Breakfast Wraps","93 Avenue A  ","New York","NY","10009","3","0",,"0",,"0",,"64.34","0.00","0.00","0.00","64.34","2","0.667","1","0.333","0","0","3","00:17:19.800","00:16:00.000","00:09:40.200","00:53:19.800","0","0","0","0","0","0","0"
"2026-02-23","8569872",,"Mighty Grilled Cheese","6600 W Sylvania Ave  ","Sylvania","OH","43560","1","0",,"0",,"0",,"30.56","0.00","0.00","0.00","30.56","1","1.000","1","1.000","0","0","1","00:01:00.000","00:00:00.000","00:19:00.000","00:43:00.000","0","0","0","0","0","0","0"
"2026-02-23","9813512","W National","The Pasta Story","2138 W National Ave  ","Milwaukee","WI","53204","10","0",,"0",,"0",,"215.32","0.00","0.00","0.00","215.32","4","0.400","10","1.000","0","0","10","00:01:04.800","00:00:40.200","00:17:15.000","00:49:19.800","0","0","0","0","0","0","0"
"2026-02-16","1968311",,"Penny's Pancakes","1237 Fulton Street  ","Brooklyn","NY","11216","2","0",,"0",,"0",,"47.93","0.00","0.00","0.00","47.93","1","0.500","1","0.500","0","0","2","00:15:30.000","00:08:00.000","00:11:30.000","00:31:30.000","0","0","0","0","0","0","0"
"2026-02-02","4831784","34-02 30th St","Lovin' Vegan Desserts","3402 30th St  ","Astoria","NY","11106","3","0",,"0",,"0",,"64.44","0.00","0.00","0.00","64.44","2","0.667","3","1.000","0","0","3","00:02:00.000","00:00:00.000","00:13:00.000","00:21:40.200","0","0","0","0","0","0","0"
"2026-02-02","3312817","Lexington Ave","Pressed On Panini's","1424 Lexington Ave  ","New York","NY","10128","2","0",,"0",,"0",,"63.96","0.00","0.00","0.00","63.96","1","0.500","0",,"0","0","2","00:16:30.000","00:12:30.000","00:08:00.000","00:38:00.000","0","0","0","0","0","0","0"
"2026-02-16","10929056","Chestnut St","Charlie's Calzone Co","1929 Chestnut St  ","Philadelphia","PA","19103","2","0",,"0",,"0",,"44.86","0.00","0.00","0.00","44.86","2","1.000","1","0.500","0","0","2","00:03:00.000","00:01:30.000","00:13:30.000","00:44:00.000","0","0","0","0","0","0","0"
"2026-02-02","3310580","George St","Sandwiches On Fleek","228 George St  ","New Brunswick","NJ","08901","1","0",,"0",,"0",,"21.57","0.00","0.00","0.00","21.57","1","1.000","0",,"0","0","1","00:01:00.000","00:01:00.000","00:22:00.000","00:53:00.000","0","0","0","0","0","0","0"
"2026-02-23","3310403","W Indian School Rd","Nakamura Ramen House","400 W Indian School Rd  ","Phoenix","AZ","85013","3","0",,"0",,"0",,"72.01","0.00","0.00","0.00","72.01","2","0.667","3","1.000","0","0","3","00:00:00.000","00:00:00.000","00:12:00.000","00:21:15.000","0","0","0","0","0","0","0"
"2026-02-16","5314864","Golden Restaurant and Bakery-1849 N Scottsdale Rd","Mohamed's Pizza Flip","1849 N Scottsdale Rd  ","Scottsdale","AZ","85288","1","0",,"0",,"0",,"19.98","0.00","0.00","0.00","19.98","0",,"1","1.000","0","0","1","00:01:00.000","00:01:00.000","00:22:00.000","00:48:00.000","0","0","0","0","0","0","0"
"2026-01-26","5321760","Yue Bai Wei - 5874 Forbes Ave","The Stir Fry Bar","5874 Forbes Ave  ","Pittsburgh","PA","15217","2","0",,"0",,"0",,"73.52","0.00","0.00","0.00","73.52","1","0.500","2","1.000","0","0","2","00:01:00.000","00:00:30.000","00:20:00.000","00:38:30.000","1","1","0","0","0","0","0"
"2026-02-23","2776714",,"LV Taco Bar (1st Ave)","1741 1st Avenue  ","New York","NY","10128","1","0",,"0",,"0",,"19.78","0.00","0.00","0.00","19.78","0",,"1","1.000","0","0","1","00:08:00.000","00:00:00.000","00:04:00.000","00:20:00.000","0","0","0","0","0","0","0"
"2026-01-26","2460412",,"Breakfast Burrito Snob","488 Post St ","San Francisco","CA","94102","1","0",,"0",,"0",,"28.66","0.00","0.00","0.00","28.66","1","1.000","0",,"0","0","1","00:08:00.000","00:07:00.000","00:18:00.000","00:40:00.000","0","0","0","0","0","0","0"
"2026-02-16","5151472","Valentino's (1634 W High St)-","Stromboli House","1634 W High St  ","Pottstown","PA","19464","1","0",,"0",,"0",,"44.46","0.00","0.00","0.00","44.46","1","1.000","0",,"0","0","1","00:01:00.000","00:01:00.000","00:16:00.000","00:37:00.000","0","0","0","0","0","0","0"
"2026-02-23","2900607",,"Princess Panini","589 1st Avenue  ","New York","NY","10016","1","0",,"0",,"0",,"22.99","0.00","0.00","0.00","22.99","0",,"0",,"0","0","1","00:08:00.000","00:00:00.000","00:10:00.000","00:25:00.000","0","0","0","0","0","0","0"
"2026-02-02","10602440","Utica Ave","Mac's Cheese Factory","2102 Utica Ave  ","Brooklyn","NY","11234","1","0",,"0",,"0",,"19.29","0.00","0.00","0.00","19.29","0",,"1","1.000","0","0","1","00:03:00.000","00:03:00.000","00:13:00.000","01:16:00.000","0","0","0","0","0","0","0"
"2026-02-23","2391353",,"Famous Gyro Bar","244 W 14th St ","New York","NY","10011","1","0",,"0",,"0",,"16.79","0.00","0.00","0.00","16.79","1","1.000","1","1.000","0","0","1","00:09:00.000","00:00:00.000","00:02:00.000","00:22:00.000","0","0","0","0","0","0","0"
"2026-02-23","9819472","1368 N Arizona Ave","Fallen Angel Wings","1368 N Arizona Ave  ","Chandler","AZ","85225","2","0",,"0",,"0",,"106.30","0.00","0.00","0.00","106.30","1","0.500","2","1.000","0","0","2","00:01:00.000","00:01:00.000","00:20:30.000","00:47:30.000","0","0","0","0","0","0","0"
"2026-02-23","10078528","8th Ave","Fresh N Fruity Smoothies","382 8th Ave  ","New York","NY","10001","3","0",,"0",,"0",,"74.12","0.00","0.00","0.00","74.12","2","0.667","2","0.667","0","0","3","00:05:19.800","00:04:19.800","00:07:40.200","00:30:00.000","0","0","0","0","0","0","0"
"2026-02-02","4837568","319 Rogers Ave","Olivia's Breakfast Cafe","319 Rogers Ave  ","Brooklyn","NY","11225","1","0",,"0",,"0",,"18.56","0.00","0.00","0.00","18.56","1","1.000","1","1.000","0","0","1","00:05:00.000","00:05:00.000","00:05:00.000","00:36:00.000","0","0","0","0","0","0","0"
"2026-02-09","3311071","Madison Ave","General's French Toast","1404 Madison Ave  ","New York","NY","10029","1","0",,"0",,"0",,"22.47","0.00","0.00","0.00","22.47","0",,"0",,"0","0","1","00:16:00.000","00:07:00.000","00:22:00.000","00:49:00.000","0","0","0","0","0","0","0"
"2026-02-02","9815016","3907 Lee Hwy","Top Notch Sandwiches","3907 Lee Hwy  ","Arlington","VA","22207","2","0",,"0",,"0",,"46.33","0.00","0.00","0.00","46.33","2","1.000","0",,"0","0","2","00:02:30.000","00:02:30.000","00:18:30.000","00:45:00.000","0","0","0","0","0","0","0"
"2026-02-23","9843248","277 Gold St","The Burger Hole","277 Gold St  ","Brooklyn","NY","11201","1","0",,"0",,"0",,"37.76","0.00","0.00","0.00","37.76","0",,"0",,"0","0","1","00:13:00.000","00:05:00.000","00:05:00.000","00:25:00.000","0","0","0","0","0","0","0"
"2026-01-26","6891024","Caffe Venice - 596 3rd Ave","CJ's Breakfast Sandwich","596 3rd Ave  ","New York","NY","10016","2","0",,"0",,"0",,"50.54","0.00","0.00","0.00","50.54","2","1.000","2","1.000","0","0","2","00:03:30.000","00:00:00.000","00:25:00.000","00:42:30.000","0","0","0","0","0","0","0"
"2026-02-16","10076952","Homestead Rd","Roman's Pizza Oven","2898 Homestead Rd  ","Santa Clara","CA","95051","1","0",,"0",,"0",,"16.78","0.00","0.00","0.00","16.78","0",,"1","1.000","0","0","1","00:00:00.000","00:00:00.000","00:10:00.000","00:35:00.000","0","0","0","0","0","0","0"
"2026-02-02","9822568","57 sip ave","The Kabob Snob","57 Sip Ave  ","Jersey City","NJ","07306","2","0",,"0",,"0",,"43.36","0.00","0.00","0.00","43.36","1","0.500","2","1.000","0","0","2","00:00:30.000","00:00:30.000","00:29:00.000","01:39:00.000","0","0","0","0","0","0","0"
"2026-02-02","9819584","28501 Hoover Rd","The Farmers Salad","28501 Hoover Rd  ","Warren","MI","48093","1","0",,"0",,"0",,"16.78","0.00","0.00","0.00","16.78","1","1.000","1","1.000","0","0","1","00:01:00.000","00:01:00.000","00:20:00.000","00:37:00.000","0","0","0","0","0","0","0"
"2026-02-02","3310203","9th Ave","The Juice Empire","755 9th Ave  ","New York","NY","10019","3","0",,"0",,"0",,"104.07","0.00","0.00","0.00","104.07","2","0.667","2","0.667","0","0","3","00:03:00.000","00:00:00.000","00:15:00.000","00:31:30.000","0","0","0","0","0","0","0"
"2026-02-02","5320096","Yue Bai Wei - 5874 Forbes Ave","Xiu's Vegetarian Chinese","5874 Forbes Ave  ","Pittsburgh","PA","15217","1","0",,"0",,"0",,"39.98","0.00","0.00","0.00","39.98","0",,"1","1.000","0","0","1","00:06:00.000","00:06:00.000","00:10:00.000","00:40:00.000","0","0","0","0","0","0","0"
"2026-02-23","3310297","W Peoria Ave #116","Kung Fu Chinese Kitchen","8520 W Peoria Ave  ","Peoria","AZ","85345","4","0",,"0",,"0",,"125.16","0.00","0.00","0.00","125.16","3","0.750","3","0.750","0","0","4","00:02:10.199","00:00:00.000","00:21:19.800","00:37:19.800","0","0","0","0","0","0","0"
"2026-02-02","2776206",,"Frankie's Burger Bar","937 1st Avenue  ","New York","NY","10022","2","0",,"0",,"0",,"28.36","0.00","0.00","0.00","28.36","2","1.000","2","1.000","0","0","2","00:03:00.000","00:00:30.000","00:09:00.000","00:42:00.000","0","0","0","0","0","0","0"
"2026-02-23","5021648","1 Kedron Ave Unit 4","Casa Pasta Ristorante","1 Kedron Ave  ","Morton","PA","19070","1","0",,"0",,"0",,"29.27","0.00","0.00","0.00","29.27","0",,"1","1.000","0","0","1","00:02:00.000","00:02:00.000","00:06:00.000","00:50:00.000","1","0","0","0","0","1","1"
"2026-02-16","2116039",,"BBQ Ribs Co.","820 Pennsylvania Ave ","Pittsburgh","PA","15233","4","0",,"0",,"0",,"171.83","0.00","0.00","0.00","171.83","2","0.500","4","1.000","0","0","4","00:01:30.000","00:01:30.000","00:12:30.000","00:31:00.000","0","0","0","0","0","0","0"
"2026-02-02","4831888","197 Havemeyer St.","Pita Sandwich Bite","197 Havemeyer St  ","Brooklyn","NY","11211","1","0",,"0",,"0",,"43.76","0.00","0.00","0.00","43.76","0",,"0",,"0","0","1","00:06:00.000","00:00:00.000","00:17:00.000","00:32:00.000","0","0","0","0","0","0","0"
"2026-02-16","5320096","Yue Bai Wei - 5874 Forbes Ave","Xiu's Vegetarian Chinese","5874 Forbes Ave  ","Pittsburgh","PA","15217","2","0",,"0",,"0",,"45.98","0.00","0.00","0.00","45.98","0",,"2","1.000","0","0","2","00:05:00.000","00:00:00.000","00:14:00.000","00:37:30.000","0","0","0","0","0","0","0"
"2026-01-26","9813496","E 149th","Fresh N Fruity Smoothies","560 E 149th St  ","Bronx","NY","10455","2","0",,"2","1.000","2","1.000","72.72","0.00","-72.72","-72.72","0.00","1","0.500","0",,"0","0","2",,,,,"0","0","0","0","0","0","0"
"2026-02-23","2535778",,"The Pasta Story","1424 Lexington Ave ","New York","NY","10128","10","1","0.100","0",,"0",,"340.16","-15.58","0.00","0.00","324.58","2","0.200","6","0.600","0","0","10","00:15:14.400","00:09:18.000","00:19:42.000","00:42:50.400","1","0","0","1","0","0","0"
"2026-01-26","4836096","197 Havemeyer St.","Twin Peaks Burger","197 Havemeyer St  ","Brooklyn","NY","11211","3","0",,"0",,"0",,"101.85","0.00","0.00","0.00","101.85","2","0.667","3","1.000","0","0","3","00:10:19.800","00:00:19.800","00:12:00.000","00:58:00.000","0","0","0","0","0","0","0"
"2026-02-02","3310190","32nd St","Prime Burger Lounge","590 32nd St  ","Union City","NJ","07087","1","0",,"1","1.000","1","1.000","17.48","0.00","-17.48","-17.48","0.00","1","1.000","1","1.000","0","0","1",,,,,"0","0","0","0","0","0","0"
"2026-02-02","4831664","319 Rogers Ave","The Sandwich Vibe","319 Rogers Ave  ","Brooklyn","NY","11225","1","0",,"0",,"0",,"19.87","0.00","0.00","0.00","19.87","1","1.000","1","1.000","0","0","1","00:15:00.000","00:15:00.000","00:05:00.000","00:35:00.000","0","0","0","0","0","0","0"
"2026-02-09","8570072",,"Carmen's Breakfast Burritos","4352 E Speedway Blvd  ","Tucson","AZ","85712","5","0",,"0",,"0",,"89.90","0.00","0.00","0.00","89.90","2","0.400","5","1.000","0","0","5","00:02:00.000","00:00:00.000","00:15:24.000","00:27:24.000","1","0","1","0","0","0","1"
"2026-01-26","9797968","4352 E Speedway Blvd","Antonio's Quesadilla Shack","4352 E Speedway Blvd  ","Tucson","AZ","85712","1","0",,"0",,"0",,"23.78","0.00","0.00","0.00","23.78","1","1.000","1","1.000","0","0","1","00:05:00.000","00:00:00.000","00:12:00.000","00:30:00.000","0","0","0","0","0","0","0"
"2026-02-02","8568872",,"The Burrito Co","4352 E Speedway Blvd  ","Tucson","AZ","85712","1","0",,"0",,"0",,"33.98","0.00","0.00","0.00","33.98","1","1.000","1","1.000","0","0","1","00:02:00.000","00:00:00.000","00:06:00.000","00:18:00.000","0","0","0","0","0","0","0"
"2026-02-23","2030753",,"Fat Cheesesteaks","2624 Pico Blvd ","Santa Monica","CA","90405","4","0",,"0",,"0",,"73.85","0.00","0.00","0.00","73.85","1","0.250","3","0.750","0","0","4","00:04:49.800","00:00:00.000","00:25:10.200","00:43:00.000","0","0","0","0","0","0","0"
"2026-01-26","2730695",,"Charlie's Chicken Wings","1760 3rd Ave  ","New York","NY","10029","1","0",,"0",,"0",,"25.17","0.00","0.00","0.00","25.17","1","1.000","1","1.000","0","0","1","00:04:00.000","00:04:00.000","00:12:00.000","01:07:00.000","0","0","0","0","0","0","0"
"2026-02-09","3301264","30th St","Viva Vegan Sandwiches","34-02 30th St  ","Astoria","NY","11106","1","0",,"0",,"0",,"41.96","0.00","0.00","0.00","41.96","1","1.000","1","1.000","0","0","1","00:14:00.000","00:01:00.000","00:45:00.000","01:06:00.000","1","0","1","0","0","0","0"
"2026-02-23","3309846","Avenue A","City Light Wraps","93 Avenue A  ","New York","NY","10009","1","0",,"0",,"0",,"61.25","0.00","0.00","0.00","61.25","0",,"0",,"0","0","1","00:06:00.000","00:00:00.000","00:14:00.000","00:30:00.000","0","0","0","0","0","0","0"
"2026-02-16","7099080","Jonny's Place - 370 Main St","Jewel's Breakfast Joint","370 Main St  ","East Orange","NJ","07018","1","0",,"0",,"0",,"23.98","0.00","0.00","0.00","23.98","0",,"1","1.000","0","0","1","00:02:00.000","00:00:00.000","00:24:00.000","00:44:00.000","0","0","0","0","0","0","0"
"2026-02-23","2443867",,"Mary's Breakfast Burritos","59 4th Ave ","New York","NY","10003","1","0",,"0",,"0",,"38.95","0.00","0.00","0.00","38.95","1","1.000","1","1.000","0","0","1","00:01:00.000","00:01:00.000","00:32:00.000","01:09:00.000","0","0","0","0","0","0","0"
"2026-02-02","3311345","Ave #35st","Nomad's Bagels","450 9th Ave  ","New York","NY","10018","2","0",,"2","1.000","2","1.000","87.94","0.00","-87.94","-87.94","0.00","1","0.500","0",,"0","0","2",,,,,"0","0","0","0","0","0","0"
"2026-02-23","3312236","4th Ave","Doughboys Sandwiches","59 4th Ave  ","New York","NY","10003","1","0",,"0",,"0",,"54.95","0.00","0.00","0.00","54.95","1","1.000","0",,"0","0","1","00:00:00.000","00:00:00.000","00:16:00.000","00:51:00.000","0","0","0","0","0","0","0"
"2026-02-16","7749128","REAL JUICY BURGERS (RJ Burgers) - 8886 Knot Ave","Bosscat breakfast","8886 Knott Ave  ","Buena Park","CA","90620","1","0",,"0",,"0",,"47.98","0.00","0.00","0.00","47.98","0",,"1","1.000","0","0","1","00:01:00.000","00:00:00.000","00:04:00.000","00:20:00.000","0","0","0","0","0","0","0"
"2026-02-02","10938144","E Anaheim St","Sarah's Breakfast Bar","2841 E Anaheim St  ","Long Beach","CA","90804","1","1","1.000","0",,"0",,"20.98","-20.98","0.00","0.00","0.00","1","1.000","1","1.000","0","0","1","00:01:00.000","00:00:00.000","00:08:00.000","00:23:00.000","0","0","0","0","0","0","0"
"2026-02-23","3006704",,"Big E's Wraps","2909A Queens Plaza North  ","Long Island City","NY","11101","1","0",,"0",,"0",,"16.09","0.00","0.00","0.00","16.09","0",,"1","1.000","0","0","1","00:07:00.000","00:00:00.000","00:09:00.000","00:19:00.000","0","0","0","0","0","0","0"
"2026-02-16","3309662","W Peoria Ave #116","Nakamura Ramen House","8520 W Peoria Ave  ","Peoria","AZ","85345","5","0",,"0",,"0",,"131.48","0.00","0.00","0.00","131.48","3","0.600","5","1.000","0","0","5","00:00:49.800","00:00:00.000","00:09:19.800","00:23:10.200","0","0","0","0","0","0","0"
"2026-02-02","3312896","Lexington Ave","Sip On Smoothie","1424 Lexington Ave  ","New York","NY","10128","3","0",,"1","0.333","1","0.333","53.40","0.00","-21.36","-21.36","32.04","2","0.667","3","1.000","0","0","3","00:23:00.000","00:10:30.000","00:09:30.000","00:40:00.000","1","0","0","0","0","1","1"
"2026-02-09","3310745","Newport Blvd","Breakfast Burrito Joint","2400 Newport Blvd  ","Costa Mesa","CA","92627","2","0",,"0",,"0",,"65.48","0.00","0.00","0.00","65.48","1","0.500","2","1.000","0","0","2","00:05:00.000","00:02:30.000","00:11:00.000","00:32:00.000","0","0","0","0","0","0","0"
"2026-02-23","2900417",,"Olivia's Breakfast Cafe","226 Newark Ave  ","Jersey City","NJ","07302","1","0",,"0",,"0",,"30.46","0.00","0.00","0.00","30.46","0",,"1","1.000","0","0","1","00:00:00.000","00:00:00.000","00:18:00.000","01:11:00.000","0","0","0","0","0","0","0"
"2026-02-02","3311499","7th Ave","Alberto's Hero Sandwiches Spot","154 7th Ave  ","New York","NY","10011","1","0",,"0",,"0",,"11.29","0.00","0.00","0.00","11.29","0",,"0",,"0","0","1","00:07:00.000","00:05:00.000","00:18:00.000","00:43:00.000","0","0","0","0","0","0","0"
"2026-02-23","3311350","N Broadway","Fried Chicken Savage","854 N Broadway  ","White Plains","NY","10603","1","1","1.000","0",,"0",,"38.86","-2.89","0.00","0.00","35.97","1","1.000","1","1.000","0","0","1","00:03:00.000","00:00:00.000","00:19:00.000","00:33:00.000","0","0","0","0","0","0","0"
"2026-02-23","3310266","3rd Ave","Mighty Grilled Cheese","1760 3rd Ave  ","New York","NY","10029","1","0",,"0",,"0",,"23.06","0.00","0.00","0.00","23.06","1","1.000","0",,"0","0","1","00:06:00.000","00:00:00.000","00:11:00.000","00:30:00.000","0","0","0","0","0","0","0"
"2026-02-16","10078552","E Apache Blvd","Chicken Sandwich Loft","2126 E Apache Blvd  ","Tempe","AZ","85281","1","0",,"0",,"0",,"19.58","0.00","0.00","0.00","19.58","1","1.000","1","1.000","0","0","1","00:00:00.000","00:00:00.000","00:35:00.000","00:51:00.000","0","0","0","0","0","0","0"
"2026-02-16","3301255","N Citrus Ave","Carmen's Breakfast Burritos","900 N Citrus Ave  ","Covina","CA","91722","1","0",,"0",,"0",,"36.36","0.00","0.00","0.00","36.36","1","1.000","1","1.000","0","0","1","00:01:00.000","00:00:00.000","00:09:00.000","00:23:00.000","0","0","0","0","0","0","0"
"2026-02-23","7332904","Midtown Bar and Grill - 415 W Gray St","The Bagel Savage","415 W Gray St  ","Houston","TX","77019","4","0",,"0",,"0",,"56.80","0.00","0.00","0.00","56.80","1","0.250","1","0.250","0","0","4","00:01:00.000","00:00:40.200","00:17:30.000","00:46:40.200","0","0","0","0","0","0","0"
"2026-02-23","3310455","Fulton St","The Pancake Flip","1237 Fulton St  ","Brooklyn","NY","11216","8","0",,"1","0.125","1","0.125","174.80","0.00","-22.37","-22.37","152.43","5","0.625","4","0.500","0","0","8","00:06:40.200","00:00:40.200","00:17:40.200","00:32:26.400","0","0","0","0","0","0","0"
"2026-02-16","6891656","Wholesome Farms Market - 840 Fulton St","Olivia's Breakfast Cafe","840 Fulton St  ","Brooklyn","NY","11238","4","1","0.250","0",,"0",,"67.54","-6.39","0.00","0.00","61.15","3","0.750","3","0.750","0","0","4","00:02:49.800","00:00:00.000","00:08:10.200","00:25:30.000","1","0","0","0","1","0","1"
"2026-02-02","10062104","8th Ave","Panini's On Panini's","382 8th Ave  ","New York","NY","10001","4","0",,"1","0.250","0",,"233.60","0.00","-95.12","0.00","138.48","2","0.500","4","1.000","0","0","4","00:13:00.000","00:04:19.800","00:07:40.200","00:39:30.000","0","0","0","0","0","0","0"
"2026-02-16","3300589","Federal Rd","Cheesin' with My Mac","401 Federal Rd  ","Brookfield","CT","06804","1","0",,"0",,"0",,"21.99","0.00","0.00","0.00","21.99","0",,"1","1.000","0","0","1","00:02:00.000","00:02:00.000","00:05:00.000","00:36:00.000","0","0","0","0","0","0","0"
"2026-02-02","3309992","1st Avenue","La Mexicana Quesadilla","217 1st Ave.  ","New York","NY","10003","2","0",,"0",,"0",,"53.95","0.00","0.00","0.00","53.95","1","0.500","2","1.000","0","0","2","00:02:30.000","00:00:00.000","00:09:00.000","00:22:30.000","0","0","0","0","0","0","0"
"2026-02-02","10499904","1st Avenue","Lola's Smoothie Mix","937 1st Ave.  ","New York","NY","10022","8","0",,"0",,"0",,"270.53","0.00","0.00","0.00","270.53","6","0.750","7","0.875","0","0","8","00:06:06.000","00:01:06.000","00:08:55.800","00:34:18.000","0","0","0","0","0","0","0"
"2026-02-23","6890744","Wholesome Farms Market - 1306 Atlantic Ave","The Sandwich Vibe","1306 Atlantic Ave  ","Brooklyn","NY","11216","6","1","0.167","0",,"0",,"104.75","-11.19","0.00","0.00","93.56","3","0.500","4","0.667","0","0","6","00:06:40.200","00:02:40.200","00:16:19.800","00:38:00.000","1","1","0","0","0","0","0"
"2026-02-16","10363736","Polk St","Blake's Dessert Lounge","1338 Polk St  ","San Francisco","CA","94109","3","1","0.333","0",,"0",,"141.87","-33.97","0.00","0.00","107.90","2","0.667","2","0.667","0","0","3","00:01:40.200","00:00:00.000","00:16:40.200","00:29:00.000","2","2","0","0","0","0","0"
"2026-02-02","3300958","30th St","Sin City Burger Spot","34-02 30th St  ","Astoria","NY","11106","4","0",,"0",,"0",,"119.55","0.00","0.00","0.00","119.55","0",,"4","1.000","0","0","4","00:04:10.200","00:00:00.000","00:08:00.000","00:19:49.800","0","0","0","0","0","0","0"
"2026-02-09","10929056","Chestnut St","Charlie's Calzone Co","1929 Chestnut St  ","Philadelphia","PA","19103","3","0",,"0",,"0",,"61.96","0.00","0.00","0.00","61.96","3","1.000","2","0.667","0","0","3","00:03:40.200","00:00:19.800","00:17:40.200","00:41:40.200","0","0","0","0","0","0","0"
"2026-02-09","823219",,"Priya's Indian Kitchen","716 10th Ave ","New York","NY","10019","3","0",,"0",,"0",,"80.93","0.00","0.00","0.00","80.93","3","1.000","3","1.000","0","0","3","00:06:19.800","00:05:19.800","00:11:19.800","00:35:19.800","0","0","0","0","0","0","0"
"2026-02-02","3312267","Lexington Ave","Casa De Quesadilla","1424 Lexington Ave  ","New York","NY","10128","8","0",,"0",,"0",,"222.48","0.00","0.00","0.00","222.48","5","0.625","4","0.500","0","0","8","00:14:30.000","00:05:55.200","00:12:10.200","00:38:40.200","1","1","0","0","0","0","0"
"2026-02-23","2732932",,"RJ's Philly Cheesesteaks (Gold St)","257 Gold St  ","New York","NY","10075","8","0",,"0",,"0",,"240.27","0.00","0.00","0.00","240.27","0",,"6","0.750","0","0","8","00:10:04.800","00:04:57.600","00:18:30.000","00:40:45.000","0","0","0","0","0","0","0"
"2026-02-09","3309272","Washington Blvd","Super Burrito Bar","109 Washington Blvd  ","Marina del Rey","CA","90292","1","0",,"0",,"0",,"6.69","0.00","0.00","0.00","6.69","0",,"1","1.000","0","0","1","00:08:00.000","00:00:00.000","00:06:00.000","00:25:00.000","0","0","0","0","0","0","0"
"2026-02-02","5851864","Broadway","Aldo's Wraps Spot","689 Broadway  ","New York","NY","10012","1","0",,"0",,"0",,"32.17","0.00","0.00","0.00","32.17","1","1.000","1","1.000","0","0","1","00:10:00.000","00:00:00.000","00:11:00.000","00:31:00.000","0","0","0","0","0","0","0"
"2026-02-09","3310025","10th Ave","Indian Biryani Snob","716 10th Ave ","New York","NY","10019","4","0",,"0",,"0",,"95.39","0.00","0.00","0.00","95.39","1","0.250","4","1.000","0","0","4","00:05:10.200","00:00:00.000","00:21:19.800","00:34:49.800","0","0","0","0","0","0","0"
"2026-02-09","1938271",,"Maria's Italian Meatballs","937 1st Avenue ","New York","NY","10022","1","0",,"0",,"0",,"32.87","0.00","0.00","0.00","32.87","0",,"1","1.000","0","0","1","00:02:00.000","00:00:00.000","00:10:00.000",,"0","0","0","0","0","0","0"
"2026-02-02","6891048","Caffe Venice - 596 3rd Ave","Smokin' Burger Grille","596 3rd Ave  ","New York","NY","10016","3","1","0.333","0",,"0",,"54.40","-2.19","0.00","0.00","52.21","0",,"3","1.000","0","0","3","00:05:40.200","00:00:40.200","00:09:19.800","00:25:40.200","0","0","0","0","0","0","0"
"2026-02-16","5037608","1 Kedron Ave Unit 4","Jim's House of Hoagies","1 Kedron Ave  ","Morton","PA","19070","2","0",,"0",,"0",,"41.23","0.00","0.00","0.00","41.23","2","1.000","0",,"0","0","2","00:01:30.000","00:00:30.000","00:23:00.000","00:46:30.000","1","0","0","1","0","0","0"
"2026-02-23","7325424","Del Rancho Mexican Grill - 5279 North Roxboro St","Mia's Breakfast Bar","5279 N Roxboro St  ","Durham","NC","27712","1","0",,"1","1.000","1","1.000","32.17","0.00","-32.17","-32.17","0.00","1","1.000","1","1.000","0","0","1",,,,,"0","0","0","0","0","0","0"
"2026-02-02","2795077",,"Orange Chicken Snob","9737 Manchester Rd  ","St. Louis","MO","63119","1","0",,"0",,"0",,"30.07","0.00","0.00","0.00","30.07","1","1.000","0",,"0","0","1","00:01:00.000","00:00:00.000","00:12:00.000","00:33:00.000","0","0","0","0","0","0","0"
"2026-02-23","10491648","101st Ave","French Omelette Bar","131-03 101st Ave  ","South Richmond","NY","11419","1","0",,"1","1.000","1","1.000","19.36","0.00","-19.36","-19.36","0.00","1","1.000","0",,"0","0","1",,,,,"0","0","0","0","0","0","0"
"2026-01-26","2489526",,"The Bagel Savage","1404 Madison Ave  ","New York","NY","10029","1","1","1.000","0",,"0",,"20.97","-8.99","0.00","0.00","11.98","0",,"0",,"0","0","1","00:07:00.000","00:00:00.000","00:07:00.000","00:22:00.000","0","0","0","0","0","0","0"
"2026-02-16","9815040","1424 Lexington Ave","House of Paninis","1424 Lexington Ave  ","New York","NY","10128","1","0",,"0",,"0",,"27.95","0.00","0.00","0.00","27.95","1","1.000","0",,"0","0","1","00:26:00.000","00:21:00.000","00:08:00.000","00:44:00.000","0","0","0","0","0","0","0"
"2026-02-16","3309585","Pico Blvd","Firenze Pasta Ristorante","2624 Pico Blvd  ","Santa Monica","CA","90405","3","0",,"0",,"0",,"96.71","0.00","0.00","0.00","96.71","2","0.667","2","0.667","0","0","3","00:01:30.000","00:00:00.000","00:15:45.000","00:33:30.000","0","0","0","0","0","0","0"
"2026-02-16","2847690",,"Greek Gyro Spot (Bedford Ave)","265 Bedford Ave  ","New York","NY","11211","2","0",,"0",,"0",,"42.77","0.00","0.00","0.00","42.77","2","1.000","1","0.500","0","0","2","00:06:00.000","00:01:30.000","00:15:00.000","00:35:30.000","0","0","0","0","0","0","0"
"2026-02-09","2444528",,"Breakfast Burrito Snob","25-02 Queens Plaza S ","Long Island City","NY","11101","1","0",,"0",,"0",,"25.47","0.00","0.00","0.00","25.47","1","1.000","1","1.000","0","0","1","00:11:00.000","00:03:00.000","00:03:00.000","00:23:00.000","0","0","0","0","0","0","0"
"2026-02-09","3310235","Queens Plaza S","Slapjack Pancakes","25-02 Queens Plaza S  ","Queens","NY","11101","4","0",,"0",,"0",,"70.82","0.00","0.00","0.00","70.82","4","1.000","3","0.750","0","0","4","00:06:00.000","00:00:40.200","00:20:19.800","00:48:40.200","1","1","0","0","0","0","0"
"2026-02-16","8566136",,"Luna's Loaded Fries","4352 E Speedway Blvd  ","Tucson","AZ","85712","3","0",,"0",,"0",,"57.33","0.00","0.00","0.00","57.33","1","0.333","2","0.667","0","0","3","00:03:45.000","00:03:45.000","00:16:00.000","00:45:00.000","0","0","0","0","0","0","0"
"2026-02-02","6156496","839 W University Dr","Olivia's Omelettes","839 W University Dr  ","Tempe","AZ","85281","4","1","0.250","0",,"0",,"71.62","-12.39","0.00","0.00","59.23","2","0.500","4","1.000","0","0","4","00:01:19.800","00:00:49.800","00:19:30.000","00:33:10.200","2","1","0","0","0","1","0"
"2026-02-09","3326398","W 34th st","Heaven's Burgers","433 W 34th St  ","New York","NY","10001","1","0",,"0",,"0",,"30.37","0.00","0.00","0.00","30.37","1","1.000","0",,"0","0","1","00:13:00.000","00:02:00.000","00:03:00.000","00:26:00.000","0","0","0","0","0","0","0"
"2026-01-26","4839144","319 Rogers Ave","The Gyro Bar","319 Rogers Ave  ","Brooklyn","NY","11225","4","0",,"0",,"0",,"72.91","0.00","0.00","0.00","72.91","3","0.750","2","0.500","0","0","4","00:08:45.000","00:02:45.000","00:08:30.000","00:31:00.000","0","0","0","0","0","0","0"
"2026-02-02","2642274",,"Smoothie and Dessert Bar","755 9th Ave  #1C","New York","NY","10019","2","0",,"0",,"0",,"41.67","0.00","0.00","0.00","41.67","2","1.000","1","0.500","0","0","2","00:07:00.000","00:06:30.000","00:13:00.000","00:28:30.000","0","0","0","0","0","0","0"
"2026-02-23","7323168","Del Rancho Mexican Grill - 5279 North Roxboro St","Veronica's Burrito Bar","5279 N Roxboro St  ","Durham","NC","27712","1","0",,"0",,"0",,"36.36","0.00","0.00","0.00","36.36","0",,"1","1.000","0","0","1","00:01:00.000","00:00:00.000","00:44:00.000","00:53:00.000","0","0","0","0","0","0","0"
"2026-02-09","8569944",,"Top Panini Shop","1175 2nd Ave  ","New York","NY","10065","3","0",,"1","0.333","1","0.333","53.97","0.00","-17.99","-17.99","35.98","1","0.333","3","1.000","0","0","3","00:03:00.000","00:00:00.000","00:05:00.000","00:16:00.000","0","0","0","0","0","0","0"
"2026-02-23","7097528","East Side Deli","Sunrise Coffee Express","1424 Lexington Ave  ","New York","NY","10128","5","0",,"0",,"0",,"41.90","0.00","0.00","0.00","41.90","1","0.200","1","0.200","0","0","5","00:06:37.800","00:00:00.000","00:12:00.000","00:25:37.800","0","0","0","0","0","0","0"
"2026-02-23","3310939","Crenshaw Blvd","Breakfast Burrito Floozy","6732 Crenshaw Blvd  ","Los Angeles","CA","90043","1","0",,"0",,"0",,"24.16","0.00","0.00","0.00","24.16","1","1.000","1","1.000","0","0","1","00:03:00.000","00:00:00.000","00:07:00.000","00:24:00.000","0","0","0","0","0","0","0"
"2026-02-16","11804944","Ralph Ave","NY Smoothie Joint","104 Ralph Ave  ","Brooklyn","NY","11221","2","0",,"0",,"0",,"29.97","0.00","0.00","0.00","29.97","2","1.000","1","0.500","0","0","2","00:06:00.000","00:00:00.000","00:05:30.000","00:19:00.000","1","1","0","0","0","0","0"
"2026-02-09","7097528","East Side Deli","Sunrise Coffee Express","1424 Lexington Ave  ","New York","NY","10128","3","0",,"0",,"0",,"59.40","0.00","0.00","0.00","59.40","1","0.333","3","1.000","0","0","3","00:10:19.800","00:03:00.000","00:09:40.200","00:27:40.200","0","0","0","0","0","0","0"
"2026-02-09","8563120",,"Bonnie's Burgers","1634 W High St  ","Pottstown","PA","19464","1","0",,"0",,"0",,"32.98","0.00","0.00","0.00","32.98","1","1.000","1","1.000","0","0","1","00:01:00.000","00:01:00.000","00:12:00.000","00:27:00.000","1","0","0","0","0","1","1"
"2026-02-02","2900806",,"The Shawarma Bar (Polk St)","1338 Polk St  ","San Francisco","CA","94109","9","0",,"0",,"0",,"282.81","0.00","0.00","0.00","282.81","5","0.556","7","0.778","0","0","9","00:06:15.000","00:01:12.000","00:13:03.000","00:34:24.000","0","0","0","0","0","0","0"
"2026-02-23","7099080","Jonny's Place - 370 Main St","Jewel's Breakfast Joint","370 Main St  ","East Orange","NJ","07018","1","0",,"0",,"0",,"16.28","0.00","0.00","0.00","16.28","0",,"1","1.000","0","0","1","00:05:00.000","00:05:00.000","00:23:00.000","01:07:00.000","0","0","0","0","0","0","0"
"2026-02-23","823219",,"Priya's Indian Kitchen","716 10th Ave ","New York","NY","10019","2","0",,"0",,"0",,"48.97","0.00","0.00","0.00","48.97","0",,"1","0.500","0","0","2","00:09:30.000","00:05:30.000","00:06:30.000","00:23:30.000","0","0","0","0","0","0","0"
"2026-02-23","2796313",,"Wonka's Smoothie Bar","59 4th Ave  ","New York","NY","10003","1","0",,"0",,"0",,"13.99","0.00","0.00","0.00","13.99","1","1.000","1","1.000","0","0","1","00:14:00.000","00:14:00.000","00:06:00.000","00:36:00.000","0","0","0","0","0","0","0"
"2026-02-02","6892128","Dream Gourmet Deli inc. - 111 East 161 Street","Golden Bear Sandwiches","111 E 161 St  ","Bronx","NY","10452","1","0",,"0",,"0",,"11.89","0.00","0.00","0.00","11.89","0",,"1","1.000","0","0","1","00:10:00.000","00:10:00.000","00:29:00.000","01:00:00.000","0","0","0","0","0","0","0"
"2026-02-09","7749192","Sicilian Pizza - 2614 Lebanon Pike","Green Leaf Salads","2614 Lebanon Pike  ","Nashville","TN","37214","1","0",,"0",,"0",,"26.57","0.00","0.00","0.00","26.57","1","1.000","1","1.000","0","0","1","00:01:00.000","00:00:00.000","00:24:00.000","00:49:00.000","0","0","0","0","0","0","0"
"2026-02-16","3310395","9th Ave","Mufasa's Pancakes & French Toast","755 9th Ave  ","New York","NY","10019","3","0",,"1","0.333","0",,"65.12","0.00","-12.78","0.00","52.34","2","0.667","3","1.000","0","0","3","00:05:00.000","00:00:00.000","00:09:30.000","00:26:00.000","1","1","0","0","0","0","0"
"2026-02-16","10491640","George St","Jacks Cheesesteaks","228 George St  ","New Brunswick","NJ","08901","1","0",,"0",,"0",,"18.58","0.00","0.00","0.00","18.58","1","1.000","0",,"0","0","1","00:03:00.000","00:00:00.000","00:12:00.000","00:26:00.000","0","0","0","0","0","0","0"
"2026-02-16","9821064","Broadway","Two Hand Burger","4083 Broadway  ","New York","NY","10032","4","1","0.250","0",,"0",,"86.67","-20.98","0.00","0.00","65.69","2","0.500","2","0.500","0","0","4","00:04:00.000","00:02:40.200","00:10:30.000","00:28:30.000","2","1","0","0","0","1","0"
"2026-02-23","5850184","Vernon Boulevard","Penny's Pancakes","38-01 Vernon Blvd  ","Long Island City","NY","11101","1","0",,"0",,"0",,"34.14","0.00","0.00","0.00","34.14","1","1.000","1","1.000","0","0","1","00:04:00.000","00:00:00.000","00:23:00.000","00:41:00.000","0","0","0","0","0","0","0"
"2026-02-16","10334552","N Arizona Ave","Little Italy's Calzones","1368 N Arizona Ave  ","Chandler","AZ","85225","3","0",,"0",,"0",,"94.33","0.00","0.00","0.00","94.33","3","1.000","3","1.000","0","0","3","00:02:00.000","00:01:00.000","00:17:40.200","00:42:19.800","2","1","0","0","1","0","1"
"2026-02-02","2460412",,"Breakfast Burrito Snob","488 Post St ","San Francisco","CA","94102","3","0",,"0",,"0",,"81.12","0.00","0.00","0.00","81.12","3","1.000","3","1.000","0","0","3","00:09:30.000","00:04:45.000","00:09:30.000","00:29:00.000","1","0","0","0","0","1","0"
"2026-01-26","8567328",,"Addictive Burger Bar","711 E Blithedale Ave  ","Mill Valley","CA","94941","1","0",,"0",,"0",,"55.95","0.00","0.00","0.00","55.95","0",,"1","1.000","0","0","1","00:02:00.000","00:01:00.000","00:12:00.000","00:28:00.000","0","0","0","0","0","0","0"
"2026-02-16","3310218","E Bell Rd #132","The Chinese Joint","4015 E Bell Rd  ","Phoenix","AZ","85032","3","0",,"1","0.333","1","0.333","68.44","0.00","-25.38","-25.38","43.06","1","0.333","3","1.000","0","0","3","00:04:00.000","00:00:00.000","00:10:30.000","00:28:00.000","0","0","0","0","0","0","0"
"2026-02-02","2489526",,"The Bagel Savage","1404 Madison Ave  ","New York","NY","10029","2","0",,"0",,"0",,"21.98","0.00","0.00","0.00","21.98","1","0.500","1","0.500","0","0","2","00:01:00.000","00:01:00.000","00:09:00.000","00:36:30.000","0","0","0","0","0","0","0"
"2026-02-23","3300657","30th St","Big Ease Smoothies","34-02 30th St  ","Astoria","NY","11106","1","1","1.000","0",,"0",,"10.18","-10.18","0.00","0.00","0.00","1","1.000","0",,"0","0","1","00:00:00.000","00:00:00.000","00:13:00.000","00:25:00.000","0","0","0","0","0","0","0"
"2026-02-09","5850184","Vernon Boulevard","Penny's Pancakes","38-01 Vernon Blvd  ","Long Island City","NY","11101","1","0",,"0",,"0",,"24.16","0.00","0.00","0.00","24.16","0",,"0",,"0","0","1","00:24:00.000","00:07:00.000","00:10:00.000","00:37:00.000","0","0","0","0","0","0","0"
"2026-02-09","9819608","18300 Vanowen St","K's Slice of Cake","18300 Vanowen St  ","Los Angeles","CA","91335","2","0",,"0",,"0",,"23.76","0.00","0.00","0.00","23.76","1","0.500","1","0.500","0","0","2","00:04:00.000","00:00:00.000","00:08:00.000","00:20:00.000","1","1","0","0","0","0","0"
"2026-01-26","9832880","205 22nd Ave N","Luigi's Pasta Ristorante","329 Union St  ","Nashville","TN","37201","1","0",,"0",,"0",,"20.28","0.00","0.00","0.00","20.28","1","1.000","1","1.000","0","0","1","00:01:00.000","00:01:00.000","00:19:00.000","01:34:00.000","1","1","0","0","0","0","0"
"2026-02-09","6891744","Wholesome Farms Market - 108 Jay St","Gloria's Favorite Greens","108 Jay St  ","Brooklyn","NY","11201","1","0",,"0",,"0",,"15.49","0.00","0.00","0.00","15.49","0",,"0",,"0","0","1","00:07:00.000","00:00:00.000","00:03:00.000","00:14:00.000","0","0","0","0","0","0","0"
"2026-02-02","2795313",,"La Bella Italian Desserts","25-02 Queens Plaza S  ","Long Island City","NY","11101","2","0",,"0",,"0",,"34.05","0.00","0.00","0.00","34.05","0",,"1","0.500","0","0","2","00:02:00.000","00:00:00.000","00:06:30.000","00:14:30.000","0","0","0","0","0","0","0"
"2026-02-09","5028128","3907 Lee Hwy","Breakfast Burrito Joint","3907 Lee Hwy  ","Arlington","VA","22207","1","0",,"0",,"0",,"10.19","0.00","0.00","0.00","10.19","0",,"1","1.000","0","0","1","00:00:00.000","00:00:00.000","00:16:00.000","00:43:00.000","0","0","0","0","0","0","0"
"2026-01-26","3310118","W Indian School Rd","Fried Rice Fanatic","400 W Indian School Rd  ","Phoenix","AZ","85013","1","0",,"0",,"0",,"23.07","0.00","0.00","0.00","23.07","1","1.000","0",,"0","0","1","00:01:00.000","00:00:00.000","00:08:00.000","00:26:00.000","1","1","0","0","0","0","0"
"2026-02-09","2896401",,"Glorious Panini Snob","1219 1st Ave  ","New York","NY","10065","1","0",,"0",,"0",,"14.97","0.00","0.00","0.00","14.97","0",,"1","1.000","0","0","1","00:10:00.000","00:00:00.000","00:09:00.000","00:28:00.000","0","0","0","0","0","0","0"
"2026-02-23","9794808","1401 E Arapaho Rd #F","Ryu's Ramen Bar","1401 E Arapaho Rd  ","Richardson","TX","75081","1","0",,"0",,"0",,"35.28","0.00","0.00","0.00","35.28","1","1.000","1","1.000","0","0","1","00:00:00.000","00:00:00.000","00:40:00.000","00:54:00.000","0","0","0","0","0","0","0"
"2026-02-09","3310407","E Arapaho Rd #F","Master Yamamoto Ramen Bar","1401 E Arapaho Rd  ","Richardson","TX","75081","1","0",,"0",,"0",,"58.05","0.00","0.00","0.00","58.05","0",,"0",,"0","0","1","00:09:00.000","00:00:00.000","00:41:00.000","01:01:00.000","0","0","0","0","0","0","0"
"2026-02-02","5851848","Broadway","The Acai Dream","689 Broadway  ","New York","NY","10012","1","0",,"0",,"0",,"30.78","0.00","0.00","0.00","30.78","1","1.000","1","1.000","0","0","1","00:04:00.000","00:00:00.000","00:08:00.000","00:16:00.000","0","0","0","0","0","0","0"
"2026-02-16","3310782","22nd Ave","The Pasta Slut"," 329 Union St  ","Nashville","TN","37203","1","0",,"0",,"0",,"23.28","0.00","0.00","0.00","23.28","1","1.000","0",,"0","0","1","00:04:00.000","00:04:00.000","00:05:00.000","00:38:00.000","1","1","0","0","0","0","0"
"2026-02-02","2773358",,"The Gourmet Burger (1st Ave)","1741 1st Avenue  ","New York","NY","10128","1","0",,"0",,"0",,"16.98","0.00","0.00","0.00","16.98","1","1.000","1","1.000","0","0","1","00:35:00.000","00:24:00.000","00:13:00.000","00:50:00.000","0","0","0","0","0","0","0"
"2026-02-16","2900807",,"The Omelette Farm (1st Avenue)","1741 1st Avenue  ","New York","NY","10128","4","0",,"0",,"0",,"71.58","0.00","0.00","0.00","71.58","1","0.250","4","1.000","0","0","4","00:11:19.800","00:04:19.800","00:10:00.000","00:27:19.800","0","0","0","0","0","0","0"
"2026-01-26","3309753","W Camelback Rd #103","Noodle And Rice Bar","3446 W Camelback Rd  ","Phoenix","AZ","85017","1","0",,"0",,"0",,"13.29","0.00","0.00","0.00","13.29","0",,"1","1.000","0","0","1","00:05:00.000","00:00:00.000","00:23:00.000","00:40:00.000","0","0","0","0","0","0","0"
"2026-02-16","3312266","1st Avenue","The Smoothie Squeeze","937 1st Ave.  ","New York","NY","10022","3","0",,"0",,"0",,"88.86","0.00","0.00","0.00","88.86","3","1.000","0",,"0","0","3","00:05:00.000","00:00:00.000","00:08:40.200","00:18:40.200","0","0","0","0","0","0","0"
"2026-01-26","9811888","Avenue A","Luke's Breakfast Wraps","93 Avenue A  ","New York","NY","10009","1","0",,"0",,"0",,"18.17","0.00","0.00","0.00","18.17","1","1.000","1","1.000","0","0","1","00:09:00.000","00:09:00.000","00:29:00.000","01:38:00.000","0","0","0","0","0","0","0"
"2026-02-02","7332936","Millan's Pizzeria North Hollywood","Fine Line Desserts","12453 Oxnard St  ","Los Angeles","CA","91606","1","0",,"0",,"0",,"14.38","0.00","0.00","0.00","14.38","0",,"1","1.000","0","0","1","00:02:00.000","00:00:00.000","00:08:00.000","00:13:00.000","0","0","0","0","0","0","0"
"2026-02-09","7098800","Mas Chingon Mexican Grill - 1541 Glenn School Rd","Burrito Lovers Bar","1541 Glenn School Rd  ","Durham","NC","27704","1","0",,"0",,"0",,"24.77","0.00","0.00","0.00","24.77","1","1.000","1","1.000","0","0","1","00:01:00.000","00:01:00.000","00:18:00.000","00:39:00.000","0","0","0","0","0","0","0"
"2026-02-23","10063864","Broadway","Bart's Burger Bar","3661 Broadway  ","New York","NY","10031","1","0",,"0",,"0",,"33.64","0.00","0.00","0.00","33.64","0",,"1","1.000","0","0","1","00:01:00.000","00:00:00.000","00:17:00.000","00:29:00.000","0","0","0","0","0","0","0"
"2026-02-02","3309685","Avenue A","Casa De Quesadilla","93 Avenue A  ","New York","NY","10009","1","0",,"0",,"0",,"16.49","0.00","0.00","0.00","16.49","1","1.000","1","1.000","0","0","1","00:01:00.000","00:01:00.000","00:26:00.000","01:45:00.000","0","0","0","0","0","0","0"
"2026-02-16","2730077",,"Halal Pasta Lounge","1338 Polk St  ","San Francisco","CA","94109","4","0",,"1","0.250","1","0.250","266.34","0.00","-37.97","-37.97","228.37","2","0.500","1","0.250","0","0","4","00:01:19.800","00:01:19.800","00:09:00.000","00:31:40.200","0","0","0","0","0","0","0"
"2026-02-09","3311297","Hillside Ave","The Chopped Salad","164-01 Hillside Avenue  ","Jamaica","NY","11432","3","0",,"0",,"0",,"47.55","0.00","0.00","0.00","47.55","2","0.667","2","0.667","0","0","3","00:03:15.000","00:00:00.000","00:14:45.000","00:26:00.000","0","0","0","0","0","0","0"
"2026-02-02","2457881",,"Chicken Tenders Bar","1929 Chestnut St ","Philadelphia","PA","19103","5","0",,"0",,"0",,"93.91","0.00","0.00","0.00","93.91","1","0.200","5","1.000","0","0","5","00:01:12.000","00:00:36.000","00:20:36.000","00:46:30.000","0","0","0","0","0","0","0"
"2026-02-09","6895688","Not Just Pizza - 2240 S 11th St","Heaven's Burgers","2240 S 11th St  ","Philadelphia","PA","19148","2","1","0.500","0",,"0",,"45.85","-3.59","0.00","0.00","42.26","2","1.000","0",,"0","0","2","00:02:00.000","00:00:30.000","00:14:00.000","00:39:30.000","0","0","0","0","0","0","0"
"2026-02-23","2772855",,"Bosscat Cheesesteaks (1st Ave)","1741 1st Ave  ","New York","NY","10128","1","0",,"0",,"0",,"28.96","0.00","0.00","0.00","28.96","0",,"1","1.000","0","0","1","00:14:00.000","00:00:00.000","00:32:00.000","00:50:00.000","0","0","0","0","0","0","0"
"2026-02-23","10063848","Homestead Rd","Francesco Pasta Ristorante","2898 Homestead Rd  ","Santa Clara","CA","95051","3","0",,"0",,"0",,"148.31","0.00","0.00","0.00","148.31","1","0.333","3","1.000","0","0","3","00:04:45.000","00:02:45.000","00:12:45.000","00:44:30.000","0","0","0","0","0","0","0"
"2026-02-16","6896760","Twin Donut Mexican Grill - 3 W Fordham Rd","Fiesta Mexican Spot","3 W Fordham Rd  ","Bronx","NY","10468","1","0",,"0",,"0",,"42.36","0.00","0.00","0.00","42.36","1","1.000","1","1.000","0","0","1","00:10:00.000","00:10:00.000","00:23:00.000","01:09:00.000","0","0","0","0","0","0","0"
"2026-02-16","9824152","1174 Chapel St","Slapjack Pancakes","1174 Chapel St  ","New Haven","CT","06511","1","0",,"0",,"0",,"25.85","0.00","0.00","0.00","25.85","0",,"0",,"0","0","1","00:02:00.000","00:01:00.000","00:33:00.000","00:49:00.000","0","0","0","0","0","0","0"
"2026-02-09","4517160","1741 1st Avenue","Aldo's Wraps Spot","1741 1st Ave.  ","New York","NY","10128","1","0",,"0",,"0",,"12.39","0.00","0.00","0.00","12.39","1","1.000","1","1.000","0","0","1","00:06:00.000","00:00:00.000","00:05:00.000","00:13:00.000","0","0","0","0","0","0","0"
"2026-01-26","1938468",,"Stella's Pancake Bar","937 1st Avenue ","New York","NY","10022","5","0",,"0",,"0",,"93.65","0.00","0.00","0.00","93.65","4","0.800","5","1.000","0","0","5","00:01:36.000","00:01:24.000","00:13:24.000","00:48:36.000","0","0","0","0","0","0","0"
"2026-02-02","3311360","Queens Plaza S","Sal's Smoothie Spot","25-02 Queens Plaza S  ","Queens","NY","11101","2","0",,"0",,"0",,"25.65","0.00","0.00","0.00","25.65","1","0.500","2","1.000","0","0","2","00:01:00.000","00:00:00.000","00:10:00.000","00:21:00.000","0","0","0","0","0","0","0"
"2026-02-09","9832880","205 22nd Ave N","Luigi's Pasta Ristorante","329 Union St  ","Nashville","TN","37201","3","0",,"0",,"0",,"79.73","0.00","0.00","0.00","79.73","2","0.667","2","0.667","0","0","3","00:01:00.000","00:01:00.000","00:15:40.200","00:50:19.800","0","0","0","0","0","0","0"
"2026-01-26","9832944","1708 Livernois Rd","The Pasta Brothers","1708 Livernois Rd  ","Troy","MI","48083","1","0",,"0",,"0",,"26.58","0.00","0.00","0.00","26.58","1","1.000","1","1.000","0","0","1","00:04:00.000","00:02:00.000","00:30:00.000","00:47:00.000","0","0","0","0","0","0","0"
"2026-02-16","2847689",,"Sam's Sandwich Spot (Bedford Ave)","265 Bedford Ave  ","Brooklyn","NY","11211","1","0",,"0",,"0",,"18.88","0.00","0.00","0.00","18.88","1","1.000","0",,"0","0","1","00:02:00.000","00:00:00.000","00:08:00.000","00:22:00.000","0","0","0","0","0","0","0"
"2026-02-09","2285322",,"The Pasta Slut","1338 Polk St  ","San Francisco","CA","94109","9","0",,"0",,"0",,"373.71","0.00","0.00","0.00","373.71","4","0.444","8","0.889","0","0","9","00:02:06.000","00:00:07.800","00:10:25.800","00:29:52.200","0","0","0","0","0","0","0"
"2026-02-09","3310118","W Indian School Rd","Fried Rice Fanatic","400 W Indian School Rd  ","Phoenix","AZ","85013","7","0",,"1","0.143","1","0.143","158.03","0.00","-20.97","-20.97","137.06","5","0.714","5","0.714","0","0","7","00:03:06.600","00:00:00.000","00:14:06.600","00:30:00.000","1","1","0","0","0","0","0"
"2026-02-16","10935104","Agnew Rd","Village Wraps Snob","2026 Agnew Rd  ","Santa Clara","CA","95054","3","0",,"0",,"0",,"73.82","0.00","0.00","0.00","73.82","1","0.333","2","0.667","0","0","3","00:03:40.200","00:01:19.800","00:11:40.200","00:31:00.000","0","0","0","0","0","0","0"
"2026-02-09","7749200","APPLETREE MARKET - 1225 Amsterdam Ave","Mighty Grilled Cheese","1225 Amsterdam Ave  ","New York","NY","10027","2","0",,"0",,"0",,"51.73","0.00","0.00","0.00","51.73","2","1.000","2","1.000","0","0","2","00:06:00.000","00:02:30.000","00:08:30.000","00:26:00.000","0","0","0","0","0","0","0"
"2026-02-09","9819560","245 E Houston St","The Dessert Dream","245 E Houston St  ","New York","NY","10002","5","1","0.200","0",,"0",,"92.33","-7.70","0.00","0.00","84.63","3","0.600","4","0.800","0","0","5","00:03:52.800","00:01:30.000","00:06:00.000","00:22:52.800","1","1","0","0","0","0","0"
"2026-02-16","10929168","Agnew Rd","Priya's Indian Kitchen","2026 Agnew Rd  ","Santa Clara","CA","95054","1","0",,"0",,"0",,"23.07","0.00","0.00","0.00","23.07","1","1.000","0",,"0","0","1","00:01:00.000","00:00:00.000","00:09:00.000","00:19:00.000","0","0","0","0","0","0","0"
"2026-02-16","2786868",,"Ali's Gyro Lab","590 32nd St  ","Union City","NJ","07087","1","0",,"0",,"0",,"65.04","0.00","0.00","0.00","65.04","1","1.000","1","1.000","0","0","1","00:02:00.000","00:02:00.000","00:20:00.000","01:17:00.000","0","0","0","0","0","0","0"
"2026-02-16","9815016","3907 Lee Hwy","Top Notch Sandwiches","3907 Lee Hwy  ","Arlington","VA","22207","1","0",,"1","1.000","1","1.000","12.29","0.00","-12.29","-12.29","0.00","1","1.000","1","1.000","0","0","1",,,,,"0","0","0","0","0","0","0"
"2026-01-26","5930240","689 Broadway","Queen's Quesadillas","689 Broadway  ","New York","NY","10012","1","0",,"0",,"0",,"26.57","0.00","0.00","0.00","26.57","1","1.000","1","1.000","0","0","1","00:00:00.000","00:00:00.000","00:17:00.000","01:18:00.000","0","0","0","0","0","0","0"
"2026-02-16","6893832","Aroma Pizza & Pasta - 20491 Alton Pkwy","Firenze Pasta Ristorante","20491 Alton Pkwy  ","Lake Forest","CA","92610","1","0",,"0",,"0",,"113.05","0.00","0.00","0.00","113.05","0",,"1","1.000","0","0","1","00:13:00.000","00:13:00.000","00:13:00.000","00:46:00.000","0","0","0","0","0","0","0"
"2026-02-09","5850288","1st Avenue","Tessa's Fruity Treats","1741 1st Ave.  ","New York","NY","10128","1","0",,"0",,"0",,"14.47","0.00","0.00","0.00","14.47","0",,"1","1.000","0","0","1","00:01:00.000","00:01:00.000","00:19:00.000","00:59:00.000","0","0","0","0","0","0","0"
"2026-02-09","1946629",,"Village Breakfast Snob","59 4th Ave ","New York","NY","10003","7","1","0.143","0",,"0",,"213.73","-20.97","0.00","0.00","192.76","2","0.286","3","0.429","0","0","7","00:02:30.000","00:00:00.000","00:07:48.000","00:20:48.000","0","0","0","0","0","0","0"
"2026-02-02","2560441",,"Danny's Desserts","1147 West Chester Pike ","West Chester","PA","19382","2","0",,"0",,"0",,"38.34","0.00","0.00","0.00","38.34","2","1.000","2","1.000","0","0","2","00:00:00.000","00:00:00.000","00:23:00.000","00:45:30.000","0","0","0","0","0","0","0"
"2026-02-23","3326398","W 34th st","Heaven's Burgers","433 W 34th St  ","New York","NY","10001","1","0",,"0",,"0",,"41.75","0.00","0.00","0.00","41.75","1","1.000","1","1.000","0","0","1","00:01:00.000","00:00:00.000","00:04:00.000","00:15:00.000","0","0","0","0","0","0","0"
"2026-02-23","3326032","30th St","NY Dessert Bar","34-02 30th St  ","Astoria","NY","11106","1","0",,"0",,"0",,"23.07","0.00","0.00","0.00","23.07","1","1.000","0",,"0","0","1","00:01:00.000","00:01:00.000","00:21:00.000","01:30:00.000","0","0","0","0","0","0","0"
"2026-02-16","3309272","Washington Blvd","Super Burrito Bar","109 Washington Blvd  ","Marina del Rey","CA","90292","2","0",,"0",,"0",,"30.18","0.00","0.00","0.00","30.18","0",,"2","1.000","0","0","2","00:05:30.000","00:00:00.000","00:08:00.000","00:24:00.000","0","0","0","0","0","0","0"
"2026-02-23","3310209","W Greenway Rd","Linh's Chinese Restaurant","13011 W Greenway Rd  ","El Mirage","AZ","85335","2","0",,"0",,"0",,"29.48","0.00","0.00","0.00","29.48","0",,"2","1.000","0","0","2","00:01:30.000","00:00:00.000","00:11:00.000","00:25:30.000","0","0","0","0","0","0","0"
"2026-02-23","5321760","Yue Bai Wei - 5874 Forbes Ave","The Stir Fry Bar","5874 Forbes Ave  ","Pittsburgh","PA","15217","4","0",,"0",,"0",,"101.52","0.00","0.00","0.00","101.52","0",,"4","1.000","0","0","4","00:04:40.200","00:00:00.000","00:16:10.200","00:33:40.200","1","1","0","0","0","0","0"
"2026-02-16","3310209","W Greenway Rd","Linh's Chinese Restaurant","13011 W Greenway Rd  ","El Mirage","AZ","85335","1","0",,"0",,"0",,"50.15","0.00","0.00","0.00","50.15","0",,"1","1.000","0","0","1","00:03:00.000","00:00:00.000","00:14:00.000","00:21:00.000","0","0","0","0","0","0","0"
"2026-02-23","10375512","W 34th","Wonka's Smoothie Bar","433 W 34th St.  ","New York","NY","10001","1","0",,"0",,"0",,"26.57","0.00","0.00","0.00","26.57","1","1.000","1","1.000","0","0","1","00:07:00.000","00:00:00.000","00:04:00.000","00:19:00.000","0","0","0","0","0","0","0"
"2026-02-16","2406921",,"NY Breakfast Spot","1424 Lexington Ave ","New York","NY","10128","3","0",,"0",,"0",,"38.51","0.00","0.00","0.00","38.51","1","0.333","3","1.000","0","0","3","00:04:15.000","00:02:30.000","00:09:45.000","00:24:15.000","1","1","0","0","0","0","0"
"2026-02-02","2847690",,"Greek Gyro Spot (Bedford Ave)","265 Bedford Ave  ","New York","NY","11211","2","0",,"0",,"0",,"115.66","0.00","0.00","0.00","115.66","1","0.500","1","0.500","0","0","2","00:02:30.000","00:02:30.000","00:06:00.000","00:35:00.000","0","0","0","0","0","0","0"
"2026-02-02","6154632","3955 Bronxwood Ave","Mac N' Cheez Hut","3955 Bronxwood Ave  ","Bronx","NY","10466","3","0",,"0",,"0",,"49.95","0.00","0.00","0.00","49.95","3","1.000","1","0.333","0","0","3","00:06:30.000","00:03:15.000","00:18:45.000","00:42:45.000","0","0","0","0","0","0","0"
"2026-02-23","10359536","Polk St","Sicily's Calzone House","1338 Polk St  ","San Francisco","CA","94109","3","1","0.333","0",,"0",,"155.36","-32.97","0.00","0.00","122.39","2","0.667","3","1.000","0","0","3","00:02:40.200","00:00:19.800","00:08:40.200","00:19:00.000","0","0","0","0","0","0","0"
"2026-02-16","10929320","E 125th St","The Mexican Cocina","135 E 125th St  ","New York","NY","10035","1","0",,"0",,"0",,"39.16","0.00","0.00","0.00","39.16","0",,"1","1.000","0","0","1","00:21:00.000","00:01:00.000","00:23:00.000","00:50:00.000","0","0","0","0","0","0","0"
"2026-02-09","2773049",,"The Panini Project (1st Avenue)","937 1st Avenue  ","New York","NY","10022","2","0",,"0",,"0",,"29.90","0.00","0.00","0.00","29.90","0",,"2","1.000","0","0","2","00:02:00.000","00:00:00.000","00:01:30.000","00:07:00.000","0","0","0","0","0","0","0"
"2026-02-02","3310455","Fulton St","The Pancake Flip","1237 Fulton St  ","Brooklyn","NY","11216","9","1","0.111","0",,"0",,"235.62","-8.38","0.00","0.00","227.24","7","0.778","6","0.667","0","0","9","00:02:33.600","00:00:48.600","00:09:03.600","00:29:03.600","1","0","0","0","1","0","1"
"2026-02-02","7101064","Pizza Zone","Amore Pasta Ristorante","3618 N Pennsylvania Ave  ","Oklahoma City","OK","73112","1","0",,"0",,"0",,"16.48","0.00","0.00","0.00","16.48","0",,"1","1.000","0","0","1","00:04:00.000","00:04:00.000","00:09:00.000","00:36:00.000","0","0","0","0","0","0","0"
"2026-01-26","7753880","APPLETREE MARKET - 1225 Amsterdam Ave","Two Hand Burger","1225 Amsterdam Ave  ","New York","NY","10027","1","0",,"0",,"0",,"41.66","0.00","0.00","0.00","41.66","1","1.000","1","1.000","0","0","1","00:04:00.000","00:00:00.000","00:06:00.000","00:22:00.000","1","1","0","0","0","0","0"
"2026-02-23","9824064","18300 Vanowen Street Suite 3","BigLeaf Salads","18300 Vanowen St  ","Los Angeles","CA","91335","1","0",,"0",,"0",,"51.05","0.00","0.00","0.00","51.05","1","1.000","1","1.000","0","0","1","00:24:00.000","00:19:00.000","00:04:00.000","00:37:00.000","0","0","0","0","0","0","0"
"2026-02-02","8565936",,"Two Hand Burger","6600 W Sylvania Ave  ","Sylvania","OH","43560","1","0",,"0",,"0",,"17.17","0.00","0.00","0.00","17.17","0",,"1","1.000","0","0","1","00:01:00.000","00:00:00.000","00:04:00.000","00:16:00.000","1","1","0","0","0","0","1"
"2026-01-26","6891656","Wholesome Farms Market - 840 Fulton St","Olivia's Breakfast Cafe","840 Fulton St  ","Brooklyn","NY","11238","1","1","1.000","0",,"0",,"24.85","-4.59","0.00","0.00","20.26","1","1.000","1","1.000","0","0","1","00:20:00.000","00:00:00.000","00:10:00.000","00:33:00.000","0","0","0","0","0","0","0"
"2026-02-09","4842280","783 Hillside Avenue","Smokin' Burger Grille","783 Hillside Avenue  ","New Hyde Park","NY","11040","1","0",,"0",,"0",,"14.98","0.00","0.00","0.00","14.98","0",,"1","1.000","0","0","1","00:11:00.000","00:11:00.000","00:12:00.000","00:41:00.000","0","0","0","0","0","0","0"
"2026-02-09","5024688","296 3rd Ave","Savage Juice Bar","296 3rd Ave  ","New York","NY","10010","2","0",,"0",,"0",,"29.15","0.00","0.00","0.00","29.15","1","0.500","2","1.000","0","0","2","00:12:00.000","00:07:00.000","00:08:00.000","00:36:00.000","0","0","0","0","0","0","0"
"2026-02-23","2930271",,"Bosscat Burgers","1219 1st Avenue  ","New York","NY","10065","1","0",,"0",,"0",,"25.47","0.00","0.00","0.00","25.47","0",,"1","1.000","0","0","1","00:08:00.000","00:08:00.000","00:17:00.000","00:43:00.000","0","0","0","0","0","0","0"
"2026-02-09","5849256","East Main St","City Light Wraps","1947 E Main St  ","Ventura","CA","93001","1","0",,"0",,"0",,"36.44","0.00","0.00","0.00","36.44","1","1.000","1","1.000","0","0","1","00:06:00.000","00:02:00.000","00:14:00.000","00:36:00.000","1","0","1","0","0","0","0"
"2026-02-02","4831632","1 Kedron Ave Unit 4","Stromboli House","1 Kedron Ave  ","Morton","PA","19070","1","0",,"0",,"0",,"27.66","0.00","0.00","0.00","27.66","0",,"1","1.000","0","0","1","00:00:00.000","00:00:00.000","00:40:00.000","01:07:00.000","0","0","0","0","0","0","0"
"2026-02-16","3300958","30th St","Sin City Burger Spot","34-02 30th St  ","Astoria","NY","11106","2","0",,"0",,"0",,"51.44","0.00","0.00","0.00","51.44","0",,"1","0.500","0","0","2","00:06:00.000","00:00:00.000","00:05:30.000","00:15:30.000","0","0","0","0","0","0","0"
"2026-02-09","10359464","1st Ave","The Pasta Brothers","589 1st Ave.  ","New York","NY","10016","1","0",,"0",,"0",,"31.98","0.00","0.00","0.00","31.98","1","1.000","0",,"0","0","1","00:02:00.000","00:00:00.000","00:02:00.000","00:28:00.000","0","0","0","0","0","0","0"
"2026-01-26","9820976","4955 Voltaire St","The Smoothie Savage","4955 Voltaire St  ","San Diego","CA","92107","1","0",,"0",,"0",,"22.77","0.00","0.00","0.00","22.77","1","1.000","1","1.000","0","0","1","00:02:00.000","00:02:00.000","00:18:00.000","00:45:00.000","0","0","0","0","0","0","0"
"2026-02-16","10938064","8th Ave","Luigi's Pasta Ristorante","300 8th Ave  ","New York","NY","10001","2","0",,"0",,"0",,"50.37","0.00","0.00","0.00","50.37","0",,"1","0.500","0","0","2","00:05:00.000","00:00:00.000","00:20:00.000","00:30:30.000","0","0","0","0","0","0","0"
"2026-02-16","2711539",,"Addictive Burger Bar (4th Ave)","59 4th Ave  ","New York","NY","10003","1","0",,"0",,"0",,"8.99","0.00","0.00","0.00","8.99","1","1.000","1","1.000","0","0","1","00:01:00.000","00:00:00.000","00:02:00.000","00:24:00.000","0","0","0","0","0","0","0"
"2026-02-02","3310956","N Broadway","The Montage Vegetarian","854 N Broadway  ","White Plains","NY","10603","1","0",,"0",,"0",,"65.97","0.00","0.00","0.00","65.97","0",,"1","1.000","0","0","1","00:06:00.000","00:00:00.000","00:17:00.000","00:35:00.000","0","0","0","0","0","0","0"
"2026-02-23","6536784","Asian Fusion Cafe - 4957 Winters Chapel Rd Suite B","The Chinese Noodle Palace","4957 Winters Chapel Rd  ","Dunwoody","GA","30360","1","0",,"0",,"0",,"70.05","0.00","0.00","0.00","70.05","1","1.000","0",,"0","0","1","00:13:00.000","00:12:00.000","00:29:00.000","01:01:00.000","0","0","0","0","0","0","0"
"2026-02-02","7753880","APPLETREE MARKET - 1225 Amsterdam Ave","Two Hand Burger","1225 Amsterdam Ave  ","New York","NY","10027","1","0",,"0",,"0",,"22.38","0.00","0.00","0.00","22.38","1","1.000","0",,"0","0","1","00:06:00.000","00:00:00.000","00:16:00.000","00:33:00.000","0","0","0","0","0","0","0"
"2026-02-09","5852272","Hillside Ave","NY Burrito Bar","26801 Hillside Avenue  ","Glen Oaks","NY","11004","1","0",,"0",,"0",,"18.78","0.00","0.00","0.00","18.78","0",,"1","1.000","0","0","1","00:21:00.000","00:13:00.000","00:04:00.000","00:38:00.000","0","0","0","0","0","0","0"
"2026-02-09","3310664","N Broadway","Two Hand Burger","854 N Broadway  ","White Plains","NY","10603","1","0",,"0",,"0",,"79.93","0.00","0.00","0.00","79.93","1","1.000","1","1.000","0","0","1","00:01:00.000","00:00:00.000","00:15:00.000","00:32:00.000","1","1","0","0","0","0","0"
"2026-02-16","6156496","839 W University Dr","Olivia's Omelettes","839 W University Dr  ","Tempe","AZ","85281","1","0",,"0",,"0",,"15.78","0.00","0.00","0.00","15.78","1","1.000","1","1.000","0","0","1","00:02:00.000","00:02:00.000","00:17:00.000","00:59:00.000","0","0","0","0","0","0","0"
"2026-02-09","2786868",,"Ali's Gyro Lab","590 32nd St  ","Union City","NJ","07087","2","0",,"0",,"0",,"83.92","0.00","0.00","0.00","83.92","2","1.000","2","1.000","0","0","2","00:12:30.000","00:08:00.000","00:32:00.000","01:06:00.000","0","0","0","0","0","0","0"
"2026-02-09","3310956","N Broadway","The Montage Vegetarian","854 N Broadway  ","White Plains","NY","10603","1","0",,"0",,"0",,"105.95","0.00","0.00","0.00","105.95","0",,"1","1.000","0","0","1","00:10:00.000","00:00:00.000","00:56:00.000","01:16:00.000","1","1","0","0","0","0","0"
"2026-02-02","10611360","Utica Ave","Bobby's Caribbean Grill","2102 Utica Ave  ","Brooklyn","NY","11234","1","0",,"0",,"0",,"36.08","0.00","0.00","0.00","36.08","0",,"1","1.000","0","0","1","00:04:00.000","00:04:00.000","00:08:00.000","00:50:00.000","0","0","0","0","0","0","0"
"2026-02-09","2562680",,"Devil's Hot Wings","820 Pennsylvania Ave  ","Pittsburgh","PA","15233","1","0",,"0",,"0",,"17.97","0.00","0.00","0.00","17.97","1","1.000","1","1.000","0","0","1","00:01:00.000","00:01:00.000","00:25:00.000","00:46:00.000","0","0","0","0","0","0","0"
"2026-02-02","6157016","2909A Queens Plaza North","Luca's Chicken Wings","2909 Queens Plaza N  ","Long Island City","NY","11101","2","0",,"0",,"0",,"121.46","0.00","0.00","0.00","121.46","1","0.500","2","1.000","0","0","2","00:14:30.000","00:09:30.000","00:19:30.000","00:48:30.000","0","0","0","0","0","0","0"
"2026-02-16","3310454","Fulton St","Mary's Waffle Bar","1237 Fulton St  ","Brooklyn","NY","11216","1","0",,"0",,"0",,"12.69","0.00","0.00","0.00","12.69","1","1.000","0",,"0","0","1","00:01:00.000","00:00:00.000","00:12:00.000","00:25:00.000","0","0","0","0","0","0","0"
"2026-02-09","10929376","W Broadway","The Vegetarian Cafe","330 W Broadway  ","New York","NY","10013","1","0",,"1","1.000","1","1.000","26.55","0.00","-26.55","-26.55","0.00","1","1.000","0",,"0","0","1",,,,,"0","0","0","0","0","0","0"
"2026-02-02","6891720","Wholesome Farms Market - 1306 Atlantic Ave","Green Leaf Salads","1306 Atlantic Ave  ","Brooklyn","NY","11216","6","0",,"0",,"0",,"112.83","0.00","0.00","0.00","112.83","4","0.667","4","0.667","0","0","6","00:04:15.000","00:01:40.200","00:13:55.200","00:34:40.199","0","0","0","0","0","0","0"
"2026-02-09","1968311",,"Penny's Pancakes","1237 Fulton Street  ","Brooklyn","NY","11216","1","0",,"0",,"0",,"12.98","0.00","0.00","0.00","12.98","0",,"0",,"0","0","1","00:02:00.000","00:00:00.000","00:17:00.000","00:31:00.000","0","0","0","0","0","0","0"
"2026-02-02","3310756","N Broadway","London's Fish N Chips","854 N Broadway  ","White Plains","NY","10603","3","0",,"0",,"0",,"119.88","0.00","0.00","0.00","119.88","1","0.333","1","0.333","0","0","3","00:02:00.000","00:02:00.000","00:18:30.000","00:34:15.000","0","0","0","0","0","0","0"
"2026-02-23","5028264","600 Washington Ave","Crunchy Banh Mi","600 Washington Ave  ","Philadelphia","PA","19147","2","0",,"0",,"0",,"52.25","0.00","0.00","0.00","52.25","2","1.000","2","1.000","0","0","2","00:02:00.000","00:00:30.000","00:07:00.000","00:24:00.000","0","0","0","0","0","0","0"
"2026-02-16","4831776","34-02 30th St","Dangerous Ice Cream","34-02 30th St  ","Astoria","NY","11106","1","0",,"0",,"0",,"17.48","0.00","0.00","0.00","17.48","0",,"0",,"0","0","1","00:01:00.000","00:00:00.000","00:06:00.000","00:15:00.000","0","0","0","0","0","0","0"
"2026-02-16","3301264","30th St","Viva Vegan Sandwiches","34-02 30th St  ","Astoria","NY","11106","2","0",,"0",,"0",,"62.94","0.00","0.00","0.00","62.94","1","0.500","1","0.500","0","0","2","00:07:30.000","00:00:00.000","00:04:30.000","00:19:00.000","0","0","0","0","0","0","0"
"2026-02-23","8563008",,"The Pasta Story","43 W Flagler St  ","Miami","FL","33130","2","0",,"0",,"0",,"31.48","0.00","0.00","0.00","31.48","1","0.500","1","0.500","0","0","2","00:04:30.000","00:02:30.000","00:14:00.000","00:33:30.000","0","0","0","0","0","0","0"
"2026-02-02","2382052",,"The Burrito Snob","4352 E Speedway Blvd ","Tucson","AZ","85712","4","0",,"0",,"0",,"81.93","0.00","0.00","0.00","81.93","3","0.750","4","1.000","0","0","4","00:02:19.800","00:02:00.000","00:23:00.000","00:43:19.800","0","0","0","0","0","0","0"
"2026-02-09","1967490",,"The Omelette Farm","589 1st Avenue ","New York","NY","10016","10","0",,"0",,"0",,"243.42","0.00","0.00","0.00","243.42","4","0.400","6","0.600","0","0","10","00:03:34.800","00:01:19.800","00:08:10.200","00:31:34.800","3","2","1","0","0","0","0"
"2026-02-09","2382052",,"The Burrito Snob","4352 E Speedway Blvd ","Tucson","AZ","85712","1","0",,"0",,"0",,"21.95","0.00","0.00","0.00","21.95","0",,"1","1.000","0","0","1","00:04:00.000","00:04:00.000","00:21:00.000","00:34:00.000","0","0","0","0","0","0","0"
"2026-02-16","3310203","9th Ave","The Juice Empire","755 9th Ave  ","New York","NY","10019","6","0",,"1","0.167","1","0.167","194.41","0.00","-29.06","-29.06","165.35","4","0.667","4","0.667","0","0","6","00:06:00.000","00:01:40.200","00:08:26.400","00:26:30.000","0","0","0","0","0","0","0"
"2026-02-16","3343893","2755 Broadway","Panini's On Panini's","2755 Broadway  ","New York","NY","10025","2","0",,"0",,"0",,"36.15","0.00","0.00","0.00","36.15","0",,"0",,"0","0","2","00:03:30.000","00:00:00.000","00:10:30.000","00:21:30.000","0","0","0","0","0","0","0"
"2026-02-09","10932224","E McDowell Rd","Exquisite Bowls","8770 E McDowell Rd  ","Scottsdale","AZ","85257","2","0",,"0",,"0",,"56.03","0.00","0.00","0.00","56.03","2","1.000","2","1.000","0","0","2","00:01:00.000","00:00:30.000","00:23:30.000","00:45:00.000","1","0","0","0","1","0","1"
"2026-02-16","2116552",,"The Burger Trilogy","5155 3rd St  ","San Francisco","CA","94124","3","2","0.667","0",,"0",,"67.58","-14.36","0.00","0.00","53.22","0",,"3","1.000","0","0","3","00:03:00.000","00:01:00.000","00:09:00.000","00:30:40.200","1","1","0","0","0","0","1"
"2026-02-02","10496520","1st Avenue","Quinten's Quinoa Bowls","937 1st Ave.  ","New York","NY","10022","1","1","1.000","0",,"0",,"15.39","-15.39","0.00","0.00","0.00","1","1.000","1","1.000","0","0","1","00:09:00.000","00:00:00.000","00:15:00.000","00:31:00.000","0","0","0","0","0","0","0"
"2026-02-23","3310235","Queens Plaza S","Slapjack Pancakes","25-02 Queens Plaza S  ","Queens","NY","11101","1","0",,"0",,"0",,"10.17","0.00","0.00","0.00","10.17","1","1.000","1","1.000","0","0","1","00:11:00.000","00:00:00.000","00:09:00.000","00:27:00.000","0","0","0","0","0","0","0"
"2026-01-26","5024720","3907 Lee Hwy","First Light Breakfast Cafe","3907 Lee Hwy  ","Arlington","VA","22207","1","0",,"0",,"0",,"19.97","0.00","0.00","0.00","19.97","1","1.000","1","1.000","0","0","1","00:01:00.000","00:00:00.000","00:33:00.000","00:48:00.000","0","0","0","0","0","0","0"
"2026-02-09","3310236","Queens Plaza S","The Pasta Story","25-02 Queens Plaza S  ","Queens","NY","11101","1","0",,"0",,"0",,"36.76","0.00","0.00","0.00","36.76","1","1.000","0",,"0","0","1","00:16:00.000","00:05:00.000","00:11:00.000","00:36:00.000","0","0","0","0","0","0","0"
"2026-02-09","2772855",,"Bosscat Cheesesteaks (1st Ave)","1741 1st Ave  ","New York","NY","10128","1","0",,"0",,"0",,"20.97","0.00","0.00","0.00","20.97","1","1.000","1","1.000","0","0","1","00:08:00.000","00:00:00.000","00:03:00.000","00:12:00.000","0","0","0","0","0","0","0"
"2026-02-09","4833232","197 Havemeyer St.","Mediterranean Salad Chop","197 Havemeyer St  ","Brooklyn","NY","11211","2","0",,"0",,"0",,"32.18","0.00","0.00","0.00","32.18","2","1.000","1","0.500","0","0","2","00:01:30.000","00:00:30.000","00:17:30.000","00:36:00.000","0","0","0","0","0","0","0"
"2026-02-23","5851864","Broadway","Aldo's Wraps Spot","689 Broadway  ","New York","NY","10012","2","0",,"0",,"0",,"44.75","0.00","0.00","0.00","44.75","2","1.000","2","1.000","0","0","2","00:02:00.000","00:00:00.000","00:06:00.000","00:13:00.000","0","0","0","0","0","0","0"
"2026-02-16","2795313",,"La Bella Italian Desserts","25-02 Queens Plaza S  ","Long Island City","NY","11101","1","0",,"0",,"0",,"24.07","0.00","0.00","0.00","24.07","1","1.000","1","1.000","0","0","1","00:01:00.000","00:00:00.000","00:18:00.000","00:37:00.000","0","0","0","0","0","0","0"
"2026-02-02","3301276","7th Ave","Holy Grail Omelettes","154 7th Ave  ","New York","NY","10011","4","0",,"0",,"0",,"71.17","0.00","0.00","0.00","71.17","2","0.500","2","0.500","0","0","4","00:03:00.000","00:00:00.000","00:07:10.200","00:19:30.000","2","2","0","0","0","0","0"
"2026-02-23","8568728",,"Evan's Burger Empire","1175 2nd Ave  ","New York","NY","10065","1","0",,"0",,"0",,"27.98","0.00","0.00","0.00","27.98","1","1.000","1","1.000","0","0","1","00:09:00.000","00:00:00.000","00:08:00.000","00:33:00.000","0","0","0","0","0","0","0"
"2026-02-16","3309881","Sullivan St","The Village Smoothie Spot","240 Sullivan St  ","New York","NY","10012","6","0",,"0",,"0",,"147.82","0.00","0.00","0.00","147.82","3","0.500","3","0.500","0","0","6","00:03:30.000","00:00:19.800","00:10:15.000","00:25:04.800","1","1","0","0","0","0","0"
"2026-02-09","2795075",,"The Panini Project","59 4th Ave  ","New York","NY","10003","1","0",,"0",,"0",,"22.48","0.00","0.00","0.00","22.48","0",,"0",,"0","0","1","00:00:00.000","00:00:00.000","00:28:00.000","00:43:00.000","0","0","0","0","0","0","0"
"2026-02-16","1938271",,"Maria's Italian Meatballs","937 1st Avenue ","New York","NY","10022","2","0",,"0",,"0",,"39.87","0.00","0.00","0.00","39.87","1","0.500","2","1.000","0","0","2","00:04:00.000","00:00:00.000","00:10:00.000","00:21:30.000","0","0","0","0","0","0","0"
"2026-01-26","4510336","937 1st Avenue","Jay's Breakfast Bar","937 1st Ave.  ","New York","NY","10022","2","0",,"0",,"0",,"63.11","0.00","0.00","0.00","63.11","0",,"2","1.000","0","0","2","00:15:00.000","00:04:00.000","00:05:00.000","00:29:30.000","0","0","0","0","0","0","0"
"2026-02-09","8564296",,"Smokin' Burger Grille","382 8th Ave  ","New York","NY","10001","1","1","1.000","0",,"0",,"19.58","-9.79","0.00","0.00","9.79","0",,"1","1.000","0","0","1","00:08:00.000","00:01:00.000","00:05:00.000","00:35:00.000","0","0","0","0","0","0","0"
"2026-02-02","5028008","4663 Trousdale Dr","Riccardo's Gluten Free Pasta Joint","4663 Trousdale Dr  ","Nashville","TN","37204","1","0",,"1","1.000","1","1.000","22.49","0.00","-22.49","-22.49","0.00","0",,"1","1.000","0","0","1",,,,,"0","0","0","0","0","0","0"
"2026-02-02","8570048",,"The Muffin Snob","169-03 Jamaica Ave  ","Jamaica","NY","11432","1","0",,"0",,"0",,"17.97","0.00","0.00","0.00","17.97","0",,"1","1.000","0","0","1",,,,,"0","0","0","0","0","0","0"
"2026-02-02","10938192","E 149th St","The Calzone Empire","560 E 149th St  ","Bronx","NY","10455","1","0",,"0",,"0",,"26.27","0.00","0.00","0.00","26.27","1","1.000","0",,"0","0","1","00:06:00.000","00:00:00.000","00:17:00.000",,"0","0","0","0","0","0","0"
"2026-02-23","9819560","245 E Houston St","The Dessert Dream","245 E Houston St  ","New York","NY","10002","1","0",,"0",,"0",,"31.47","0.00","0.00","0.00","31.47","1","1.000","1","1.000","0","0","1","00:01:00.000","00:00:00.000","00:05:00.000","00:15:00.000","0","0","0","0","0","0","0"
"2026-02-23","3312349","Gold St","Doughboys Sandwiches","257 Gold St  ","Brooklyn","NY","11201","3","0",,"0",,"0",,"65.04","0.00","0.00","0.00","65.04","2","0.667","3","1.000","0","0","3","00:03:00.000","00:02:45.000","00:10:00.000","00:30:15.000","0","0","0","0","0","0","0"
"2026-02-02","2352422",,"The Pancake Snob (West Chester Pike)","1147 West Chester Pike ","West Chester","PA","19382","5","0",,"0",,"0",,"135.30","0.00","0.00","0.00","135.30","3","0.600","5","1.000","0","0","5","00:05:00.000","00:00:15.000","00:12:30.000","00:29:45.000","1","0","1","0","0","0","0"
"2026-02-09","2116739",,"Veronica's Burrito Bar","25-02 Queens Plaza S ","Long Island City","NY","11101","2","0",,"0",,"0",,"37.73","0.00","0.00","0.00","37.73","1","0.500","2","1.000","0","0","2","00:03:30.000","00:00:00.000","00:08:30.000","00:21:30.000","1","0","1","0","0","0","1"
"2026-02-16","3309742","3rd St","Two Hand Burger","5155 3rd St  ","San Francisco","CA","94124","1","0",,"0",,"0",,"41.14","0.00","0.00","0.00","41.14","1","1.000","1","1.000","0","0","1","00:06:00.000","00:00:00.000","00:05:00.000","00:23:00.000","0","0","0","0","0","0","0"
"2026-02-23","4837576","319 Rogers Ave","The Loose Juice","319 Rogers Ave  ","Brooklyn","NY","11225","1","0",,"0",,"0",,"39.92","0.00","0.00","0.00","39.92","1","1.000","1","1.000","0","0","1","00:02:00.000","00:00:00.000","00:21:00.000","00:39:00.000","0","0","0","0","0","0","0"
"2026-02-02","9816392","2rd","The Smoothie Squeeze","296 3rd Ave  ","New York","NY","10010","3","0",,"0",,"0",,"50.32","0.00","0.00","0.00","50.32","0",,"2","0.667","0","0","3","00:07:30.000","00:06:00.000","00:15:00.000","00:47:30.000","0","0","0","0","0","0","0"
"2026-01-26","3310181","4th Ave","Penny's Pancakes","59 4th Ave  ","New York","NY","10003","1","0",,"0",,"0",,"21.98","0.00","0.00","0.00","21.98","1","1.000","1","1.000","0","0","1","00:12:00.000","00:00:00.000","00:06:00.000","00:23:00.000","0","0","0","0","0","0","0"
"2026-02-23","3311137","Crenshaw Blvd","El Azul Tacos","6732 Crenshaw Blvd  ","Los Angeles","CA","90043","6","0",,"0",,"0",,"76.14","0.00","0.00","0.00","76.14","0",,"6","1.000","0","0","6","00:05:10.200","00:01:30.000","00:15:00.000",,"0","0","0","0","0","0","0"
"2026-02-23","4831664","319 Rogers Ave","The Sandwich Vibe","319 Rogers Ave  ","Brooklyn","NY","11225","3","1","0.333","0",,"0",,"59.00","-19.87","0.00","0.00","39.13","2","0.667","2","0.667","0","0","3","00:09:00.000","00:00:15.000","00:17:00.000","00:34:30.000","0","0","0","0","0","0","0"
"2026-02-23","3325718","1st Ave","The Omelette Farm","147 1st Ave.  ","New York","NY","10003","1","0",,"0",,"0",,"14.09","0.00","0.00","0.00","14.09","0",,"0",,"0","0","1","00:03:00.000","00:00:00.000","00:14:00.000","00:34:00.000","0","0","0","0","0","0","0"
"2026-02-02","9822552","168 Myrtle Ave","Stan's Burger Bar","168 Myrtle Ave  ","Brooklyn","NY","11201","2","0",,"1","0.500","1","0.500","78.28","0.00","-54.50","-54.50","23.78","2","1.000","2","1.000","0","0","2","00:21:00.000","00:08:00.000","00:09:00.000","00:38:00.000","0","0","0","0","0","0","0"
"2026-02-23","9815120","Hillside","The Burger Passion","164-01 Hillside Ave.  ","Jamaica","NY","11432","1","0",,"0",,"0",,"23.86","0.00","0.00","0.00","23.86","1","1.000","1","1.000","0","0","1","00:00:00.000","00:00:00.000","00:26:00.000","00:44:00.000","1","1","0","0","0","0","0"
"2026-02-09","3312245","32nd St","Toast N Roast Breakfast Sandwiches","590 32nd St  ","Union City","NJ","07087","2","0",,"0",,"0",,"29.63","0.00","0.00","0.00","29.63","1","0.500","2","1.000","0","0","2","00:01:00.000","00:01:00.000","00:19:30.000","00:50:00.000","0","0","0","0","0","0","0"
"2026-02-16","4831664","319 Rogers Ave","The Sandwich Vibe","319 Rogers Ave  ","Brooklyn","NY","11225","4","0",,"0",,"0",,"86.57","0.00","0.00","0.00","86.57","3","0.750","3","0.750","0","0","4","00:02:00.000","00:00:00.000","00:37:40.200","00:56:40.200","0","0","0","0","0","0","0"
"2026-02-23","2457881",,"Chicken Tenders Bar","1929 Chestnut St ","Philadelphia","PA","19103","5","0",,"0",,"0",,"122.18","0.00","0.00","0.00","122.18","3","0.600","3","0.600","0","0","5","00:03:15.000","00:02:15.000","00:10:37.800","00:37:52.800","1","1","0","0","0","0","0"
"2026-02-09","3309880","Sullivan St","Sunrise Breakfast Club","240 Sullivan St  ","New York","NY","10012","1","0",,"0",,"0",,"16.07","0.00","0.00","0.00","16.07","1","1.000","1","1.000","0","0","1","00:02:00.000","00:00:00.000","00:05:00.000","00:24:00.000","0","0","0","0","0","0","0"
"2026-02-02","3310266","3rd Ave","Mighty Grilled Cheese","1760 3rd Ave  ","New York","NY","10029","2","0",,"0",,"0",,"36.34","0.00","0.00","0.00","36.34","0",,"2","1.000","0","0","2","00:07:00.000","00:00:30.000","00:17:00.000","00:43:30.000","0","0","0","0","0","0","0"
"2026-02-23","3312408","Mowry Ave","The Burger Hole","3846 Mowry Ave  ","Fremont","CA","94538","1","0",,"0",,"0",,"63.95","0.00","0.00","0.00","63.95","1","1.000","0",,"0","0","1","00:20:00.000","00:14:00.000","00:19:00.000","00:53:00.000","1","1","0","0","0","0","0"
"2026-02-09","8570048",,"The Muffin Snob","169-03 Jamaica Ave  ","Jamaica","NY","11432","1","0",,"1","1.000","1","1.000","19.95","0.00","-19.95","-19.95","0.00","1","1.000","1","1.000","0","0","1",,,,,"0","0","0","0","0","0","0"
"2026-02-02","9822512","1541 Glenn School Rd suite 17","Fierce Chicken Sandwich","1541 Glenn School Rd  ","Durham","NC","27704","1","1","1.000","0",,"0",,"37.77","-16.79","0.00","0.00","20.98","0",,"1","1.000","0","0","1","00:03:00.000","00:00:00.000","00:09:00.000","00:24:00.000","0","0","0","0","0","0","0"
"2026-02-23","10363712","Polk St","Jolie's Mediterranean Kitchen","1338 Polk St  ","San Francisco","CA","94109","1","0",,"0",,"0",,"27.99","0.00","0.00","0.00","27.99","1","1.000","1","1.000","0","0","1","00:01:00.000","00:01:00.000","00:23:00.000","00:48:00.000","0","0","0","0","0","0","0"
"2026-02-16","2289629",,"Locals Breakfast Snob","459 Main St ","Armonk","NY","10504","1","0",,"0",,"0",,"29.97","0.00","0.00","0.00","29.97","1","1.000","0",,"0","0","1","00:02:00.000","00:02:00.000","00:04:00.000","00:18:00.000","0","0","0","0","0","0","0"
"2026-01-26","3312245","32nd St","Toast N Roast Breakfast Sandwiches","590 32nd St  ","Union City","NJ","07087","1","0",,"0",,"0",,"8.57","0.00","0.00","0.00","8.57","0",,"1","1.000","0","0","1","00:01:00.000","00:01:00.000","00:22:00.000","01:40:00.000","0","0","0","0","0","0","0"
"2026-02-02","9817904","1237 Fulton St","Belgian Waffle Bar","1237 Fulton St  ","Brooklyn","NY","11216","1","0",,"0",,"0",,"37.78","0.00","0.00","0.00","37.78","1","1.000","0",,"0","0","1","00:03:00.000","00:00:00.000","00:22:00.000","00:35:00.000","0","0","0","0","0","0","0"
"2026-02-09","10076952","Homestead Rd","Roman's Pizza Oven","2898 Homestead Rd  ","Santa Clara","CA","95051","1","0",,"0",,"0",,"12.58","0.00","0.00","0.00","12.58","0",,"1","1.000","0","0","1","00:04:00.000","00:03:00.000","00:06:00.000","00:24:00.000","0","0","0","0","0","0","0"
"2026-02-09","9794808","1401 E Arapaho Rd #F","Ryu's Ramen Bar","1401 E Arapaho Rd  ","Richardson","TX","75081","1","0",,"0",,"0",,"14.69","0.00","0.00","0.00","14.69","0",,"1","1.000","0","0","1","00:02:00.000","00:02:00.000","00:29:00.000","00:50:00.000","0","0","0","0","0","0","0"
"2026-02-02","3310841","Lee Hwy","Pita Sandwiches Bite","3907 Lee Hwy  ","Arlington","VA","22207","1","0",,"0",,"0",,"64.73","0.00","0.00","0.00","64.73","1","1.000","1","1.000","0","0","1","00:01:00.000","00:01:00.000","00:16:00.000","00:51:00.000","0","0","0","0","0","0","0"
"2026-02-09","3310756","N Broadway","London's Fish N Chips","854 N Broadway  ","White Plains","NY","10603","1","0",,"0",,"0",,"29.99","0.00","0.00","0.00","29.99","1","1.000","0",,"0","0","1","00:09:00.000","00:01:00.000","00:18:00.000","00:40:00.000","0","0","0","0","0","0","0"
"2026-02-02","10063848","Homestead Rd","Francesco Pasta Ristorante","2898 Homestead Rd  ","Santa Clara","CA","95051","3","1","0.333","0",,"0",,"78.35","-15.39","0.00","0.00","62.96","1","0.333","3","1.000","0","0","3","00:04:45.000","00:04:45.000","00:09:45.000","00:34:30.000","0","0","0","0","0","0","0"
"2026-02-09","3311036","Crenshaw Blvd","High Life Breakfast Sandwiches","6732 Crenshaw Blvd  ","Los Angeles","CA","90043","7","1","0.143","0",,"0",,"299.07","-3.55","0.00","0.00","295.52","4","0.571","3","0.429","0","0","7","00:03:30.000","00:01:00.000","00:13:42.000","00:27:45.000","0","0","0","0","0","0","0"
"2026-02-09","5021648","1 Kedron Ave Unit 4","Casa Pasta Ristorante","1 Kedron Ave  ","Morton","PA","19070","5","1","0.200","0",,"0",,"135.21","-37.28","0.00","0.00","97.93","1","0.200","4","0.800","0","0","5","00:06:26.400","00:06:26.400","00:19:00.000","00:53:33.600","0","0","0","0","0","0","0"
"2026-02-09","2353632",,"Addictive Fried Chicken","228 George St ","New Brunswick","NJ","08901","1","0",,"0",,"0",,"30.06","0.00","0.00","0.00","30.06","0",,"1","1.000","0","0","1","00:03:00.000","00:00:00.000","00:37:00.000","00:57:00.000","0","0","0","0","0","0","0"
"2026-02-09","10363736","Polk St","Blake's Dessert Lounge","1338 Polk St  ","San Francisco","CA","94109","1","0",,"0",,"0",,"11.99","0.00","0.00","0.00","11.99","1","1.000","1","1.000","0","0","1","00:00:00.000","00:00:00.000","00:08:00.000","00:19:00.000","0","0","0","0","0","0","0"
"2026-02-09","2741308",,"Nancy's Grilled Cheese","1760 3rd Ave  ","New York","NY","10029","10","0",,"0",,"0",,"154.39","0.00","0.00","0.00","154.39","3","0.300","8","0.800","0","0","10","00:05:40.200","00:02:15.000","00:12:15.000","00:26:00.000","0","0","0","0","0","0","0"
"2026-02-16","9822632","Plaza Center","Sizzlin' Omelette Cafe","101 Plaza Center  ","Secaucus","NJ","07094","1","1","1.000","0",,"0",,"12.59","-12.59","0.00","0.00","0.00","1","1.000","1","1.000","0","0","1","00:02:00.000","00:00:00.000","00:42:00.000","01:07:00.000","0","0","0","0","0","0","0"
"2026-02-09","10997776","Sullivan St","Marty's Wraps Shack","240 Sullivan St  ","New York","NY","10012","1","0",,"0",,"0",,"15.39","0.00","0.00","0.00","15.39","1","1.000","0",,"0","0","1","00:01:00.000","00:00:00.000","00:10:00.000","00:24:00.000","0","0","0","0","0","0","0"
"2026-02-02","5853472","Metropolitan Ave","The Vegan Snob","488 Metropolitan Ave  ","Brooklyn","NY","11211","7","0",,"0",,"0",,"190.35","0.00","0.00","0.00","190.35","3","0.429","4","0.571","0","0","7","00:04:40.200","00:02:10.199","00:26:40.200","00:45:15.000","0","0","0","0","0","0","0"
"2026-02-09","3312441","1st Avenue","Muf's Muffin Shop","937 1st Ave.  ","New York","NY","10022","4","0",,"0",,"0",,"103.36","0.00","0.00","0.00","103.36","4","1.000","3","0.750","0","0","4","00:05:10.200","00:00:19.800","00:15:00.000","00:29:00.000","0","0","0","0","0","0","0"
"2026-02-09","2391353",,"Famous Gyro Bar","244 W 14th St ","New York","NY","10011","2","0",,"1","0.500","1","0.500","42.75","0.00","-27.37","-27.37","15.38","2","1.000","2","1.000","0","0","2","00:26:00.000","00:09:00.000","00:07:00.000","00:51:00.000","1","0","0","0","0","1","0"
"2026-02-23","9832880","205 22nd Ave N","Luigi's Pasta Ristorante","329 Union St  ","Nashville","TN","37201","2","0",,"0",,"0",,"133.69","0.00","0.00","0.00","133.69","2","1.000","2","1.000","0","0","2","00:01:00.000","00:00:00.000","00:19:00.000","00:35:00.000","1","1","0","0","0","0","0"
"2026-02-02","10929168","Agnew Rd","Priya's Indian Kitchen","2026 Agnew Rd  ","Santa Clara","CA","95054","2","0",,"0",,"0",,"51.77","0.00","0.00","0.00","51.77","1","0.500","2","1.000","0","0","2","00:02:30.000","00:00:00.000","00:05:30.000","00:17:00.000","0","0","0","0","0","0","0"
"2026-01-26","3310978","1st Ave","Bagel Dynasty","1219 1st Ave.  ","New York","NY","10065","1","0",,"0",,"0",,"18.47","0.00","0.00","0.00","18.47","0",,"0",,"0","0","1","00:06:00.000","00:00:00.000","00:07:00.000","00:21:00.000","0","0","0","0","0","0","0"
"2026-02-16","7749200","APPLETREE MARKET - 1225 Amsterdam Ave","Mighty Grilled Cheese","1225 Amsterdam Ave  ","New York","NY","10027","1","0",,"0",,"0",,"37.07","0.00","0.00","0.00","37.07","1","1.000","1","1.000","0","0","1","00:05:00.000","00:05:00.000","00:29:00.000","00:57:00.000","0","0","0","0","0","0","0"
"2026-02-16","11796504","Ogden Ave","The Omelette Farm","1152 Ogden Ave  ","Bronx","NY","10452","1","0",,"0",,"0",,"26.48","0.00","0.00","0.00","26.48","0",,"1","1.000","0","0","1","00:17:00.000","00:17:00.000","00:13:00.000","00:47:00.000","0","0","0","0","0","0","0"
"2026-02-09","9822512","1541 Glenn School Rd suite 17","Fierce Chicken Sandwich","1541 Glenn School Rd  ","Durham","NC","27704","1","0",,"0",,"0",,"20.98","0.00","0.00","0.00","20.98","1","1.000","1","1.000","0","0","1","00:04:00.000","00:02:00.000","00:15:00.000","00:32:00.000","0","0","0","0","0","0","0"
"2026-02-23","1938271",,"Maria's Italian Meatballs","937 1st Avenue ","New York","NY","10022","1","0",,"0",,"0",,"26.58","0.00","0.00","0.00","26.58","0",,"1","1.000","0","0","1","00:08:00.000","00:00:00.000","00:11:00.000","00:24:00.000","0","0","0","0","0","0","0"
"2026-02-16","10357784","Polk St","The Italian Pizza Co","1338 Polk St  ","San Francisco","CA","94109","1","0",,"0",,"0",,"115.94","0.00","0.00","0.00","115.94","1","1.000","1","1.000","0","0","1","00:03:00.000","00:03:00.000","00:13:00.000","00:56:00.000","0","0","0","0","0","0","0"
"2026-02-09","6891720","Wholesome Farms Market - 1306 Atlantic Ave","Green Leaf Salads","1306 Atlantic Ave  ","Brooklyn","NY","11216","8","1","0.125","0",,"0",,"163.20","-17.47","0.00","0.00","145.73","2","0.250","4","0.500","0","0","8","00:08:34.200","00:03:22.200","00:10:04.200","00:34:06.000","1","1","0","0","0","0","0"
"2026-02-23","3310779","George St","Pita Sandwiches Bite","228 George St  ","New Brunswick","NJ","08901","2","0",,"0",,"0",,"46.36","0.00","0.00","0.00","46.36","0",,"2","1.000","0","0","2","00:02:30.000","00:01:00.000","00:13:30.000","00:38:00.000","0","0","0","0","0","0","0"
"2026-02-16","9845032","168 Myrtle Ave","The Sandwich Cafe","168 Myrtle Ave  ","Brooklyn","NY","11201","1","0",,"0",,"0",,"12.58","0.00","0.00","0.00","12.58","0",,"1","1.000","0","0","1","00:01:00.000","00:00:00.000","00:23:00.000","00:48:00.000","0","0","0","0","0","0","0"
"2026-02-16","10499904","1st Avenue","Lola's Smoothie Mix","937 1st Ave.  ","New York","NY","10022","4","0",,"0",,"0",,"67.67","0.00","0.00","0.00","67.67","1","0.250","3","0.750","0","0","4","00:03:00.000","00:00:00.000","00:05:45.000","00:18:45.000","0","0","0","0","0","0","0"
"2026-02-02","3310335","Sullivan St","Chicken Salad Bar","240 Sullivan St  ","New York","NY","10012","1","0",,"0",,"0",,"19.58","0.00","0.00","0.00","19.58","0",,"1","1.000","0","0","1","00:02:00.000","00:02:00.000","00:04:00.000",,"0","0","0","0","0","0","0"
"2026-02-02","6891040","Caffe Venice - 596 3rd Ave","Bill's Sandwich Shack","596 3rd Ave  ","New York","NY","10016","11","2","0.182","1","0.091","1","0.091","207.88","-16.97","-32.94","-32.94","157.97","6","0.545","6","0.545","0","0","11","00:06:55.200","00:01:45.000","00:12:49.800","00:31:45.000","1","0","0","1","0","0","0"
"2026-02-23","10932216","E 149th St","Classic Cheeseburger Bar","560 E 149th St  ","Bronx","NY","10455","1","0",,"0",,"0",,"38.55","0.00","0.00","0.00","38.55","1","1.000","1","1.000","0","0","1","00:22:00.000","00:05:00.000","00:14:00.000","00:39:00.000","0","0","0","0","0","0","0"
"2026-02-23","2741201",,"Healthy Salad Bar","1760 3rd Ave  ","New York","NY","10029","1","0",,"0",,"0",,"12.59","0.00","0.00","0.00","12.59","0",,"1","1.000","0","0","1","00:07:00.000","00:02:00.000","00:36:00.000","00:54:00.000","0","0","0","0","0","0","0"
"2026-02-16","7101000","Fresca Pizza & Pasta 560 E 149th St-","C's Greens Salad","560 E 149th St  ","Bronx","NY","10455","1","0",,"0",,"0",,"27.56","0.00","0.00","0.00","27.56","1","1.000","1","1.000","0","0","1","00:04:00.000","00:03:00.000","00:09:00.000","00:37:00.000","1","1","0","0","0","0","0"
"2026-02-09","2567535",,"The Acai Station","1424 Lexington Ave  ","New York","NY","10128","2","0",,"0",,"0",,"100.95","0.00","0.00","0.00","100.95","0",,"2","1.000","0","0","2","00:06:30.000","00:01:30.000","00:09:00.000","00:21:30.000","0","0","0","0","0","0","0"
"2026-02-02","10999328","22nd Ave N","Frankie's Burger Bar - 329 Union St"," 329 Union St  ","Nashville","TN","37201","1","0",,"0",,"0",,"28.36","0.00","0.00","0.00","28.36","1","1.000","1","1.000","0","0","1","00:01:00.000","00:01:00.000","00:08:00.000","00:30:00.000","0","0","0","0","0","0","0"
"2026-02-16","3309753","W Camelback Rd #103","Noodle And Rice Bar","3446 W Camelback Rd  ","Phoenix","AZ","85017","2","0",,"0",,"0",,"41.94","0.00","0.00","0.00","41.94","0",,"2","1.000","0","0","2","00:05:00.000","00:01:30.000","00:17:00.000","00:34:00.000","0","0","0","0","0","0","0"
"2026-02-16","10602440","Utica Ave","Mac's Cheese Factory","2102 Utica Ave  ","Brooklyn","NY","11234","1","0",,"0",,"0",,"34.27","0.00","0.00","0.00","34.27","1","1.000","0",,"0","0","1","00:00:00.000","00:00:00.000","00:35:00.000","01:05:00.000","0","0","0","0","0","0","0"
"2026-02-02","8566136",,"Luna's Loaded Fries","4352 E Speedway Blvd  ","Tucson","AZ","85712","1","0",,"0",,"0",,"15.39","0.00","0.00","0.00","15.39","0",,"1","1.000","0","0","1","00:06:00.000","00:00:00.000","00:14:00.000","00:27:00.000","0","0","0","0","0","0","0"
"2026-02-16","1998870",,"Nico's Italian Ristorante","43 W Flagler St ","Miami","FL","33130","2","0",,"0",,"0",,"123.50","0.00","0.00","0.00","123.50","2","1.000","1","0.500","0","0","2","00:01:30.000","00:00:00.000","00:17:30.000","00:40:00.000","0","0","0","0","0","0","0"
"2026-02-09","10936640","3rd St","The Salad Dream","5155 3rd St  ","San Francisco","CA","94124","1","0",,"0",,"0",,"23.77","0.00","0.00","0.00","23.77","1","1.000","1","1.000","0","0","1","00:00:00.000","00:00:00.000","00:17:00.000","00:40:00.000","0","0","0","0","0","0","0"
"2026-02-16","7102576","iKraveit Foods","Sarah's Salad Bar","34-02 30th St  ","Astoria","NY","11106","1","0",,"0",,"0",,"23.28","0.00","0.00","0.00","23.28","1","1.000","0",,"0","0","1","00:03:00.000","00:00:00.000","00:09:00.000","00:22:00.000","0","0","0","0","0","0","0"
"2026-02-23","10382520","E Speedway","Danny's Desserts","4352 E Speedway Blvd  ","Tucson","AZ","85712","2","0",,"0",,"0",,"46.20","0.00","0.00","0.00","46.20","1","0.500","2","1.000","0","0","2","00:08:00.000","00:08:00.000","00:26:00.000","01:08:00.000","0","0","0","0","0","0","0"
"2026-02-02","2741308",,"Nancy's Grilled Cheese","1760 3rd Ave  ","New York","NY","10029","26","0",,"1","0.038","1","0.038","421.24","0.00","-11.87","-11.87","409.37","7","0.269","19","0.731","0","0","26","00:06:16.800","00:04:30.600","00:10:53.400","00:34:17.400","1","0","1","0","0","0","0"
"2026-02-23","2730695",,"Charlie's Chicken Wings","1760 3rd Ave  ","New York","NY","10029","2","0",,"0",,"0",,"38.45","0.00","0.00","0.00","38.45","1","0.500","1","0.500","0","0","2","00:08:30.000","00:07:30.000","00:13:00.000","00:38:00.000","1","1","0","0","0","0","0"
"2026-02-23","2344366",,"The Pancake Snob","217 1st Avenue  ","New York","NY","10003","1","0",,"0",,"0",,"24.77","0.00","0.00","0.00","24.77","0",,"0",,"0","0","1","00:14:00.000","00:00:00.000","00:03:00.000","00:21:00.000","0","0","0","0","0","0","0"
"2026-02-02","6896760","Twin Donut Mexican Grill - 3 W Fordham Rd","Fiesta Mexican Spot","3 W Fordham Rd  ","Bronx","NY","10468","2","0",,"1","0.500","1","0.500","50.76","0.00","-30.98","-30.98","19.78","1","0.500","2","1.000","0","0","2","00:17:00.000","00:03:00.000","00:30:00.000","00:53:00.000","0","0","0","0","0","0","0"
"2026-02-23","2930656",,"The Dessert Shack","1219 1st Ave  ","New York","NY","10065","1","0",,"1","1.000","1","1.000","14.18","0.00","-14.18","-14.18","0.00","0",,"1","1.000","0","0","1",,,,,"0","0","0","0","0","0","0"
"2026-02-23","6895688","Not Just Pizza - 2240 S 11th St","Heaven's Burgers","2240 S 11th St  ","Philadelphia","PA","19148","1","0",,"0",,"0",,"15.39","0.00","0.00","0.00","15.39","0",,"1","1.000","0","0","1","00:32:00.000","00:32:00.000","00:08:00.000","01:10:00.000","0","0","0","0","0","0","0"
"2026-02-02","3310978","1st Ave","Bagel Dynasty","1219 1st Ave.  ","New York","NY","10065","3","0",,"1","0.333","1","0.333","40.62","0.00","-25.38","-25.38","15.24","2","0.667","1","0.333","0","0","3","00:06:00.000","00:00:00.000","00:08:00.000","00:21:00.000","0","0","0","0","0","0","0"
"2026-02-16","6891744","Wholesome Farms Market - 108 Jay St","Gloria's Favorite Greens","108 Jay St  ","Brooklyn","NY","11201","1","0",,"0",,"0",,"15.49","0.00","0.00","0.00","15.49","0",,"0",,"0","0","1","00:03:00.000","00:00:00.000","00:03:00.000","00:16:00.000","0","0","0","0","0","0","0"
"2026-02-09","3301276","7th Ave","Holy Grail Omelettes","154 7th Ave  ","New York","NY","10011","7","0",,"0",,"0",,"101.20","0.00","0.00","0.00","101.20","0",,"4","0.571","0","0","7","00:05:10.200","00:00:00.000","00:06:00.000","00:21:19.800","1","1","0","0","0","0","0"
"2026-02-02","2626167",,"Bosscat Wings","217 1st Avenue ","New York","NY","10003","2","0",,"1","0.500","1","0.500","77.91","0.00","-39.97","-39.97","37.94","2","1.000","1","0.500","0","0","2","00:06:00.000","00:00:00.000","00:22:00.000","00:55:00.000","0","0","0","0","0","0","0"
"2026-02-09","6891712","Wholesome Farms Market - 1306 Atlantic Ave","Burning Burger Stack","1306 Atlantic Ave  ","Brooklyn","NY","11216","1","0",,"0",,"0",,"11.88","0.00","0.00","0.00","11.88","0",,"1","1.000","0","0","1","00:13:00.000","00:03:00.000","00:03:00.000","00:26:00.000","0","0","0","0","0","0","0"
"2026-02-09","9792696","3618 N Pennsylvania Ave","Casa Pasta Ristorante","3618 N Pennsylvania Ave  ","Oklahoma City","OK","73112","2","0",,"2","1.000","2","1.000","87.08","0.00","-87.08","-87.08","0.00","0",,"2","1.000","0","0","2",,,,,"0","0","0","0","0","0","0"
"2026-02-23","3310989","Madison Ave","The Omelette Farm","1404 Madison Ave  ","New York","NY","10029","1","0",,"1","1.000","1","1.000","68.88","0.00","-68.88","-68.88","0.00","0",,"0",,"0","0","1",,,,,"0","0","0","0","0","0","0"
"2026-02-02","3300844","N Citrus Ave","Day N Night Pancakes","900 N Citrus Ave  ","Covina","CA","91722","1","0",,"0",,"0",,"15.39","0.00","0.00","0.00","15.39","1","1.000","1","1.000","0","0","1","00:03:00.000","00:01:00.000","00:11:00.000","00:32:00.000","1","0","1","0","0","0","0"
"2026-02-02","9834480","277 Gold St","Fiona's Breakfast Burritos","277 Gold St  ","Brooklyn","NY","11201","3","0",,"0",,"0",,"65.03","0.00","0.00","0.00","65.03","2","0.667","2","0.667","0","0","3","00:13:40.200","00:04:40.200","00:04:19.800","00:23:19.800","1","1","0","0","0","0","0"
"2026-02-16","2365500",,"The Pancake Snob","257 Gold Street  ","Brooklyn","NY","11201","2","0",,"0",,"0",,"40.85","0.00","0.00","0.00","40.85","0",,"1","0.500","0","0","2","00:02:30.000","00:02:30.000","00:18:30.000","00:51:30.000","0","0","0","0","0","0","0"
"2026-02-02","2344366",,"The Pancake Snob","217 1st Avenue  ","New York","NY","10003","3","0",,"1","0.333","1","0.333","80.00","0.00","-39.56","-39.56","40.44","2","0.667","1","0.333","0","0","3","00:05:30.000","00:00:00.000","00:04:00.000","00:19:30.000","0","0","0","0","0","0","0"
"2026-02-09","7325384","Picante Taco- 411 S High St","Fire House Quesadillas","411 S High St  ","Baltimore","MD","21202","2","0",,"1","0.500","1","0.500","40.96","0.00","-16.89","-16.89","24.07","1","0.500","2","1.000","0","0","2","00:00:00.000","00:00:00.000","00:13:00.000","00:35:00.000","0","0","0","0","0","0","0"
"2026-02-09","4831664","319 Rogers Ave","The Sandwich Vibe","319 Rogers Ave  ","Brooklyn","NY","11225","2","0",,"0",,"0",,"29.67","0.00","0.00","0.00","29.67","2","1.000","1","0.500","0","0","2","00:01:30.000","00:01:00.000","00:15:30.000","00:34:30.000","0","0","0","0","0","0","0"
"2026-01-26","9822552","168 Myrtle Ave","Stan's Burger Bar","168 Myrtle Ave  ","Brooklyn","NY","11201","1","1","1.000","0",,"0",,"29.34","-9.78","0.00","0.00","19.56","0",,"1","1.000","0","0","1","00:01:00.000","00:01:00.000","00:12:00.000","00:41:00.000","0","0","0","0","0","0","0"
"2026-02-02","3311071","Madison Ave","General's French Toast","1404 Madison Ave  ","New York","NY","10029","1","0",,"0",,"0",,"21.96","0.00","0.00","0.00","21.96","1","1.000","0",,"0","0","1","00:17:00.000","00:05:00.000","00:23:00.000","00:48:00.000","0","0","0","0","0","0","0"
"2026-02-02","2423690",,"Charlie's Chicken Wings"," 329 Union St ","Nashville","TN","37203","1","0",,"0",,"0",,"77.92","0.00","0.00","0.00","77.92","1","1.000","1","1.000","0","0","1","00:11:00.000","00:11:00.000","00:09:00.000","00:44:00.000","1","1","0","0","0","0","0"
"2026-01-26","3301276","7th Ave","Holy Grail Omelettes","154 7th Ave  ","New York","NY","10011","1","0",,"0",,"0",,"17.77","0.00","0.00","0.00","17.77","0",,"0",,"0","0","1","00:12:00.000","00:00:00.000","00:11:00.000","00:27:00.000","0","0","0","0","0","0","0"
"2026-02-09","3326032","30th St","NY Dessert Bar","34-02 30th St  ","Astoria","NY","11106","3","0",,"0",,"0",,"55.32","0.00","0.00","0.00","55.32","3","1.000","3","1.000","0","0","3","00:09:19.800","00:00:00.000","00:06:19.800","00:20:40.200","0","0","0","0","0","0","0"
"2026-02-02","3301172","7th Ave","Breakfast N Vibe","154 7th Ave  ","New York","NY","10011","1","0",,"0",,"0",,"29.84","0.00","0.00","0.00","29.84","1","1.000","1","1.000","0","0","1","00:00:00.000","00:00:00.000","00:13:00.000","00:30:00.000","0","0","0","0","0","0","0"
"2026-02-23","2116552",,"The Burger Trilogy","5155 3rd St  ","San Francisco","CA","94124","2","0",,"0",,"0",,"77.47","0.00","0.00","0.00","77.47","1","0.500","1","0.500","0","0","2","00:01:00.000","00:01:00.000","00:11:00.000","00:46:30.000","1","0","0","0","0","1","0"
"2026-02-23","6345584","Roni's Pub - 7955 E Frontage Road","Dad's Flamin' Quesadillas","7955 E Frontage Rd  ","Overland Park","KS","66204","1","0",,"0",,"0",,"21.99","0.00","0.00","0.00","21.99","0",,"1","1.000","0","0","1","00:03:00.000","00:01:00.000","00:11:00.000","00:32:00.000","0","0","0","0","0","0","0"
"2026-02-23","6894736","Medina Halal Gril - 114 East Main Street","Ali's Mediterranean Sandwiches","114 E Main St  ","Richardson","TX","75081","3","0",,"0",,"0",,"72.39","0.00","0.00","0.00","72.39","1","0.333","1","0.333","0","0","3","00:02:19.800","00:00:00.000","00:15:00.000","00:37:30.000","0","0","0","0","0","0","0"
"2026-02-02","823219",,"Priya's Indian Kitchen","716 10th Ave ","New York","NY","10019","1","0",,"0",,"0",,"28.97","0.00","0.00","0.00","28.97","1","1.000","0",,"0","0","1","00:14:00.000","00:14:00.000","00:18:00.000","00:54:00.000","0","0","0","0","0","0","0"
"2026-02-02","3312894","Gold St","Jasmin's Coffee Bar","257 Gold St  ","Brooklyn","NY","11201","1","0",,"0",,"0",,"10.98","0.00","0.00","0.00","10.98","1","1.000","0",,"0","0","1","00:03:00.000","00:00:00.000","00:17:00.000","00:33:00.000","0","0","0","0","0","0","0"
"2026-02-09","10382520","E Speedway","Danny's Desserts","4352 E Speedway Blvd  ","Tucson","AZ","85712","3","0",,"0",,"0",,"48.63","0.00","0.00","0.00","48.63","2","0.667","3","1.000","0","0","3","00:01:30.000","00:00:30.000","00:12:00.000","00:38:00.000","1","0","0","0","0","1","1"
"2026-02-23","10357768","Polk St","The Burger Joint","1338 Polk St  ","San Francisco","CA","94109","2","1","0.500","0",,"0",,"82.94","-21.99","0.00","0.00","60.95","1","0.500","1","0.500","0","0","2","00:05:30.000","00:03:00.000","00:10:30.000","00:30:00.000","1","0","0","0","0","1","1"
"2026-01-26","2030753",,"Fat Cheesesteaks","2624 Pico Blvd ","Santa Monica","CA","90405","1","0",,"0",,"0",,"16.79","0.00","0.00","0.00","16.79","1","1.000","1","1.000","0","0","1","00:01:00.000","00:00:00.000","00:11:00.000","00:27:00.000","1","1","0","0","0","0","0"
"2026-02-23","9824152","1174 Chapel St","Slapjack Pancakes","1174 Chapel St  ","New Haven","CT","06511","1","0",,"0",,"0",,"27.98","0.00","0.00","0.00","27.98","0",,"0",,"0","0","1","00:04:00.000","00:00:00.000","00:05:00.000","00:18:00.000","0","0","0","0","0","0","0"
"2026-02-16","7097528","East Side Deli","Sunrise Coffee Express","1424 Lexington Ave  ","New York","NY","10128","3","0",,"0",,"0",,"47.51","0.00","0.00","0.00","47.51","0",,"0",,"0","0","3","00:08:40.200","00:00:00.000","00:15:19.800","00:30:40.200","0","0","0","0","0","0","0"
"2026-02-02","9815112","Broadway","Salad Kreation","5993 Broadway  ","Bronx","NY","10471","1","0",,"0",,"0",,"15.38","0.00","0.00","0.00","15.38","1","1.000","1","1.000","0","0","1","00:05:00.000","00:05:00.000","00:14:00.000","00:41:00.000","0","0","0","0","0","0","0"
"2026-02-16","8568880",,"Casa De Quesadilla","4352 E Speedway Blvd  ","Tucson","AZ","85712","3","0",,"0",,"0",,"113.40","0.00","0.00","0.00","113.40","3","1.000","3","1.000","0","0","3","00:01:30.000","00:00:30.000","00:22:00.000","00:45:45.000","0","0","0","0","0","0","0"
"2026-02-09","3310209","W Greenway Rd","Linh's Chinese Restaurant","13011 W Greenway Rd  ","El Mirage","AZ","85335","3","0",,"0",,"0",,"56.06","0.00","0.00","0.00","56.06","1","0.333","3","1.000","0","0","3","00:04:00.000","00:00:40.200","00:15:00.000","00:34:00.000","0","0","0","0","0","0","0"
"2026-02-02","10929352","8th Ave","The Salad Dream","300 8th Ave  ","New York","NY","10001","1","0",,"1","1.000","1","1.000","15.39","0.00","-15.39","-15.39","0.00","1","1.000","1","1.000","0","0","1",,,,,"0","0","0","0","0","0","0"
"2026-02-23","8563032",,"Francesco Pasta Ristorante","9061 Van Nuys Blvd ","Los Angeles","CA","91402","1","0",,"0",,"0",,"64.34","0.00","0.00","0.00","64.34","1","1.000","1","1.000","0","0","1","00:01:00.000","00:01:00.000","00:27:00.000","00:43:00.000","0","0","0","0","0","0","0"
"2026-02-16","10929184","Van Nuys Blvd","Rooftop Sandwiches","9061 Van Nuys Blvd  ","Los Angeles","CA","91402","2","0",,"0",,"0",,"54.52","0.00","0.00","0.00","54.52","0",,"0",,"0","0","2","00:06:00.000","00:04:30.000","00:03:30.000","00:25:00.000","0","0","0","0","0","0","0"
"2026-02-23","7753968","382 Farmer Deli & Juice - 382 8th Ave","Big Belly Paninis","382 8th Ave  ","New York","NY","10001","1","1","1.000","0",,"0",,"13.48","-11.29","0.00","0.00","2.19","1","1.000","1","1.000","0","0","1","00:05:00.000","00:00:00.000","00:04:00.000","00:19:00.000","0","0","0","0","0","0","0"
"2026-01-26","8563032",,"Francesco Pasta Ristorante","9061 Van Nuys Blvd ","Los Angeles","CA","91402","1","0",,"0",,"0",,"19.59","0.00","0.00","0.00","19.59","0",,"1","1.000","0","0","1","00:01:00.000","00:01:00.000","00:14:00.000","00:30:00.000","0","0","0","0","0","0","0"
"2026-01-26","2352422",,"The Pancake Snob (West Chester Pike)","1147 West Chester Pike ","West Chester","PA","19382","2","0",,"0",,"0",,"46.46","0.00","0.00","0.00","46.46","2","1.000","2","1.000","0","0","2","00:02:00.000","00:00:00.000","00:14:30.000","00:31:30.000","0","0","0","0","0","0","0"
"2026-02-23","1938070",,"The Mexican Cocina","937 1st ave  ","New York","NY","10022","4","0",,"0",,"0",,"92.30","0.00","0.00","0.00","92.30","2","0.500","3","0.750","0","0","4","00:04:49.800","00:02:19.800","00:15:30.000","00:36:10.200","1","1","0","0","0","0","0"
"2026-02-02","11804904","Thomas S Boyland St","Stan's Burger Bar","116 Thomas S Boyland St  ","Brooklyn","NY","11233","1","0",,"0",,"0",,"21.37","0.00","0.00","0.00","21.37","0",,"0",,"0","0","1","00:01:00.000","00:01:00.000","00:18:00.000","00:41:00.000","0","0","0","0","0","0","0"
"2026-02-23","3309683","Hillside Ave","Bird's Burger Bar","164-01 Hillside Avenue  ","Jamaica","NY","11432","2","0",,"0",,"0",,"46.65","0.00","0.00","0.00","46.65","2","1.000","2","1.000","0","0","2","00:05:30.000","00:05:30.000","00:13:00.000","00:49:00.000","0","0","0","0","0","0","0"
"2026-02-16","2667898",,"Chuck's Cheesesteaks","300 8th Ave ","New York","NY","10001","1","0",,"0",,"0",,"34.97","0.00","0.00","0.00","34.97","1","1.000","1","1.000","0","0","1","00:04:00.000","00:00:00.000","00:04:00.000","00:15:00.000","0","0","0","0","0","0","0"
"2026-02-09","7104064","Pizza Zone","The Calzone Empire","3618 N Pennsylvania Ave  ","Oklahoma City","OK","73112","1","0",,"0",,"0",,"26.78","0.00","0.00","0.00","26.78","0",,"1","1.000","0","0","1","00:01:00.000","00:01:00.000","00:08:00.000","00:40:00.000","0","0","0","0","0","0","0"
"2026-02-16","9819560","245 E Houston St","The Dessert Dream","245 E Houston St  ","New York","NY","10002","3","0",,"0",,"0",,"68.54","0.00","0.00","0.00","68.54","2","0.667","1","0.333","0","0","3","00:03:40.200","00:00:40.200","00:13:19.800","00:25:19.800","0","0","0","0","0","0","0"
"2026-01-26","1939835",,"Heavens Chicken Wings","589 1st Avenue ","New York","NY","10016","1","0",,"0",,"0",,"19.98","0.00","0.00","0.00","19.98","0",,"0",,"0","0","1","00:10:00.000","00:10:00.000","00:08:00.000","01:40:00.000","0","0","0","0","0","0","0"
"2026-01-26","6891720","Wholesome Farms Market - 1306 Atlantic Ave","Green Leaf Salads","1306 Atlantic Ave  ","Brooklyn","NY","11216","1","0",,"0",,"0",,"23.47","0.00","0.00","0.00","23.47","0",,"0",,"0","0","1","00:13:00.000","00:00:00.000","00:14:00.000","00:28:00.000","0","0","0","0","0","0","0"
"2026-02-02","1946629",,"Village Breakfast Snob","59 4th Ave ","New York","NY","10003","7","0",,"0",,"0",,"160.80","0.00","0.00","0.00","160.80","1","0.143","7","1.000","0","0","7","00:04:54.000","00:00:00.000","00:08:36.000","00:22:42.000","1","1","0","0","0","0","0"
"2026-02-16","2383074",,"Chelsea's Breakfast Bar","244 W 14th St ","New York","NY","10011","1","0",,"0",,"0",,"27.94","0.00","0.00","0.00","27.94","0",,"1","1.000","0","0","1","00:04:00.000","00:00:00.000","00:14:00.000","00:32:00.000","0","0","0","0","0","0","0"
"2026-02-09","4514232","1741 1st Avenue","Hero Sandwich Shop","1741 1st Ave.  ","New York","NY","10128","1","0",,"0",,"0",,"25.97","0.00","0.00","0.00","25.97","1","1.000","1","1.000","0","0","1","00:01:00.000","00:00:00.000","00:18:00.000","00:29:00.000","0","0","0","0","0","0","0"
"2026-02-02","3311173","Madison Ave","Fiona's Breakfast Burritos","1404 Madison Ave  ","New York","NY","10029","1","0",,"0",,"0",,"8.97","0.00","0.00","0.00","8.97","0",,"0",,"0","0","1","00:07:00.000","00:00:00.000","00:10:00.000","00:22:00.000","0","0","0","0","0","0","0"
"2026-02-23","5930240","689 Broadway","Queen's Quesadillas","689 Broadway  ","New York","NY","10012","5","0",,"0",,"0",,"72.74","0.00","0.00","0.00","72.74","1","0.200","4","0.800","0","0","5","00:02:49.800","00:00:00.000","00:13:30.000","00:25:40.200","0","0","0","0","0","0","0"
"2026-02-02","3310399","W Greenway Rd","Kung Fu Chinese Kitchen","13011 W Greenway Rd  ","El Mirage","AZ","85335","1","0",,"0",,"0",,"14.09","0.00","0.00","0.00","14.09","0",,"1","1.000","0","0","1","00:00:00.000","00:00:00.000","00:09:00.000","00:22:00.000","0","0","0","0","0","0","0"
"2026-02-09","3344337","301 W 96th St","Che Breakfast Cafe","301 W 96th St  ","New York","NY","10025","2","0",,"0",,"0",,"56.63","0.00","0.00","0.00","56.63","2","1.000","1","0.500","0","0","2","00:08:30.000","00:03:00.000","00:12:00.000","00:33:30.000","0","0","0","0","0","0","0"
"2026-02-23","2560752",,"The Pasta Twins","1147 West Chester Pike  ","West Chester","PA","19382","1","0",,"0",,"0",,"13.39","0.00","0.00","0.00","13.39","1","1.000","1","1.000","0","0","1","00:00:00.000","00:00:00.000","00:12:00.000","00:30:00.000","0","0","0","0","0","0","0"
"2026-01-26","5314872","Golden Restaurant and Bakery-1849 N Scottsdale Rd","The Crimson Gyro","1849 N Scottsdale Rd  ","Scottsdale","AZ","85288","1","0",,"0",,"0",,"14.09","0.00","0.00","0.00","14.09","1","1.000","1","1.000","0","0","1",,,,,"0","0","0","0","0","0","0"
"2026-02-16","3325905","W 34th st","Marty's Wraps Shack","433 W 34th St  ","New York","NY","10001","2","0",,"0",,"0",,"39.98","0.00","0.00","0.00","39.98","1","0.500","1","0.500","0","0","2","00:01:30.000","00:00:00.000","00:09:30.000","00:22:30.000","0","0","0","0","0","0","0"
"2026-02-09","4510072","433 W 34th st","Sip On Smoothie","433 W 34th St.  ","New York","NY","10001","4","0",,"0",,"0",,"96.46","0.00","0.00","0.00","96.46","1","0.250","2","0.500","0","0","4","00:09:45.000","00:04:15.000","00:19:00.000","00:35:30.000","1","0","1","0","0","0","0"
"2026-02-02","2848423",,"Village Breakfast Snob (Bedford Ave)","265 Bedford Ave  ","Brooklyn","NY","11211","1","0",,"0",,"0",,"13.97","0.00","0.00","0.00","13.97","0",,"1","1.000","0","0","1","00:05:00.000","00:05:00.000","00:17:00.000","01:48:00.000","0","0","0","0","0","0","0"
"2026-02-16","3312408","Mowry Ave","The Burger Hole","3846 Mowry Ave  ","Fremont","CA","94538","1","0",,"0",,"0",,"43.96","0.00","0.00","0.00","43.96","0",,"1","1.000","0","0","1","00:01:00.000","00:00:00.000","00:21:00.000","00:34:00.000","0","0","0","0","0","0","0"
"2026-02-09","3310093","1st Avenue","Fiona's French Toast","589 1st Ave.  ","New York","NY","10016","5","0",,"0",,"0",,"136.88","0.00","0.00","0.00","136.88","2","0.400","4","0.800","0","0","5","00:03:30.000","00:00:40.200","00:13:10.200","00:35:49.800","0","0","0","0","0","0","0"
"2026-02-23","10938144","E Anaheim St","Sarah's Breakfast Bar","2841 E Anaheim St  ","Long Beach","CA","90804","1","0",,"0",,"0",,"21.07","0.00","0.00","0.00","21.07","0",,"0",,"0","0","1","00:02:00.000","00:02:00.000","00:13:00.000","00:40:00.000","0","0","0","0","0","0","0"
"2026-02-02","3310218","E Bell Rd #132","The Chinese Joint","4015 E Bell Rd  ","Phoenix","AZ","85032","1","0",,"0",,"0",,"23.98","0.00","0.00","0.00","23.98","0",,"1","1.000","0","0","1","00:01:00.000","00:00:00.000","00:09:00.000","00:20:00.000","0","0","0","0","0","0","0"
"2026-02-23","3309272","Washington Blvd","Super Burrito Bar","109 Washington Blvd  ","Marina del Rey","CA","90292","1","0",,"0",,"0",,"6.69","0.00","0.00","0.00","6.69","0",,"1","1.000","0","0","1","00:01:00.000","00:01:00.000","00:04:00.000","00:27:00.000","0","0","0","0","0","0","0"
"2026-02-23","7102536","Golden State Pizza & Grill - 3349 Mission St","Henry's Chicken Wings","3349 Mission St  ","San Francisco","CA","94110","1","0",,"0",,"0",,"25.47","0.00","0.00","0.00","25.47","0",,"1","1.000","0","0","1","00:00:00.000","00:00:00.000","00:06:00.000","00:27:00.000","0","0","0","0","0","0","0"
"2026-02-09","9824224","1st","Stella's Slammin' Burgers","937 1st Ave.  ","New York","NY","10022","1","0",,"0",,"0",,"49.05","0.00","0.00","0.00","49.05","0",,"1","1.000","0","0","1","00:02:00.000","00:02:00.000","00:14:00.000","00:41:00.000","0","0","0","0","0","0","0"
"2026-02-23","3310448","3rd Ave","The French Fries God","1760 3rd Ave  ","New York","NY","10029","2","0",,"0",,"0",,"38.02","0.00","0.00","0.00","38.02","0",,"1","0.500","0","0","2","00:05:30.000","00:00:00.000","00:28:30.000","00:41:00.000","0","0","0","0","0","0","0"
"2026-02-02","2776714",,"LV Taco Bar (1st Ave)","1741 1st Avenue  ","New York","NY","10128","1","0",,"1","1.000","1","1.000","22.67","0.00","-22.67","-22.67","0.00","0",,"1","1.000","0","0","1",,,,,"0","0","0","0","0","0","0"
"2026-02-09","10063848","Homestead Rd","Francesco Pasta Ristorante","2898 Homestead Rd  ","Santa Clara","CA","95051","4","0",,"0",,"0",,"89.54","0.00","0.00","0.00","89.54","2","0.500","4","1.000","0","0","4","00:05:45.000","00:05:45.000","00:15:15.000","00:41:15.000","0","0","0","0","0","0","0"
"2026-02-23","10078560","Broadway","Amanda's Breakfast Lounge","3661 Broadway  ","New York","NY","10031","2","0",,"0",,"0",,"59.81","0.00","0.00","0.00","59.81","2","1.000","1","0.500","0","0","2","00:02:30.000","00:02:00.000","00:06:30.000","00:31:00.000","0","0","0","0","0","0","0"
"2026-02-02","3311036","Crenshaw Blvd","High Life Breakfast Sandwiches","6732 Crenshaw Blvd  ","Los Angeles","CA","90043","3","0",,"0",,"0",,"49.54","0.00","0.00","0.00","49.54","1","0.333","2","0.667","0","0","3","00:02:19.800","00:00:00.000","00:14:19.800","00:29:19.800","0","0","0","0","0","0","0"
"2026-02-23","8563120",,"Bonnie's Burgers","1634 W High St  ","Pottstown","PA","19464","1","0",,"0",,"0",,"78.45","0.00","0.00","0.00","78.45","0",,"1","1.000","0","0","1","00:01:00.000","00:00:00.000","00:15:00.000","00:28:00.000","0","0","0","0","0","0","0"
"2026-02-23","2786448",,"The Sandwich Cafe","2841 E Anaheim St  ","Long Beach","CA","90804","1","0",,"0",,"0",,"41.96","0.00","0.00","0.00","41.96","1","1.000","1","1.000","0","0","1","00:02:00.000","00:00:00.000","00:08:00.000","00:24:00.000","0","0","0","0","0","0","0"
"2026-02-09","3309965","Sullivan St","Grilled Cheese Ecstatic","240 Sullivan St  ","New York","NY","10012","3","0",,"0",,"0",,"47.54","0.00","0.00","0.00","47.54","2","0.667","3","1.000","0","0","3","00:01:45.000","00:00:00.000","00:04:45.000","00:21:30.000","1","1","0","0","0","0","0"
"2026-01-26","2900417",,"Olivia's Breakfast Cafe","226 Newark Ave  ","Jersey City","NJ","07302","1","0",,"0",,"0",,"32.67","0.00","0.00","0.00","32.67","0",,"1","1.000","0","0","1","00:00:00.000","00:00:00.000","00:09:00.000","01:41:00.000","0","0","0","0","0","0","0"
"2026-02-02","9824208","Morris Park","The Burger Blade","682 Morris Park Ave  ","Bronx","NY","10462","1","0",,"0",,"0",,"35.37","0.00","0.00","0.00","35.37","0",,"1","1.000","0","0","1","00:02:00.000","00:01:00.000","00:24:00.000","00:41:00.000","0","0","0","0","0","0","0"
"2026-02-23","2040775",,"Ava's Fried Chicken","820 Pennsylvania Ave ","Pittsburgh","PA","15233","4","0",,"0",,"0",,"102.90","0.00","0.00","0.00","102.90","3","0.750","3","0.750","0","0","4","00:06:40.200","00:03:30.000","00:21:40.200","00:53:19.800","1","1","0","0","0","0","0"
"2026-01-26","10932416","E 172nd St","The Montage Vegetarian","253 E 172nd St  ","The Bronx","NY","10457","1","0",,"0",,"0",,"22.38","0.00","0.00","0.00","22.38","0",,"1","1.000","0","0","1","00:03:00.000","00:00:00.000","00:32:00.000","00:54:00.000","0","0","0","0","0","0","0"
"2026-02-16","3312896","Lexington Ave","Sip On Smoothie","1424 Lexington Ave  ","New York","NY","10128","1","0",,"0",,"0",,"20.57","0.00","0.00","0.00","20.57","1","1.000","1","1.000","0","0","1","00:15:00.000","00:00:00.000","00:14:00.000","00:31:00.000","0","0","0","0","0","0","0"
"2026-01-26","6891040","Caffe Venice - 596 3rd Ave","Bill's Sandwich Shack","596 3rd Ave  ","New York","NY","10016","1","0",,"0",,"0",,"32.85","0.00","0.00","0.00","32.85","1","1.000","1","1.000","0","0","1","00:03:00.000","00:03:00.000","00:26:00.000","01:20:00.000","0","0","0","0","0","0","0"
"2026-02-09","3310646","Michelson Dr","Sunrise Coffee Express","3161 Michelson Dr  ","Irvine","CA","92612","1","0",,"0",,"0",,"16.46","0.00","0.00","0.00","16.46","0",,"1","1.000","0","0","1","00:04:00.000","00:00:00.000","00:15:00.000","00:31:00.000","0","0","0","0","0","0","0"
"2026-02-09","2848423",,"Village Breakfast Snob (Bedford Ave)","265 Bedford Ave  ","Brooklyn","NY","11211","3","0",,"0",,"0",,"31.92","0.00","0.00","0.00","31.92","2","0.667","1","0.333","0","0","3","00:09:30.000","00:05:15.000","00:09:30.000","00:26:15.000","0","0","0","0","0","0","0"
"2026-02-09","5851848","Broadway","The Acai Dream","689 Broadway  ","New York","NY","10012","3","0",,"0",,"0",,"74.15","0.00","0.00","0.00","74.15","3","1.000","2","0.667","0","0","3","00:08:15.000","00:00:00.000","00:07:45.000","00:22:00.000","0","0","0","0","0","0","0"
"2026-02-16","2730399",,"Ali's Gyro Lab","1404 Madison Ave  ","New York","NY","10029","1","0",,"0",,"0",,"25.18","0.00","0.00","0.00","25.18","1","1.000","0",,"0","0","1","00:02:00.000","00:00:00.000","00:03:00.000","00:17:00.000","0","0","0","0","0","0","0"
"2026-02-16","6538032","Not Just Pizza - 1715 Sicklerville Rd","Green Leaf Salads","1715 Sicklerville Rd  ","Gloucester Township","NJ","08081","1","0",,"0",,"0",,"49.98","0.00","0.00","0.00","49.98","1","1.000","0",,"0","0","1","00:01:00.000","00:01:00.000","00:16:00.000","00:51:00.000","0","0","0","0","0","0","0"
"2026-02-23","9815128","Lake Mary","Japan's Bento Box","318 W Lake Mary Blvd  ","Sanford","FL","32773","1","0",,"0",,"0",,"38.48","0.00","0.00","0.00","38.48","1","1.000","0",,"0","0","1","00:19:00.000","00:19:00.000","00:34:00.000","01:11:00.000","0","0","0","0","0","0","0"
"2026-02-09","3312349","Gold St","Doughboys Sandwiches","257 Gold St  ","Brooklyn","NY","11201","4","0",,"0",,"0",,"114.09","0.00","0.00","0.00","114.09","2","0.500","2","0.500","0","0","4","00:06:00.000","00:02:15.000","00:14:45.000","00:36:15.000","0","0","0","0","0","0","0"
"2026-02-23","9819608","18300 Vanowen St","K's Slice of Cake","18300 Vanowen St  ","Los Angeles","CA","91335","1","0",,"0",,"0",,"11.88","0.00","0.00","0.00","11.88","1","1.000","1","1.000","0","0","1","00:01:00.000","00:00:00.000","00:05:00.000","00:17:00.000","0","0","0","0","0","0","0"
"2026-02-16","3326295","1st Ave","Angelo's Wraps Shop","147 1st Ave.  ","New York","NY","10003","6","0",,"0",,"0",,"282.68","0.00","0.00","0.00","282.68","3","0.500","4","0.667","0","0","6","00:11:23.400","00:06:26.400","00:16:10.200","00:33:49.800","1","1","0","0","0","0","0"
"2026-02-02","6536784","Asian Fusion Cafe - 4957 Winters Chapel Rd Suite B","The Chinese Noodle Palace","4957 Winters Chapel Rd  ","Dunwoody","GA","30360","1","0",,"0",,"0",,"29.48","0.00","0.00","0.00","29.48","1","1.000","1","1.000","0","0","1","00:07:00.000","00:00:00.000","00:22:00.000","00:39:00.000","1","1","0","0","0","0","0"
"2026-02-09","4512256","4249 Washington St","Cherry's Chic Desserts","4249 Washington St  ","Boston","MA","02131","1","0",,"0",,"0",,"17.18","0.00","0.00","0.00","17.18","0",,"1","1.000","0","0","1","00:02:00.000","00:00:00.000","00:08:00.000","00:22:00.000","0","0","0","0","0","0","0"
"2026-02-09","3310082","E 8th St","Grandpa's Omelette Crack","44 E 8th St  ","New York","NY","10003","1","0",,"0",,"0",,"13.68","0.00","0.00","0.00","13.68","1","1.000","0",,"0","0","1","00:03:00.000","00:00:00.000","00:20:00.000","00:38:00.000","0","0","0","0","0","0","0"
"2026-01-26","2732932",,"RJ's Philly Cheesesteaks (Gold St)","257 Gold St  ","New York","NY","10075","1","0",,"0",,"0",,"24.07","0.00","0.00","0.00","24.07","0",,"1","1.000","0","0","1","00:00:00.000","00:00:00.000","00:15:00.000","00:51:00.000","0","0","0","0","0","0","0"
"2026-02-02","3006549",,"Sip On Smoothie","2909A Queens Plaza North  ","Long Island City","NY","11101","1","0",,"0",,"0",,"26.58","0.00","0.00","0.00","26.58","0",,"1","1.000","0","0","1","00:03:00.000","00:00:00.000","00:14:00.000","00:24:00.000","0","0","0","0","0","0","0"
"2026-02-23","5318408","Golden Restaurant and Bakery-1849 N Scottsdale Rd","Livia's Mediterranean Table","1849 N Scottsdale Rd  ","Tempe","AZ","85288","1","0",,"0",,"0",,"23.99","0.00","0.00","0.00","23.99","1","1.000","1","1.000","0","0","1","00:00:00.000","00:00:00.000","00:10:00.000","01:10:00.000","0","0","0","0","0","0","0"
"2026-02-02","11796504","Ogden Ave","The Omelette Farm","1152 Ogden Ave  ","Bronx","NY","10452","2","0",,"0",,"0",,"44.47","0.00","0.00","0.00","44.47","1","0.500","1","0.500","0","0","2","00:19:00.000","00:13:00.000","00:16:00.000","00:49:00.000","1","0","0","0","1","0","1"
"2026-02-16","3344282","916 Hempstead Turnpike","Crunchy Taco Snob","916 Hempstead Turnpike  ","Franklin Square","NY","11010","1","0",,"0",,"0",,"19.59","0.00","0.00","0.00","19.59","0",,"0",,"0","0","1","00:05:00.000","00:00:00.000","00:35:00.000","00:52:00.000","0","0","0","0","0","0","0"
"2026-02-16","3311297","Hillside Ave","The Chopped Salad","164-01 Hillside Avenue  ","Jamaica","NY","11432","3","0",,"0",,"0",,"94.61","0.00","0.00","0.00","94.61","3","1.000","2","0.667","0","0","3","00:04:19.800","00:01:40.200","00:20:19.800","00:55:00.000","1","0","0","1","0","0","0"
"2026-02-02","3310669","Bedford Ave","Penny's Pancakes","265 Bedford Ave  ","Brooklyn","NY","11211","1","0",,"0",,"0",,"23.78","0.00","0.00","0.00","23.78","1","1.000","1","1.000","0","0","1","00:07:00.000","00:07:00.000","00:08:00.000","00:40:00.000","1","1","0","0","0","0","0"
"2026-02-09","7753808","Oakwood Bagels - 101 Guyon Ave","Doughboys Sandwiches","101 Guyon Ave  ","Staten Island","NY","10306","6","0",,"0",,"0",,"105.51","0.00","0.00","0.00","105.51","0",,"2","0.333","0","0","6","00:02:55.200","00:01:25.200","00:09:34.800","00:26:33.600","0","0","0","0","0","0","0"
"2026-02-09","7324168","Bellyful - 2102 Utica Ave","The Mac and Cheese Co","2102 Utica Ave  ","Brooklyn","NY","11234","1","0",,"0",,"0",,"31.48","0.00","0.00","0.00","31.48","1","1.000","0",,"0","0","1","00:03:00.000","00:03:00.000","00:41:00.000","01:27:00.000","0","0","0","0","0","0","0"
"2026-02-16","2030753",,"Fat Cheesesteaks","2624 Pico Blvd ","Santa Monica","CA","90405","5","0",,"0",,"0",,"107.43","0.00","0.00","0.00","107.43","1","0.200","5","1.000","0","0","5","00:08:24.000","00:00:00.000","00:10:36.000","00:31:48.000","0","0","0","0","0","0","0"
"2026-02-09","2847690",,"Greek Gyro Spot (Bedford Ave)","265 Bedford Ave  ","New York","NY","11211","1","0",,"0",,"0",,"19.68","0.00","0.00","0.00","19.68","1","1.000","1","1.000","0","0","1","00:12:00.000","00:00:00.000","00:08:00.000","00:26:00.000","1","1","0","0","0","0","0"
"2026-02-02","3325718","1st Ave","The Omelette Farm","147 1st Ave.  ","New York","NY","10003","1","0",,"0",,"0",,"17.28","0.00","0.00","0.00","17.28","0",,"1","1.000","0","0","1","00:02:00.000","00:00:00.000","00:09:00.000","00:21:00.000","0","0","0","0","0","0","0"
"2026-02-02","8567176",,"Little Italy's Calzones","415 E Windmill Ln  ","Las Vegas","NV","89123","1","1","1.000","0",,"0",,"15.39","-15.39","0.00","0.00","0.00","1","1.000","1","1.000","0","0","1","00:11:00.000","00:10:00.000","00:06:00.000","00:36:00.000","0","0","0","0","0","0","0"
"2026-02-16","9822512","1541 Glenn School Rd suite 17","Fierce Chicken Sandwich","1541 Glenn School Rd  ","Durham","NC","27704","1","0",,"0",,"0",,"50.36","0.00","0.00","0.00","50.36","1","1.000","1","1.000","0","0","1","00:20:00.000","00:12:00.000","00:08:00.000","00:34:00.000","1","0","0","1","0","0","0"
"2026-02-02","2744794",,"Hero Sandwich Shop","1760 3rd Ave  ","New York","NY","10029","1","0",,"0",,"0",,"16.17","0.00","0.00","0.00","16.17","0",,"1","1.000","0","0","1","00:09:00.000","00:02:00.000","00:09:00.000","00:25:00.000","1","0","0","1","0","0","0"
"2026-02-23","10929168","Agnew Rd","Priya's Indian Kitchen","2026 Agnew Rd  ","Santa Clara","CA","95054","1","0",,"0",,"0",,"22.38","0.00","0.00","0.00","22.38","1","1.000","1","1.000","0","0","1","00:00:00.000","00:00:00.000","00:10:00.000","00:28:00.000","0","0","0","0","0","0","0"
"2026-02-09","5851864","Broadway","Aldo's Wraps Spot","689 Broadway  ","New York","NY","10012","1","0",,"0",,"0",,"13.99","0.00","0.00","0.00","13.99","1","1.000","0",,"0","0","1","00:00:00.000","00:00:00.000","00:09:00.000","00:19:00.000","0","0","0","0","0","0","0"
"2026-02-23","2775910",,"Smoothie And Dessert Bar","1741 1st Ave  ","New York","NY","10128","1","1","1.000","0",,"0",,"21.87","-11.19","0.00","0.00","10.68","1","1.000","1","1.000","0","0","1","00:09:00.000","00:00:00.000","00:15:00.000","00:28:00.000","0","0","0","0","0","0","0"
"2026-02-09","10559368","W 34th st","Fiona's Breakfast Burritos","433 W 34th St.  ","New York","NY","10001","4","0",,"0",,"0",,"64.12","0.00","0.00","0.00","64.12","2","0.500","3","0.750","0","0","4","00:03:49.800","00:01:10.200","00:09:19.800","00:29:19.800","1","1","0","0","0","0","0"
"2026-02-23","2406921",,"NY Breakfast Spot","1424 Lexington Ave ","New York","NY","10128","2","0",,"0",,"0",,"25.12","0.00","0.00","0.00","25.12","0",,"2","1.000","0","0","2","00:02:00.000","00:02:00.000","00:04:30.000","00:21:30.000","1","1","0","0","0","0","0"
"2026-02-23","2964464",,"Day N Night Pancakes","240 Sullivan St  ","New York","NY","10012","1","0",,"0",,"0",,"12.57","0.00","0.00","0.00","12.57","1","1.000","1","1.000","0","0","1","00:18:00.000","00:18:00.000","00:10:00.000","00:53:00.000","1","1","0","0","0","0","0"
"2026-02-02","10363736","Polk St","Blake's Dessert Lounge","1338 Polk St  ","San Francisco","CA","94109","2","0",,"0",,"0",,"45.96","0.00","0.00","0.00","45.96","1","0.500","1","0.500","0","0","2","00:04:00.000","00:02:00.000","00:24:00.000","00:41:30.000","0","0","0","0","0","0","0"
"2026-02-09","11794944","Thomas S Boyland St","Big E's Wraps","116 Thomas S Boyland St  ","Brooklyn","NY","11233","1","0",,"0",,"0",,"49.35","0.00","0.00","0.00","49.35","1","1.000","1","1.000","0","0","1","00:09:00.000","00:02:00.000","00:08:00.000","00:25:00.000","0","0","0","0","0","0","0"
"2026-02-16","2116739",,"Veronica's Burrito Bar","25-02 Queens Plaza S ","Long Island City","NY","11101","3","0",,"0",,"0",,"58.03","0.00","0.00","0.00","58.03","1","0.333","2","0.667","0","0","3","00:07:40.200","00:03:19.800","00:10:19.800","00:33:00.000","1","1","0","0","0","0","0"
"2026-02-23","10932336","3rd Ave","Round Tower Sandwiches","596 3rd Ave  ","New York","NY","10016","1","0",,"0",,"0",,"23.78","0.00","0.00","0.00","23.78","1","1.000","1","1.000","0","0","1","00:06:00.000","00:00:00.000","00:05:00.000","00:22:00.000","0","0","0","0","0","0","0"
"2026-02-16","7098800","Mas Chingon Mexican Grill - 1541 Glenn School Rd","Burrito Lovers Bar","1541 Glenn School Rd  ","Durham","NC","27704","1","0",,"0",,"0",,"20.57","0.00","0.00","0.00","20.57","1","1.000","1","1.000","0","0","1","00:01:00.000","00:01:00.000","00:14:00.000","00:42:00.000","0","0","0","0","0","0","0"
"2026-02-09","1998870",,"Nico's Italian Ristorante","43 W Flagler St ","Miami","FL","33130","1","0",,"0",,"0",,"18.19","0.00","0.00","0.00","18.19","1","1.000","1","1.000","0","0","1","00:04:00.000","00:00:00.000","00:28:00.000","00:53:00.000","0","0","0","0","0","0","0"
"2026-02-02","4510336","937 1st Avenue","Jay's Breakfast Bar","937 1st Ave.  ","New York","NY","10022","8","0",,"0",,"0",,"128.09","0.00","0.00","0.00","128.09","5","0.625","5","0.625","0","0","8","00:06:00.000","00:00:45.000","00:09:25.200","00:27:04.800","0","0","0","0","0","0","0"
"2026-02-02","9819560","245 E Houston St","The Dessert Dream","245 E Houston St  ","New York","NY","10002","7","0",,"0",,"0",,"246.20","0.00","0.00","0.00","246.20","6","0.857","5","0.714","0","0","7","00:03:03.600","00:01:37.800","00:09:11.400","00:37:45.000","0","0","0","0","0","0","0"
"2026-02-16","7747984","382 Farmer Deli & Juice - 382 8th Ave","The Village Smoothie Spot","382 8th Ave  ","New York","NY","10001","2","0",,"0",,"0",,"44.12","0.00","0.00","0.00","44.12","1","0.500","1","0.500","0","0","2","00:09:30.000","00:00:00.000","00:10:00.000","00:28:00.000","0","0","0","0","0","0","0"
"2026-02-16","9845040","265 Bedford Ave","Bart's Breakfast Sandwiches","265 Bedford Ave  ","Brooklyn","NY","11211","3","0",,"0",,"0",,"84.62","0.00","0.00","0.00","84.62","1","0.333","2","0.667","0","0","3","00:03:40.200","00:02:00.000","00:08:00.000","00:25:00.000","0","0","0","0","0","0","0"
"2026-01-26","2285322",,"The Pasta Slut","1338 Polk St  ","San Francisco","CA","94109","2","0",,"0",,"0",,"82.94","0.00","0.00","0.00","82.94","1","0.500","1","0.500","0","0","2","00:05:00.000","00:00:00.000","00:13:00.000","00:33:00.000","0","0","0","0","0","0","0"
"2026-02-09","7753880","APPLETREE MARKET - 1225 Amsterdam Ave","Two Hand Burger","1225 Amsterdam Ave  ","New York","NY","10027","1","0",,"0",,"0",,"19.98","0.00","0.00","0.00","19.98","1","1.000","1","1.000","0","0","1","00:07:00.000","00:00:00.000","00:07:00.000","00:24:00.000","0","0","0","0","0","0","0"
"2026-02-23","10372072","E Speedway","Breakfast Burrito Joint","4352 E Speedway Blvd  ","Tucson","AZ","85712","7","1","0.143","0",,"0",,"145.64","-1.75","0.00","0.00","143.89","2","0.286","4","0.571","0","0","7","00:03:45.000","00:02:15.000","00:17:47.400","00:44:12.600","1","0","0","0","1","0","0"
"2026-02-09","2741495",,"Sarah's Breakfast Bar","1760 3rd Ave  ","New York","NY","10029","1","0",,"0",,"0",,"12.98","0.00","0.00","0.00","12.98","0",,"1","1.000","0","0","1","00:01:00.000","00:01:00.000","00:06:00.000","00:21:00.000","0","0","0","0","0","0","0"
"2026-01-26","5850184","Vernon Boulevard","Penny's Pancakes","38-01 Vernon Blvd  ","Long Island City","NY","11101","1","0",,"0",,"0",,"18.47","0.00","0.00","0.00","18.47","0",,"0",,"0","0","1","00:00:00.000","00:00:00.000","00:17:00.000","00:40:00.000","0","0","0","0","0","0","0"
"2026-02-23","2900806",,"The Shawarma Bar (Polk St)","1338 Polk St  ","San Francisco","CA","94109","1","0",,"0",,"0",,"70.95","0.00","0.00","0.00","70.95","1","1.000","1","1.000","0","0","1","00:01:00.000","00:00:00.000","00:13:00.000","00:33:00.000","0","0","0","0","0","0","0"
"2026-02-09","3310191","Dallas St","Luigi's Pasta Ristorante","9083 Dallas St  ","La Mesa","CA","91942","3","0",,"0",,"0",,"109.89","0.00","0.00","0.00","109.89","1","0.333","2","0.667","0","0","3","00:05:00.000","00:04:00.000","00:14:45.000","00:40:45.000","1","1","0","0","0","0","0"
"2026-02-02","2285420",,"Taco Paradiso","1404 Madison Ave ","New York","NY","10029","1","0",,"0",,"0",,"20.99","0.00","0.00","0.00","20.99","1","1.000","1","1.000","0","0","1","00:16:00.000","00:00:00.000","00:18:00.000","00:35:00.000","0","0","0","0","0","0","0"
"2026-02-02","2886504",,"The Salad Dream","1929 Chestnut St  ","Philadelphia","PA","19103","3","0",,"1","0.333","1","0.333","75.03","0.00","-34.57","-34.57","40.46","2","0.667","2","0.667","0","0","3","00:08:00.000","00:00:00.000","00:15:00.000","00:38:00.000","0","0","0","0","0","0","0"
"2026-02-23","9819584","28501 Hoover Rd","The Farmers Salad","28501 Hoover Rd  ","Warren","MI","48093","1","0",,"0",,"0",,"27.28","0.00","0.00","0.00","27.28","0",,"1","1.000","0","0","1","00:07:00.000","00:04:00.000","00:08:00.000","00:27:00.000","0","0","0","0","0","0","0"
"2026-02-02","2717846",,"High Life Pizzas","43 W Flagler St  ","Miami","FL","33130","1","1","1.000","0",,"0",,"46.17","-30.78","0.00","0.00","15.39","0",,"1","1.000","0","0","1","00:19:00.000","00:19:00.000","00:42:00.000","01:11:00.000","0","0","0","0","0","0","0"
"2026-02-02","3300670","W. 14th street","Strictly Vegetarian Sandwiches","244 W 14th St  ","New York","NY","10011","1","0",,"0",,"0",,"4.58","0.00","0.00","0.00","4.58","0",,"1","1.000","0","0","1","00:04:00.000","00:00:00.000","00:03:00.000","00:19:00.000","0","0","0","0","0","0","0"
"2026-02-23","2786288",,"Palm Tree Juice Bar (1st Ave)","217 1st Ave  ","New York","NY","10003","3","0",,"0",,"0",,"49.96","0.00","0.00","0.00","49.96","1","0.333","3","1.000","0","0","3","00:03:19.800","00:01:40.200","00:23:19.800","00:50:40.200","0","0","0","0","0","0","0"
"2026-02-02","2727983",,"Philly Cheesesteak Artists","755 9th Ave  ","New York","NY","10019","1","0",,"0",,"0",,"28.78","0.00","0.00","0.00","28.78","0",,"0",,"0","0","1","00:02:00.000","00:02:00.000","00:07:00.000","00:18:00.000","0","0","0","0","0","0","0"
"2026-02-23","3301276","7th Ave","Holy Grail Omelettes","154 7th Ave  ","New York","NY","10011","3","0",,"0",,"0",,"36.33","0.00","0.00","0.00","36.33","1","0.333","2","0.667","0","0","3","00:02:00.000","00:00:00.000","00:10:19.800","00:24:19.800","0","0","0","0","0","0","0"
"2026-02-23","5853472","Metropolitan Ave","The Vegan Snob","488 Metropolitan Ave  ","Brooklyn","NY","11211","1","0",,"0",,"0",,"42.36","0.00","0.00","0.00","42.36","0",,"1","1.000","0","0","1","00:06:00.000","00:04:00.000","00:21:00.000","00:45:00.000","0","0","0","0","0","0","0"
"2026-02-09","10929152","2nd Ave","NY Smoothie Joint","1175 2nd Ave  ","New York","NY","10065","2","0",,"1","0.500","1","0.500","44.73","0.00","-23.76","-23.76","20.97","2","1.000","2","1.000","0","0","2","00:13:00.000","00:13:00.000","00:00:00.000","00:31:00.000","0","0","0","0","0","0","0"
"2026-02-02","9813512","W National","The Pasta Story","2138 W National Ave  ","Milwaukee","WI","53204","5","0",,"0",,"0",,"121.58","0.00","0.00","0.00","121.58","2","0.400","4","0.800","0","0","5","00:02:37.800","00:00:37.800","00:16:07.800","00:41:52.800","0","0","0","0","0","0","0"
"2026-02-16","6891720","Wholesome Farms Market - 1306 Atlantic Ave","Green Leaf Salads","1306 Atlantic Ave  ","Brooklyn","NY","11216","7","0",,"0",,"0",,"156.80","0.00","0.00","0.00","156.80","2","0.286","4","0.571","0","0","7","00:02:15.000","00:01:10.200","00:11:47.400","00:37:04.800","0","0","0","0","0","0","0"
"2026-02-09","3311360","Queens Plaza S","Sal's Smoothie Spot","25-02 Queens Plaza S  ","Queens","NY","11101","2","0",,"0",,"0",,"31.16","0.00","0.00","0.00","31.16","1","0.500","2","1.000","0","0","2","00:02:00.000","00:01:00.000","00:13:00.000","00:28:30.000","0","0","0","0","0","0","0"
"2026-02-09","11801712","Thomas S Boyland St","Luke's Breakfast Club","116 Thomas S Boyland St  ","Brooklyn","NY","11233","7","0",,"0",,"0",,"162.49","0.00","0.00","0.00","162.49","4","0.571","5","0.714","0","0","7","00:08:28.200","00:06:16.200","00:07:55.800","00:31:31.800","0","0","0","0","0","0","0"
"2026-02-23","2560441",,"Danny's Desserts","1147 West Chester Pike ","West Chester","PA","19382","1","0",,"0",,"0",,"21.18","0.00","0.00","0.00","21.18","0",,"0",,"0","0","1","00:00:00.000","00:00:00.000","00:15:00.000","00:34:00.000","0","0","0","0","0","0","0"
"2026-02-09","3310455","Fulton St","The Pancake Flip","1237 Fulton St  ","Brooklyn","NY","11216","14","0",,"0",,"0",,"414.59","0.00","0.00","0.00","414.59","9","0.643","7","0.500","0","0","14","00:10:08.400","00:02:27.000","00:13:48.600","00:34:33.600","2","2","0","0","0","0","0"
"2026-02-16","5851928","1st Avenue","Sarah's Breakfast Bar","1741 1st Ave.  ","New York","NY","10128","1","0",,"0",,"0",,"15.47","0.00","0.00","0.00","15.47","0",,"1","1.000","0","0","1","00:03:00.000","00:00:00.000","00:03:00.000","00:12:00.000","0","0","0","0","0","0","0"
"2026-02-16","3326032","30th St","NY Dessert Bar","34-02 30th St  ","Astoria","NY","11106","2","0",,"0",,"0",,"33.56","0.00","0.00","0.00","33.56","2","1.000","2","1.000","0","0","2","00:01:30.000","00:00:30.000","00:11:30.000","00:25:00.000","1","0","1","0","0","0","0"
"2026-02-16","9811888","Avenue A","Luke's Breakfast Wraps","93 Avenue A  ","New York","NY","10009","5","2","0.400","0",,"0",,"109.05","-34.25","0.00","0.00","74.80","2","0.400","5","1.000","0","0","5","00:06:36.000","00:01:36.000","00:07:24.000","00:27:00.000","1","0","0","0","0","1","0"
"2026-02-09","10063864","Broadway","Bart's Burger Bar","3661 Broadway  ","New York","NY","10031","1","0",,"0",,"0",,"11.88","0.00","0.00","0.00","11.88","1","1.000","0",,"0","0","1","00:01:00.000","00:00:00.000","00:03:00.000","00:17:00.000","1","1","0","0","0","0","0"
"2026-02-02","3311137","Crenshaw Blvd","El Azul Tacos","6732 Crenshaw Blvd  ","Los Angeles","CA","90043","3","0",,"0",,"0",,"47.86","0.00","0.00","0.00","47.86","1","0.333","3","1.000","0","0","3","00:06:00.000","00:01:00.000","00:08:19.800","00:24:00.000","0","0","0","0","0","0","0"
"2026-02-09","10078528","8th Ave","Fresh N Fruity Smoothies","382 8th Ave  ","New York","NY","10001","3","0",,"0",,"0",,"73.42","0.00","0.00","0.00","73.42","1","0.333","3","1.000","0","0","3","00:03:19.800","00:01:40.200","00:17:40.200","00:39:19.800","0","0","0","0","0","0","0"
"2026-02-02","2391353",,"Famous Gyro Bar","244 W 14th St ","New York","NY","10011","2","0",,"0",,"0",,"39.87","0.00","0.00","0.00","39.87","2","1.000","2","1.000","0","0","2","00:02:00.000","00:00:00.000","00:26:00.000","00:53:00.000","0","0","0","0","0","0","0"
"2026-02-09","3309881","Sullivan St","The Village Smoothie Spot","240 Sullivan St  ","New York","NY","10012","4","0",,"0",,"0",,"89.90","0.00","0.00","0.00","89.90","3","0.750","2","0.500","0","0","4","00:07:00.000","00:01:30.000","00:09:45.000","00:32:00.000","0","0","0","0","0","0","0"
"2026-02-09","3310812","Hillside Ave","Top Panini Shop","164-01 Hillside Avenue  ","Jamaica","NY","11432","3","0",,"0",,"0",,"54.85","0.00","0.00","0.00","54.85","3","1.000","2","0.667","0","0","3","00:08:19.800","00:01:19.800","00:22:19.800","00:42:19.800","0","0","0","0","0","0","0"
"2026-02-23","2773050",,"The Sandwich Slut (1st Ave)","1741 1st Avenue  ","New York","NY","10128","1","0",,"0",,"0",,"24.97","0.00","0.00","0.00","24.97","1","1.000","0",,"0","0","1","00:17:00.000","00:00:00.000","00:16:00.000","00:38:00.000","0","0","0","0","0","0","0"
"2026-02-02","2509728",,"Badri's Biryani Bar","716 10th Ave ","New York","NY","10019","3","0",,"0",,"0",,"74.95","0.00","0.00","0.00","74.95","0",,"3","1.000","0","0","3","00:06:15.000","00:03:15.000","00:12:00.000","00:32:15.000","0","0","0","0","0","0","0"
"2026-01-26","3310266","3rd Ave","Mighty Grilled Cheese","1760 3rd Ave  ","New York","NY","10029","1","0",,"0",,"0",,"27.96","0.00","0.00","0.00","27.96","0",,"1","1.000","0","0","1","00:03:00.000","00:00:00.000","00:35:00.000","00:57:00.000","0","0","0","0","0","0","0"
"2026-02-23","2796118",,"The Dumpling Snob","9737 Manchester Rd  ","St. Louis","MO","63119","2","0",,"0",,"0",,"64.83","0.00","0.00","0.00","64.83","0",,"2","1.000","0","0","2","00:05:00.000","00:05:00.000","00:13:30.000","01:04:00.000","0","0","0","0","0","0","0"
"2026-02-23","6156616","10763 Bustleton Ave","Xiu's Vegetarian Chinese","10763 Bustleton Ave  ","Philadelphia","PA","19116","1","0",,"1","1.000","1","1.000","16.88","0.00","-16.88","-16.88","0.00","1","1.000","1","1.000","0","0","1",,,,,"0","0","0","0","0","0","0"
"2026-02-16","5021648","1 Kedron Ave Unit 4","Casa Pasta Ristorante","1 Kedron Ave  ","Morton","PA","19070","2","2","1.000","0",,"0",,"60.25","-22.88","0.00","0.00","37.37","2","1.000","1","0.500","0","0","2","00:08:00.000","00:06:00.000","00:16:00.000","00:43:00.000","0","0","0","0","0","0","0"
"2026-02-23","9819640","3rd","Holy Grail Omelettes","1760 3rd Ave  ","New York","NY","10029","1","1","1.000","0",,"0",,"15.38","-12.59","0.00","0.00","2.79","1","1.000","1","1.000","0","0","1","00:07:00.000","00:07:00.000","00:16:00.000","00:54:00.000","0","0","0","0","0","0","0"
"2026-02-09","9814952","18300 Vanowen Street Suite 3","The Calzone Empire","18300 Vanowen St  ","Los Angeles","CA","91335","1","0",,"0",,"0",,"27.99","0.00","0.00","0.00","27.99","1","1.000","0",,"0","0","1","00:04:00.000","00:03:00.000","00:05:00.000","00:23:00.000","0","0","0","0","0","0","0"
"2026-02-23","11003696","Hoover Rd","Hyde's Grilled Cheese","28501 Hoover Rd  ","Warren","MI","48093","1","0",,"0",,"0",,"16.17","0.00","0.00","0.00","16.17","1","1.000","1","1.000","0","0","1","00:00:00.000","00:00:00.000","00:14:00.000","00:34:00.000","0","0","0","0","0","0","0"
"2026-02-16","2116488",,"Molly's Chicken Wings","25-02 Queens Plaza S ","New York","NY","11101","1","0",,"0",,"0",,"20.57","0.00","0.00","0.00","20.57","1","1.000","0",,"0","0","1","00:01:00.000","00:00:00.000","00:11:00.000","00:25:00.000","0","0","0","0","0","0","0"
"2026-02-09","2773358",,"The Gourmet Burger (1st Ave)","1741 1st Avenue  ","New York","NY","10128","1","0",,"0",,"0",,"28.96","0.00","0.00","0.00","28.96","0",,"1","1.000","0","0","1","00:13:00.000","00:02:00.000","00:02:00.000","00:21:00.000","0","0","0","0","0","0","0"
"2026-02-16","2489526",,"The Bagel Savage","1404 Madison Ave  ","New York","NY","10029","1","0",,"0",,"0",,"25.97","0.00","0.00","0.00","25.97","1","1.000","1","1.000","0","0","1","00:06:00.000","00:00:00.000","00:05:00.000","00:19:00.000","0","0","0","0","0","0","0"
"2026-02-16","2729151",,"Halal Lamb Gyro Spot","755 9th Ave  ","New York","NY","10019","1","0",,"0",,"0",,"15.58","0.00","0.00","0.00","15.58","0",,"1","1.000","0","0","1","00:15:00.000","00:00:00.000","00:11:00.000","00:29:00.000","0","0","0","0","0","0","0"
"2026-02-09","2040775",,"Ava's Fried Chicken","820 Pennsylvania Ave ","Pittsburgh","PA","15233","2","0",,"0",,"0",,"58.90","0.00","0.00","0.00","58.90","0",,"1","0.500","0","0","2","00:05:00.000","00:00:00.000","00:17:30.000","00:43:00.000","0","0","0","0","0","0","0"
"2026-02-09","9815016","3907 Lee Hwy","Top Notch Sandwiches","3907 Lee Hwy  ","Arlington","VA","22207","1","0",,"0",,"0",,"25.28","0.00","0.00","0.00","25.28","1","1.000","1","1.000","0","0","1","00:09:00.000","00:00:00.000","00:08:00.000","00:22:00.000","0","0","0","0","0","0","0"
"2026-02-16","9813496","E 149th","Fresh N Fruity Smoothies","560 E 149th St  ","Bronx","NY","10455","2","0",,"1","0.500","1","0.500","36.36","0.00","-27.27","-27.27","9.09","1","0.500","1","0.500","0","0","2","00:03:00.000","00:03:00.000","00:12:00.000","00:43:00.000","0","0","0","0","0","0","0"
"2026-02-23","10929240","Amsterdam Ave","The Burger Hole","1213 Amsterdam Ave  ","New York","NY","10027","2","1","0.500","0",,"0",,"39.13","-18.17","0.00","0.00","20.96","2","1.000","2","1.000","0","0","2","00:03:00.000","00:00:30.000","00:08:00.000","00:21:00.000","0","0","0","0","0","0","0"
"2026-02-23","2560632",,"Halal Chicken Spot","1338 Polk St  ","San Francisco","CA","94109","1","0",,"1","1.000","0",,"29.97","0.00","-29.97","0.00","0.00","1","1.000","1","1.000","0","0","1",,,,,"0","0","0","0","0","0","0"
"2026-02-02","3310034","W Camelback Rd #103","Japanese Teriyaki House","3446 W Camelback Rd  ","Phoenix","AZ","85017","1","0",,"0",,"0",,"15.49","0.00","0.00","0.00","15.49","1","1.000","0",,"0","0","1","00:00:00.000","00:00:00.000","00:10:00.000","00:38:00.000","0","0","0","0","0","0","0"
"2026-02-02","10362136","Polk St","Fried Chicken Savage","1428 Polk St  ","San Francisco","CA","94109","1","0",,"0",,"0",,"63.95","0.00","0.00","0.00","63.95","1","1.000","0",,"0","0","1","00:12:00.000","00:12:00.000","00:04:00.000","00:34:00.000","0","0","0","0","0","0","0"
"2026-02-23","3309662","W Peoria Ave #116","Nakamura Ramen House","8520 W Peoria Ave  ","Peoria","AZ","85345","1","0",,"0",,"0",,"53.85","0.00","0.00","0.00","53.85","0",,"1","1.000","0","0","1","00:02:00.000","00:00:00.000","00:11:00.000","00:25:00.000","0","0","0","0","0","0","0"
"2026-02-16","7332936","Millan's Pizzeria North Hollywood","Fine Line Desserts","12453 Oxnard St  ","Los Angeles","CA","91606","3","0",,"0",,"0",,"70.50","0.00","0.00","0.00","70.50","0",,"3","1.000","0","0","3","00:00:40.200","00:00:00.000","00:08:40.200","00:19:00.000","0","0","0","0","0","0","0"
"2026-02-16","10559368","W 34th st","Fiona's Breakfast Burritos","433 W 34th St.  ","New York","NY","10001","8","0",,"0",,"0",,"159.32","0.00","0.00","0.00","159.32","4","0.500","6","0.750","0","0","8","00:01:46.200","00:00:00.000","00:09:16.200","00:18:16.200","0","0","0","0","0","0","0"
"2026-02-23","10363736","Polk St","Blake's Dessert Lounge","1338 Polk St  ","San Francisco","CA","94109","1","0",,"0",,"0",,"32.96","0.00","0.00","0.00","32.96","0",,"0",,"0","0","1","00:05:00.000","00:04:00.000","00:08:00.000","00:26:00.000","1","1","0","0","0","0","0"
"2026-02-09","10564904","W University Dr","Mary's Salad Co","839 W University Dr  ","Tempe","AZ","85281","1","0",,"0",,"0",,"13.99","0.00","0.00","0.00","13.99","1","1.000","1","1.000","0","0","1","00:01:00.000","00:00:00.000","00:09:00.000",,"0","0","0","0","0","0","0"
"2026-02-16","3310503","Broad Street Ext","Salvatore's Sicilian Pizza","709 Broad St Ext  ","Waterford","CT","06385","1","0",,"0",,"0",,"30.52","0.00","0.00","0.00","30.52","1","1.000","1","1.000","0","0","1","00:10:00.000","00:00:00.000","00:05:00.000","00:25:00.000","0","0","0","0","0","0","0"
"2026-02-09","3310034","W Camelback Rd #103","Japanese Teriyaki House","3446 W Camelback Rd  ","Phoenix","AZ","85017","1","0",,"0",,"0",,"21.18","0.00","0.00","0.00","21.18","1","1.000","1","1.000","0","0","1","00:01:00.000","00:00:00.000","00:26:00.000","00:37:00.000","0","0","0","0","0","0","0"
"2026-02-16","1946630",,"Firenze Pasta Ristorante","59 4th Avenue  ","New York","NY","10003","1","0",,"0",,"0",,"21.99","0.00","0.00","0.00","21.99","0",,"0",,"0","0","1","00:02:00.000","00:02:00.000","00:02:00.000","00:25:00.000","0","0","0","0","0","0","0"
"2026-02-02","9815120","Hillside","The Burger Passion","164-01 Hillside Ave.  ","Jamaica","NY","11432","1","0",,"0",,"0",,"22.36","0.00","0.00","0.00","22.36","0",,"1","1.000","0","0","1","00:00:00.000","00:00:00.000","00:18:00.000","00:38:00.000","0","0","0","0","0","0","0"
"2026-02-16","4831784","34-02 30th St","Lovin' Vegan Desserts","3402 30th St  ","Astoria","NY","11106","1","0",,"0",,"0",,"50.85","0.00","0.00","0.00","50.85","0",,"1","1.000","0","0","1","00:01:00.000","00:01:00.000","00:22:00.000","01:03:00.000","0","0","0","0","0","0","0"
"2026-01-26","4836152","4955 Voltaire St","Antonio's Quesadilla Shack","4955 Voltaire St  ","San Diego","CA","92107","1","0",,"0",,"0",,"16.78","0.00","0.00","0.00","16.78","1","1.000","1","1.000","0","0","1","00:04:00.000","00:04:00.000","00:15:00.000","00:41:00.000","0","0","0","0","0","0","0"
"2026-02-16","7097240","Jonny's Place - 370 Main St","Burritos to Bowls","370 Main St  ","East Orange","NJ","07018","1","0",,"0",,"0",,"47.98","0.00","0.00","0.00","47.98","1","1.000","1","1.000","0","0","1","00:10:00.000","00:04:00.000","00:15:00.000","00:39:00.000","0","0","0","0","0","0","0"
"2026-02-09","8563008",,"The Pasta Story","43 W Flagler St  ","Miami","FL","33130","2","0",,"0",,"0",,"44.07","0.00","0.00","0.00","44.07","0",,"0",,"0","0","2","00:06:00.000","00:05:30.000","00:33:00.000","00:59:30.000","0","0","0","0","0","0","0"
"2026-02-23","2223864",,"Fiona's Pancake Bar","1404 Madison Avenue  ","New York","NY","10029","2","0",,"0",,"0",,"45.39","0.00","0.00","0.00","45.39","2","1.000","2","1.000","0","0","2","00:00:00.000","00:00:00.000","00:13:00.000","00:24:00.000","0","0","0","0","0","0","0"
"2026-01-26","3310669","Bedford Ave","Penny's Pancakes","265 Bedford Ave  ","Brooklyn","NY","11211","1","0",,"0",,"0",,"36.36","0.00","0.00","0.00","36.36","0",,"0",,"0","0","1","00:05:00.000","00:00:00.000","00:11:00.000","00:33:00.000","0","0","0","0","0","0","0"
"2026-02-16","10075344","E Arapaho Rd","Roll N Chop Sushi's","1401 E Arapaho Rd  ","Richardson","TX","75081","1","0",,"0",,"0",,"32.87","0.00","0.00","0.00","32.87","0",,"1","1.000","0","0","1","00:00:00.000","00:00:00.000","00:20:00.000","00:36:00.000","0","0","0","0","0","0","0"
"2026-02-09","6891024","Caffe Venice - 596 3rd Ave","CJ's Breakfast Sandwich","596 3rd Ave  ","New York","NY","10016","7","0",,"1","0.143","1","0.143","105.74","0.00","-11.29","-11.29","94.45","3","0.429","5","0.714","0","0","7","00:07:15.000","00:00:07.800","00:13:00.000","00:29:07.800","0","0","0","0","0","0","0"
"2026-02-16","2732932",,"RJ's Philly Cheesesteaks (Gold St)","257 Gold St  ","New York","NY","10075","6","0",,"0",,"0",,"207.62","0.00","0.00","0.00","207.62","1","0.167","5","0.833","0","0","6","00:03:48.000","00:02:12.000","00:15:48.000","01:10:00.000","0","0","0","0","0","0","0"
"2026-02-09","7100256","Leo's Coney Island - 15198 E 13 Mile Rd","The Scorchin' Burger","15198 E Thirteen Mile Rd  ","Warren","MI","48088","2","0",,"0",,"0",,"22.97","0.00","0.00","0.00","22.97","1","0.500","0",,"0","0","2","00:02:30.000","00:00:00.000","00:18:30.000","00:30:30.000","0","0","0","0","0","0","0"
"2026-02-09","2509728",,"Badri's Biryani Bar","716 10th Ave ","New York","NY","10019","3","0",,"0",,"0",,"75.94","0.00","0.00","0.00","75.94","2","0.667","3","1.000","0","0","3","00:07:00.000","00:02:00.000","00:16:40.200","00:40:30.000","0","0","0","0","0","0","0"
"2026-02-16","2786287",,"Philly Cheesesteak Artists (1st Ave)","217 1st Ave  ","New York","NY","10003","1","0",,"0",,"0",,"35.97","0.00","0.00","0.00","35.97","1","1.000","0",,"0","0","1","00:11:00.000","00:00:00.000","00:13:00.000","00:28:00.000","0","0","0","0","0","0","0"
"2026-02-16","7323992","Midtown Bar and Grill - 415 W Gray St","Hyde's Grilled Cheese","415 W Gray St  ","Houston","TX","77019","2","1","0.500","0",,"0",,"43.35","-5.59","0.00","0.00","37.76","1","0.500","2","1.000","0","0","2","00:02:30.000","00:01:30.000","00:15:00.000","00:38:30.000","0","0","0","0","0","0","0"
"2026-02-02","6891744","Wholesome Farms Market - 108 Jay St","Gloria's Favorite Greens","108 Jay St  ","Brooklyn","NY","11201","1","0",,"0",,"0",,"15.49","0.00","0.00","0.00","15.49","0",,"0",,"0","0","1","00:13:00.000","00:00:00.000","00:02:00.000","00:18:00.000","0","0","0","0","0","0","0"
"2026-02-16","6891048","Caffe Venice - 596 3rd Ave","Smokin' Burger Grille","596 3rd Ave  ","New York","NY","10016","1","0",,"0",,"0",,"25.38","0.00","0.00","0.00","25.38","1","1.000","1","1.000","0","0","1","00:10:00.000","00:00:00.000","00:05:00.000","00:22:00.000","0","0","0","0","0","0","0"
"2026-02-09","3310454","Fulton St","Mary's Waffle Bar","1237 Fulton St  ","Brooklyn","NY","11216","1","0",,"0",,"0",,"59.79","0.00","0.00","0.00","59.79","1","1.000","1","1.000","0","0","1","00:07:00.000","00:00:00.000","00:06:00.000","00:20:00.000","0","0","0","0","0","0","0"
"2026-02-02","10930944","Mowry Ave","The Gyro Shop","3846 Mowry Ave  ","Fremont","CA","94538","1","0",,"0",,"0",,"20.28","0.00","0.00","0.00","20.28","1","1.000","1","1.000","0","0","1","00:05:00.000","00:05:00.000","00:18:00.000","00:41:00.000","0","0","0","0","0","0","0"
"2026-02-09","11796472","Castle Hill Ave","Christina's Vegan Cafe","1201 Castle Hill Ave  ","Bronx","NY","10462","1","0",,"1","1.000","1","1.000","29.97","0.00","-29.97","-29.97","0.00","1","1.000","1","1.000","0","0","1",,,,,"0","0","0","0","0","0","0"
"2026-02-09","2383189",,"Ben's Buffalo Wings","5155 3rd St ","San Francisco","CA","94124","1","0",,"0",,"0",,"24.43","0.00","0.00","0.00","24.43","0",,"1","1.000","0","0","1","00:01:00.000","00:01:00.000","00:05:00.000","00:41:00.000","0","0","0","0","0","0","0"
"2026-02-16","3309965","Sullivan St","Grilled Cheese Ecstatic","240 Sullivan St  ","New York","NY","10012","5","0",,"0",,"0",,"87.50","0.00","0.00","0.00","87.50","5","1.000","5","1.000","0","0","5","00:08:00.000","00:03:15.000","00:12:25.200","00:32:40.200","1","1","0","0","0","0","0"
"2026-02-16","4837568","319 Rogers Ave","Olivia's Breakfast Cafe","319 Rogers Ave  ","Brooklyn","NY","11225","1","0",,"0",,"0",,"19.78","0.00","0.00","0.00","19.78","1","1.000","0",,"0","0","1","00:02:00.000","00:00:00.000","00:13:00.000","00:26:00.000","1","1","0","0","0","0","0"
"2026-02-02","10935104","Agnew Rd","Village Wraps Snob","2026 Agnew Rd  ","Santa Clara","CA","95054","1","0",,"0",,"0",,"13.99","0.00","0.00","0.00","13.99","1","1.000","1","1.000","0","0","1","00:03:00.000","00:03:00.000","00:28:00.000","00:50:00.000","0","0","0","0","0","0","0"
"2026-02-16","9819608","18300 Vanowen St","K's Slice of Cake","18300 Vanowen St  ","Los Angeles","CA","91335","6","0",,"0",,"0",,"85.26","0.00","0.00","0.00","85.26","3","0.500","3","0.500","0","0","6","00:02:24.000","00:00:48.000","00:16:48.000","00:33:12.000","1","1","0","0","0","0","0"
"2026-02-09","8568808",,"Sicily's Calzone House","9061 Van Nuys Blvd  ","Los Angeles","CA","91402","1","0",,"0",,"0",,"92.29","0.00","0.00","0.00","92.29","1","1.000","0",,"0","0","1","00:06:00.000","00:06:00.000","00:17:00.000","00:43:00.000","0","0","0","0","0","0","0"
"2026-02-09","4512080","769 9th Ave #1","Glorious Panini Snob","769 9th Ave  ","New York","NY","10019","1","0",,"0",,"0",,"14.09","0.00","0.00","0.00","14.09","1","1.000","1","1.000","0","0","1","00:10:00.000","00:02:00.000","00:05:00.000",,"1","1","0","0","0","0","0"
"2026-02-09","11798104","E Windmill Ln","Luigi's Pasta Ristorante","415 E Windmill Ln  ","Las Vegas","NV","89123","1","0",,"0",,"0",,"20.99","0.00","0.00","0.00","20.99","0",,"1","1.000","0","0","1","00:06:00.000","00:00:00.000","00:14:00.000","00:26:00.000","0","0","0","0","0","0","0"
"2026-02-16","5850184","Vernon Boulevard","Penny's Pancakes","38-01 Vernon Blvd  ","Long Island City","NY","11101","1","0",,"0",,"0",,"24.16","0.00","0.00","0.00","24.16","0",,"0",,"0","0","1","00:11:00.000","00:11:00.000","00:12:00.000","00:44:00.000","0","0","0","0","0","0","0"
"2026-02-23","10357752","Polk St","Good Planet Vegan Burgers","1428 Polk St  ","San Francisco","CA","94109","1","0",,"0",,"0",,"31.96","0.00","0.00","0.00","31.96","1","1.000","1","1.000","0","0","1","00:04:00.000","00:04:00.000","00:13:00.000","00:32:00.000","0","0","0","0","0","0","0"
"2026-02-02","2964464",,"Day N Night Pancakes","240 Sullivan St  ","New York","NY","10012","4","0",,"0",,"0",,"64.24","0.00","0.00","0.00","64.24","0",,"4","1.000","0","0","4","00:03:45.000","00:03:45.000","00:12:00.000","00:46:15.000","0","0","0","0","0","0","0"
"2026-02-23","3310218","E Bell Rd #132","The Chinese Joint","4015 E Bell Rd  ","Phoenix","AZ","85032","4","0",,"2","0.500","2","0.500","112.99","0.00","-38.16","-38.16","74.83","1","0.250","4","1.000","0","0","4","00:05:30.000","00:00:00.000","00:11:30.000","00:21:30.000","1","1","0","0","0","0","0"
"2026-02-02","2847792",,"Julia's Juice Shack (Bedford Ave)","265 Bedford Ave  ","NY","NY","11211","1","0",,"0",,"0",,"13.28","0.00","0.00","0.00","13.28","1","1.000","1","1.000","0","0","1","00:04:00.000","00:00:00.000","00:06:00.000","00:23:00.000","0","0","0","0","0","0","0"
"2026-02-16","8569944",,"Top Panini Shop","1175 2nd Ave  ","New York","NY","10065","4","0",,"0",,"0",,"89.95","0.00","0.00","0.00","89.95","2","0.500","3","0.750","0","0","4","00:07:15.000","00:00:15.000","00:05:15.000","00:17:00.000","0","0","0","0","0","0","0"
"2026-01-26","2900806",,"The Shawarma Bar (Polk St)","1338 Polk St  ","San Francisco","CA","94109","1","0",,"0",,"0",,"16.99","0.00","0.00","0.00","16.99","1","1.000","1","1.000","0","0","1","00:00:00.000","00:00:00.000","00:04:00.000","00:19:00.000","0","0","0","0","0","0","0"
"2026-02-09","3310894","Broad Street Ext","The Salad Prince","709 Broad St Ext  ","Waterford","CT","06385","1","0",,"1","1.000","1","1.000","32.87","0.00","-32.87","-32.87","0.00","1","1.000","1","1.000","0","0","1",,,,,"0","0","0","0","0","0","0"
"2026-02-23","7097584","Golden State Pizza & Grill - 3349 Mission St","Philly Cheesesteak Company","3349 Mission St  ","San Francisco","CA","94110","1","0",,"0",,"0",,"12.69","0.00","0.00","0.00","12.69","0",,"1","1.000","0","0","1","00:10:00.000","00:06:00.000","00:13:00.000","00:39:00.000","0","0","0","0","0","0","0"
"2026-02-16","3344616","501 Broadway St","Linh's Chinese Restaurant","501 Broadway  ","San Francisco","CA","94133","2","0",,"1","0.500","1","0.500","48.97","0.00","-18.19","-18.19","30.78","1","0.500","2","1.000","0","0","2","00:12:00.000","00:04:00.000","00:03:00.000","00:28:00.000","0","0","0","0","0","0","0"
"2026-02-16","5024688","296 3rd Ave","Savage Juice Bar","296 3rd Ave  ","New York","NY","10010","1","0",,"0",,"0",,"34.75","0.00","0.00","0.00","34.75","1","1.000","1","1.000","0","0","1","00:21:00.000","00:18:00.000","00:03:00.000","00:41:00.000","0","0","0","0","0","0","0"
"2026-02-16","3310756","N Broadway","London's Fish N Chips","854 N Broadway  ","White Plains","NY","10603","4","0",,"1","0.250","1","0.250","137.90","0.00","-35.97","-35.97","101.93","2","0.500","3","0.750","0","0","4","00:00:19.800","00:00:00.000","00:15:19.800","00:31:00.000","0","0","0","0","0","0","0"
"2026-02-23","9819568","2624 Pico Blvd","The Cali Calzone","2624 Pico Blvd  ","Santa Monica","CA","90405","1","0",,"0",,"0",,"22.39","0.00","0.00","0.00","22.39","1","1.000","1","1.000","0","0","1","00:05:00.000","00:05:00.000","00:22:00.000","00:45:00.000","1","1","0","0","0","0","0"
"2026-02-02","10078560","Broadway","Amanda's Breakfast Lounge","3661 Broadway  ","New York","NY","10031","1","0",,"0",,"0",,"17.48","0.00","0.00","0.00","17.48","1","1.000","0",,"0","0","1","00:03:00.000","00:00:00.000","00:02:00.000","00:16:00.000","0","0","0","0","0","0","0"
"2026-02-23","3311036","Crenshaw Blvd","High Life Breakfast Sandwiches","6732 Crenshaw Blvd  ","Los Angeles","CA","90043","1","0",,"0",,"0",,"11.29","0.00","0.00","0.00","11.29","1","1.000","1","1.000","0","0","1","00:04:00.000","00:00:00.000","00:11:00.000","00:28:00.000","0","0","0","0","0","0","0"
"2026-02-16","9815064","2026 Agnew Rd","The Indian Spice Kitchen","2026 Agnew Rd  ","Santa Clara","CA","95054","1","0",,"0",,"0",,"16.79","0.00","0.00","0.00","16.79","1","1.000","1","1.000","0","0","1","00:03:00.000","00:01:00.000","00:14:00.000","00:31:00.000","0","0","0","0","0","0","0"
"2026-02-16","2410420",,"The Wings Express","1147 West Chester Pike ","West Chester","PA","19382","1","0",,"0",,"0",,"14.98","0.00","0.00","0.00","14.98","1","1.000","1","1.000","0","0","1",,,,,"0","0","0","0","0","0","0"
"2026-02-09","3300958","30th St","Sin City Burger Spot","34-02 30th St  ","Astoria","NY","11106","5","0",,"0",,"0",,"112.50","0.00","0.00","0.00","112.50","1","0.200","5","1.000","0","0","5","00:03:52.800","00:00:00.000","00:08:07.800","00:19:22.800","1","1","0","0","0","0","0"
"2026-02-23","3325823","30th St","Bagel Dynasty","34-02 30th St  ","Astoria","NY","11106","2","0",,"0",,"0",,"32.42","0.00","0.00","0.00","32.42","1","0.500","2","1.000","0","0","2","00:04:00.000","00:00:00.000","00:03:00.000","00:13:30.000","0","0","0","0","0","0","0"
"2026-02-23","9834512","501 Broadway St","NY Boba Bae","501 Broadway  ","San Francisco","CA","94133","2","0",,"2","1.000","2","1.000","61.44","0.00","-61.44","-61.44","0.00","1","0.500","2","1.000","0","0","2",,,,,"0","0","0","0","0","0","0"
"2026-02-09","3343893","2755 Broadway","Panini's On Panini's","2755 Broadway  ","New York","NY","10025","2","0",,"0",,"0",,"33.87","0.00","0.00","0.00","33.87","0",,"2","1.000","0","0","2","00:06:30.000","00:00:00.000","00:15:00.000","00:32:30.000","0","0","0","0","0","0","0"
"2026-02-16","9813432","6732 Crenshaw Blvd","Olivia's Breakfast Cafe","6732 Crenshaw Blvd  ","Los Angeles","CA","90043","1","0",,"0",,"0",,"15.39","0.00","0.00","0.00","15.39","0",,"1","1.000","0","0","1","00:02:00.000","00:02:00.000","00:23:00.000","00:49:00.000","0","0","0","0","0","0","0"
"2026-02-02","3312244","32nd St","Fiona's Ultimate Wraps","590 32nd St  ","Union City","NJ","07087","1","0",,"1","1.000","0",,"26.77","0.00","-26.77","0.00","0.00","1","1.000","1","1.000","0","0","1",,,,,"0","0","0","0","0","0","0"
"2026-01-26","10372072","E Speedway","Breakfast Burrito Joint","4352 E Speedway Blvd  ","Tucson","AZ","85712","1","0",,"0",,"0",,"12.58","0.00","0.00","0.00","12.58","1","1.000","1","1.000","0","0","1","00:01:00.000","00:01:00.000","00:17:00.000","00:41:00.000","0","0","0","0","0","0","0"
"2026-02-09","9817992","Mowry","Vegan Falafel Joint","3846 Mowry Ave  ","Fremont","CA","94538","1","0",,"0",,"0",,"33.25","0.00","0.00","0.00","33.25","1","1.000","1","1.000","0","0","1","00:01:00.000","00:01:00.000","00:24:00.000","00:52:00.000","0","0","0","0","0","0","0"
"2026-02-23","4510336","937 1st Avenue","Jay's Breakfast Bar","937 1st Ave.  ","New York","NY","10022","3","0",,"0",,"0",,"62.10","0.00","0.00","0.00","62.10","2","0.667","2","0.667","0","0","3","00:10:00.000","00:00:00.000","00:10:19.800","00:20:30.000","0","0","0","0","0","0","0"
"2026-02-23","3312441","1st Avenue","Muf's Muffin Shop","937 1st Ave.  ","New York","NY","10022","5","0",,"0",,"0",,"122.33","0.00","0.00","0.00","122.33","3","0.600","2","0.400","0","0","5","00:07:30.000","00:00:30.000","00:08:22.800","00:41:52.800","0","0","0","0","0","0","0"
"2026-02-23","10498112","101st Ave","Top Notch Sandwiches","131-03 101st Ave  ","South Richmond","NY","11419","1","0",,"0",,"0",,"26.57","0.00","0.00","0.00","26.57","0",,"0",,"0","0","1","00:21:00.000","00:00:00.000","00:28:00.000","00:51:00.000","0","0","0","0","0","0","0"
"2026-02-16","11804968","Western Ave S","Addictive Fried Chicken","2103 Western Ave  ","Las Vegas","NV","89102","2","0",,"1","0.500","1","0.500","73.92","0.00","-36.96","-36.96","36.96","1","0.500","0",,"0","0","2","00:03:00.000","00:03:00.000","00:11:00.000","01:13:00.000","0","0","0","0","0","0","0"
"2026-01-26","2485324",,"Olivia's Breakfast Cafe","128 E 4th St ","New York","NY","10003","2","0",,"0",,"0",,"38.95","0.00","0.00","0.00","38.95","1","0.500","2","1.000","0","0","2","00:02:30.000","00:02:30.000","00:10:00.000","00:39:30.000","0","0","0","0","0","0","0"
"2026-02-09","3311230","Loudon Rd #960","Italian Pasta Lounge","800 Loudon Rd  ","Latham","NY","12110","1","0",,"0",,"0",,"77.97","0.00","0.00","0.00","77.97","0",,"1","1.000","0","0","1",,,,,"0","0","0","0","0","0","0"
"2026-02-23","9822624","30th","Pardon My Panini","34-02 30th St  ","Astoria","NY","11106","1","0",,"0",,"0",,"50.36","0.00","0.00","0.00","50.36","1","1.000","1","1.000","0","0","1","00:00:00.000","00:00:00.000","00:08:00.000","00:20:00.000","0","0","0","0","0","0","0"
"2026-02-02","2900807",,"The Omelette Farm (1st Avenue)","1741 1st Avenue  ","New York","NY","10128","2","0",,"0",,"0",,"42.62","0.00","0.00","0.00","42.62","0",,"2","1.000","0","0","2","00:06:30.000","00:02:30.000","00:06:00.000","00:19:30.000","0","0","0","0","0","0","0"
"2026-02-09","6893832","Aroma Pizza & Pasta - 20491 Alton Pkwy","Firenze Pasta Ristorante","20491 Alton Pkwy  ","Lake Forest","CA","92610","2","0",,"0",,"0",,"68.68","0.00","0.00","0.00","68.68","1","0.500","1","0.500","0","0","2","00:03:30.000","00:00:00.000","00:11:30.000","00:28:30.000","0","0","0","0","0","0","0"
"2026-02-02","10934896","E 8th St","Luca's Philly Cheesesteak","44 E 8th St  ","New York","NY","10003","1","0",,"0",,"0",,"23.08","0.00","0.00","0.00","23.08","1","1.000","0",,"0","0","1","00:00:00.000","00:00:00.000","00:07:00.000","01:20:00.000","0","0","0","0","0","0","0"
"2026-02-09","2794878",,"The Chinese Noodle Palace","9737 Manchester Rd  ","St. Louis","MO","63119","1","0",,"0",,"0",,"31.17","0.00","0.00","0.00","31.17","1","1.000","1","1.000","0","0","1","00:01:00.000","00:01:00.000","00:12:00.000","00:51:00.000","0","0","0","0","0","0","0"
"2026-02-16","3309880","Sullivan St","Sunrise Breakfast Club","240 Sullivan St  ","New York","NY","10012","2","0",,"0",,"0",,"53.98","0.00","0.00","0.00","53.98","1","0.500","2","1.000","0","0","2","00:01:30.000","00:00:00.000","00:22:00.000","00:39:30.000","0","0","0","0","0","0","0"
"2026-02-09","11789272","125th St","Hyde's Grilled Cheese","135 E 125th St  ","New York","NY","10035","1","1","1.000","0",,"0",,"23.07","-14.68","0.00","0.00","8.39","1","1.000","1","1.000","0","0","1","00:09:00.000","00:00:00.000","00:08:00.000","00:25:00.000","0","0","0","0","0","0","0"
"2026-02-02","8563008",,"The Pasta Story","43 W Flagler St  ","Miami","FL","33130","3","0",,"0",,"0",,"61.56","0.00","0.00","0.00","61.56","2","0.667","2","0.667","0","0","3","00:02:40.200","00:00:19.800","00:12:19.800","00:38:40.200","0","0","0","0","0","0","0"
"2026-02-16","9819584","28501 Hoover Rd","The Farmers Salad","28501 Hoover Rd  ","Warren","MI","48093","1","0",,"0",,"0",,"27.67","0.00","0.00","0.00","27.67","0",,"1","1.000","0","0","1","00:11:00.000","00:02:00.000","00:16:00.000","00:33:00.000","0","0","0","0","0","0","0"
"2026-02-02","2116739",,"Veronica's Burrito Bar","25-02 Queens Plaza S ","Long Island City","NY","11101","3","0",,"0",,"0",,"79.91","0.00","0.00","0.00","79.91","2","0.667","2","0.667","0","0","3","00:01:19.800","00:00:00.000","00:12:40.200","00:31:00.000","1","1","0","0","0","0","0"
"2026-02-16","3310119","E Arapaho Rd #F","Sizzlin' Hibachi","1401 E Arapaho Rd  ","Richardson","TX","75081","1","0",,"0",,"0",,"33.96","0.00","0.00","0.00","33.96","1","1.000","1","1.000","0","0","1","00:00:00.000","00:00:00.000","00:36:00.000","00:53:00.000","0","0","0","0","0","0","0"
"2026-02-02","8562904",,"The Burger Joint","1595 Seminole Blvd  ","Largo","FL","33770","1","0",,"0",,"0",,"19.58","0.00","0.00","0.00","19.58","1","1.000","1","1.000","0","0","1","00:04:00.000","00:04:00.000","00:12:00.000","00:51:00.000","0","0","0","0","0","0","0"
"2026-02-02","3310779","George St","Pita Sandwiches Bite","228 George St  ","New Brunswick","NJ","08901","4","0",,"0",,"0",,"67.03","0.00","0.00","0.00","67.03","1","0.250","4","1.000","0","0","4","00:01:30.000","00:00:15.000","00:09:45.000","00:32:15.000","1","1","0","0","0","0","0"
"2026-02-09","3309685","Avenue A","Casa De Quesadilla","93 Avenue A  ","New York","NY","10009","2","0",,"0",,"0",,"52.93","0.00","0.00","0.00","52.93","1","0.500","1","0.500","0","0","2","00:09:00.000","00:05:00.000","00:01:30.000","00:27:00.000","0","0","0","0","0","0","0"
"2026-02-23","4515648","1741 1st Avenue","Nomad's Bagels","1741 1st Ave.  ","New York","NY","10128","1","1","1.000","0",,"0",,"26.04","-7.76","0.00","0.00","18.28","1","1.000","1","1.000","0","0","1","00:11:00.000","00:07:00.000","00:10:00.000","00:37:00.000","0","0","0","0","0","0","0"
"2026-02-09","3311137","Crenshaw Blvd","El Azul Tacos","6732 Crenshaw Blvd  ","Los Angeles","CA","90043","2","0",,"0",,"0",,"30.14","0.00","0.00","0.00","30.14","1","0.500","1","0.500","0","0","2","00:01:00.000","00:00:00.000","00:12:30.000","00:27:00.000","0","0","0","0","0","0","0"
"2026-02-16","3310335","Sullivan St","Chicken Salad Bar","240 Sullivan St  ","New York","NY","10012","2","0",,"0",,"0",,"48.95","0.00","0.00","0.00","48.95","2","1.000","1","0.500","0","0","2","00:11:00.000","00:00:00.000","00:14:00.000","00:30:00.000","1","1","0","0","0","0","0"
"2026-02-23","3326295","1st Ave","Angelo's Wraps Shop","147 1st Ave.  ","New York","NY","10003","1","0",,"0",,"0",,"14.09","0.00","0.00","0.00","14.09","0",,"1","1.000","0","0","1","00:02:00.000","00:00:00.000","00:17:00.000","00:32:00.000","0","0","0","0","0","0","0"
"2026-02-09","5930408","26801 Hillside Ave","Chanel's Coffee House","26801 Hillside Avenue  ","Glen Oaks","NY","11004","1","0",,"0",,"0",,"17.68","0.00","0.00","0.00","17.68","1","1.000","0",,"0","0","1","00:06:00.000","00:06:00.000","00:20:00.000","01:02:00.000","1","1","0","0","0","0","0"
"2026-02-02","9794808","1401 E Arapaho Rd #F","Ryu's Ramen Bar","1401 E Arapaho Rd  ","Richardson","TX","75081","2","0",,"0",,"0",,"62.95","0.00","0.00","0.00","62.95","1","0.500","2","1.000","0","0","2","00:06:00.000","00:06:00.000","00:14:30.000","00:40:30.000","0","0","0","0","0","0","0"
"2026-02-02","2896401",,"Glorious Panini Snob","1219 1st Ave  ","New York","NY","10065","1","0",,"0",,"0",,"31.25","0.00","0.00","0.00","31.25","1","1.000","1","1.000","0","0","1","00:11:00.000","00:00:00.000","00:25:00.000","00:43:00.000","0","0","0","0","0","0","0"
"2026-02-02","6345488","Gate Of India - 7300 Sunset Blvd","Indian Veg House","7300 Sunset Blvd  ","Los Angeles","CA","90046","1","0",,"0",,"0",,"21.99","0.00","0.00","0.00","21.99","1","1.000","1","1.000","0","0","1","00:03:00.000","00:00:00.000","00:13:00.000","00:27:00.000","0","0","0","0","0","0","0"
"2026-02-23","3300891","Hillside Ave","Penny's Pancakes","164-01 Hillside Avenue  ","Jamaica","NY","11432","1","0",,"0",,"0",,"20.96","0.00","0.00","0.00","20.96","0",,"1","1.000","0","0","1","00:01:00.000","00:01:00.000","00:06:00.000","00:40:00.000","0","0","0","0","0","0","0"
"2026-02-09","10938144","E Anaheim St","Sarah's Breakfast Bar","2841 E Anaheim St  ","Long Beach","CA","90804","1","1","1.000","0",,"0",,"35.67","-13.32","0.00","0.00","22.35","1","1.000","1","1.000","0","0","1","00:01:00.000","00:00:00.000","00:07:00.000","00:20:00.000","0","0","0","0","0","0","0"
"2026-02-09","11805040","W Tremont Ave","Top Panini Shop","169 W Tremont Ave  ","Bronx","NY","10453","1","0",,"1","1.000","1","1.000","21.99","0.00","-21.99","-21.99","0.00","0",,"1","1.000","0","0","1",,,,,"0","0","0","0","0","0","0"
"2026-02-09","8568872",,"The Burrito Co","4352 E Speedway Blvd  ","Tucson","AZ","85712","2","0",,"0",,"0",,"70.72","0.00","0.00","0.00","70.72","1","0.500","2","1.000","0","0","2","00:01:30.000","00:00:00.000","00:13:30.000","00:26:00.000","0","0","0","0","0","0","0"
"2026-01-26","3310580","George St","Sandwiches On Fleek","228 George St  ","New Brunswick","NJ","08901","1","0",,"0",,"0",,"36.46","0.00","0.00","0.00","36.46","1","1.000","1","1.000","0","0","1","00:07:00.000","00:00:00.000","00:24:00.000","00:43:00.000","0","0","0","0","0","0","0"
"2026-02-02","2569730",,"Two Hand Burger","1760 3rd Ave  ","New York","NY","10029","1","0",,"0",,"0",,"19.97","0.00","0.00","0.00","19.97","0",,"1","1.000","0","0","1","00:08:00.000","00:08:00.000","00:08:00.000","00:26:00.000","0","0","0","0","0","0","0"
"2026-02-02","7099080","Jonny's Place - 370 Main St","Jewel's Breakfast Joint","370 Main St  ","East Orange","NJ","07018","1","0",,"0",,"0",,"14.09","0.00","0.00","0.00","14.09","0",,"1","1.000","0","0","1","00:01:00.000","00:01:00.000","00:18:00.000","00:51:00.000","0","0","0","0","0","0","0"
"2026-02-16","2634275",,"Halal Gyro Lab","1760 3rd Ave  ","New York","NY","10029","1","0",,"0",,"0",,"51.03","0.00","0.00","0.00","51.03","0",,"1","1.000","0","0","1","00:18:00.000","00:00:00.000","00:06:00.000","00:32:00.000","0","0","0","0","0","0","0"
"2026-02-16","2796228",,"Healthy Salad Bar ","228 George St  ","New Brunswick","NJ","08901","1","0",,"0",,"0",,"18.28","0.00","0.00","0.00","18.28","0",,"1","1.000","0","0","1","00:01:00.000","00:01:00.000","00:16:00.000","00:46:00.000","0","0","0","0","0","0","0"
"2026-02-23","2847689",,"Sam's Sandwich Spot (Bedford Ave)","265 Bedford Ave  ","Brooklyn","NY","11211","1","0",,"0",,"0",,"11.89","0.00","0.00","0.00","11.89","1","1.000","1","1.000","0","0","1","00:06:00.000","00:03:00.000","00:04:00.000","00:20:00.000","0","0","0","0","0","0","0"
"2026-02-23","8568632",,"Chicken Sandwich Loft","6600 W Sylvania Ave  ","Sylvania","OH","43560","1","0",,"0",,"0",,"36.46","0.00","0.00","0.00","36.46","1","1.000","1","1.000","0","0","1","00:02:00.000","00:00:00.000","00:07:00.000","00:35:00.000","0","0","0","0","0","0","0"
"2026-02-16","3310408","E Arapaho Rd #F","The Chinese Joint","1401 E Arapaho Rd  ","Richardson","TX","75081","1","0",,"0",,"0",,"19.98","0.00","0.00","0.00","19.98","1","1.000","1","1.000","0","0","1","00:00:00.000","00:00:00.000","00:28:00.000","00:59:00.000","0","0","0","0","0","0","0"
"2026-02-23","3310118","W Indian School Rd","Fried Rice Fanatic","400 W Indian School Rd  ","Phoenix","AZ","85013","7","0",,"0",,"0",,"222.38","0.00","0.00","0.00","222.38","3","0.429","6","0.857","0","0","7","00:03:25.200","00:02:04.800","00:16:55.200","00:41:55.200","4","4","0","0","0","0","1"
"2026-02-09","8566136",,"Luna's Loaded Fries","4352 E Speedway Blvd  ","Tucson","AZ","85712","3","0",,"1","0.333","1","0.333","52.45","0.00","-15.39","-15.39","37.06","1","0.333","3","1.000","0","0","3","00:01:00.000","00:01:00.000","00:20:00.000","00:46:00.000","0","0","0","0","0","0","0"
"2026-02-02","2732251",,"The Shawarma Bar (Gold St)","257 Gold St  ","New York","NY","10075","1","0",,"0",,"0",,"37.38","0.00","0.00","0.00","37.38","0",,"1","1.000","0","0","1","00:06:00.000","00:00:00.000","00:09:00.000","00:28:00.000","0","0","0","0","0","0","0"
"2026-02-23","1938468",,"Stella's Pancake Bar","937 1st Avenue ","New York","NY","10022","18","0",,"0",,"0",,"450.06","0.00","0.00","0.00","450.06","10","0.556","15","0.833","0","0","18","00:05:22.800","00:01:24.600","00:14:59.400","00:35:14.400","1","1","0","0","0","0","0"
"2026-02-02","4514232","1741 1st Avenue","Hero Sandwich Shop","1741 1st Ave.  ","New York","NY","10128","1","0",,"0",,"0",,"16.99","0.00","0.00","0.00","16.99","0",,"1","1.000","0","0","1","00:04:00.000","00:00:00.000","00:07:00.000","00:15:00.000","0","0","0","0","0","0","0"
"2026-02-02","2116039",,"BBQ Ribs Co.","820 Pennsylvania Ave ","Pittsburgh","PA","15233","3","1","0.333","0",,"0",,"58.93","-3.98","0.00","0.00","54.95","2","0.667","2","0.667","0","0","3","00:04:30.000","00:03:45.000","00:22:30.000","01:01:00.000","1","0","0","1","0","0","1"
"2026-01-26","9820960","370 Main St","FirstBite Breakfast Sandwiches","370 Main St  ","East Orange","NJ","07018","1","0",,"0",,"0",,"15.39","0.00","0.00","0.00","15.39","1","1.000","0",,"0","0","1","00:02:00.000","00:00:00.000","00:04:00.000","00:21:00.000","1","1","0","0","0","0","0"
"2026-02-23","9811888","Avenue A","Luke's Breakfast Wraps","93 Avenue A  ","New York","NY","10009","2","0",,"0",,"0",,"34.27","0.00","0.00","0.00","34.27","0",,"2","1.000","0","0","2","00:05:00.000","00:02:00.000","00:12:00.000","00:27:30.000","0","0","0","0","0","0","0"
"2026-02-23","10936568","W Chester Pike","The Dessert Shack","2560 West Chester Pike  ","Broomall","PA","19008","1","0",,"1","1.000","1","1.000","20.96","0.00","-20.96","-20.96","0.00","1","1.000","0",,"0","0","1",,,,,"0","0","0","0","0","0","0"
"2026-02-16","8570072",,"Carmen's Breakfast Burritos","4352 E Speedway Blvd  ","Tucson","AZ","85712","2","0",,"0",,"0",,"58.43","0.00","0.00","0.00","58.43","1","0.500","2","1.000","0","0","2","00:02:30.000","00:00:00.000","00:15:30.000","00:32:30.000","0","0","0","0","0","0","0"
"2026-02-02","3344337","301 W 96th St","Che Breakfast Cafe","301 W 96th St  ","New York","NY","10025","2","1","0.500","0",,"0",,"48.23","-25.38","0.00","0.00","22.85","0",,"1","0.500","0","0","2","00:05:00.000","00:01:30.000","00:16:00.000","00:41:00.000","0","0","0","0","0","0","0"
"2026-02-16","8569904",,"The Breakfast Dash","1561 St Nicholas Ave  ","New York","NY","10040","2","0",,"0",,"0",,"59.96","0.00","0.00","0.00","59.96","1","0.500","2","1.000","0","0","2","00:08:30.000","00:01:30.000","00:05:00.000","00:21:30.000","0","0","0","0","0","0","0"
"2026-02-16","2741113",,"Philly Cheesesteak Company","1760 3rd Ave New York  ","New York","NY","10029","1","0",,"0",,"0",,"30.97","0.00","0.00","0.00","30.97","1","1.000","0",,"0","0","1","00:04:00.000","00:04:00.000","00:05:00.000","00:20:00.000","0","0","0","0","0","0","0"
"2026-02-16","9815120","Hillside","The Burger Passion","164-01 Hillside Ave.  ","Jamaica","NY","11432","1","0",,"0",,"0",,"19.97","0.00","0.00","0.00","19.97","0",,"1","1.000","0","0","1","00:03:00.000","00:00:00.000","00:13:00.000","00:23:00.000","0","0","0","0","0","0","0"
"2026-02-02","3310236","Queens Plaza S","The Pasta Story","25-02 Queens Plaza S  ","Queens","NY","11101","4","0",,"0",,"0",,"98.11","0.00","0.00","0.00","98.11","3","0.750","2","0.500","0","0","4","00:06:45.000","00:02:45.000","00:09:00.000","00:37:30.000","0","0","0","0","0","0","0"
"2026-02-09","2796118",,"The Dumpling Snob","9737 Manchester Rd  ","St. Louis","MO","63119","5","0",,"0",,"0",,"155.23","0.00","0.00","0.00","155.23","4","0.800","4","0.800","0","0","5","00:03:19.800","00:03:19.800","00:18:19.800","00:54:30.000","0","0","0","0","0","0","0"
"2026-02-09","3310559","Bedford Ave","Casa Pasta Ristorante","265 Bedford Ave  ","Brooklyn","NY","11211","2","0",,"0",,"0",,"58.15","0.00","0.00","0.00","58.15","0",,"0",,"0","0","2","00:06:00.000","00:04:30.000","00:11:30.000","00:34:00.000","0","0","0","0","0","0","0"
"2026-02-02","9815152","Mission","Leon's Legendary Pizza","3349 Mission St  ","San Francisco","CA","94110","2","0",,"0",,"0",,"116.12","0.00","0.00","0.00","116.12","1","0.500","1","0.500","0","0","2","00:03:30.000","00:03:30.000","00:09:00.000","00:36:30.000","1","0","0","1","0","0","0"
"2026-02-02","3300782","Canal St #6019","Despicable Wraps","83 Canal St  ","New York","NY","10002","1","0",,"1","1.000","1","1.000","36.37","0.00","-36.37","-36.37","0.00","0",,"0",,"0","0","1",,,,,"0","0","0","0","0","0","0"
"2026-02-16","10062176","Van Nuys Blvd","Perry's Pizza Parlour","9061 Van Nuys Blvd  ","Los Angeles","CA","91402","1","0",,"0",,"0",,"33.58","0.00","0.00","0.00","33.58","0",,"1","1.000","0","0","1","00:28:00.000","00:28:00.000","00:05:00.000","00:53:00.000","0","0","0","0","0","0","0"
"2026-02-23","7100256","Leo's Coney Island - 15198 E 13 Mile Rd","The Scorchin' Burger","15198 E Thirteen Mile Rd  ","Warren","MI","48088","1","0",,"0",,"0",,"42.95","0.00","0.00","0.00","42.95","1","1.000","1","1.000","0","0","1","00:01:00.000","00:01:00.000","00:24:00.000",,"0","0","0","0","0","0","0"
"2026-02-09","5037632","9061 Van Nuys Blvd","The Gourmet Burger","9061 Van Nuys Blvd  ","Los Angeles","CA","91402","1","0",,"0",,"0",,"12.59","0.00","0.00","0.00","12.59","1","1.000","1","1.000","0","0","1","00:02:00.000","00:00:00.000","00:10:00.000","00:23:00.000","1","1","0","0","0","0","0"
"2026-02-16","10078568","Gold St","Sizzlin' Omelette Cafe","257 Gold St  ","Brooklyn","NY","11201","1","0",,"0",,"0",,"15.39","0.00","0.00","0.00","15.39","0",,"1","1.000","0","0","1","00:07:00.000","00:00:00.000","00:05:00.000","00:19:00.000","0","0","0","0","0","0","0"
"2026-02-09","8563032",,"Francesco Pasta Ristorante","9061 Van Nuys Blvd ","Los Angeles","CA","91402","1","0",,"0",,"0",,"22.39","0.00","0.00","0.00","22.39","1","1.000","0",,"0","0","1","00:01:00.000","00:01:00.000","00:12:00.000","00:35:00.000","0","0","0","0","0","0","0"
"2026-01-26","6891832","Thai Thai San Marcos Restaurant - 801 S Twin Oaks Valley Rd","Vinny’s Vegetarian Spot","1450 West Mission Rd  ","San Marcos","CA","92069","1","0",,"0",,"0",,"33.78","0.00","0.00","0.00","33.78","1","1.000","1","1.000","0","0","1","00:03:00.000","00:03:00.000","00:19:00.000","00:44:00.000","1","1","0","0","0","0","0"
"2026-02-16","7749192","Sicilian Pizza - 2614 Lebanon Pike","Green Leaf Salads","2614 Lebanon Pike  ","Nashville","TN","37214","1","0",,"0",,"0",,"23.07","0.00","0.00","0.00","23.07","1","1.000","1","1.000","0","0","1","00:00:00.000","00:00:00.000","00:07:00.000","00:38:00.000","0","0","0","0","0","0","0"
"2026-02-16","2710285",,"The Salad God (4th Ave)","59 4th Ave  ","New York","NY","10003","1","0",,"0",,"0",,"22.47","0.00","0.00","0.00","22.47","1","1.000","1","1.000","0","0","1","00:11:00.000","00:04:00.000","00:09:00.000","00:32:00.000","0","0","0","0","0","0","0"
"2026-02-16","2457881",,"Chicken Tenders Bar","1929 Chestnut St ","Philadelphia","PA","19103","3","0",,"0",,"0",,"56.45","0.00","0.00","0.00","56.45","2","0.667","3","1.000","0","0","3","00:01:00.000","00:01:00.000","00:10:40.200","00:49:40.200","0","0","0","0","0","0","0"
"2026-02-02","3310764","Pennsylvania Ave","The American Dream Kitchen","820 Pennsylvania Ave  ","Pittsburgh","PA","15233","2","1","0.500","0",,"0",,"78.40","-4.99","0.00","0.00","73.41","0",,"2","1.000","0","0","2","00:01:30.000","00:00:00.000","00:21:00.000","00:44:00.000","0","0","0","0","0","0","0"
"2026-02-23","3310669","Bedford Ave","Penny's Pancakes","265 Bedford Ave  ","Brooklyn","NY","11211","1","0",,"0",,"0",,"20.28","0.00","0.00","0.00","20.28","1","1.000","0",,"0","0","1","00:04:00.000","00:01:00.000","00:10:00.000","00:32:00.000","0","0","0","0","0","0","0"
"2026-02-02","3309771","Hillside Ave","Jr's Philly Cheesesteaks","164-01 Hillside Avenue  ","Jamaica","NY","11432","1","0",,"0",,"0",,"55.53","0.00","0.00","0.00","55.53","1","1.000","0",,"0","0","1","00:00:00.000","00:00:00.000","00:43:00.000","02:24:00.000","0","0","0","0","0","0","0"
"2026-02-16","10379328","South Bay","Charlie's Chicken Wings","1156 S Bay Rd  ","Dover","DE","19901","1","0",,"0",,"0",,"38.56","0.00","0.00","0.00","38.56","0",,"1","1.000","0","0","1","00:22:00.000","00:22:00.000","00:05:00.000","01:14:00.000","1","1","0","0","0","0","0"
"2026-02-16","3310488","1st Avenue","Jewel's Breakfast Joint","937 1st Ave.  ","New York","NY","10022","4","0",,"0",,"0",,"63.31","0.00","0.00","0.00","63.31","2","0.500","4","1.000","0","0","4","00:01:30.000","00:00:00.000","00:09:15.000","00:19:30.000","0","0","0","0","0","0","0"
"2026-02-16","1949699",,"Chucks Cheesesteaks","1338 Polk St ","San Francisco","CA","94109","1","0",,"0",,"0",,"63.96","0.00","0.00","0.00","63.96","1","1.000","1","1.000","0","0","1","00:06:00.000","00:00:00.000","00:10:00.000","00:31:00.000","1","1","0","0","0","0","0"
"2026-02-16","9796240","1541 Glenn School Rd suite 17","Burning Burger Stack","1541 Glenn School Rd  ","Durham","NC","27704","2","2","1.000","0",,"0",,"83.93","-43.36","0.00","0.00","40.57","2","1.000","1","0.500","0","0","2","00:10:30.000","00:02:00.000","00:10:30.000","00:27:00.000","1","0","0","0","0","1","1"
"2026-02-23","3310146","3rd Ave","Fried Munchies Shack","1760 3rd Ave  ","New York","NY","10029","2","0",,"1","0.500","1","0.500","50.28","0.00","-29.33","-29.33","20.95","0",,"2","1.000","0","0","2","00:07:00.000","00:02:00.000","00:26:00.000","00:48:00.000","0","0","0","0","0","0","0"
"2026-02-09","3326295","1st Ave","Angelo's Wraps Shop","147 1st Ave.  ","New York","NY","10003","3","0",,"0",,"0",,"72.73","0.00","0.00","0.00","72.73","1","0.333","3","1.000","0","0","3","00:01:00.000","00:00:00.000","00:06:30.000","00:24:00.000","0","0","0","0","0","0","0"
"2026-02-09","11000920","3rd Ave","Glorious Panini Snob","296 3rd Ave  ","New York","NY","10010","2","0",,"0",,"0",,"47.55","0.00","0.00","0.00","47.55","1","0.500","0",,"0","0","2","00:06:00.000","00:05:00.000","00:13:30.000","00:34:00.000","0","0","0","0","0","0","0"
"2026-02-16","8566160",,"Casa De Quesadilla","415 E Windmill Ln  ","Las Vegas","NV","89123","1","0",,"0",,"0",,"23.98","0.00","0.00","0.00","23.98","1","1.000","1","1.000","0","0","1","00:02:00.000","00:02:00.000","00:29:00.000","00:56:00.000","0","0","0","0","0","0","0"
"2026-02-02","2410420",,"The Wings Express","1147 West Chester Pike ","West Chester","PA","19382","1","0",,"0",,"0",,"28.97","0.00","0.00","0.00","28.97","1","1.000","1","1.000","0","0","1","00:00:00.000","00:00:00.000","00:21:00.000","01:04:00.000","0","0","0","0","0","0","0"
"2026-02-09","2116039",,"BBQ Ribs Co.","820 Pennsylvania Ave ","Pittsburgh","PA","15233","4","1","0.250","0",,"0",,"117.91","-49.97","0.00","0.00","67.94","2","0.500","3","0.750","0","0","4","00:01:40.200","00:01:30.000","00:18:10.200","00:40:10.200","0","0","0","0","0","0","0"
"2026-02-02","9816352","168 Myrtle Ave","Daybreak Breakfast Club","168 Myrtle Ave  ","Brooklyn","NY","11201","6","0",,"0",,"0",,"117.42","0.00","0.00","0.00","117.42","4","0.667","3","0.500","0","0","6","00:07:19.800","00:02:26.400","00:14:36.600","00:38:33.600","1","0","0","1","0","0","1"
"2026-02-09","4512360","1424 Lexington Ave","Top Panini Shop","1424 Lexington Ave  ","New York","NY","10128","1","0",,"0",,"0",,"17.58","0.00","0.00","0.00","17.58","0",,"0",,"0","0","1","00:09:00.000","00:00:00.000","00:13:00.000","00:34:00.000","0","0","0","0","0","0","0"
"2026-02-16","5850288","1st Avenue","Tessa's Fruity Treats","1741 1st Ave.  ","New York","NY","10128","1","0",,"1","1.000","1","1.000","7.69","0.00","-7.69","-7.69","0.00","1","1.000","1","1.000","0","0","1",,,,,"0","0","0","0","0","0","0"
"2026-02-23","10499904","1st Avenue","Lola's Smoothie Mix","937 1st Ave.  ","New York","NY","10022","7","0",,"0",,"0",,"157.97","0.00","0.00","0.00","157.97","4","0.571","7","1.000","0","0","7","00:05:30.000","00:00:42.000","00:07:36.000","00:22:30.000","0","0","0","0","0","0","0"
"2026-02-16","6893368","Fitch's Kitchen - Redondo Beach - 300 The Village","Luigi's Pasta Ristorante","300 The Village  ","Redondo Beach","CA","90277","2","0",,"2","1.000","2","1.000","83.46","0.00","-83.46","-83.46","0.00","0",,"1","0.500","0","0","2",,,,,"0","0","0","0","0","0","0"
"2026-02-02","2460021",,"Jay's Breakfast Bar","4352 E Speedway Blvd ","Tucson","AZ","85712","2","0",,"0",,"0",,"36.96","0.00","0.00","0.00","36.96","0",,"2","1.000","0","0","2","00:01:30.000","00:01:30.000","00:20:30.000","00:50:00.000","0","0","0","0","0","0","0"
"2026-02-02","3344616","501 Broadway St","Linh's Chinese Restaurant","501 Broadway  ","San Francisco","CA","94133","1","0",,"1","1.000","1","1.000","59.46","0.00","-59.46","-59.46","0.00","1","1.000","0",,"0","0","1",,,,,"0","0","0","0","0","0","0"
"2026-02-02","11803360","Castle Hill Ave","Celebrity Vegan Burger","1201 Castle Hill Ave  ","Bronx","NY","10462","1","0",,"1","1.000","1","1.000","33.98","0.00","-33.98","-33.98","0.00","1","1.000","1","1.000","0","0","1",,,,,"0","0","0","0","0","0","0"
"2026-02-23","2710285",,"The Salad God (4th Ave)","59 4th Ave  ","New York","NY","10003","1","0",,"0",,"0",,"24.57","0.00","0.00","0.00","24.57","0",,"1","1.000","0","0","1","00:08:00.000","00:00:00.000","00:12:00.000","00:24:00.000","0","0","0","0","0","0","0"
"2026-02-09","10999320","Sullivan St","Exquisite Bowls","240 Sullivan St  ","New York","NY","10012","2","0",,"0",,"0",,"322.46","0.00","0.00","0.00","322.46","1","0.500","1","0.500","0","0","2","00:14:00.000","00:06:30.000","00:14:00.000","00:32:00.000","0","0","0","0","0","0","0"
"2026-02-23","8570072",,"Carmen's Breakfast Burritos","4352 E Speedway Blvd  ","Tucson","AZ","85712","2","0",,"0",,"0",,"28.98","0.00","0.00","0.00","28.98","1","0.500","2","1.000","0","0","2","00:01:00.000","00:00:30.000","00:28:00.000","00:47:00.000","0","0","0","0","0","0","0"
"2026-02-23","5853656","S Las Posas","The Sandwich Vibe","137 S Las Posas Rd #153  ","San Marcos","CA","92078","1","0",,"0",,"0",,"17.19","0.00","0.00","0.00","17.19","0",,"1","1.000","0","0","1","00:02:00.000","00:02:00.000","00:04:00.000","00:45:00.000","0","0","0","0","0","0","0"
"2026-02-09","2365500",,"The Pancake Snob","257 Gold Street  ","Brooklyn","NY","11201","6","0",,"0",,"0",,"270.62","0.00","0.00","0.00","270.62","3","0.500","3","0.500","0","0","6","00:10:30.000","00:08:48.000","00:09:54.000","00:47:00.000","0","0","0","0","0","0","0"
"2026-02-02","5024720","3907 Lee Hwy","First Light Breakfast Cafe","3907 Lee Hwy  ","Arlington","VA","22207","5","0",,"0",,"0",,"154.64","0.00","0.00","0.00","154.64","2","0.400","5","1.000","0","0","5","00:01:49.800","00:00:00.000","00:22:00.000","00:37:40.200","0","0","0","0","0","0","0"
"2026-02-16","3312349","Gold St","Doughboys Sandwiches","257 Gold St  ","Brooklyn","NY","11201","5","0",,"0",,"0",,"103.51","0.00","0.00","0.00","103.51","2","0.400","3","0.600","0","0","5","00:03:15.000","00:01:45.000","00:06:00.000","00:25:30.000","1","0","0","1","0","0","0"
"2026-02-23","3309671","E Arapaho Rd #F","Chef Hanoka Sushi","1401 E Arapaho Rd  ","Richardson","TX","75081","1","0",,"0",,"0",,"49.36","0.00","0.00","0.00","49.36","0",,"0",,"0","0","1","00:02:00.000","00:00:00.000","00:48:00.000","01:01:00.000","0","0","0","0","0","0","0"
"2026-02-16","10372072","E Speedway","Breakfast Burrito Joint","4352 E Speedway Blvd  ","Tucson","AZ","85712","12","0",,"0",,"0",,"219.18","0.00","0.00","0.00","219.18","5","0.417","9","0.750","0","0","12","00:01:46.200","00:01:00.000","00:15:14.400","00:35:19.200","0","0","0","0","0","0","0"
"2026-01-26","3310455","Fulton St","The Pancake Flip","1237 Fulton St  ","Brooklyn","NY","11216","4","0",,"0",,"0",,"112.59","0.00","0.00","0.00","112.59","4","1.000","3","0.750","0","0","4","00:09:30.000","00:00:00.000","00:16:30.000","00:37:00.000","0","0","0","0","0","0","0"
"2026-02-09","8563056",,"Nomad's Bagels","433 W 34th St.  ","New York","NY","10001","2","0",,"0",,"0",,"48.93","0.00","0.00","0.00","48.93","1","0.500","2","1.000","0","0","2","00:01:00.000","00:00:00.000","00:02:00.000",,"0","0","0","0","0","0","0"
"2026-01-26","8570048",,"The Muffin Snob","169-03 Jamaica Ave  ","Jamaica","NY","11432","1","0",,"0",,"0",,"15.97","0.00","0.00","0.00","15.97","0",,"1","1.000","0","0","1","00:10:00.000","00:10:00.000","00:22:00.000","00:56:00.000","0","0","0","0","0","0","0"
"2026-02-23","3343893","2755 Broadway","Panini's On Panini's","2755 Broadway  ","New York","NY","10025","1","0",,"0",,"0",,"26.78","0.00","0.00","0.00","26.78","1","1.000","1","1.000","0","0","1","00:02:00.000","00:00:00.000","00:26:00.000","00:33:00.000","0","0","0","0","0","0","0"
"2026-02-09","10372072","E Speedway","Breakfast Burrito Joint","4352 E Speedway Blvd  ","Tucson","AZ","85712","7","0",,"0",,"0",,"127.92","0.00","0.00","0.00","127.92","4","0.571","6","0.857","0","0","7","00:02:30.000","00:01:36.000","00:16:12.000","00:40:12.000","0","0","0","0","0","0","0"
"2026-02-02","3372456","456 Grove St.","Hella Good Chicken Wings","456 Grove St  ","Worcester","MA","01605","2","0",,"0",,"0",,"50.96","0.00","0.00","0.00","50.96","1","0.500","1","0.500","0","0","2","00:07:00.000","00:00:00.000","00:09:30.000","00:23:30.000","1","0","0","1","0","0","0"
"2026-02-23","9832944","1708 Livernois Rd","The Pasta Brothers","1708 Livernois Rd  ","Troy","MI","48083","3","0",,"0",,"0",,"95.80","0.00","0.00","0.00","95.80","2","0.667","3","1.000","0","0","3","00:01:30.000","00:01:30.000","00:19:30.000","00:59:30.000","0","0","0","0","0","0","0"
"2026-02-23","10564920","9th Ave","The Cheeseburger Paradise","468 9th Ave  ","New York","NY","10018","1","0",,"0",,"0",,"14.69","0.00","0.00","0.00","14.69","1","1.000","0",,"0","0","1","00:09:00.000","00:04:00.000","00:16:00.000","00:38:00.000","0","0","0","0","0","0","0"
"2026-02-16","3309992","1st Avenue","La Mexicana Quesadilla","217 1st Ave.  ","New York","NY","10003","1","1","1.000","0",,"0",,"59.95","-18.98","0.00","0.00","40.97","1","1.000","1","1.000","0","0","1","00:10:00.000","00:00:00.000","00:02:00.000","00:20:00.000","0","0","0","0","0","0","0"
"2026-02-09","3310683","George St","The Dessert Dream","228 George St  ","New Brunswick","NJ","08901","1","0",,"0",,"0",,"15.78","0.00","0.00","0.00","15.78","1","1.000","1","1.000","0","0","1","00:00:00.000","00:00:00.000","00:23:00.000","00:31:00.000","0","0","0","0","0","0","0"
"2026-02-02","10936592","Van Nuys Blvd","The Italian Pasta Bar","9061 Van Nuys Blvd  ","Los Angeles","CA","91402","2","0",,"0",,"0",,"110.54","0.00","0.00","0.00","110.54","2","1.000","1","0.500","0","0","2","00:02:30.000","00:00:30.000","00:17:30.000","00:36:00.000","0","0","0","0","0","0","0"
"2026-02-09","10375504","Union","Fallon's Fried Chicken","327 Union St  ","Nashville","TN","37201","1","0",,"0",,"0",,"54.54","0.00","0.00","0.00","54.54","1","1.000","1","1.000","0","0","1","00:03:00.000","00:02:00.000","00:09:00.000","00:28:00.000","0","0","0","0","0","0","0"
"2026-02-09","6890744","Wholesome Farms Market - 1306 Atlantic Ave","The Sandwich Vibe","1306 Atlantic Ave  ","Brooklyn","NY","11216","1","0",,"0",,"0",,"14.38","0.00","0.00","0.00","14.38","1","1.000","0",,"0","0","1","00:07:00.000","00:07:00.000","00:23:00.000","00:50:00.000","0","0","0","0","0","0","0"
"2026-01-26","3310297","W Peoria Ave #116","Kung Fu Chinese Kitchen","8520 W Peoria Ave  ","Peoria","AZ","85345","3","1","0.333","0",,"0",,"115.09","-25.38","0.00","0.00","89.71","3","1.000","2","0.667","0","0","3","00:01:40.200","00:00:00.000","00:14:00.000","00:31:19.800","1","0","0","0","0","1","0"
"2026-02-16","3311230","Loudon Rd #960","Italian Pasta Lounge","800 Loudon Rd  ","Latham","NY","12110","2","0",,"0",,"0",,"103.96","0.00","0.00","0.00","103.96","1","0.500","2","1.000","0","0","2","00:10:00.000","00:09:30.000","00:26:00.000","00:58:00.000","0","0","0","0","0","0","0"
"2026-02-02","3309965","Sullivan St","Grilled Cheese Ecstatic","240 Sullivan St  ","New York","NY","10012","5","1","0.200","0",,"0",,"104.47","-20.37","0.00","0.00","84.10","5","1.000","4","0.800","0","0","5","00:04:37.800","00:01:45.000","00:12:15.000","00:48:45.000","1","0","0","0","0","1","1"
"2026-02-23","6891024","Caffe Venice - 596 3rd Ave","CJ's Breakfast Sandwich","596 3rd Ave  ","New York","NY","10016","9","0",,"0",,"0",,"131.46","0.00","0.00","0.00","131.46","5","0.556","7","0.778","0","0","9","00:06:25.800","00:00:00.000","00:12:01.800","00:24:30.000","0","0","0","0","0","0","0"
"2026-02-16","5851848","Broadway","The Acai Dream","689 Broadway  ","New York","NY","10012","1","1","1.000","0",,"0",,"23.78","-2.79","0.00","0.00","20.99","1","1.000","1","1.000","0","0","1","00:14:00.000","00:00:00.000","00:10:00.000","00:28:00.000","0","0","0","0","0","0","0"
"2026-02-02","9794768","18 S Abbott Ave","Dum Biryani Snob","18 S Abbott Ave  ","Milpitas","CA","95035","1","0",,"0",,"0",,"18.17","0.00","0.00","0.00","18.17","0",,"1","1.000","0","0","1","00:03:00.000","00:02:00.000","00:14:00.000","00:31:00.000","0","0","0","0","0","0","0"
"2026-02-09","10499904","1st Avenue","Lola's Smoothie Mix","937 1st Ave.  ","New York","NY","10022","6","1","0.167","0",,"0",,"214.63","-5.59","0.00","0.00","209.04","2","0.333","4","0.667","0","0","6","00:07:37.800","00:01:52.800","00:13:30.000","00:28:07.800","0","0","0","0","0","0","0"
"2026-02-23","1967490",,"The Omelette Farm","589 1st Avenue ","New York","NY","10016","14","0",,"0",,"0",,"336.61","0.00","0.00","0.00","336.61","2","0.143","6","0.429","0","0","14","00:05:12.000","00:01:25.800","00:10:58.800","00:26:05.400","0","0","0","0","0","0","0"
"2026-02-16","4830064","265 Bedford Ave","House of Paninis","265 Bedford Ave  ","Brooklyn","NY","11211","4","1","0.250","0",,"0",,"134.78","-15.49","0.00","0.00","119.29","4","1.000","2","0.500","0","0","4","00:16:15.000","00:11:30.000","00:21:15.000","00:46:30.000","0","0","0","0","0","0","0"
"2026-02-16","2773358",,"The Gourmet Burger (1st Ave)","1741 1st Avenue  ","New York","NY","10128","1","0",,"0",,"0",,"28.96","0.00","0.00","0.00","28.96","0",,"1","1.000","0","0","1","00:15:00.000","00:04:00.000","00:07:00.000","00:31:00.000","0","0","0","0","0","0","0"
"2026-02-02","3301264","30th St","Viva Vegan Sandwiches","34-02 30th St  ","Astoria","NY","11106","1","0",,"0",,"0",,"34.27","0.00","0.00","0.00","34.27","1","1.000","1","1.000","0","0","1","00:04:00.000","00:00:00.000","00:11:00.000","00:22:00.000","0","0","0","0","0","0","0"
"2026-02-02","9817992","Mowry","Vegan Falafel Joint","3846 Mowry Ave  ","Fremont","CA","94538","1","0",,"0",,"0",,"54.93","0.00","0.00","0.00","54.93","1","1.000","0",,"0","0","1","00:13:00.000","00:12:00.000","00:07:00.000","00:33:00.000","0","0","0","0","0","0","0"
"2026-02-16","10600944","North Roxboro St","Holly's Burger Bar","5279 N Roxboro St  ","Durham","NC","27712","2","0",,"0",,"0",,"116.11","0.00","0.00","0.00","116.11","2","1.000","2","1.000","0","0","2","00:06:30.000","00:03:30.000","00:25:30.000","00:44:30.000","1","0","0","0","1","0","0"
"2026-02-09","1938070",,"The Mexican Cocina","937 1st ave  ","New York","NY","10022","5","0",,"0",,"0",,"87.20","0.00","0.00","0.00","87.20","3","0.600","5","1.000","0","0","5","00:11:13.200","00:07:00.000","00:17:46.800","00:33:53.400","0","0","0","0","0","0","0"
"2026-02-09","3309992","1st Avenue","La Mexicana Quesadilla","217 1st Ave.  ","New York","NY","10003","5","0",,"0",,"0",,"153.93","0.00","0.00","0.00","153.93","0",,"4","0.800","0","0","5","00:10:52.800","00:02:00.000","00:04:45.000","00:28:22.800","0","0","0","0","0","0","0"
"2026-02-02","1940022",,"Jose's Burrito Bar","589 1st Avenue ","New York","NY","10016","7","1","0.143","0",,"0",,"194.76","-17.98","0.00","0.00","176.78","2","0.286","4","0.571","0","0","7","00:04:36.000","00:01:18.000","00:09:18.000","00:23:12.000","0","0","0","0","0","0","0"
"2026-02-09","2535778",,"The Pasta Story","1424 Lexington Ave ","New York","NY","10128","10","1","0.100","0",,"0",,"257.61","-20.48","0.00","0.00","237.13","7","0.700","5","0.500","0","0","10","00:14:03.000","00:09:39.000","00:17:24.000","00:40:03.000","0","0","0","0","0","0","0"
"2026-02-16","9794808","1401 E Arapaho Rd #F","Ryu's Ramen Bar","1401 E Arapaho Rd  ","Richardson","TX","75081","1","0",,"0",,"0",,"107.71","0.00","0.00","0.00","107.71","1","1.000","1","1.000","0","0","1","00:03:00.000","00:00:00.000","00:13:00.000","00:27:00.000","0","0","0","0","0","0","0"
"2026-02-02","5028264","600 Washington Ave","Crunchy Banh Mi","600 Washington Ave  ","Philadelphia","PA","19147","2","0",,"0",,"0",,"44.57","0.00","0.00","0.00","44.57","1","0.500","1","0.500","0","0","2","00:04:30.000","00:04:30.000","00:21:30.000","01:13:00.000","0","0","0","0","0","0","0"
"2026-02-23","4510640","769 9th Ave #1","Wraps On Tap","769 9th Ave  ","New York","NY","10019","1","0",,"0",,"0",,"29.96","0.00","0.00","0.00","29.96","1","1.000","0",,"0","0","1","00:05:00.000","00:00:00.000","00:08:00.000","00:29:00.000","0","0","0","0","0","0","0"
"2026-02-09","3325471","Main St","Mufasa's Pancakes & French Toast","459 Main St  ","Armonk","NY","10504","1","0",,"0",,"0",,"28.45","0.00","0.00","0.00","28.45","1","1.000","0",,"0","0","1","00:01:00.000","00:01:00.000","00:18:00.000","00:48:00.000","0","0","0","0","0","0","0"
"2026-02-16","6891024","Caffe Venice - 596 3rd Ave","CJ's Breakfast Sandwich","596 3rd Ave  ","New York","NY","10016","7","0",,"0",,"0",,"128.49","0.00","0.00","0.00","128.49","4","0.571","6","0.857","0","0","7","00:04:47.400","00:00:00.000","00:11:07.800","00:26:15.000","1","1","0","0","0","0","0"
"2026-02-23","2795075",,"The Panini Project","59 4th Ave  ","New York","NY","10003","1","0",,"0",,"0",,"22.48","0.00","0.00","0.00","22.48","0",,"0",,"0","0","1","00:02:00.000","00:00:00.000","00:14:00.000","00:30:00.000","0","0","0","0","0","0","0"
"2026-02-16","7096928","Leo's Coney Island - 15198 E 13 Mile Rd","Italiano Mac's","15198 E Thirteen Mile Rd  ","Warren","MI","48088","1","0",,"0",,"0",,"24.88","0.00","0.00","0.00","24.88","0",,"1","1.000","0","0","1","00:00:00.000","00:00:00.000","00:18:00.000","00:36:00.000","1","1","0","0","0","0","0"
"2026-02-23","2796228",,"Healthy Salad Bar ","228 George St  ","New Brunswick","NJ","08901","2","0",,"0",,"0",,"41.07","0.00","0.00","0.00","41.07","0",,"2","1.000","0","0","2","00:02:30.000","00:02:30.000","00:35:30.000","01:03:30.000","0","0","0","0","0","0","0"
"2026-02-16","3310455","Fulton St","The Pancake Flip","1237 Fulton St  ","Brooklyn","NY","11216","6","0",,"0",,"0",,"153.11","0.00","0.00","0.00","153.11","5","0.833","4","0.667","0","0","6","00:07:52.800","00:01:30.000","00:10:30.000","00:26:00.000","0","0","0","0","0","0","0"
"2026-02-16","9832944","1708 Livernois Rd","The Pasta Brothers","1708 Livernois Rd  ","Troy","MI","48083","1","0",,"0",,"0",,"16.79","0.00","0.00","0.00","16.79","1","1.000","1","1.000","0","0","1","00:01:00.000","00:01:00.000","00:24:00.000","00:40:00.000","0","0","0","0","0","0","0"
"2026-02-02","2795258",,"Philly Cheesesteak Artists ","228 George St  ","New Brunswick","NJ","08901","1","0",,"0",,"0",,"20.78","0.00","0.00","0.00","20.78","0",,"0",,"0","0","1","00:00:00.000","00:00:00.000","00:12:00.000","00:37:00.000","0","0","0","0","0","0","0"
"2026-02-23","2847792",,"Julia's Juice Shack (Bedford Ave)","265 Bedford Ave  ","NY","NY","11211","2","0",,"0",,"0",,"32.96","0.00","0.00","0.00","32.96","1","0.500","0",,"0","0","2","00:04:00.000","00:04:00.000","00:12:00.000","00:46:00.000","0","0","0","0","0","0","0"
"2026-02-09","6156496","839 W University Dr","Olivia's Omelettes","839 W University Dr  ","Tempe","AZ","85281","3","0",,"0",,"0",,"55.74","0.00","0.00","0.00","55.74","2","0.667","3","1.000","0","0","3","00:02:45.000","00:00:00.000","00:13:15.000","00:28:30.000","0","0","0","0","0","0","0"
"2026-02-09","2634275",,"Halal Gyro Lab","1760 3rd Ave  ","New York","NY","10029","1","0",,"0",,"0",,"32.17","0.00","0.00","0.00","32.17","1","1.000","1","1.000","0","0","1","00:05:00.000","00:01:00.000","00:07:00.000","00:29:00.000","0","0","0","0","0","0","0"
"2026-02-02","2816779",,"Justin's Juice Bar","257 Gold St  ","Brooklyn","NY","11201","1","0",,"0",,"0",,"22.98","0.00","0.00","0.00","22.98","0",,"0",,"0","0","1","00:09:00.000","00:07:00.000","00:10:00.000","00:34:00.000","0","0","0","0","0","0","0"
"2026-02-02","3310146","3rd Ave","Fried Munchies Shack","1760 3rd Ave  ","New York","NY","10029","1","0",,"0",,"0",,"33.52","0.00","0.00","0.00","33.52","0",,"1","1.000","0","0","1","00:01:00.000","00:00:00.000","00:30:00.000","00:40:00.000","1","1","0","0","0","0","0"
"2026-02-23","5314864","Golden Restaurant and Bakery-1849 N Scottsdale Rd","Mohamed's Pizza Flip","1849 N Scottsdale Rd  ","Scottsdale","AZ","85288","1","0",,"0",,"0",,"11.98","0.00","0.00","0.00","11.98","1","1.000","1","1.000","0","0","1","00:00:00.000","00:00:00.000","00:13:00.000","00:37:00.000","0","0","0","0","0","0","0"
"2026-02-16","10373776","7th Ave","The Village Breakfast","154 7th Ave  ","New York","NY","10011","2","0",,"0",,"0",,"34.95","0.00","0.00","0.00","34.95","0",,"2","1.000","0","0","2","00:13:00.000","00:05:00.000","00:06:00.000","00:28:00.000","0","0","0","0","0","0","0"
"2026-02-09","9819632","3rd","The Juice Affair","296 3rd Ave  ","New York","NY","10010","1","0",,"0",,"0",,"36.35","0.00","0.00","0.00","36.35","0",,"1","1.000","0","0","1","00:16:00.000","00:10:00.000","00:14:00.000","00:39:00.000","0","0","0","0","0","0","0"
"2026-02-09","10373776","7th Ave","The Village Breakfast","154 7th Ave  ","New York","NY","10011","1","0",,"0",,"0",,"10.19","0.00","0.00","0.00","10.19","0",,"0",,"0","0","1","00:01:00.000","00:00:00.000","00:13:00.000","00:24:00.000","0","0","0","0","0","0","0"
"2026-02-16","10063848","Homestead Rd","Francesco Pasta Ristorante","2898 Homestead Rd  ","Santa Clara","CA","95051","4","0",,"0",,"0",,"74.85","0.00","0.00","0.00","74.85","1","0.250","4","1.000","0","0","4","00:06:10.200","00:06:10.200","00:10:19.800","00:36:19.800","0","0","0","0","0","0","0"
"2026-02-02","1976524",,"Prime Burger Lounge","44 E 8th St ","New York","NY","10003","1","0",,"0",,"0",,"12.94","0.00","0.00","0.00","12.94","1","1.000","1","1.000","0","0","1","00:00:00.000","00:00:00.000","00:22:00.000","00:38:00.000","1","1","0","0","0","0","0"
"2026-02-23","3310144","Lee Hwy","Martha's Breakfast Sandwiches","3907 Lee Hwy  ","Arlington","VA","22207","3","0",,"0",,"0",,"38.52","0.00","0.00","0.00","38.52","0",,"3","1.000","0","0","3","00:02:00.000","00:02:00.000","00:12:00.000","00:43:00.000","0","0","0","0","0","0","0"
"2026-02-23","6895680","Not Just Pizza - 2240 S 11th St","The Pizza Obsession","2240 S 11th St  ","Philadelphia","PA","19148","1","0",,"1","1.000","1","1.000","35.98","0.00","-35.98","-35.98","0.00","1","1.000","0",,"0","0","1",,,,,"0","0","0","0","0","0","0"
"2026-02-16","2900330",,"Cheesecake And Dessert Bar (Polk St)","1338 Polk St  ","San Francisco","CA","94109","1","0",,"0",,"0",,"51.95","0.00","0.00","0.00","51.95","1","1.000","0",,"0","0","1","00:11:00.000","00:06:00.000","00:15:00.000","00:41:00.000","0","0","0","0","0","0","0"
"2026-02-02","9822592","Mowry","EZ Cheesesteaks","3846 Mowry Ave  ","Fremont","CA","94538","1","0",,"0",,"0",,"12.59","0.00","0.00","0.00","12.59","0",,"1","1.000","0","0","1","00:00:00.000","00:00:00.000","00:21:00.000","00:34:00.000","0","0","0","0","0","0","0"
"2026-02-09","3004743",,"Toss N' Chop Salad Bar","2909 Queens Plaza N  ","Long Island","NY","11101","1","0",,"0",,"0",,"24.47","0.00","0.00","0.00","24.47","1","1.000","1","1.000","0","0","1","00:06:00.000","00:06:00.000","00:22:00.000","00:54:00.000","0","0","0","0","0","0","0"
"2026-02-16","11798112","S Durango Dr","Italian Pasta Joint","3585 S Durango Dr  ","Las Vegas","NV","89147","1","0",,"0",,"0",,"115.96","0.00","0.00","0.00","115.96","1","1.000","0",,"0","0","1","00:02:00.000","00:02:00.000","00:07:00.000","00:24:00.000","0","0","0","0","0","0","0"
"2026-02-02","10498112","101st Ave","Top Notch Sandwiches","131-03 101st Ave  ","South Richmond","NY","11419","1","0",,"0",,"0",,"130.84","0.00","0.00","0.00","130.84","0",,"1","1.000","0","0","1","00:19:00.000","00:13:00.000","00:20:00.000","00:52:00.000","0","0","0","0","0","0","0"
"2026-01-26","9843632","2909A Queens Plaza N","Amore Pasta Ristorante","2909 Queens Plaza N  ","Long Island City","NY","11101","1","0",,"0",,"0",,"20.74","0.00","0.00","0.00","20.74","1","1.000","1","1.000","0","0","1","00:05:00.000","00:00:00.000","00:33:00.000","01:06:00.000","0","0","0","0","0","0","0"
"2026-02-02","10559368","W 34th st","Fiona's Breakfast Burritos","433 W 34th St.  ","New York","NY","10001","6","0",,"0",,"0",,"111.66","0.00","0.00","0.00","111.66","3","0.500","6","1.000","0","0","6","00:03:37.800","00:00:00.000","00:12:07.800","00:22:52.800","0","0","0","0","0","0","0"
"2026-02-23","8569944",,"Top Panini Shop","1175 2nd Ave  ","New York","NY","10065","3","0",,"0",,"0",,"63.96","0.00","0.00","0.00","63.96","1","0.333","2","0.667","0","0","3","00:01:40.200","00:00:40.200","00:07:00.000","00:20:40.200","0","0","0","0","0","0","0"
"2026-02-23","2352422",,"The Pancake Snob (West Chester Pike)","1147 West Chester Pike ","West Chester","PA","19382","3","0",,"0",,"0",,"64.94","0.00","0.00","0.00","64.94","2","0.667","3","1.000","0","0","3","00:00:00.000","00:00:00.000","00:12:19.800","00:30:19.800","1","1","0","0","0","0","0"
"2026-02-09","2776714",,"LV Taco Bar (1st Ave)","1741 1st Avenue  ","New York","NY","10128","1","0",,"0",,"0",,"19.78","0.00","0.00","0.00","19.78","0",,"1","1.000","0","0","1","00:04:00.000","00:00:00.000","00:07:00.000","00:18:00.000","0","0","0","0","0","0","0"
"2026-01-26","1968311",,"Penny's Pancakes","1237 Fulton Street  ","Brooklyn","NY","11216","2","0",,"0",,"0",,"42.05","0.00","0.00","0.00","42.05","1","0.500","2","1.000","0","0","2","00:11:00.000","00:03:00.000","00:16:00.000","00:40:30.000","0","0","0","0","0","0","0"
"2026-02-16","5321760","Yue Bai Wei - 5874 Forbes Ave","The Stir Fry Bar","5874 Forbes Ave  ","Pittsburgh","PA","15217","1","0",,"0",,"0",,"21.88","0.00","0.00","0.00","21.88","0",,"1","1.000","0","0","1","00:02:00.000","00:02:00.000","00:08:00.000","00:39:00.000","0","0","0","0","0","0","0"
"2026-01-26","3325823","30th St","Bagel Dynasty","34-02 30th St  ","Astoria","NY","11106","1","0",,"0",,"0",,"8.57","0.00","0.00","0.00","8.57","0",,"1","1.000","0","0","1","00:04:00.000","00:00:00.000","00:04:00.000","00:11:00.000","0","0","0","0","0","0","0"
"2026-02-02","10934848","Chapel St","Heaven's Burgers","1174 Chapel St  ","New Haven","CT","06511","1","0",,"0",,"0",,"18.56","0.00","0.00","0.00","18.56","1","1.000","1","1.000","0","0","1","00:00:00.000","00:00:00.000","00:16:00.000","00:40:00.000","0","0","0","0","0","0","0"
"2026-02-23","11804944","Ralph Ave","NY Smoothie Joint","104 Ralph Ave  ","Brooklyn","NY","11221","3","0",,"0",,"0",,"101.93","0.00","0.00","0.00","101.93","3","1.000","3","1.000","0","0","3","00:09:00.000","00:03:19.800","00:09:40.200","00:24:40.200","0","0","0","0","0","0","0"
"2026-02-02","4836096","197 Havemeyer St.","Twin Peaks Burger","197 Havemeyer St  ","Brooklyn","NY","11211","6","0",,"0",,"0",,"149.35","0.00","0.00","0.00","149.35","2","0.333","5","0.833","0","0","6","00:05:22.800","00:01:15.000","00:08:00.000","00:23:37.800","1","1","0","0","0","0","0"
"2026-02-23","2741113",,"Philly Cheesesteak Company","1760 3rd Ave New York  ","New York","NY","10029","2","0",,"0",,"0",,"42.96","0.00","0.00","0.00","42.96","1","0.500","1","0.500","0","0","2","00:09:30.000","00:01:00.000","00:09:00.000","00:29:30.000","1","0","1","0","0","0","0"
"2026-02-09","3312266","1st Avenue","The Smoothie Squeeze","937 1st Ave.  ","New York","NY","10022","4","0",,"0",,"0",,"76.47","0.00","0.00","0.00","76.47","1","0.250","4","1.000","0","0","4","00:08:15.000","00:00:15.000","00:06:15.000","00:19:30.000","1","1","0","0","0","0","0"
"2026-02-23","9815152","Mission","Leon's Legendary Pizza","3349 Mission St  ","San Francisco","CA","94110","6","0",,"0",,"0",,"196.25","0.00","0.00","0.00","196.25","4","0.667","3","0.500","0","0","6","00:06:36.600","00:06:36.600","00:11:56.400","00:42:46.800","0","0","0","0","0","0","0"
"2026-02-23","3310559","Bedford Ave","Casa Pasta Ristorante","265 Bedford Ave  ","Brooklyn","NY","11211","2","0",,"0",,"0",,"37.67","0.00","0.00","0.00","37.67","0",,"2","1.000","0","0","2","00:10:30.000","00:10:30.000","00:25:30.000","00:56:30.000","0","0","0","0","0","0","0"
"2026-02-16","8570048",,"The Muffin Snob","169-03 Jamaica Ave  ","Jamaica","NY","11432","1","0",,"1","1.000","1","1.000","17.96","0.00","-17.96","-17.96","0.00","1","1.000","0",,"0","0","1",,,,,"0","0","0","0","0","0","0"
"2026-02-09","2847334",,"The Bagel Savage","240 Sullivan St  ","New York","NY","10012","1","0",,"0",,"0",,"32.65","0.00","0.00","0.00","32.65","1","1.000","1","1.000","0","0","1","00:03:00.000","00:00:00.000","00:24:00.000","00:36:00.000","0","0","0","0","0","0","0"
"2026-02-23","2741308",,"Nancy's Grilled Cheese","1760 3rd Ave  ","New York","NY","10029","12","0",,"0",,"0",,"201.21","0.00","0.00","0.00","201.21","2","0.167","8","0.667","0","0","12","00:05:25.800","00:01:10.200","00:11:28.800","00:24:36.000","1","1","0","0","0","0","0"
"2026-02-02","10359464","1st Ave","The Pasta Brothers","589 1st Ave.  ","New York","NY","10016","2","0",,"0",,"0",,"73.95","0.00","0.00","0.00","73.95","1","0.500","2","1.000","0","0","2","00:03:00.000","00:00:00.000","00:16:00.000","00:35:30.000","0","0","0","0","0","0","0"
"2026-02-09","2030753",,"Fat Cheesesteaks","2624 Pico Blvd ","Santa Monica","CA","90405","5","0",,"1","0.200","1","0.200","126.10","0.00","-41.67","-41.67","84.43","0",,"3","0.600","0","0","5","00:01:40.200","00:00:19.800","00:08:49.800","00:32:19.800","0","0","0","0","0","0","0"
"2026-02-02","3310025","10th Ave","Indian Biryani Snob","716 10th Ave ","New York","NY","10019","4","0",,"0",,"0",,"97.93","0.00","0.00","0.00","97.93","3","0.750","3","0.750","0","0","4","00:03:00.000","00:00:45.000","00:13:30.000","00:35:30.000","0","0","0","0","0","0","0"
"2026-02-16","4839144","319 Rogers Ave","The Gyro Bar","319 Rogers Ave  ","Brooklyn","NY","11225","7","1","0.143","0",,"0",,"138.30","-14.88","0.00","0.00","123.42","2","0.286","6","0.857","0","0","7","00:04:19.800","00:02:32.400","00:14:57.600","00:38:27.600","0","0","0","0","0","0","0"
"2026-02-09","10363728","Polk St","Breakfast Burrito Floozy","1428 Polk St  ","San Francisco","CA","94109","1","0",,"0",,"0",,"31.95","0.00","0.00","0.00","31.95","1","1.000","1","1.000","0","0","1","00:00:00.000","00:00:00.000","00:24:00.000","00:43:00.000","0","0","0","0","0","0","0"
"2026-02-09","9816392","2rd","The Smoothie Squeeze","296 3rd Ave  ","New York","NY","10010","5","1","0.200","0",,"0",,"81.10","-33.56","0.00","0.00","47.54","3","0.600","4","0.800","0","0","5","00:06:22.800","00:06:15.000","00:20:22.800","00:46:15.000","0","0","0","0","0","0","0"
"2026-02-09","4831784","34-02 30th St","Lovin' Vegan Desserts","3402 30th St  ","Astoria","NY","11106","3","0",,"0",,"0",,"55.95","0.00","0.00","0.00","55.95","0",,"3","1.000","0","0","3","00:01:00.000","00:00:00.000","00:11:45.000","00:20:45.000","0","0","0","0","0","0","0"
"2026-02-02","3310745","Newport Blvd","Breakfast Burrito Joint","2400 Newport Blvd  ","Costa Mesa","CA","92627","2","0",,"0",,"0",,"84.76","0.00","0.00","0.00","84.76","1","0.500","0",,"0","0","2","00:01:30.000","00:00:00.000","00:06:30.000","00:21:00.000","0","0","0","0","0","0","0"
"2026-01-26","9819608","18300 Vanowen St","K's Slice of Cake","18300 Vanowen St  ","Los Angeles","CA","91335","1","0",,"0",,"0",,"16.78","0.00","0.00","0.00","16.78","1","1.000","0",,"0","0","1","00:02:00.000","00:00:00.000","00:09:00.000","00:20:00.000","0","0","0","0","0","0","0"
"2026-02-09","10935104","Agnew Rd","Village Wraps Snob","2026 Agnew Rd  ","Santa Clara","CA","95054","1","0",,"0",,"0",,"16.78","0.00","0.00","0.00","16.78","1","1.000","1","1.000","0","0","1","00:03:00.000","00:00:00.000","00:15:00.000","00:27:00.000","0","0","0","0","0","0","0"
"2026-02-02","1939835",,"Heavens Chicken Wings","589 1st Avenue ","New York","NY","10016","7","0",,"0",,"0",,"288.51","0.00","0.00","0.00","288.51","6","0.857","4","0.571","0","0","7","00:04:24.000","00:04:00.000","00:16:07.800","00:43:04.200","1","1","0","0","0","0","0"
"2026-02-02","3300657","30th St","Big Ease Smoothies","34-02 30th St  ","Astoria","NY","11106","3","1","0.333","0",,"0",,"54.50","-15.46","0.00","0.00","39.04","1","0.333","2","0.667","0","0","3","00:06:00.000","00:04:00.000","00:12:19.800","00:31:00.000","0","0","0","0","0","0","0"
"2026-02-23","10359496","Polk St","Original Burger Bar","1428 Polk St  ","San Francisco","CA","94109","1","0",,"0",,"0",,"33.98","0.00","0.00","0.00","33.98","1","1.000","1","1.000","0","0","1",,,,,"0","0","0","0","0","0","0"
"2026-02-16","3312236","4th Ave","Doughboys Sandwiches","59 4th Ave  ","New York","NY","10003","1","0",,"0",,"0",,"35.47","0.00","0.00","0.00","35.47","1","1.000","1","1.000","0","0","1","00:02:00.000","00:00:00.000","00:16:00.000","00:33:00.000","0","0","0","0","0","0","0"
"2026-02-02","2773049",,"The Panini Project (1st Avenue)","937 1st Avenue  ","New York","NY","10022","1","0",,"0",,"0",,"13.96","0.00","0.00","0.00","13.96","0",,"1","1.000","0","0","1","00:01:00.000","00:00:00.000","00:01:00.000","00:09:00.000","0","0","0","0","0","0","0"
"2026-02-16","9824224","1st","Stella's Slammin' Burgers","937 1st Ave.  ","New York","NY","10022","1","0",,"0",,"0",,"48.94","0.00","0.00","0.00","48.94","1","1.000","1","1.000","0","0","1","00:13:00.000","00:00:00.000","00:15:00.000","00:31:00.000","0","0","0","0","0","0","0"
"2026-02-23","2567535",,"The Acai Station","1424 Lexington Ave  ","New York","NY","10128","3","0",,"0",,"0",,"97.95","0.00","0.00","0.00","97.95","0",,"3","1.000","0","0","3","00:01:15.000","00:00:30.000","00:11:30.000","00:26:45.000","0","0","0","0","0","0","0"
"2026-02-23","8568648",,"GrillGrub Sandwiches","1561 St Nicholas Ave  ","New York","NY","10040","1","0",,"0",,"0",,"28.97","0.00","0.00","0.00","28.97","0",,"0",,"0","0","1","00:08:00.000","00:02:00.000","00:16:00.000","00:57:00.000","0","0","0","0","0","0","0"
"2026-02-02","3310297","W Peoria Ave #116","Kung Fu Chinese Kitchen","8520 W Peoria Ave  ","Peoria","AZ","85345","3","0",,"0",,"0",,"91.11","0.00","0.00","0.00","91.11","3","1.000","2","0.667","0","0","3","00:00:00.000","00:00:00.000","00:11:45.000","00:32:30.000","0","0","0","0","0","0","0"
"2026-02-02","9815096","Gold","The Sandwich Vibe","257 Gold St  ","Brooklyn","NY","11201","2","0",,"0",,"0",,"56.33","0.00","0.00","0.00","56.33","2","1.000","2","1.000","0","0","2","00:18:30.000","00:06:30.000","00:02:00.000","00:31:00.000","0","0","0","0","0","0","0"
"2026-02-02","2789142",,"Hero Sandwich Shop (1st Ave)","217 1st Avenue  ","New York","NY","10003","1","0",,"0",,"0",,"19.99","0.00","0.00","0.00","19.99","0",,"1","1.000","0","0","1","00:01:00.000","00:01:00.000","00:05:00.000","00:31:00.000","0","0","0","0","0","0","0"
"2026-02-23","9819592","28501 Hoover Rd","Bosscat breakfast","28501 Hoover Rd  ","Warren","MI","48093","1","0",,"0",,"0",,"12.97","0.00","0.00","0.00","12.97","0",,"1","1.000","0","0","1","00:08:00.000","00:08:00.000","00:21:00.000","00:46:00.000","0","0","0","0","0","0","0"
"2026-02-02","10932424","Newark Ave","The Pizza Obsession","226 Newark Ave  ","Jersey City","NJ","07302","1","0",,"0",,"0",,"13.99","0.00","0.00","0.00","13.99","1","1.000","1","1.000","0","0","1","00:05:00.000","00:00:00.000","00:14:00.000","00:44:00.000","0","0","0","0","0","0","0"
"2026-02-16","9813456","1174 Chapel St","Scotty's Bagel Express","1174 Chapel St  ","New Haven","CT","06511","2","0",,"0",,"0",,"51.75","0.00","0.00","0.00","51.75","2","1.000","1","0.500","0","0","2","00:03:00.000","00:00:30.000","00:10:30.000","00:27:30.000","1","1","0","0","0","0","0"
"2026-02-09","9814976","196 1st Ave","Bosscat Burgers","196 1st Ave.  ","New York","NY","10009","1","0",,"1","1.000","1","1.000","16.78","0.00","-16.78","-16.78","0.00","1","1.000","1","1.000","0","0","1",,,,,"0","0","0","0","0","0","0"
"2026-02-16","9817944","38-01 Vernon Boulevard","Martha's Pancake Bar","38-01 Vernon Blvd  ","Long Island City","NY","11101","2","0",,"0",,"0",,"41.16","0.00","0.00","0.00","41.16","2","1.000","2","1.000","0","0","2","00:00:30.000","00:00:00.000","00:10:30.000","00:19:30.000","1","1","0","0","0","0","0"
"2026-02-09","6893792","Dream Gourmet Deli inc. - 111 East 161 Street","Amanda's Breakfast Lounge","111 E 161 St  ","Bronx","NY","10452","1","0",,"0",,"0",,"27.28","0.00","0.00","0.00","27.28","1","1.000","1","1.000","0","0","1","00:00:00.000","00:00:00.000","00:03:00.000","00:29:00.000","1","1","0","0","0","0","0"
"2026-02-09","10065536","Gold St","Mary's Chicken Sandwiches","257 Gold St  ","Brooklyn","NY","11201","1","0",,"0",,"0",,"41.64","0.00","0.00","0.00","41.64","1","1.000","0",,"0","0","1","00:05:00.000","00:00:00.000","00:15:00.000","00:29:00.000","0","0","0","0","0","0","0"
"2026-02-16","3325823","30th St","Bagel Dynasty","34-02 30th St  ","Astoria","NY","11106","2","0",,"0",,"0",,"29.76","0.00","0.00","0.00","29.76","1","0.500","1","0.500","0","0","2","00:03:30.000","00:00:00.000","00:08:00.000","00:19:00.000","0","0","0","0","0","0","0"
"2026-02-09","4837576","319 Rogers Ave","The Loose Juice","319 Rogers Ave  ","Brooklyn","NY","11225","2","0",,"0",,"0",,"35.63","0.00","0.00","0.00","35.63","1","0.500","1","0.500","0","0","2","00:08:00.000","00:01:30.000","00:08:00.000","00:25:00.000","0","0","0","0","0","0","0"
"2026-02-23","1968311",,"Penny's Pancakes","1237 Fulton Street  ","Brooklyn","NY","11216","1","0",,"0",,"0",,"26.95","0.00","0.00","0.00","26.95","1","1.000","0",,"0","0","1","00:01:00.000","00:01:00.000","00:28:00.000","00:43:00.000","0","0","0","0","0","0","0"
"2026-02-23","1938953",,"Luigi's Pasta Ristorante","589 1st Avenue ","New York","NY","10016","1","0",,"0",,"0",,"19.99","0.00","0.00","0.00","19.99","0",,"1","1.000","0","0","1","00:11:00.000","00:00:00.000","00:15:00.000","00:33:00.000","0","0","0","0","0","0","0"
"2026-01-26","3310503","Broad Street Ext","Salvatore's Sicilian Pizza","709 Broad St Ext  ","Waterford","CT","06385","1","0",,"0",,"0",,"24.74","0.00","0.00","0.00","24.74","0",,"0",,"0","0","1","00:04:00.000","00:04:00.000","00:13:00.000","00:45:00.000","0","0","0","0","0","0","0"
"2026-02-23","10929056","Chestnut St","Charlie's Calzone Co","1929 Chestnut St  ","Philadelphia","PA","19103","2","0",,"0",,"0",,"35.37","0.00","0.00","0.00","35.37","1","0.500","2","1.000","0","0","2","00:08:30.000","00:02:00.000","00:10:00.000","00:30:30.000","0","0","0","0","0","0","0"
"2026-02-16","7102536","Golden State Pizza & Grill - 3349 Mission St","Henry's Chicken Wings","3349 Mission St  ","San Francisco","CA","94110","1","0",,"0",,"0",,"19.78","0.00","0.00","0.00","19.78","0",,"0",,"0","0","1","00:03:00.000","00:03:00.000","00:25:00.000","00:51:00.000","0","0","0","0","0","0","0"
"2026-02-09","11059496","Queens Plaza N","Strictly Vegetarian Sandwich","2909 Queens Plaza N  ","Long Island City","NY","11101","1","0",,"0",,"0",,"27.27","0.00","0.00","0.00","27.27","0",,"1","1.000","0","0","1","00:14:00.000","00:05:00.000","00:43:00.000","01:08:00.000","0","0","0","0","0","0","0"
"2026-02-02","3310407","E Arapaho Rd #F","Master Yamamoto Ramen Bar","1401 E Arapaho Rd  ","Richardson","TX","75081","3","0",,"0",,"0",,"77.63","0.00","0.00","0.00","77.63","1","0.333","2","0.667","0","0","3","00:00:45.000","00:00:00.000","00:19:30.000","00:32:45.000","0","0","0","0","0","0","0"
"2026-02-09","3308893","Pico Blvd","Sicily's Calzone House","2624 Pico Blvd  ","Santa Monica","CA","90405","1","0",,"0",,"0",,"19.67","0.00","0.00","0.00","19.67","0",,"1","1.000","0","0","1","00:17:00.000","00:17:00.000","00:12:00.000","00:49:00.000","0","0","0","0","0","0","0"
"2026-02-02","10929176","Hillside Ave","RJ's Philly Cheesesteaks","783 Hillside Ave.  ","New Hyde Park","NY","11040","1","1","1.000","0",,"0",,"15.38","-15.38","0.00","0.00","0.00","0",,"1","1.000","0","0","1","00:19:00.000","00:19:00.000","00:05:00.000","00:54:00.000","1","0","0","0","0","1","0"
"2026-02-09","3344282","916 Hempstead Turnpike","Crunchy Taco Snob","916 Hempstead Turnpike  ","Franklin Square","NY","11010","1","0",,"1","1.000","1","1.000","19.59","0.00","-19.59","-19.59","0.00","0",,"0",,"0","0","1",,,,,"0","0","0","0","0","0","0"
"2026-02-02","3309991","4th Ave","Philadelphia Cheesy Cheesesteak","59 4th Ave  ","New York","NY","10003","1","0",,"0",,"0",,"44.46","0.00","0.00","0.00","44.46","1","1.000","1","1.000","0","0","1","00:24:00.000","00:24:00.000","00:27:00.000",,"0","0","0","0","0","0","0"
"2026-02-02","3311011","9th Ave","City Light Wraps","468 9th Ave  ","New York","NY","10018","1","0",,"0",,"0",,"15.57","0.00","0.00","0.00","15.57","0",,"1","1.000","0","0","1","00:06:00.000","00:00:00.000","00:30:00.000","00:43:00.000","0","0","0","0","0","0","0"
"2026-02-23","10362136","Polk St","Fried Chicken Savage","1428 Polk St  ","San Francisco","CA","94109","1","0",,"0",,"0",,"31.97","0.00","0.00","0.00","31.97","0",,"0",,"0","0","1","00:16:00.000","00:10:00.000","00:11:00.000","00:36:00.000","1","1","0","0","0","0","0"
"2026-02-09","8567328",,"Addictive Burger Bar","711 E Blithedale Ave  ","Mill Valley","CA","94941","2","0",,"2","1.000","2","1.000","78.41","0.00","-78.41","-78.41","0.00","1","0.500","1","0.500","0","0","2",,,,,"0","0","0","0","0","0","0"
"2026-02-02","3301109","9th Ave","Molly's Chicken Wings","468 9th Ave  ","New York","NY","10018","3","0",,"0",,"0",,"76.50","0.00","0.00","0.00","76.50","3","1.000","2","0.667","0","0","3","00:05:00.000","00:00:00.000","00:18:15.000","00:45:00.000","2","1","0","0","0","1","0"
"2026-02-02","3309753","W Camelback Rd #103","Noodle And Rice Bar","3446 W Camelback Rd  ","Phoenix","AZ","85017","7","0",,"0",,"0",,"127.98","0.00","0.00","0.00","127.98","4","0.571","4","0.571","0","0","7","00:01:10.200","00:00:17.400","00:20:25.200","00:37:55.200","0","0","0","0","0","0","0"
"2026-02-09","9832944","1708 Livernois Rd","The Pasta Brothers","1708 Livernois Rd  ","Troy","MI","48083","3","1","0.333","0",,"0",,"71.33","-18.18","0.00","0.00","53.15","2","0.667","3","1.000","0","0","3","00:05:00.000","00:05:00.000","00:12:40.200","00:37:40.200","0","0","0","0","0","0","0"
"2026-02-16","10382520","E Speedway","Danny's Desserts","4352 E Speedway Blvd  ","Tucson","AZ","85712","1","0",,"0",,"0",,"5.28","0.00","0.00","0.00","5.28","1","1.000","1","1.000","0","0","1","00:06:00.000","00:00:00.000","00:09:00.000","00:24:00.000","0","0","0","0","0","0","0"
"2026-02-02","2562680",,"Devil's Hot Wings","820 Pennsylvania Ave  ","Pittsburgh","PA","15233","1","0",,"0",,"0",,"23.98","0.00","0.00","0.00","23.98","1","1.000","1","1.000","0","0","1","00:00:00.000","00:00:00.000","00:26:00.000","00:48:00.000","0","0","0","0","0","0","0"
"2026-02-23","2730321",,"Mama's Buffalo Wings","168 Myrtle Ave  ","Brooklyn","NY","11201","1","0",,"0",,"0",,"25.98","0.00","0.00","0.00","25.98","1","1.000","0",,"0","0","1","00:10:00.000","00:00:00.000","00:36:00.000","00:50:00.000","0","0","0","0","0","0","0"
"2026-02-16","2847334",,"The Bagel Savage","240 Sullivan St  ","New York","NY","10012","2","0",,"0",,"0",,"31.34","0.00","0.00","0.00","31.34","0",,"2","1.000","0","0","2","00:17:00.000","00:04:30.000","00:12:30.000","00:33:30.000","0","0","0","0","0","0","0"
"2026-02-09","6891040","Caffe Venice - 596 3rd Ave","Bill's Sandwich Shack","596 3rd Ave  ","New York","NY","10016","6","1","0.167","0",,"0",,"222.28","-13.88","0.00","0.00","208.40","0",,"3","0.500","0","0","6","00:05:45.000","00:00:10.200","00:13:55.200","00:31:34.800","1","1","0","0","0","0","1"
"2026-01-26","2223864",,"Fiona's Pancake Bar","1404 Madison Avenue  ","New York","NY","10029","1","0",,"0",,"0",,"14.69","0.00","0.00","0.00","14.69","0",,"1","1.000","0","0","1","00:09:00.000","00:09:00.000","00:01:00.000","00:26:00.000","0","0","0","0","0","0","0"
"2026-02-09","2900330",,"Cheesecake And Dessert Bar (Polk St)","1338 Polk St  ","San Francisco","CA","94109","2","0",,"0",,"0",,"117.90","0.00","0.00","0.00","117.90","1","0.500","1","0.500","0","0","2","00:12:00.000","00:06:30.000","00:15:00.000","00:38:30.000","1","1","0","0","0","0","0"
"2026-02-02","3310448","3rd Ave","The French Fries God","1760 3rd Ave  ","New York","NY","10029","1","0",,"0",,"0",,"10.00","0.00","0.00","0.00","10.00","1","1.000","0",,"0","0","1","00:00:00.000","00:00:00.000","00:18:00.000","00:56:00.000","0","0","0","0","0","0","0"
"2026-02-16","2407121",,"The Burger Bae","217 1st Avenue  ","New York","NY","10003","1","0",,"0",,"0",,"19.17","0.00","0.00","0.00","19.17","1","1.000","1","1.000","0","0","1","00:06:00.000","00:00:00.000","00:06:00.000","00:22:00.000","0","0","0","0","0","0","0"
"2026-02-09","9811896","Mission","Holly's Burger Bar","3349 Mission St  ","San Francisco","CA","94110","3","1","0.333","0",,"0",,"163.03","-38.85","0.00","0.00","124.18","2","0.667","2","0.667","0","0","3","00:08:00.000","00:06:19.800","00:15:40.200","00:42:40.200","0","0","0","0","0","0","0"
"2026-02-02","11000920","3rd Ave","Glorious Panini Snob","296 3rd Ave  ","New York","NY","10010","2","1","0.500","0",,"0",,"36.35","-14.68","0.00","0.00","21.67","2","1.000","2","1.000","0","0","2","00:05:00.000","00:04:00.000","00:06:00.000","00:31:00.000","0","0","0","0","0","0","0"
"2026-02-16","9824160","1424 Lexington Ave","La Puebla Quesadilla","1424 Lexington Ave  ","New York","NY","10128","2","0",,"0",,"0",,"57.36","0.00","0.00","0.00","57.36","2","1.000","2","1.000","0","0","2","00:17:00.000","00:05:00.000","00:07:00.000","00:32:00.000","0","0","0","0","0","0","0"
"2026-02-23","4510320","1424 Lexington Ave","Hill Top Sandwich","1424 Lexington Ave  ","New York","NY","10128","1","0",,"0",,"0",,"39.97","0.00","0.00","0.00","39.97","0",,"1","1.000","0","0","1","00:06:00.000","00:00:00.000","00:14:00.000","00:30:00.000","0","0","0","0","0","0","0"
"2026-02-23","6891656","Wholesome Farms Market - 840 Fulton St","Olivia's Breakfast Cafe","840 Fulton St  ","Brooklyn","NY","11238","2","0",,"0",,"0",,"34.34","0.00","0.00","0.00","34.34","1","0.500","0",,"0","0","2","00:09:00.000","00:00:00.000","00:05:30.000","00:23:30.000","0","0","0","0","0","0","0"
"2026-02-02","3310024","10th Ave","Halal Indian Monsoon","716 10th Ave ","New York","NY","10019","1","0",,"0",,"0",,"28.17","0.00","0.00","0.00","28.17","1","1.000","0",,"0","0","1","00:14:00.000","00:14:00.000","00:18:00.000","00:54:00.000","0","0","0","0","0","0","0"
"2026-02-02","9820960","370 Main St","FirstBite Breakfast Sandwiches","370 Main St  ","East Orange","NJ","07018","1","0",,"0",,"0",,"22.38","0.00","0.00","0.00","22.38","0",,"0",,"0","0","1","00:01:00.000","00:01:00.000","00:20:00.000","00:45:00.000","0","0","0","0","0","0","0"
"2026-02-16","10375512","W 34th","Wonka's Smoothie Bar","433 W 34th St.  ","New York","NY","10001","1","0",,"0",,"0",,"27.96","0.00","0.00","0.00","27.96","0",,"1","1.000","0","0","1","00:04:00.000","00:00:00.000","00:22:00.000","00:34:00.000","1","0","0","1","0","0","0"
"2026-02-16","1938070",,"The Mexican Cocina","937 1st ave  ","New York","NY","10022","1","0",,"0",,"0",,"17.98","0.00","0.00","0.00","17.98","0",,"1","1.000","0","0","1","00:05:00.000","00:00:00.000","00:08:00.000","00:27:00.000","0","0","0","0","0","0","0"
"2026-02-23","6891832","Thai Thai San Marcos Restaurant - 801 S Twin Oaks Valley Rd","Vinny’s Vegetarian Spot","1450 West Mission Rd  ","San Marcos","CA","92069","1","0",,"0",,"0",,"23.98","0.00","0.00","0.00","23.98","0",,"0",,"0","0","1","00:03:00.000","00:03:00.000","00:22:00.000","00:48:00.000","0","0","0","0","0","0","0"
"2026-02-09","7099080","Jonny's Place - 370 Main St","Jewel's Breakfast Joint","370 Main St  ","East Orange","NJ","07018","1","1","1.000","0",,"0",,"16.98","-12.69","0.00","0.00","4.29","1","1.000","1","1.000","0","0","1","00:00:00.000","00:00:00.000","00:28:00.000",,"1","0","0","0","1","0","0"
"2026-02-09","5289640","3846 Mowry Ave","Halal Chicken Gyros Co.","3846 Mowry Ave  ","Fremont","CA","94538","1","0",,"0",,"0",,"27.97","0.00","0.00","0.00","27.97","0",,"1","1.000","0","0","1","00:22:00.000","00:21:00.000","00:06:00.000","00:38:00.000","0","0","0","0","0","0","0"
"2026-02-02","9811888","Avenue A","Luke's Breakfast Wraps","93 Avenue A  ","New York","NY","10009","4","0",,"1","0.250","1","0.250","96.50","0.00","-50.35","-50.35","46.15","1","0.250","4","1.000","0","0","4","00:02:30.000","00:00:00.000","00:09:30.000","00:21:00.000","0","0","0","0","0","0","0"
"2026-02-09","2964464",,"Day N Night Pancakes","240 Sullivan St  ","New York","NY","10012","3","0",,"0",,"0",,"44.00","0.00","0.00","0.00","44.00","1","0.333","3","1.000","0","0","3","00:03:40.200","00:00:00.000","00:18:00.000","00:34:40.199","1","1","0","0","0","0","0"
"2026-02-02","4830064","265 Bedford Ave","House of Paninis","265 Bedford Ave  ","Brooklyn","NY","11211","3","0",,"0",,"0",,"81.49","0.00","0.00","0.00","81.49","3","1.000","1","0.333","0","0","3","00:01:30.000","00:01:30.000","00:04:00.000","00:17:30.000","0","0","0","0","0","0","0"
"2026-02-09","2796228",,"Healthy Salad Bar ","228 George St  ","New Brunswick","NJ","08901","3","0",,"0",,"0",,"61.06","0.00","0.00","0.00","61.06","0",,"3","1.000","0","0","3","00:08:00.000","00:07:00.000","00:18:00.000","00:47:19.800","0","0","0","0","0","0","0"
"2026-02-09","5321760","Yue Bai Wei - 5874 Forbes Ave","The Stir Fry Bar","5874 Forbes Ave  ","Pittsburgh","PA","15217","2","1","0.500","0",,"0",,"43.76","-3.59","0.00","0.00","40.17","0",,"2","1.000","0","0","2","00:05:30.000","00:04:00.000","00:19:30.000","00:46:30.000","0","0","0","0","0","0","0"
"2026-02-09","4836168","4955 Voltaire St","Breakfast Burrito Floozy","4955 Voltaire St  ","San Diego","CA","92107","1","0",,"0",,"0",,"20.98","0.00","0.00","0.00","20.98","1","1.000","1","1.000","0","0","1","00:26:00.000","00:26:00.000","00:13:00.000","00:49:00.000","0","0","0","0","0","0","0"
"2026-02-09","10934896","E 8th St","Luca's Philly Cheesesteak","44 E 8th St  ","New York","NY","10003","2","0",,"0",,"0",,"68.54","0.00","0.00","0.00","68.54","2","1.000","2","1.000","0","0","2","00:03:00.000","00:01:00.000","00:07:00.000","00:23:30.000","0","0","0","0","0","0","0"
"2026-02-09","2560752",,"The Pasta Twins","1147 West Chester Pike  ","West Chester","PA","19382","1","0",,"0",,"0",,"19.78","0.00","0.00","0.00","19.78","0",,"1","1.000","0","0","1","00:02:00.000","00:02:00.000","00:19:00.000","00:53:00.000","0","0","0","0","0","0","0"
"2026-02-09","6154632","3955 Bronxwood Ave","Mac N' Cheez Hut","3955 Bronxwood Ave  ","Bronx","NY","10466","1","0",,"0",,"0",,"18.68","0.00","0.00","0.00","18.68","1","1.000","1","1.000","0","0","1","00:04:00.000","00:00:00.000","00:20:00.000","00:37:00.000","0","0","0","0","0","0","0"
"2026-02-02","8568880",,"Casa De Quesadilla","4352 E Speedway Blvd  ","Tucson","AZ","85712","3","0",,"0",,"0",,"64.44","0.00","0.00","0.00","64.44","2","0.667","3","1.000","0","0","3","00:01:19.800","00:01:19.800","00:25:00.000","00:47:40.200","0","0","0","0","0","0","0"
"2026-02-02","8570120",,"Manchester Pancake Co.","128 E 4th St  ","New York","NY","10003","7","0",,"1","0.143","1","0.143","175.36","0.00","-17.98","-17.98","157.38","3","0.429","6","0.857","0","0","7","00:08:30.000","00:04:10.200","00:13:49.800","00:32:40.200","1","0","0","1","0","0","0"
"2026-02-02","1938271",,"Maria's Italian Meatballs","937 1st Avenue ","New York","NY","10022","1","0",,"0",,"0",,"66.45","0.00","0.00","0.00","66.45","0",,"1","1.000","0","0","1","00:04:00.000","00:00:00.000","00:11:00.000",,"0","0","0","0","0","0","0"
"2026-02-23","10935104","Agnew Rd","Village Wraps Snob","2026 Agnew Rd  ","Santa Clara","CA","95054","1","0",,"0",,"0",,"27.98","0.00","0.00","0.00","27.98","0",,"1","1.000","0","0","1","00:04:00.000","00:02:00.000","00:08:00.000","00:25:00.000","0","0","0","0","0","0","0"
"2026-02-02","7749136","Havana Heights - 4083 Broadway","Seth's Sandwiches","4083 Broadway  ","New York","NY","10032","1","0",,"0",,"0",,"23.07","0.00","0.00","0.00","23.07","0",,"0",,"0","0","1","00:07:00.000","00:07:00.000","00:04:00.000","00:31:00.000","0","0","0","0","0","0","0"
"2026-02-16","3310118","W Indian School Rd","Fried Rice Fanatic","400 W Indian School Rd  ","Phoenix","AZ","85013","5","0",,"0",,"0",,"148.28","0.00","0.00","0.00","148.28","2","0.400","4","0.800","0","0","5","00:05:00.000","00:01:00.000","00:14:00.000","00:34:22.800","0","0","0","0","0","0","0"
"2026-02-16","3312414","3rd St","Celebrity Vegan Burger","5155 3rd St  ","San Francisco","CA","94124","1","0",,"0",,"0",,"26.87","0.00","0.00","0.00","26.87","0",,"1","1.000","0","0","1","00:01:00.000","00:01:00.000","00:09:00.000","00:33:00.000","1","0","0","0","0","1","1"
"2026-02-09","9837376","265 Bedford Ave","Mary's Chicken Sandwiches","265 Bedford Ave  ","Brooklyn","NY","11211","1","0",,"0",,"0",,"14.69","0.00","0.00","0.00","14.69","0",,"1","1.000","0","0","1","00:01:00.000","00:00:00.000","00:04:00.000","00:17:00.000","0","0","0","0","0","0","0"
"2026-02-23","6893832","Aroma Pizza & Pasta - 20491 Alton Pkwy","Firenze Pasta Ristorante","20491 Alton Pkwy  ","Lake Forest","CA","92610","1","0",,"0",,"0",,"27.98","0.00","0.00","0.00","27.98","1","1.000","1","1.000","0","0","1","00:13:00.000","00:01:00.000","00:11:00.000","00:32:00.000","0","0","0","0","0","0","0"
"2026-02-09","2711540",,"NY Smoothie Joint (4th Ave)","59 4th Ave  ","New York","NY","10003","1","0",,"0",,"0",,"12.99","0.00","0.00","0.00","12.99","1","1.000","1","1.000","0","0","1","00:08:00.000","00:01:00.000","00:10:00.000","00:25:00.000","0","0","0","0","0","0","0"
"2026-01-26","3309896","Washington Blvd","Martha's Mariscos Bar","109 Washington Blvd  ","Marina del Rey","CA","90292","1","0",,"0",,"0",,"23.27","0.00","0.00","0.00","23.27","0",,"1","1.000","0","0","1","00:10:00.000","00:04:00.000","00:05:00.000","00:29:00.000","1","1","0","0","0","0","0"
"2026-01-26","8570120",,"Manchester Pancake Co.","128 E 4th St  ","New York","NY","10003","2","0",,"0",,"0",,"44.86","0.00","0.00","0.00","44.86","0",,"1","0.500","0","0","2","00:02:00.000","00:00:30.000","00:04:30.000","00:36:30.000","0","0","0","0","0","0","0"
"2026-01-26","3344171","916 Hempstead Turnpike","Pedro's Burrito Bar","916 Hempstead Turnpike  ","Franklin Square","NY","11010","1","0",,"0",,"0",,"18.19","0.00","0.00","0.00","18.19","0",,"1","1.000","0","0","1","00:16:00.000","00:06:00.000","00:05:00.000","00:30:00.000","1","1","0","0","0","0","0"
"2026-02-16","3312535","Lexington Ave","The Acai Dream","1424 Lexington Ave  ","New York","NY","10128","1","0",,"0",,"0",,"17.99","0.00","0.00","0.00","17.99","0",,"1","1.000","0","0","1","00:10:00.000","00:00:00.000","00:09:00.000","00:23:00.000","0","0","0","0","0","0","0"
"2026-02-09","3309683","Hillside Ave","Bird's Burger Bar","164-01 Hillside Avenue  ","Jamaica","NY","11432","2","1","0.500","0",,"0",,"112.56","-34.05","0.00","0.00","78.51","1","0.500","1","0.500","0","0","2","00:01:30.000","00:00:30.000","00:38:30.000","01:10:30.000","0","0","0","0","0","0","0"
"2026-02-02","9832944","1708 Livernois Rd","The Pasta Brothers","1708 Livernois Rd  ","Troy","MI","48083","2","0",,"0",,"0",,"69.95","0.00","0.00","0.00","69.95","1","0.500","2","1.000","0","0","2","00:02:00.000","00:02:00.000","00:18:00.000","00:42:30.000","0","0","0","0","0","0","0"
"2026-02-09","7325448","Marina’s Pizza & Pasta - 12121 W Linebaugh Ave","Little Italy's Calzones","12121 W Linebaugh Ave  ","Tampa","FL","33626","2","0",,"0",,"0",,"31.47","0.00","0.00","0.00","31.47","0",,"2","1.000","0","0","2","00:05:00.000","00:05:00.000","00:14:30.000","01:05:00.000","1","1","0","0","0","0","1"
"2026-02-09","2457881",,"Chicken Tenders Bar","1929 Chestnut St ","Philadelphia","PA","19103","5","0",,"0",,"0",,"98.99","0.00","0.00","0.00","98.99","3","0.600","4","0.800","0","0","5","00:01:49.800","00:00:10.200","00:19:19.800","00:40:40.200","0","0","0","0","0","0","0"
"2026-02-23","9814952","18300 Vanowen Street Suite 3","The Calzone Empire","18300 Vanowen St  ","Los Angeles","CA","91335","1","0",,"0",,"0",,"41.98","0.00","0.00","0.00","41.98","1","1.000","1","1.000","0","0","1","00:02:00.000","00:02:00.000","00:22:00.000","00:43:00.000","0","0","0","0","0","0","0"
"2026-01-26","6896760","Twin Donut Mexican Grill - 3 W Fordham Rd","Fiesta Mexican Spot","3 W Fordham Rd  ","Bronx","NY","10468","1","0",,"0",,"0",,"15.49","0.00","0.00","0.00","15.49","0",,"1","1.000","0","0","1","00:05:00.000","00:00:00.000","00:21:00.000","00:53:00.000","0","0","0","0","0","0","0"
"2026-02-02","10938064","8th Ave","Luigi's Pasta Ristorante","300 8th Ave  ","New York","NY","10001","5","0",,"0",,"0",,"167.19","0.00","0.00","0.00","167.19","3","0.600","3","0.600","0","0","5","00:03:24.000","00:00:48.000","00:11:24.000","00:26:15.000","1","0","0","1","0","0","0"
"2026-02-16","3300891","Hillside Ave","Penny's Pancakes","164-01 Hillside Avenue  ","Jamaica","NY","11432","1","0",,"0",,"0",,"24.96","0.00","0.00","0.00","24.96","0",,"1","1.000","0","0","1","00:16:00.000","00:16:00.000","00:06:00.000","01:04:00.000","0","0","0","0","0","0","0"
"2026-02-16","823219",,"Priya's Indian Kitchen","716 10th Ave ","New York","NY","10019","6","0",,"0",,"0",,"154.87","0.00","0.00","0.00","154.87","1","0.167","4","0.667","0","0","6","00:06:30.000","00:01:45.000","00:15:37.800","00:33:07.800","0","0","0","0","0","0","0"
"2026-02-09","10932216","E 149th St","Classic Cheeseburger Bar","560 E 149th St  ","Bronx","NY","10455","1","1","1.000","0",,"0",,"44.06","-7.69","0.00","0.00","36.37","1","1.000","1","1.000","0","0","1","00:01:00.000","00:01:00.000","00:03:00.000","00:31:00.000","0","0","0","0","0","0","0"
"2026-02-16","9813512","W National","The Pasta Story","2138 W National Ave  ","Milwaukee","WI","53204","8","1","0.125","0",,"0",,"264.91","-15.79","0.00","0.00","249.12","5","0.625","5","0.625","0","0","8","00:04:00.000","00:00:12.000","00:15:43.800","00:35:46.200","1","1","0","0","0","0","0"
"2026-02-09","1938953",,"Luigi's Pasta Ristorante","589 1st Avenue ","New York","NY","10016","1","0",,"0",,"0",,"38.96","0.00","0.00","0.00","38.96","0",,"1","1.000","0","0","1","00:03:00.000","00:00:00.000","00:06:00.000","00:16:00.000","0","0","0","0","0","0","0"
"2026-02-02","9824224","1st","Stella's Slammin' Burgers","937 1st Ave.  ","New York","NY","10022","1","0",,"0",,"0",,"24.46","0.00","0.00","0.00","24.46","0",,"1","1.000","0","0","1","00:02:00.000","00:00:00.000","00:08:00.000","00:21:00.000","0","0","0","0","0","0","0"
"2026-02-02","4512728","278 N. Brewster Rd","Quick Bite Munchies","278 N Brewster Rd  ","Brewster","NY","10509","2","0",,"0",,"0",,"48.95","0.00","0.00","0.00","48.95","0",,"2","1.000","0","0","2","00:04:00.000","00:04:00.000","00:04:00.000","00:45:30.000","0","0","0","0","0","0","0"
"2026-02-16","4511000","5993 Broadway","Sal's Smoothie Spot","5993 Broadway  ","Bronx","NY","10471","1","0",,"0",,"0",,"10.59","0.00","0.00","0.00","10.59","1","1.000","0",,"0","0","1","00:03:00.000","00:00:00.000","00:17:00.000","00:33:00.000","0","0","0","0","0","0","0"
"2026-02-02","9837376","265 Bedford Ave","Mary's Chicken Sandwiches","265 Bedford Ave  ","Brooklyn","NY","11211","1","0",,"0",,"0",,"14.69","0.00","0.00","0.00","14.69","0",,"1","1.000","0","0","1","00:02:00.000","00:00:00.000","00:03:00.000","00:15:00.000","0","0","0","0","0","0","0"
"2026-02-09","9819592","28501 Hoover Rd","Bosscat breakfast","28501 Hoover Rd  ","Warren","MI","48093","1","0",,"0",,"0",,"21.76","0.00","0.00","0.00","21.76","1","1.000","1","1.000","0","0","1","00:03:00.000","00:00:00.000","00:16:00.000","00:30:00.000","1","1","0","0","0","0","0"
"2026-02-02","2560752",,"The Pasta Twins","1147 West Chester Pike  ","West Chester","PA","19382","1","0",,"0",,"0",,"13.39","0.00","0.00","0.00","13.39","1","1.000","1","1.000","0","0","1","00:01:00.000","00:01:00.000","00:20:00.000","00:57:00.000","0","0","0","0","0","0","0"
"2026-02-23","9811896","Mission","Holly's Burger Bar","3349 Mission St  ","San Francisco","CA","94110","1","0",,"0",,"0",,"26.58","0.00","0.00","0.00","26.58","1","1.000","1","1.000","0","0","1","00:01:00.000","00:01:00.000","00:05:00.000","00:28:00.000","0","0","0","0","0","0","0"
"2026-02-23","10938064","8th Ave","Luigi's Pasta Ristorante","300 8th Ave  ","New York","NY","10001","4","0",,"0",,"0",,"137.06","0.00","0.00","0.00","137.06","2","0.500","4","1.000","0","0","4","00:02:40.200","00:00:20.400","00:07:50.400","00:22:30.000","0","0","0","0","0","0","0"
"2026-02-16","9834480","277 Gold St","Fiona's Breakfast Burritos","277 Gold St  ","Brooklyn","NY","11201","1","0",,"0",,"0",,"32.87","0.00","0.00","0.00","32.87","0",,"0",,"0","0","1","00:00:00.000","00:00:00.000","00:12:00.000","00:22:00.000","0","0","0","0","0","0","0"
"2026-02-16","2896507",,"The Cheesesteak Bar","1219 1st Ave  ","New York","NY","10065","1","0",,"0",,"0",,"14.27","0.00","0.00","0.00","14.27","1","1.000","1","1.000","0","0","1","00:10:00.000","00:00:00.000","00:03:00.000","00:16:00.000","1","1","0","0","0","0","0"
"2026-02-09","2561042",,"Golden Bear Sandwiches","1147 West Chester Pike  ","West Chester","PA","19382","1","0",,"0",,"0",,"76.91","0.00","0.00","0.00","76.91","1","1.000","0",,"0","0","1","00:01:00.000","00:01:00.000","00:14:00.000","00:28:00.000","0","0","0","0","0","0","0"
"2026-02-02","3310488","1st Avenue","Jewel's Breakfast Joint","937 1st Ave.  ","New York","NY","10022","1","0",,"0",,"0",,"14.67","0.00","0.00","0.00","14.67","1","1.000","0",,"0","0","1","00:00:00.000","00:00:00.000","00:08:00.000",,"0","0","0","0","0","0","0"
"2026-02-16","9811896","Mission","Holly's Burger Bar","3349 Mission St  ","San Francisco","CA","94110","1","0",,"0",,"0",,"69.94","0.00","0.00","0.00","69.94","0",,"1","1.000","0","0","1","00:01:00.000","00:01:00.000","00:11:00.000","00:41:00.000","0","0","0","0","0","0","0"
"2026-02-16","6157016","2909A Queens Plaza North","Luca's Chicken Wings","2909 Queens Plaza N  ","Long Island City","NY","11101","1","0",,"0",,"0",,"23.78","0.00","0.00","0.00","23.78","0",,"1","1.000","0","0","1","00:03:00.000","00:03:00.000","00:23:00.000","00:58:00.000","0","0","0","0","0","0","0"
"2026-02-16","11801712","Thomas S Boyland St","Luke's Breakfast Club","116 Thomas S Boyland St  ","Brooklyn","NY","11233","3","0",,"0",,"0",,"66.99","0.00","0.00","0.00","66.99","2","0.667","2","0.667","0","0","3","00:04:45.000","00:03:15.000","00:13:00.000","00:38:15.000","1","1","0","0","0","0","0"
"2026-02-16","3312350","1st Avenue","The Quinoa Craze","937 1st Ave.  ","New York","NY","10022","1","0",,"0",,"0",,"29.98","0.00","0.00","0.00","29.98","1","1.000","1","1.000","0","0","1","00:13:00.000","00:00:00.000","00:09:00.000","00:24:00.000","0","0","0","0","0","0","0"
"2026-02-16","3006704",,"Big E's Wraps","2909A Queens Plaza North  ","Long Island City","NY","11101","2","0",,"0",,"0",,"32.18","0.00","0.00","0.00","32.18","0",,"2","1.000","1","0","1","00:11:00.000","00:00:00.000","00:01:00.000","00:17:00.000","0","0","0","0","0","0","0"
"2026-02-02","10936368","W Chester Pike","Antonio's Quesadilla Shack","2560 West Chester Pike  ","Broomall","PA","19008","1","0",,"0",,"0",,"18.19","0.00","0.00","0.00","18.19","1","1.000","0",,"0","0","1","00:00:00.000","00:00:00.000","00:16:00.000","00:46:00.000","0","0","0","0","0","0","0"
"2026-01-26","3312266","1st Avenue","The Smoothie Squeeze","937 1st Ave.  ","New York","NY","10022","2","1","0.500","0",,"0",,"46.72","-11.68","0.00","0.00","35.04","2","1.000","2","1.000","0","0","2","00:01:00.000","00:00:30.000","00:12:30.000","00:46:00.000","0","0","0","0","0","0","0"
"2026-02-16","2964952",,"The Omelette Farm","240 Sullivan St  ","New York","NY","10012","2","0",,"0",,"0",,"36.33","0.00","0.00","0.00","36.33","1","0.500","0",,"0","0","2","00:02:30.000","00:00:00.000","00:07:30.000","00:39:00.000","0","0","0","0","0","0","0"
"2026-02-16","7753808","Oakwood Bagels - 101 Guyon Ave","Doughboys Sandwiches","101 Guyon Ave  ","Staten Island","NY","10306","2","0",,"0",,"0",,"38.24","0.00","0.00","0.00","38.24","1","0.500","1","0.500","0","0","2","00:01:00.000","00:00:00.000","00:09:30.000","00:20:30.000","0","0","0","0","0","0","0"
"2026-01-26","3300958","30th St","Sin City Burger Spot","34-02 30th St  ","Astoria","NY","11106","1","0",,"0",,"0",,"19.98","0.00","0.00","0.00","19.98","0",,"1","1.000","0","0","1","00:00:00.000","00:00:00.000","00:29:00.000","01:34:00.000","0","0","0","0","0","0","0"
"2026-02-23","6891040","Caffe Venice - 596 3rd Ave","Bill's Sandwich Shack","596 3rd Ave  ","New York","NY","10016","2","0",,"0",,"0",,"29.95","0.00","0.00","0.00","29.95","0",,"2","1.000","0","0","2","00:05:30.000","00:00:00.000","00:08:30.000","00:20:30.000","1","1","0","0","0","0","0"
"2026-02-23","3300958","30th St","Sin City Burger Spot","34-02 30th St  ","Astoria","NY","11106","5","0",,"0",,"0",,"95.16","0.00","0.00","0.00","95.16","1","0.200","5","1.000","0","0","5","00:03:10.200","00:00:00.000","00:10:49.800","00:21:00.000","0","0","0","0","0","0","0"
"2026-02-23","7101064","Pizza Zone","Amore Pasta Ristorante","3618 N Pennsylvania Ave  ","Oklahoma City","OK","73112","1","0",,"0",,"0",,"22.77","0.00","0.00","0.00","22.77","0",,"1","1.000","0","0","1","00:16:00.000","00:16:00.000","00:34:00.000","01:10:00.000","0","0","0","0","0","0","0"
"2026-02-09","2786288",,"Palm Tree Juice Bar (1st Ave)","217 1st Ave  ","New York","NY","10003","2","0",,"0",,"0",,"105.91","0.00","0.00","0.00","105.91","0",,"2","1.000","0","0","2","00:03:30.000","00:03:30.000","00:12:30.000","00:37:00.000","0","0","0","0","0","0","0"
"2026-02-09","3310488","1st Avenue","Jewel's Breakfast Joint","937 1st Ave.  ","New York","NY","10022","2","0",,"0",,"0",,"41.62","0.00","0.00","0.00","41.62","1","0.500","2","1.000","0","0","2","00:01:00.000","00:00:00.000","00:05:00.000","00:22:00.000","0","0","0","0","0","0","0"
"2026-02-02","10929056","Chestnut St","Charlie's Calzone Co","1929 Chestnut St  ","Philadelphia","PA","19103","4","0",,"0",,"0",,"64.75","0.00","0.00","0.00","64.75","3","0.750","4","1.000","0","0","4","00:01:10.200","00:01:10.200","00:21:00.000","01:06:49.800","1","0","1","0","0","0","0"
"2026-02-09","2560441",,"Danny's Desserts","1147 West Chester Pike ","West Chester","PA","19382","4","0",,"0",,"0",,"76.77","0.00","0.00","0.00","76.77","3","0.750","4","1.000","0","0","4","00:02:15.000","00:01:30.000","00:13:45.000","00:38:19.800","0","0","0","0","0","0","0"
"2026-02-16","2352422",,"The Pancake Snob (West Chester Pike)","1147 West Chester Pike ","West Chester","PA","19382","5","0",,"0",,"0",,"107.85","0.00","0.00","0.00","107.85","3","0.600","4","0.800","0","0","5","00:01:48.000","00:00:00.000","00:11:48.000","00:27:24.000","0","0","0","0","0","0","0"
"2026-02-16","3310270","9th Ave","Kelly's Pancake Bar","468 9th Ave  ","New York","NY","10018","1","0",,"0",,"0",,"12.38","0.00","0.00","0.00","12.38","1","1.000","0",,"0","0","1","00:11:00.000","00:00:00.000","00:23:00.000","00:47:00.000","0","0","0","0","0","0","0"
"2026-02-16","1939835",,"Heavens Chicken Wings","589 1st Avenue ","New York","NY","10016","1","0",,"0",,"0",,"74.83","0.00","0.00","0.00","74.83","1","1.000","1","1.000","0","0","1","00:14:00.000","00:09:00.000","00:21:00.000","00:40:00.000","0","0","0","0","0","0","0"
"2026-02-16","2642274",,"Smoothie and Dessert Bar","755 9th Ave  #1C","New York","NY","10019","1","0",,"0",,"0",,"30.58","0.00","0.00","0.00","30.58","1","1.000","0",,"0","0","1","00:02:00.000","00:02:00.000","00:14:00.000","00:29:00.000","0","0","0","0","0","0","0"
"2026-02-09","6891656","Wholesome Farms Market - 840 Fulton St","Olivia's Breakfast Cafe","840 Fulton St  ","Brooklyn","NY","11238","4","3","0.750","0",,"0",,"64.58","-30.85","0.00","0.00","33.73","2","0.500","4","1.000","0","0","4","00:07:10.200","00:00:00.000","00:09:20.400","00:27:40.200","0","0","0","0","0","0","0"
"2026-02-09","10375512","W 34th","Wonka's Smoothie Bar","433 W 34th St.  ","New York","NY","10001","1","0",,"0",,"0",,"20.66","0.00","0.00","0.00","20.66","0",,"1","1.000","0","0","1","00:00:00.000","00:00:00.000","00:13:00.000",,"0","0","0","0","0","0","0"
"2026-02-16","7753968","382 Farmer Deli & Juice - 382 8th Ave","Big Belly Paninis","382 8th Ave  ","New York","NY","10001","2","0",,"0",,"0",,"51.64","0.00","0.00","0.00","51.64","2","1.000","1","0.500","0","0","2","00:07:00.000","00:06:00.000","00:15:00.000","00:36:00.000","0","0","0","0","0","0","0"
"2026-02-16","2535778",,"The Pasta Story","1424 Lexington Ave ","New York","NY","10128","13","0",,"0",,"0",,"339.35","0.00","0.00","0.00","339.35","3","0.231","10","0.769","0","0","13","00:09:07.800","00:04:49.200","00:11:13.800","00:31:08.400","6","5","0","0","0","1","0"
"2026-02-16","8565936",,"Two Hand Burger","6600 W Sylvania Ave  ","Sylvania","OH","43560","2","0",,"0",,"0",,"63.02","0.00","0.00","0.00","63.02","2","1.000","2","1.000","0","0","2","00:01:30.000","00:00:30.000","00:17:30.000","00:35:30.000","0","0","0","0","0","0","0"
"2026-02-09","2643384",,"The Burger Blade","755 9th Ave  #1A","New York","NY","10019","2","0",,"0",,"0",,"43.34","0.00","0.00","0.00","43.34","1","0.500","0",,"0","0","2","00:03:30.000","00:02:30.000","00:03:00.000","00:25:00.000","0","0","0","0","0","0","0"
"2026-02-16","9816392","2rd","The Smoothie Squeeze","296 3rd Ave  ","New York","NY","10010","1","0",,"0",,"0",,"11.19","0.00","0.00","0.00","11.19","0",,"1","1.000","0","0","1","00:08:00.000","00:08:00.000","00:13:00.000","00:41:00.000","0","0","0","0","0","0","0"
"2026-02-09","5028264","600 Washington Ave","Crunchy Banh Mi","600 Washington Ave  ","Philadelphia","PA","19147","4","0",,"0",,"0",,"127.71","0.00","0.00","0.00","127.71","0",,"0",,"0","0","4","00:03:45.000","00:00:30.000","00:12:15.000","00:34:30.000","0","0","0","0","0","0","0"
"2026-02-09","3310146","3rd Ave","Fried Munchies Shack","1760 3rd Ave  ","New York","NY","10029","1","0",,"0",,"0",,"41.90","0.00","0.00","0.00","41.90","0",,"1","1.000","0","0","1","00:09:00.000","00:00:00.000","00:26:00.000","00:40:00.000","0","0","0","0","0","0","0"
"2026-02-09","9824096","257 Water Street","Lettuce N Greens","257 Water St  ","New York","NY","10038","1","0",,"1","1.000","1","1.000","26.54","0.00","-26.54","-26.54","0.00","0",,"0",,"0","0","1",,,,,"0","0","0","0","0","0","0"
"2026-02-23","6895704","Not Just Pizza - 2240 S 11th St","Pardon My Panini","2240 S 11th St  ","Philadelphia","PA","19148","1","0",,"0",,"0",,"54.87","0.00","0.00","0.00","54.87","1","1.000","1","1.000","0","0","1","00:05:00.000","00:00:00.000","00:02:00.000","00:13:00.000","0","0","0","0","0","0","0"
"2026-02-23","4831784","34-02 30th St","Lovin' Vegan Desserts","3402 30th St  ","Astoria","NY","11106","1","0",,"0",,"0",,"28.17","0.00","0.00","0.00","28.17","1","1.000","0",,"0","0","1","00:07:00.000","00:05:00.000","00:23:00.000","00:37:00.000","0","0","0","0","0","0","0"
"2026-02-23","3310840","Lee Hwy","Chief's Cheesesteaks","3907 Lee Hwy  ","Arlington","VA","22207","2","0",,"0",,"0",,"39.64","0.00","0.00","0.00","39.64","1","0.500","1","0.500","0","0","2","00:01:00.000","00:01:00.000","00:21:00.000","00:42:30.000","0","0","0","0","0","0","0"
"2026-01-26","4831664","319 Rogers Ave","The Sandwich Vibe","319 Rogers Ave  ","Brooklyn","NY","11225","1","0",,"1","1.000","1","1.000","9.98","0.00","-9.98","-9.98","0.00","1","1.000","0",,"0","0","1",,,,,"0","0","0","0","0","0","0"
"2026-02-23","3309881","Sullivan St","The Village Smoothie Spot","240 Sullivan St  ","New York","NY","10012","2","0",,"0",,"0",,"45.95","0.00","0.00","0.00","45.95","2","1.000","1","0.500","0","0","2","00:04:30.000","00:00:00.000","00:15:30.000","00:31:30.000","0","0","0","0","0","0","0"
"2026-02-16","10608272","North Roxboro St","Top Notch Sandwiches","5279 N Roxboro St  ","Durham","NC","27712","1","0",,"0",,"0",,"61.55","0.00","0.00","0.00","61.55","0",,"0",,"0","0","1","00:00:00.000","00:00:00.000","00:14:00.000","00:28:00.000","0","0","0","0","0","0","0"
"2026-02-09","2668111",,"Mary's Omelette Bar","300 8th Ave  ","New York","NY","10001","2","0",,"0",,"0",,"39.61","0.00","0.00","0.00","39.61","2","1.000","1","0.500","0","0","2","00:05:30.000","00:00:00.000","00:10:30.000","00:22:00.000","1","1","0","0","0","0","0"
"2026-02-09","3310652","Loudon Rd #960","On Demand Pizza","800 Loudon Rd  ","Latham","NY","12110","2","0",,"0",,"0",,"49.05","0.00","0.00","0.00","49.05","0",,"1","0.500","0","0","2","00:05:30.000","00:05:00.000","00:09:00.000","00:55:00.000","0","0","0","0","0","0","0"
"2026-02-09","6891832","Thai Thai San Marcos Restaurant - 801 S Twin Oaks Valley Rd","Vinny’s Vegetarian Spot","1450 West Mission Rd  ","San Marcos","CA","92069","1","0",,"0",,"0",,"54.87","0.00","0.00","0.00","54.87","1","1.000","1","1.000","0","0","1","00:01:00.000","00:01:00.000","00:22:00.000","00:53:00.000","0","0","0","0","0","0","0"
"2026-02-02","11801712","Thomas S Boyland St","Luke's Breakfast Club","116 Thomas S Boyland St  ","Brooklyn","NY","11233","1","0",,"0",,"0",,"44.13","0.00","0.00","0.00","44.13","0",,"0",,"0","0","1","00:05:00.000","00:05:00.000","00:16:00.000","00:37:00.000","1","1","0","0","0","0","0"
"2026-02-02","10498104","George St","Village Quesadilla","228 George St  ","New Brunswick","NJ","08901","3","0",,"0",,"0",,"73.44","0.00","0.00","0.00","73.44","1","0.333","3","1.000","0","0","3","00:05:30.000","00:03:30.000","00:18:45.000","00:42:00.000","0","0","0","0","0","0","0"
"2026-02-02","2730399",,"Ali's Gyro Lab","1404 Madison Ave  ","New York","NY","10029","3","0",,"0",,"0",,"44.76","0.00","0.00","0.00","44.76","3","1.000","1","0.333","0","0","3","00:02:30.000","00:00:00.000","00:27:00.000","00:38:30.000","0","0","0","0","0","0","0"
"2026-02-09","2489526",,"The Bagel Savage","1404 Madison Ave  ","New York","NY","10029","1","0",,"0",,"0",,"25.97","0.00","0.00","0.00","25.97","1","1.000","1","1.000","0","0","1","00:06:00.000","00:01:00.000","00:11:00.000","00:27:00.000","1","1","0","0","0","0","0"
"2026-02-09","10938088","Chestnut St","Panini's On Panini's","1929 Chestnut St  ","Philadelphia","PA","19103","3","1","0.333","0",,"0",,"67.24","-18.19","0.00","0.00","49.05","3","1.000","3","1.000","0","0","3","00:00:40.200","00:00:40.200","00:12:00.000","00:52:00.000","0","0","0","0","0","0","0"
"2026-01-26","2795258",,"Philly Cheesesteak Artists ","228 George St  ","New Brunswick","NJ","08901","1","0",,"0",,"0",,"17.98","0.00","0.00","0.00","17.98","1","1.000","1","1.000","0","0","1","00:01:00.000","00:01:00.000","00:11:00.000","00:26:00.000","0","0","0","0","0","0","0"
"2026-02-09","2729151",,"Halal Lamb Gyro Spot","755 9th Ave  ","New York","NY","10019","1","0",,"0",,"0",,"18.38","0.00","0.00","0.00","18.38","1","1.000","0",,"0","0","1","00:02:00.000","00:00:00.000","00:27:00.000","00:38:00.000","0","0","0","0","0","0","0"
"2026-02-23","3310580","George St","Sandwiches On Fleek","228 George St  ","New Brunswick","NJ","08901","1","0",,"0",,"0",,"24.58","0.00","0.00","0.00","24.58","0",,"1","1.000","0","0","1","00:03:00.000","00:03:00.000","00:12:00.000","00:44:00.000","0","0","0","0","0","0","0"
"2026-02-23","2410420",,"The Wings Express","1147 West Chester Pike ","West Chester","PA","19382","1","0",,"0",,"0",,"24.96","0.00","0.00","0.00","24.96","1","1.000","1","1.000","0","0","1","00:06:00.000","00:02:00.000","00:15:00.000","00:40:00.000","0","0","0","0","0","0","0"
"2026-02-09","2789142",,"Hero Sandwich Shop (1st Ave)","217 1st Avenue  ","New York","NY","10003","1","0",,"0",,"0",,"31.98","0.00","0.00","0.00","31.98","0",,"0",,"0","0","1","00:01:00.000","00:00:00.000","00:11:00.000","00:27:00.000","0","0","0","0","0","0","0"
"2026-02-23","10373776","7th Ave","The Village Breakfast","154 7th Ave  ","New York","NY","10011","1","0",,"0",,"0",,"18.17","0.00","0.00","0.00","18.17","1","1.000","1","1.000","0","0","1","00:07:00.000","00:00:00.000","00:03:00.000","00:14:00.000","1","1","0","0","0","0","0"
"2026-02-16","2796227",,"Midtown Quesadillas Snob (George St)","228 George St  ","New Brunswick","NJ","08901","2","0",,"0",,"0",,"31.95","0.00","0.00","0.00","31.95","0",,"2","1.000","0","0","2","00:06:00.000","00:06:00.000","00:24:00.000","00:49:00.000","0","0","0","0","0","0","0"
"2026-02-02","2116488",,"Molly's Chicken Wings","25-02 Queens Plaza S ","New York","NY","11101","2","0",,"0",,"0",,"51.73","0.00","0.00","0.00","51.73","2","1.000","1","0.500","0","0","2","00:08:30.000","00:03:30.000","00:11:30.000","00:31:00.000","0","0","0","0","0","0","0"
"2026-02-02","2729151",,"Halal Lamb Gyro Spot","755 9th Ave  ","New York","NY","10019","1","0",,"0",,"0",,"12.69","0.00","0.00","0.00","12.69","0",,"1","1.000","0","0","1","00:01:00.000","00:00:00.000","00:00:00.000","00:13:00.000","0","0","0","0","0","0","0"
"2026-02-02","3310083","E 8th St","The Salad Dream","44 E 8th St  ","New York","NY","10003","1","0",,"0",,"0",,"18.98","0.00","0.00","0.00","18.98","0",,"1","1.000","0","0","1","00:03:00.000","00:00:00.000","00:18:00.000","00:33:00.000","0","0","0","0","0","0","0"
"2026-02-16","3310297","W Peoria Ave #116","Kung Fu Chinese Kitchen","8520 W Peoria Ave  ","Peoria","AZ","85345","5","0",,"0",,"0",,"139.86","0.00","0.00","0.00","139.86","5","1.000","4","0.800","0","0","5","00:01:19.800","00:00:30.000","00:12:10.200","00:28:00.000","1","1","0","0","0","0","0"
"2026-02-16","8566128",,"TacoTaste Mexican","4352 E Speedway Blvd  ","Tucson","AZ","85712","1","0",,"0",,"0",,"15.96","0.00","0.00","0.00","15.96","1","1.000","1","1.000","0","0","1","00:01:00.000","00:00:00.000","00:17:00.000","00:29:00.000","1","1","0","0","0","0","0"
"2026-02-16","3310403","W Indian School Rd","Nakamura Ramen House","400 W Indian School Rd  ","Phoenix","AZ","85013","4","0",,"0",,"0",,"179.71","0.00","0.00","0.00","179.71","1","0.250","4","1.000","0","0","4","00:03:49.800","00:00:49.800","00:22:19.800","00:37:30.000","0","0","0","0","0","0","0"
"2026-02-09","1938468",,"Stella's Pancake Bar","937 1st Avenue ","New York","NY","10022","32","0",,"0",,"0",,"763.62","0.00","0.00","0.00","763.62","20","0.625","23","0.719","0","0","32","00:06:25.800","00:03:11.400","00:09:31.800","00:25:24.600","0","0","0","0","0","0","0"
"2026-02-09","7753968","382 Farmer Deli & Juice - 382 8th Ave","Big Belly Paninis","382 8th Ave  ","New York","NY","10001","1","0",,"0",,"0",,"22.58","0.00","0.00","0.00","22.58","1","1.000","0",,"0","0","1","00:17:00.000","00:12:00.000","00:10:00.000","00:37:00.000","0","0","0","0","0","0","0"
"2026-02-09","3310775","Hoover Rd","Greek Gyro Spot","28501 Hoover Rd  ","Warren","MI","48093","1","0",,"0",,"0",,"25.87","0.00","0.00","0.00","25.87","0",,"1","1.000","0","0","1","00:02:00.000","00:00:00.000","00:14:00.000","00:24:00.000","0","0","0","0","0","0","0"
"2026-02-23","8566136",,"Luna's Loaded Fries","4352 E Speedway Blvd  ","Tucson","AZ","85712","6","0",,"0",,"0",,"146.87","0.00","0.00","0.00","146.87","3","0.500","6","1.000","0","0","6","00:03:19.800","00:00:34.800","00:20:30.000","00:40:25.200","0","0","0","0","0","0","0"
"2026-02-02","11794944","Thomas S Boyland St","Big E's Wraps","116 Thomas S Boyland St  ","Brooklyn","NY","11233","1","0",,"0",,"0",,"16.09","0.00","0.00","0.00","16.09","1","1.000","1","1.000","0","0","1","00:02:00.000","00:01:00.000","00:07:00.000","00:23:00.000","0","0","0","0","0","0","0"
"2026-02-09","5930240","689 Broadway","Queen's Quesadillas","689 Broadway  ","New York","NY","10012","10","2","0.200","0",,"0",,"206.98","-5.58","0.00","0.00","201.40","0",,"10","1.000","0","0","10","00:04:04.200","00:00:06.000","00:14:45.000","00:30:28.800","1","1","0","0","0","0","0"
"2026-02-02","5930240","689 Broadway","Queen's Quesadillas","689 Broadway  ","New York","NY","10012","10","0",,"0",,"0",,"165.07","0.00","0.00","0.00","165.07","2","0.200","8","0.800","0","0","10","00:04:10.200","00:00:19.800","00:09:45.000","00:28:40.200","1","1","0","0","0","0","0"
"2026-02-02","8570072",,"Carmen's Breakfast Burritos","4352 E Speedway Blvd  ","Tucson","AZ","85712","3","0",,"0",,"0",,"73.41","0.00","0.00","0.00","73.41","1","0.333","3","1.000","0","0","3","00:03:00.000","00:02:19.800","00:25:40.200","00:40:40.200","0","0","0","0","0","0","0"
"2026-01-26","8566136",,"Luna's Loaded Fries","4352 E Speedway Blvd  ","Tucson","AZ","85712","1","0",,"0",,"0",,"15.39","0.00","0.00","0.00","15.39","1","1.000","1","1.000","0","0","1","00:01:00.000","00:00:00.000","00:16:00.000","00:38:00.000","0","0","0","0","0","0","0"
"2026-02-02","3310118","W Indian School Rd","Fried Rice Fanatic","400 W Indian School Rd  ","Phoenix","AZ","85013","8","0",,"0",,"0",,"203.44","0.00","0.00","0.00","203.44","5","0.625","7","0.875","0","0","8","00:04:10.200","00:01:10.200","00:11:19.800","00:29:55.200","1","1","0","0","0","0","0"
"2026-02-23","8568896",,"Chop & Dice Salads","415 E Windmill Ln  ","Las Vegas","NV","89123","2","0",,"0",,"0",,"106.95","0.00","0.00","0.00","106.95","1","0.500","1","0.500","0","0","2","00:02:30.000","00:00:00.000","00:08:00.000","00:24:30.000","0","0","0","0","0","0","0"
"2026-02-16","2626167",,"Bosscat Wings","217 1st Avenue ","New York","NY","10003","1","0",,"0",,"0",,"20.97","0.00","0.00","0.00","20.97","1","1.000","1","1.000","0","0","1","00:01:00.000","00:00:00.000","00:23:00.000","00:41:00.000","0","0","0","0","0","0","0"
"2026-02-16","5024720","3907 Lee Hwy","First Light Breakfast Cafe","3907 Lee Hwy  ","Arlington","VA","22207","1","1","1.000","0",,"0",,"36.06","-9.09","0.00","0.00","26.97","1","1.000","1","1.000","0","0","1","00:21:00.000","00:14:00.000","00:00:00.000","00:34:00.000","0","0","0","0","0","0","0"
"2026-02-09","8565936",,"Two Hand Burger","6600 W Sylvania Ave  ","Sylvania","OH","43560","1","0",,"0",,"0",,"42.74","0.00","0.00","0.00","42.74","1","1.000","1","1.000","0","0","1","00:01:00.000","00:01:00.000","00:52:00.000","01:16:00.000","0","0","0","0","0","0","0"
"2026-02-02","3310235","Queens Plaza S","Slapjack Pancakes","25-02 Queens Plaza S  ","Queens","NY","11101","2","0",,"0",,"0",,"27.51","0.00","0.00","0.00","27.51","1","0.500","1","0.500","0","0","2","00:13:30.000","00:09:00.000","00:23:00.000","01:10:00.000","0","0","0","0","0","0","0"
"2026-02-16","3007005",,"Mia's Quesadillas","2909A Queens Plaza North  ","Long Island City","NY","11101","1","0",,"1","1.000","1","1.000","32.18","0.00","-32.18","-32.18","0.00","1","1.000","0",,"0","0","1",,,,,"0","0","0","0","0","0","0"
"2026-01-26","3326295","1st Ave","Angelo's Wraps Shop","147 1st Ave.  ","New York","NY","10003","1","0",,"0",,"0",,"14.09","0.00","0.00","0.00","14.09","0",,"0",,"0","0","1","00:17:00.000","00:02:00.000","00:36:00.000","01:11:00.000","0","0","0","0","0","0","0"
"2026-02-23","10936384","Michelson Dr","Doughboys Sandwiches","3161 Michelson Dr  ","Irvine","CA","92612","1","0",,"0",,"0",,"16.79","0.00","0.00","0.00","16.79","0",,"1","1.000","0","0","1","00:06:00.000","00:04:00.000","00:15:00.000","00:34:00.000","0","0","0","0","0","0","0"
"2026-02-16","4511496","278 N. Brewster Rd","The Pasta Story","278 N Brewster Rd  ","Brewster","NY","10509","1","0",,"0",,"0",,"68.86","0.00","0.00","0.00","68.86","1","1.000","1","1.000","0","0","1","00:09:00.000","00:00:00.000","00:11:00.000","00:32:00.000","0","0","0","0","0","0","0"
"2026-02-16","3310978","1st Ave","Bagel Dynasty","1219 1st Ave.  ","New York","NY","10065","1","0",,"0",,"0",,"7.88","0.00","0.00","0.00","7.88","1","1.000","1","1.000","0","0","1","00:12:00.000","00:00:00.000","00:03:00.000","00:22:00.000","0","0","0","0","0","0","0"
"2026-02-09","8568728",,"Evan's Burger Empire","1175 2nd Ave  ","New York","NY","10065","2","0",,"0",,"0",,"58.93","0.00","0.00","0.00","58.93","0",,"2","1.000","0","0","2","00:19:00.000","00:00:00.000","00:06:30.000","00:30:30.000","0","0","0","0","0","0","0"
"2026-02-16","10362136","Polk St","Fried Chicken Savage","1428 Polk St  ","San Francisco","CA","94109","3","0",,"0",,"0",,"109.90","0.00","0.00","0.00","109.90","1","0.333","1","0.333","0","0","3","00:00:40.200","00:00:40.200","00:09:40.200","00:34:19.800","0","0","0","0","0","0","0"
"2026-02-02","3326032","30th St","NY Dessert Bar","34-02 30th St  ","Astoria","NY","11106","2","0",,"0",,"0",,"84.66","0.00","0.00","0.00","84.66","1","0.500","1","0.500","0","0","2","00:01:30.000","00:00:30.000","00:12:30.000","00:45:30.000","0","0","0","0","0","0","0"
"2026-02-09","4833080","4663 Trousdale Dr","Amore Pasta Ristorante","4663 Trousdale Dr  ","Nashville","TN","37204","1","0",,"0",,"0",,"15.49","0.00","0.00","0.00","15.49","1","1.000","1","1.000","0","0","1","00:14:00.000","00:12:00.000","00:38:00.000","01:36:00.000","0","0","0","0","0","0","0"
"2026-02-23","2900330",,"Cheesecake And Dessert Bar (Polk St)","1338 Polk St  ","San Francisco","CA","94109","1","0",,"0",,"0",,"48.94","0.00","0.00","0.00","48.94","0",,"0",,"0","0","1","00:08:00.000","00:08:00.000","00:09:00.000","00:44:00.000","1","1","0","0","0","0","0"
"2026-02-09","8568648",,"GrillGrub Sandwiches","1561 St Nicholas Ave  ","New York","NY","10040","1","0",,"0",,"0",,"28.97","0.00","0.00","0.00","28.97","1","1.000","0",,"0","0","1","00:02:00.000","00:00:00.000","00:03:00.000","00:11:00.000","0","0","0","0","0","0","0"
"2026-02-02","2730695",,"Charlie's Chicken Wings","1760 3rd Ave  ","New York","NY","10029","3","0",,"0",,"0",,"104.87","0.00","0.00","0.00","104.87","2","0.667","1","0.333","0","0","3","00:04:19.800","00:00:40.200","00:11:19.800","00:30:00.000","0","0","0","0","0","0","0"
"2026-02-23","6893968","Bears Ramen House - 2521 Durant Ave","Sung's Korean Kitchen","2521 Durant Ave  ","Berkeley","CA","94704","1","0",,"0",,"0",,"51.34","0.00","0.00","0.00","51.34","1","1.000","1","1.000","0","0","1","00:02:00.000","00:00:00.000","00:04:00.000","00:22:00.000","0","0","0","0","0","0","0"
"2026-02-23","5289640","3846 Mowry Ave","Halal Chicken Gyros Co.","3846 Mowry Ave  ","Fremont","CA","94538","1","0",,"0",,"0",,"16.79","0.00","0.00","0.00","16.79","1","1.000","1","1.000","0","0","1","00:00:00.000","00:00:00.000","00:07:00.000","00:17:00.000","0","0","0","0","0","0","0"
"2026-02-02","5321760","Yue Bai Wei - 5874 Forbes Ave","The Stir Fry Bar","5874 Forbes Ave  ","Pittsburgh","PA","15217","1","0",,"0",,"0",,"21.88","0.00","0.00","0.00","21.88","0",,"1","1.000","0","0","1","00:00:00.000","00:00:00.000","00:06:00.000","00:22:00.000","0","0","0","0","0","0","0"
"2026-02-02","8569944",,"Top Panini Shop","1175 2nd Ave  ","New York","NY","10065","5","0",,"0",,"0",,"99.94","0.00","0.00","0.00","99.94","2","0.400","5","1.000","0","0","5","00:03:37.800","00:00:52.800","00:08:07.800","00:27:45.000","0","0","0","0","0","0","0"
"2026-02-23","10938088","Chestnut St","Panini's On Panini's","1929 Chestnut St  ","Philadelphia","PA","19103","1","0",,"0",,"0",,"36.38","0.00","0.00","0.00","36.38","1","1.000","1","1.000","0","0","1","00:03:00.000","00:03:00.000","00:15:00.000","00:35:00.000","0","0","0","0","0","0","0"
"2026-02-02","10359528","Polk St","The Hot Dog Village","1428 Polk St  ","San Francisco","CA","94109","1","0",,"0",,"0",,"46.91","0.00","0.00","0.00","46.91","1","1.000","1","1.000","0","0","1","00:01:00.000","00:01:00.000","00:11:00.000","00:36:00.000","0","0","0","0","0","0","0"
"2026-02-02","4839144","319 Rogers Ave","The Gyro Bar","319 Rogers Ave  ","Brooklyn","NY","11225","13","0",,"0",,"0",,"257.16","0.00","0.00","0.00","257.16","6","0.462","9","0.692","0","0","13","00:02:46.800","00:02:25.800","00:10:47.400","00:34:22.800","2","2","0","0","0","0","0"
"2026-02-23","6891720","Wholesome Farms Market - 1306 Atlantic Ave","Green Leaf Salads","1306 Atlantic Ave  ","Brooklyn","NY","11216","5","0",,"0",,"0",,"99.99","0.00","0.00","0.00","99.99","2","0.400","3","0.600","0","0","5","00:16:15.000","00:12:45.000","00:23:52.800","01:04:45.000","0","0","0","0","0","0","0"
"2026-02-09","10932264","E 125th St","Original Burger Bar","135 E 125th St  ","New York","NY","10035","1","0",,"1","1.000","1","1.000","19.58","0.00","-19.58","-19.58","0.00","1","1.000","0",,"0","0","1",,,,,"0","0","0","0","0","0","0"
"2026-02-02","3310763","Queens Plaza S","Firenze Pasta Ristorante","25-02 Queens Plaza S  ","Queens","NY","11101","3","0",,"0",,"0",,"112.81","0.00","0.00","0.00","112.81","3","1.000","2","0.667","0","0","3","00:03:15.000","00:00:15.000","00:12:45.000","00:31:15.000","0","0","0","0","0","0","0"
"2026-02-09","9822552","168 Myrtle Ave","Stan's Burger Bar","168 Myrtle Ave  ","Brooklyn","NY","11201","1","0",,"0",,"0",,"23.78","0.00","0.00","0.00","23.78","1","1.000","0",,"0","0","1","00:18:00.000","00:18:00.000","00:12:00.000","00:55:00.000","0","0","0","0","0","0","0"
"2026-01-26","10938048","E 125th St","Jr's Philly Cheesesteaks","135 E 125th St  ","New York","NY","10035","1","0",,"0",,"0",,"26.58","0.00","0.00","0.00","26.58","0",,"1","1.000","0","0","1","00:07:00.000","00:00:00.000","00:32:00.000","00:40:00.000","0","0","0","0","0","0","0"
"2026-02-23","3310488","1st Avenue","Jewel's Breakfast Joint","937 1st Ave.  ","New York","NY","10022","1","0",,"0",,"0",,"17.17","0.00","0.00","0.00","17.17","0",,"1","1.000","0","0","1","00:11:00.000","00:00:00.000","00:07:00.000","00:26:00.000","0","0","0","0","0","0","0"
"2026-02-16","3310025","10th Ave","Indian Biryani Snob","716 10th Ave ","New York","NY","10019","1","0",,"0",,"0",,"24.98","0.00","0.00","0.00","24.98","0",,"1","1.000","0","0","1","00:09:00.000","00:07:00.000","00:13:00.000","00:40:00.000","0","0","0","0","0","0","0"
"2026-02-23","2365500",,"The Pancake Snob","257 Gold Street  ","Brooklyn","NY","11201","2","0",,"0",,"0",,"79.12","0.00","0.00","0.00","79.12","0",,"2","1.000","0","0","2","00:03:00.000","00:00:00.000","00:15:00.000","00:29:00.000","0","0","0","0","0","0","0"
"2026-01-26","10499904","1st Avenue","Lola's Smoothie Mix","937 1st Ave.  ","New York","NY","10022","1","0",,"0",,"0",,"27.94","0.00","0.00","0.00","27.94","0",,"0",,"0","0","1","00:03:00.000","00:00:00.000","00:03:00.000","00:20:00.000","0","0","0","0","0","0","0"
"2026-02-16","3310989","Madison Ave","The Omelette Farm","1404 Madison Ave  ","New York","NY","10029","4","0",,"0",,"0",,"118.84","0.00","0.00","0.00","118.84","2","0.500","2","0.500","0","0","4","00:07:30.000","00:01:00.000","00:15:19.800","00:35:30.000","1","1","0","0","0","0","0"
"2026-01-26","10929360","E 125th St","The Salad Prince","135 E 125th St  ","New York","NY","10035","1","0",,"0",,"0",,"37.77","0.00","0.00","0.00","37.77","0",,"1","1.000","0","0","1","00:16:00.000","00:10:00.000","00:05:00.000","00:41:00.000","0","0","0","0","0","0","0"
"2026-02-09","6894736","Medina Halal Gril - 114 East Main Street","Ali's Mediterranean Sandwiches","114 E Main St  ","Richardson","TX","75081","4","0",,"0",,"0",,"65.64","0.00","0.00","0.00","65.64","2","0.500","3","0.750","0","0","4","00:01:20.400","00:00:40.200","00:20:20.400","00:45:40.200","0","0","0","0","0","0","0"
"2026-02-09","3310779","George St","Pita Sandwiches Bite","228 George St  ","New Brunswick","NJ","08901","1","0",,"0",,"0",,"23.18","0.00","0.00","0.00","23.18","0",,"1","1.000","0","0","1","00:01:00.000","00:01:00.000","00:08:00.000","00:52:00.000","0","0","0","0","0","0","0"
"2026-02-02","3310775","Hoover Rd","Greek Gyro Spot","28501 Hoover Rd  ","Warren","MI","48093","1","0",,"0",,"0",,"19.27","0.00","0.00","0.00","19.27","1","1.000","1","1.000","0","0","1","00:02:00.000","00:00:00.000","00:16:00.000","00:32:00.000","0","0","0","0","0","0","0"
"2026-02-09","3310395","9th Ave","Mufasa's Pancakes & French Toast","755 9th Ave  ","New York","NY","10019","2","0",,"0",,"0",,"33.87","0.00","0.00","0.00","33.87","1","0.500","1","0.500","0","0","2","00:09:00.000","00:00:00.000","00:16:30.000","00:32:30.000","0","0","0","0","0","0","0"
"2026-02-09","9845040","265 Bedford Ave","Bart's Breakfast Sandwiches","265 Bedford Ave  ","Brooklyn","NY","11211","2","0",,"0",,"0",,"53.15","0.00","0.00","0.00","53.15","2","1.000","2","1.000","0","0","2","00:03:00.000","00:03:00.000","00:07:00.000","00:37:00.000","0","0","0","0","0","0","0"
"2026-02-16","9815152","Mission","Leon's Legendary Pizza","3349 Mission St  ","San Francisco","CA","94110","3","0",,"0",,"0",,"162.51","0.00","0.00","0.00","162.51","1","0.333","2","0.667","0","0","3","00:02:00.000","00:01:30.000","00:09:30.000","00:37:30.000","0","0","0","0","0","0","0"
"2026-02-16","10498104","George St","Village Quesadilla","228 George St  ","New Brunswick","NJ","08901","5","0",,"0",,"0",,"120.39","0.00","0.00","0.00","120.39","3","0.600","4","0.800","0","0","5","00:03:49.800","00:03:10.200","00:15:00.000","00:39:19.800","0","0","0","0","0","0","0"
"2026-01-26","10334552","N Arizona Ave","Little Italy's Calzones","1368 N Arizona Ave  ","Chandler","AZ","85225","1","0",,"0",,"0",,"20.68","0.00","0.00","0.00","20.68","1","1.000","1","1.000","0","0","1","00:08:00.000","00:01:00.000","00:13:00.000","00:29:00.000","0","0","0","0","0","0","0"
"2026-02-02","9820976","4955 Voltaire St","The Smoothie Savage","4955 Voltaire St  ","San Diego","CA","92107","1","0",,"0",,"0",,"18.87","0.00","0.00","0.00","18.87","0",,"1","1.000","0","0","1","00:08:00.000","00:08:00.000","00:05:00.000","00:30:00.000","0","0","0","0","0","0","0"
"2026-02-23","6893712","Sunrise Market Place - 612 11th Ave","Danny's Burger Den","612 11th Ave  ","New York","NY","10036","1","0",,"0",,"0",,"45.96","0.00","0.00","0.00","45.96","1","1.000","1","1.000","0","0","1","00:01:00.000","00:00:00.000","00:12:00.000","00:45:00.000","0","0","0","0","0","0","0"
"2026-02-23","7753808","Oakwood Bagels - 101 Guyon Ave","Doughboys Sandwiches","101 Guyon Ave  ","Staten Island","NY","10306","2","1","0.500","0",,"0",,"43.53","-2.49","0.00","0.00","41.04","0",,"1","0.500","0","0","2","00:05:30.000","00:05:30.000","00:18:30.000","00:53:30.000","0","0","0","0","0","0","0"
"2026-02-16","3344172","916 Hempstead Turnpike","Casa De Quesadilla","916 Hempstead Turnpike  ","Franklin Square","NY","11010","1","1","1.000","0",,"0",,"39.18","-16.79","0.00","0.00","22.39","0",,"1","1.000","0","0","1","00:17:00.000","00:02:00.000","00:21:00.000","00:43:00.000","0","0","0","0","0","0","0"
"2026-02-23","10359464","1st Ave","The Pasta Brothers","589 1st Ave.  ","New York","NY","10016","1","0",,"0",,"0",,"31.98","0.00","0.00","0.00","31.98","0",,"1","1.000","0","0","1","00:04:00.000","00:00:00.000","00:08:00.000","00:20:00.000","0","0","0","0","0","0","0"
"2026-02-16","6891040","Caffe Venice - 596 3rd Ave","Bill's Sandwich Shack","596 3rd Ave  ","New York","NY","10016","1","0",,"0",,"0",,"16.88","0.00","0.00","0.00","16.88","1","1.000","1","1.000","0","0","1","00:00:00.000","00:00:00.000","00:17:00.000","00:28:00.000","0","0","0","0","0","0","0"
"2026-02-09","11803352","St Marks Pl","Christina's Vegan Cafe","58 St Marks Pl  ","New York","NY","10003","1","0",,"0",,"0",,"67.96","0.00","0.00","0.00","67.96","1","1.000","1","1.000","0","0","1","00:02:00.000","00:00:00.000","00:11:00.000","00:27:00.000","0","0","0","0","0","0","0"
"2026-02-16","7101064","Pizza Zone","Amore Pasta Ristorante","3618 N Pennsylvania Ave  ","Oklahoma City","OK","73112","1","0",,"0",,"0",,"16.48","0.00","0.00","0.00","16.48","0",,"1","1.000","0","0","1","00:01:00.000","00:01:00.000","00:11:00.000","00:47:00.000","0","0","0","0","0","0","0"
"2026-02-09","2560632",,"Halal Chicken Spot","1338 Polk St  ","San Francisco","CA","94109","2","0",,"0",,"0",,"48.96","0.00","0.00","0.00","48.96","1","0.500","2","1.000","0","0","2","00:03:30.000","00:03:30.000","00:13:00.000","00:40:00.000","1","0","1","0","0","0","1"
"2026-02-23","2900428",,"The Sandwich Vibe (1st Avenue)","1741 1st Avenue  ","New York","NY","10128","1","0",,"0",,"0",,"18.68","0.00","0.00","0.00","18.68","0",,"1","1.000","0","0","1","00:02:00.000","00:00:00.000","00:07:00.000","00:21:00.000","0","0","0","0","0","0","0"
"2026-02-09","3310408","E Arapaho Rd #F","The Chinese Joint","1401 E Arapaho Rd  ","Richardson","TX","75081","1","0",,"0",,"0",,"38.98","0.00","0.00","0.00","38.98","0",,"1","1.000","0","0","1","00:01:00.000","00:00:00.000","00:11:00.000","00:16:00.000","1","0","1","0","0","0","0"
"2026-02-16","10938088","Chestnut St","Panini's On Panini's","1929 Chestnut St  ","Philadelphia","PA","19103","1","1","1.000","0",,"0",,"39.96","-21.77","0.00","0.00","18.19","1","1.000","1","1.000","0","0","1","00:10:00.000","00:00:00.000","00:26:00.000","00:49:00.000","0","0","0","0","0","0","0"
"2026-02-09","2710285",,"The Salad God (4th Ave)","59 4th Ave  ","New York","NY","10003","1","0",,"0",,"0",,"13.48","0.00","0.00","0.00","13.48","1","1.000","1","1.000","0","0","1","00:11:00.000","00:05:00.000","00:12:00.000","00:33:00.000","0","0","0","0","0","0","0"
"2026-02-02","1938468",,"Stella's Pancake Bar","937 1st Avenue ","New York","NY","10022","34","0",,"0",,"0",,"716.19","0.00","0.00","0.00","716.19","16","0.471","24","0.706","0","0","34","00:03:48.000","00:01:59.400","00:10:10.200","00:26:54.600","0","0","0","0","0","0","0"
"2026-02-02","3325823","30th St","Bagel Dynasty","34-02 30th St  ","Astoria","NY","11106","1","0",,"0",,"0",,"13.06","0.00","0.00","0.00","13.06","0",,"1","1.000","0","0","1","00:01:00.000","00:00:00.000","00:08:00.000","00:21:00.000","0","0","0","0","0","0","0"
"2026-02-09","1940022",,"Jose's Burrito Bar","589 1st Avenue ","New York","NY","10016","3","0",,"0",,"0",,"64.92","0.00","0.00","0.00","64.92","1","0.333","1","0.333","0","0","3","00:13:45.000","00:11:00.000","00:28:45.000","00:55:15.000","1","1","0","0","0","0","0"
"2026-01-26","3310840","Lee Hwy","Chief's Cheesesteaks","3907 Lee Hwy  ","Arlington","VA","22207","1","0",,"0",,"0",,"29.46","0.00","0.00","0.00","29.46","0",,"1","1.000","0","0","1","00:00:00.000","00:00:00.000","00:17:00.000","00:42:00.000","0","0","0","0","0","0","0"
"2026-02-02","2848521",,"The Panini Project (Bedford Ave)","265 Bedford Ave  ","Brooklyn","NY","11211","1","0",,"0",,"0",,"14.79","0.00","0.00","0.00","14.79","1","1.000","1","1.000","0","0","1","00:12:00.000","00:00:00.000","00:24:00.000","00:44:00.000","0","0","0","0","0","0","0"
"2026-02-09","3325905","W 34th st","Marty's Wraps Shack","433 W 34th St  ","New York","NY","10001","2","0",,"0",,"0",,"39.98","0.00","0.00","0.00","39.98","1","0.500","0",,"0","0","2","00:06:00.000","00:01:00.000","00:02:30.000","00:18:00.000","0","0","0","0","0","0","0"
"2026-02-02","1937273",,"Snobby Chicken Wings","937 1st Avenue ","New York","NY","10022","1","0",,"0",,"0",,"23.06","0.00","0.00","0.00","23.06","1","1.000","1","1.000","0","0","1",,,,,"0","0","0","0","0","0","0"
"2026-02-23","8563016",,"Hella Good Chicken Wings","43 W Flagler St  ","Miami","FL","33130","1","0",,"0",,"0",,"20.07","0.00","0.00","0.00","20.07","1","1.000","1","1.000","0","0","1","00:02:00.000","00:02:00.000","00:06:00.000","01:05:00.000","1","0","0","0","0","1","1"
"2026-02-02","2643384",,"The Burger Blade","755 9th Ave  #1A","New York","NY","10019","1","0",,"0",,"0",,"18.88","0.00","0.00","0.00","18.88","1","1.000","1","1.000","0","0","1","00:02:00.000","00:00:00.000","00:03:00.000","00:14:00.000","1","1","0","0","0","0","0"
"2026-02-09","10938064","8th Ave","Luigi's Pasta Ristorante","300 8th Ave  ","New York","NY","10001","2","0",,"0",,"0",,"69.26","0.00","0.00","0.00","69.26","1","0.500","2","1.000","0","0","2","00:04:00.000","00:01:30.000","00:11:00.000","00:25:00.000","0","0","0","0","0","0","0"
"2026-02-16","3310349","3rd Ave","Frank's French Toast","1760 3rd Ave  ","New York","NY","10029","1","0",,"0",,"0",,"24.93","0.00","0.00","0.00","24.93","0",,"1","1.000","0","0","1","00:02:00.000","00:01:00.000","00:02:00.000","00:24:00.000","1","1","0","0","0","0","0"
"2026-02-16","10498112","101st Ave","Top Notch Sandwiches","131-03 101st Ave  ","South Richmond","NY","11419","1","0",,"0",,"0",,"41.95","0.00","0.00","0.00","41.95","0",,"1","1.000","0","0","1","00:02:00.000","00:02:00.000","00:13:00.000","01:02:00.000","1","1","0","0","0","0","0"
"2026-02-16","9819472","1368 N Arizona Ave","Fallen Angel Wings","1368 N Arizona Ave  ","Chandler","AZ","85225","1","0",,"0",,"0",,"27.27","0.00","0.00","0.00","27.27","0",,"0",,"0","0","1","00:08:00.000","00:01:00.000","00:06:00.000","00:22:00.000","0","0","0","0","0","0","0"
"2026-02-02","3309683","Hillside Ave","Bird's Burger Bar","164-01 Hillside Avenue  ","Jamaica","NY","11432","1","1","1.000","0",,"0",,"48.93","-7.18","0.00","0.00","41.75","1","1.000","0",,"0","0","1","00:09:00.000","00:02:00.000","00:08:00.000","00:30:00.000","0","0","0","0","0","0","0"
"2026-02-09","6156616","10763 Bustleton Ave","Xiu's Vegetarian Chinese","10763 Bustleton Ave  ","Philadelphia","PA","19116","1","0",,"1","1.000","1","1.000","18.68","0.00","-18.68","-18.68","0.00","1","1.000","1","1.000","0","0","1",,,,,"0","0","0","0","0","0","0"
"2026-02-02","6157024","278 N Brewster Rd","Nico's Italian Ristorante","278 N Brewster Rd  ","Brewster","NY","10509","1","0",,"0",,"0",,"14.08","0.00","0.00","0.00","14.08","0",,"1","1.000","0","0","1","00:01:00.000","00:01:00.000","00:39:00.000","01:18:00.000","0","0","0","0","0","0","0"
"2026-01-26","5851848","Broadway","The Acai Dream","689 Broadway  ","New York","NY","10012","1","0",,"0",,"0",,"20.99","0.00","0.00","0.00","20.99","1","1.000","1","1.000","0","0","1","00:09:00.000","00:00:00.000","00:08:00.000","00:27:00.000","0","0","0","0","0","0","0"
"2026-02-23","3310664","N Broadway","Two Hand Burger","854 N Broadway  ","White Plains","NY","10603","1","0",,"0",,"0",,"20.98","0.00","0.00","0.00","20.98","0",,"1","1.000","0","0","1","00:00:00.000","00:00:00.000","00:31:00.000",,"0","0","0","0","0","0","0"
"2026-02-02","4515752","769 9th Ave #1","Wonda's Wrap Cafe","769 9th Ave  ","New York","NY","10019","1","0",,"0",,"0",,"17.07","0.00","0.00","0.00","17.07","1","1.000","1","1.000","0","0","1","00:06:00.000","00:00:00.000","00:15:00.000","00:34:00.000","0","0","0","0","0","0","0"
"2026-02-16","6893968","Bears Ramen House - 2521 Durant Ave","Sung's Korean Kitchen","2521 Durant Ave  ","Berkeley","CA","94704","2","0",,"0",,"0",,"47.16","0.00","0.00","0.00","47.16","1","0.500","2","1.000","0","0","2","00:04:30.000","00:03:30.000","00:04:00.000","00:41:30.000","0","0","0","0","0","0","0"
"2026-02-09","11002248","Morris Park Avenue","Bart's Breakfast Sandwiches","682 Morris Park Ave  ","Bronx","NY","10462","2","0",,"0",,"0",,"51.02","0.00","0.00","0.00","51.02","2","1.000","2","1.000","0","0","2","00:04:30.000","00:00:00.000","00:05:30.000","00:17:30.000","0","0","0","0","0","0","0"
"2026-02-09","2741201",,"Healthy Salad Bar","1760 3rd Ave  ","New York","NY","10029","2","0",,"0",,"0",,"27.97","0.00","0.00","0.00","27.97","1","0.500","1","0.500","0","0","2","00:12:00.000","00:03:30.000","00:11:30.000","00:32:30.000","1","1","0","0","0","0","0"
"2026-02-23","3309831","3rd St","Addictive Fried Chicken","5155 3rd St  ","San Francisco","CA","94124","1","0",,"0",,"0",,"26.65","0.00","0.00","0.00","26.65","0",,"1","1.000","0","0","1","00:03:00.000","00:02:00.000","00:17:00.000","00:39:00.000","0","0","0","0","0","0","0"
"2026-02-09","9819584","28501 Hoover Rd","The Farmers Salad","28501 Hoover Rd  ","Warren","MI","48093","1","0",,"0",,"0",,"12.99","0.00","0.00","0.00","12.99","0",,"1","1.000","0","0","1","00:01:00.000","00:01:00.000","00:16:00.000","00:51:00.000","0","0","0","0","0","0","0"
"2026-02-16","2730695",,"Charlie's Chicken Wings","1760 3rd Ave  ","New York","NY","10029","2","0",,"0",,"0",,"70.59","0.00","0.00","0.00","70.59","2","1.000","2","1.000","0","0","2","00:04:00.000","00:00:30.000","00:09:00.000","00:23:00.000","1","0","1","0","0","0","0"
"2026-02-23","3311226","Michelson Dr","The Minister Wraps","3161 Michelson Dr  ","Irvine","CA","92612","1","0",,"0",,"0",,"16.08","0.00","0.00","0.00","16.08","1","1.000","1","1.000","0","0","1","00:06:00.000","00:00:00.000","00:35:00.000","00:45:00.000","0","0","0","0","0","0","0"
"2026-02-16","3309652","7th Ave","Panini's On Panini's","154 7th Ave  ","New York","NY","10011","1","1","1.000","0",,"0",,"11.29","-11.29","0.00","0.00","0.00","1","1.000","0",,"0","0","1","00:01:00.000","00:00:00.000","00:03:00.000","00:11:00.000","0","0","0","0","0","0","0"
"2026-02-16","3311345","Ave #35st","Nomad's Bagels","450 9th Ave  ","New York","NY","10018","2","0",,"0",,"0",,"52.47","0.00","0.00","0.00","52.47","1","0.500","0",,"0","0","2","00:03:00.000","00:00:00.000","00:13:00.000","00:25:30.000","0","0","0","0","0","0","0"
"2026-02-02","9815064","2026 Agnew Rd","The Indian Spice Kitchen","2026 Agnew Rd  ","Santa Clara","CA","95054","1","0",,"0",,"0",,"16.79","0.00","0.00","0.00","16.79","1","1.000","1","1.000","0","0","1","00:01:00.000","00:00:00.000","00:24:00.000","00:37:00.000","0","0","0","0","0","0","0"
"2026-02-02","10357744","1st Ave","Big Ease Smoothies","1219 1st Ave.  ","New York","NY","10065","2","0",,"0",,"0",,"44.68","0.00","0.00","0.00","44.68","1","0.500","2","1.000","0","0","2","00:05:30.000","00:00:00.000","00:10:30.000","00:20:00.000","0","0","0","0","0","0","0"
"2026-02-09","3312267","Lexington Ave","Casa De Quesadilla","1424 Lexington Ave  ","New York","NY","10128","10","0",,"0",,"0",,"202.88","0.00","0.00","0.00","202.88","5","0.500","7","0.700","0","0","10","00:07:47.400","00:01:58.800","00:13:58.800","00:34:31.199","1","1","0","0","0","0","0"
"2026-02-02","3343893","2755 Broadway","Panini's On Panini's","2755 Broadway  ","New York","NY","10025","2","0",,"0",,"0",,"48.66","0.00","0.00","0.00","48.66","2","1.000","2","1.000","0","0","2","00:09:30.000","00:00:30.000","00:06:30.000","00:26:30.000","0","0","0","0","0","0","0"
"2026-02-09","3310203","9th Ave","The Juice Empire","755 9th Ave  ","New York","NY","10019","4","0",,"0",,"0",,"70.11","0.00","0.00","0.00","70.11","3","0.750","3","0.750","0","0","4","00:03:50.400","00:01:00.000","00:11:00.000","00:23:15.000","0","0","0","0","0","0","0"
"2026-02-09","2563085",,"OG Chicken and Waffles","820 Pennsylvania Ave  ","Pittsburgh","PA","15233","1","0",,"0",,"0",,"30.96","0.00","0.00","0.00","30.96","1","1.000","0",,"0","0","1","00:02:00.000","00:02:00.000","00:06:00.000","00:21:00.000","0","0","0","0","0","0","0"
"2026-02-16","3006904",,"The Pasta Co.","2909A Queens Plaza North  ","Long Island City","NY","11101","2","0",,"0",,"0",,"38.25","0.00","0.00","0.00","38.25","1","0.500","1","0.500","0","0","2","00:13:00.000","00:12:00.000","00:08:00.000","01:09:30.000","0","0","0","0","0","0","0"
"2026-02-23","3311360","Queens Plaza S","Sal's Smoothie Spot","25-02 Queens Plaza S  ","Queens","NY","11101","1","0",,"0",,"0",,"16.28","0.00","0.00","0.00","16.28","0",,"1","1.000","0","0","1","00:04:00.000","00:00:00.000","00:08:00.000","00:20:00.000","0","0","0","0","0","0","0"
"2026-02-02","10375512","W 34th","Wonka's Smoothie Bar","433 W 34th St.  ","New York","NY","10001","1","0",,"0",,"0",,"20.66","0.00","0.00","0.00","20.66","1","1.000","1","1.000","0","0","1","00:02:00.000","00:02:00.000","00:02:00.000",,"0","0","0","0","0","0","0"
"2026-02-02","7101000","Fresca Pizza & Pasta 560 E 149th St-","C's Greens Salad","560 E 149th St  ","Bronx","NY","10455","3","0",,"0",,"0",,"77.60","0.00","0.00","0.00","77.60","3","1.000","2","0.667","0","0","3","00:05:00.000","00:00:00.000","00:24:30.000","00:38:45.000","0","0","0","0","0","0","0"
"2026-02-09","6895800","Cazuela Comida Mexicana - 3771 Mission St","The Mexican Cocina","3771 Mission St  ","San Francisco","CA","94110","1","0",,"1","1.000","1","1.000","19.99","0.00","-19.99","-19.99","0.00","0",,"1","1.000","0","0","1",,,,,"0","0","0","0","0","0","0"
"2026-02-16","1940022",,"Jose's Burrito Bar","589 1st Avenue ","New York","NY","10016","6","0",,"0",,"0",,"137.84","0.00","0.00","0.00","137.84","2","0.333","4","0.667","0","0","6","00:03:07.800","00:00:30.000","00:08:30.000","00:25:37.800","0","0","0","0","0","0","0"
"2026-02-02","10999320","Sullivan St","Exquisite Bowls","240 Sullivan St  ","New York","NY","10012","1","0",,"0",,"0",,"40.56","0.00","0.00","0.00","40.56","1","1.000","1","1.000","0","0","1","00:22:00.000","00:09:00.000","00:00:00.000","00:24:00.000","0","0","0","0","0","0","0"
"2026-02-16","2560752",,"The Pasta Twins","1147 West Chester Pike  ","West Chester","PA","19382","1","0",,"0",,"0",,"19.08","0.00","0.00","0.00","19.08","0",,"1","1.000","0","0","1","00:00:00.000","00:00:00.000","00:22:00.000","00:57:00.000","0","0","0","0","0","0","0"
"2026-02-09","4836096","197 Havemeyer St.","Twin Peaks Burger","197 Havemeyer St  ","Brooklyn","NY","11211","6","0",,"0",,"0",,"157.10","0.00","0.00","0.00","157.10","0",,"5","0.833","0","0","6","00:08:00.000","00:04:24.000","00:08:30.000","00:26:24.000","1","1","0","0","0","0","0"
"2026-02-16","10078528","8th Ave","Fresh N Fruity Smoothies","382 8th Ave  ","New York","NY","10001","3","0",,"0",,"0",,"61.52","0.00","0.00","0.00","61.52","2","0.667","1","0.333","0","0","3","00:06:00.000","00:02:00.000","00:20:19.800","00:35:40.200","0","0","0","0","0","0","0"
"2026-02-02","7749200","APPLETREE MARKET - 1225 Amsterdam Ave","Mighty Grilled Cheese","1225 Amsterdam Ave  ","New York","NY","10027","3","0",,"0",,"0",,"59.45","0.00","0.00","0.00","59.45","2","0.667","2","0.667","0","0","3","00:08:19.800","00:04:40.200","00:12:19.800","00:31:19.800","1","1","0","0","0","0","0"
"2026-02-09","10359536","Polk St","Sicily's Calzone House","1338 Polk St  ","San Francisco","CA","94109","1","0",,"0",,"0",,"50.43","0.00","0.00","0.00","50.43","1","1.000","0",,"0","0","1","00:07:00.000","00:00:00.000","00:17:00.000","00:31:00.000","0","0","0","0","0","0","0"
"2026-01-26","9837376","265 Bedford Ave","Mary's Chicken Sandwiches","265 Bedford Ave  ","Brooklyn","NY","11211","1","0",,"0",,"0",,"14.69","0.00","0.00","0.00","14.69","1","1.000","1","1.000","0","0","1","00:07:00.000","00:00:00.000","00:04:00.000","00:22:00.000","0","0","0","0","0","0","0"
"2026-02-09","2423690",,"Charlie's Chicken Wings"," 329 Union St ","Nashville","TN","37203","1","0",,"1","1.000","1","1.000","21.98","0.00","-21.98","-21.98","0.00","1","1.000","0",,"0","0","1",,,,,"0","0","0","0","0","0","0"
"2026-02-16","3309991","4th Ave","Philadelphia Cheesy Cheesesteak","59 4th Ave  ","New York","NY","10003","1","0",,"0",,"0",,"20.99","0.00","0.00","0.00","20.99","0",,"1","1.000","0","0","1","00:03:00.000","00:03:00.000","00:07:00.000","00:33:00.000","0","0","0","0","0","0","0"
"2026-02-09","6156384","3955 Bronxwood Ave","Mason's Burger Bar","3955 Bronxwood Ave  ","Bronx","NY","10466","1","0",,"0",,"0",,"17.99","0.00","0.00","0.00","17.99","1","1.000","1","1.000","0","0","1","00:02:00.000","00:00:00.000","00:08:00.000","00:26:00.000","0","0","0","0","0","0","0"
"2026-02-16","3311173","Madison Ave","Fiona's Breakfast Burritos","1404 Madison Ave  ","New York","NY","10029","1","0",,"0",,"0",,"8.18","0.00","0.00","0.00","8.18","0",,"0",,"0","0","1","00:08:00.000","00:00:00.000","00:08:00.000","00:24:00.000","0","0","0","0","0","0","0"
"2026-02-23","10498104","George St","Village Quesadilla","228 George St  ","New Brunswick","NJ","08901","2","0",,"0",,"0",,"51.44","0.00","0.00","0.00","51.44","0",,"2","1.000","0","0","2","00:01:00.000","00:01:00.000","00:17:00.000","00:53:30.000","0","0","0","0","0","0","0"
"2026-02-23","3310395","9th Ave","Mufasa's Pancakes & French Toast","755 9th Ave  ","New York","NY","10019","4","0",,"0",,"0",,"108.45","0.00","0.00","0.00","108.45","3","0.750","3","0.750","0","0","4","00:06:45.000","00:00:30.000","00:08:15.000","00:26:00.000","1","1","0","0","0","0","1"
"2026-02-23","9815040","1424 Lexington Ave","House of Paninis","1424 Lexington Ave  ","New York","NY","10128","2","0",,"0",,"0",,"76.92","0.00","0.00","0.00","76.92","1","0.500","1","0.500","0","0","2","00:09:30.000","00:06:00.000","00:03:00.000","00:28:30.000","0","0","0","0","0","0","0"
"2026-02-09","2460412",,"Breakfast Burrito Snob","488 Post St ","San Francisco","CA","94102","1","0",,"0",,"0",,"13.99","0.00","0.00","0.00","13.99","0",,"1","1.000","0","0","1","00:04:00.000","00:00:00.000","00:06:00.000","00:21:00.000","1","1","0","0","0","0","0"
"2026-02-09","10494984","George St","Hot Sandwich Bar","228 George St  ","New Brunswick","NJ","08901","1","0",,"0",,"0",,"61.63","0.00","0.00","0.00","61.63","1","1.000","0",,"0","0","1","00:00:00.000","00:00:00.000","00:20:00.000","00:56:00.000","0","0","0","0","0","0","0"
"2026-02-23","9820976","4955 Voltaire St","The Smoothie Savage","4955 Voltaire St  ","San Diego","CA","92107","1","0",,"0",,"0",,"14.38","0.00","0.00","0.00","14.38","1","1.000","1","1.000","0","0","1","00:05:00.000","00:05:00.000","00:26:00.000","00:50:00.000","0","0","0","0","0","0","0"
"2026-02-02","2741495",,"Sarah's Breakfast Bar","1760 3rd Ave  ","New York","NY","10029","1","0",,"0",,"0",,"53.94","0.00","0.00","0.00","53.94","1","1.000","0",,"0","0","1","00:04:00.000","00:04:00.000","00:18:00.000","00:50:00.000","0","0","0","0","0","0","0"
"2026-02-23","1939835",,"Heavens Chicken Wings","589 1st Avenue ","New York","NY","10016","1","0",,"0",,"0",,"19.98","0.00","0.00","0.00","19.98","0",,"0",,"0","0","1","00:04:00.000","00:01:00.000","00:39:00.000","00:50:00.000","0","0","0","0","0","0","0"
"2026-02-23","3309880","Sullivan St","Sunrise Breakfast Club","240 Sullivan St  ","New York","NY","10012","1","0",,"0",,"0",,"24.36","0.00","0.00","0.00","24.36","1","1.000","1","1.000","0","0","1","00:01:00.000","00:00:00.000","00:15:00.000","00:26:00.000","0","0","0","0","0","0","0"
"2026-02-09","3300974","W. 14th street","Lola's Smoothie Mix","244 W 14th St  ","New York","NY","10011","1","0",,"0",,"0",,"21.07","0.00","0.00","0.00","21.07","1","1.000","1","1.000","0","0","1","00:01:00.000","00:01:00.000","00:17:00.000","00:43:00.000","0","0","0","0","0","0","0"
"2026-02-23","11795696","Washington Ave","Bird's Burger Bar","4249 Washington St  ","Boston","MA","02131","1","0",,"0",,"0",,"38.58","0.00","0.00","0.00","38.58","1","1.000","0",,"0","0","1","00:03:00.000","00:00:00.000","00:29:00.000","00:44:00.000","0","0","0","0","0","0","0"
"2026-02-02","2285322",,"The Pasta Slut","1338 Polk St  ","San Francisco","CA","94109","9","0",,"0",,"0",,"314.81","0.00","0.00","0.00","314.81","4","0.444","4","0.444","0","0","9","00:02:19.800","00:00:16.800","00:10:40.200","00:30:30.000","1","1","0","0","0","0","0"
"2026-02-02","5044032","33757 Woodward Ave","Sizzlin' Hibachi","33757 Woodward Ave  ","Birmingham","MI","48009","1","0",,"0",,"0",,"55.96","0.00","0.00","0.00","55.96","1","1.000","1","1.000","0","0","1","00:01:00.000","00:00:00.000","00:11:00.000","00:26:00.000","0","0","0","0","0","0","0"
"2026-02-02","2535778",,"The Pasta Story","1424 Lexington Ave ","New York","NY","10128","21","3","0.143","1","0.048","1","0.048","507.59","-31.08","-31.25","-31.25","445.26","6","0.286","13","0.619","0","0","21","00:18:07.800","00:13:37.200","00:14:03.600","00:42:39.600","2","1","0","0","1","0","0"
"2026-02-09","3310403","W Indian School Rd","Nakamura Ramen House","400 W Indian School Rd  ","Phoenix","AZ","85013","3","0",,"0",,"0",,"51.04","0.00","0.00","0.00","51.04","1","0.333","2","0.667","0","0","3","00:00:40.200","00:00:00.000","00:13:19.800","00:28:00.000","0","0","0","0","0","0","0"
"2026-02-16","3310144","Lee Hwy","Martha's Breakfast Sandwiches","3907 Lee Hwy  ","Arlington","VA","22207","1","0",,"0",,"0",,"12.27","0.00","0.00","0.00","12.27","0",,"1","1.000","0","0","1","00:00:00.000","00:00:00.000","00:19:00.000","00:50:00.000","0","0","0","0","0","0","0"
"2026-01-26","9813432","6732 Crenshaw Blvd","Olivia's Breakfast Cafe","6732 Crenshaw Blvd  ","Los Angeles","CA","90043","1","0",,"0",,"0",,"15.39","0.00","0.00","0.00","15.39","0",,"1","1.000","0","0","1","00:10:00.000","00:10:00.000","00:15:00.000","01:05:00.000","0","0","0","0","0","0","0"
"2026-02-09","5318408","Golden Restaurant and Bakery-1849 N Scottsdale Rd","Livia's Mediterranean Table","1849 N Scottsdale Rd  ","Tempe","AZ","85288","3","0",,"0",,"0",,"58.11","0.00","0.00","0.00","58.11","1","0.333","2","0.667","0","0","3","00:03:40.200","00:02:40.200","00:25:00.000","00:48:40.200","1","1","0","0","0","0","0"
"2026-02-02","11003712","Post Road","Luigi's Pasta Ristorante","751 Post Rd  ","Scarsdale","NY","10583","3","0",,"0",,"0",,"64.33","0.00","0.00","0.00","64.33","0",,"3","1.000","0","0","3","00:08:00.000","00:08:00.000","00:26:00.000","01:07:19.800","0","0","0","0","0","0","0"
"2026-02-02","10372072","E Speedway","Breakfast Burrito Joint","4352 E Speedway Blvd  ","Tucson","AZ","85712","4","0",,"0",,"0",,"68.30","0.00","0.00","0.00","68.30","0",,"3","0.750","0","0","4","00:03:19.800","00:00:10.200","00:15:49.800","00:31:19.800","0","0","0","0","0","0","0"
"2026-02-23","5852272","Hillside Ave","NY Burrito Bar","26801 Hillside Avenue  ","Glen Oaks","NY","11004","1","0",,"0",,"0",,"19.78","0.00","0.00","0.00","19.78","1","1.000","1","1.000","0","0","1","00:00:00.000","00:00:00.000","00:07:00.000","00:49:00.000","0","0","0","0","0","0","0"
"2026-02-16","2964464",,"Day N Night Pancakes","240 Sullivan St  ","New York","NY","10012","2","0",,"0",,"0",,"49.98","0.00","0.00","0.00","49.98","1","0.500","2","1.000","0","0","2","00:10:00.000","00:02:00.000","00:05:30.000","00:34:30.000","0","0","0","0","0","0","0"
"2026-01-26","11003712","Post Road","Luigi's Pasta Ristorante","751 Post Rd  ","Scarsdale","NY","10583","1","0",,"1","1.000","1","1.000","22.37","0.00","-22.37","-22.37","0.00","0",,"1","1.000","0","0","1",,,,,"0","0","0","0","0","0","0"
"2026-02-02","3310812","Hillside Ave","Top Panini Shop","164-01 Hillside Avenue  ","Jamaica","NY","11432","2","0",,"0",,"0",,"54.85","0.00","0.00","0.00","54.85","2","1.000","1","0.500","0","0","2","00:05:30.000","00:03:30.000","00:18:30.000","00:40:00.000","0","0","0","0","0","0","0"
"2026-02-02","3326295","1st Ave","Angelo's Wraps Shop","147 1st Ave.  ","New York","NY","10003","3","0",,"0",,"0",,"84.63","0.00","0.00","0.00","84.63","1","0.333","2","0.667","0","0","3","00:01:45.000","00:00:00.000","00:06:30.000","00:26:30.000","0","0","0","0","0","0","0"
"2026-02-02","2567535",,"The Acai Station","1424 Lexington Ave  ","New York","NY","10128","2","0",,"0",,"0",,"61.97","0.00","0.00","0.00","61.97","1","0.500","1","0.500","0","0","2","00:11:00.000","00:07:00.000","00:06:00.000","00:22:30.000","0","0","0","0","0","0","0"
"2026-02-02","3310119","E Arapaho Rd #F","Sizzlin' Hibachi","1401 E Arapaho Rd  ","Richardson","TX","75081","1","0",,"0",,"0",,"22.67","0.00","0.00","0.00","22.67","0",,"1","1.000","0","0","1","00:01:00.000","00:01:00.000","00:14:00.000",,"0","0","0","0","0","0","0"
"2026-02-09","9820960","370 Main St","FirstBite Breakfast Sandwiches","370 Main St  ","East Orange","NJ","07018","2","0",,"0",,"0",,"74.08","0.00","0.00","0.00","74.08","1","0.500","2","1.000","0","0","2","00:01:30.000","00:01:30.000","00:13:00.000","00:39:00.000","0","0","0","0","0","0","0"
"2026-02-02","2794832",,"Two Hand Burger","25-02 Queens Plaza S  ","Long Island City","NY","11101","1","0",,"0",,"0",,"28.66","0.00","0.00","0.00","28.66","1","1.000","1","1.000","0","0","1","00:10:00.000","00:00:00.000","00:12:00.000","00:30:00.000","0","0","0","0","0","0","0"
"2026-02-09","3006904",,"The Pasta Co.","2909A Queens Plaza North  ","Long Island City","NY","11101","1","0",,"0",,"0",,"23.08","0.00","0.00","0.00","23.08","1","1.000","1","1.000","0","0","1","00:01:00.000","00:01:00.000","00:13:00.000","00:34:00.000","0","0","0","0","0","0","0"
"2026-02-16","10936528","93 Ave A","The Bagel Savage","93 Avenue A  ","New York","NY","10009","1","0",,"0",,"0",,"8.06","0.00","0.00","0.00","8.06","1","1.000","1","1.000","0","0","1","00:06:00.000","00:00:00.000","00:12:00.000","00:31:00.000","0","0","0","0","0","0","0"
"2026-02-16","10934896","E 8th St","Luca's Philly Cheesesteak","44 E 8th St  ","New York","NY","10003","1","0",,"0",,"0",,"18.18","0.00","0.00","0.00","18.18","0",,"1","1.000","0","0","1","00:03:00.000","00:03:00.000","00:07:00.000","00:36:00.000","0","0","0","0","0","0","0"
"2026-02-02","11804944","Ralph Ave","NY Smoothie Joint","104 Ralph Ave  ","Brooklyn","NY","11221","1","0",,"0",,"0",,"13.98","0.00","0.00","0.00","13.98","1","1.000","1","1.000","0","0","1","00:03:00.000","00:00:00.000","00:16:00.000","00:27:00.000","1","1","0","0","0","0","0"
"2026-02-09","2286300",,"Breakfast Burrito Snob","937 1st Avenue ","New York","NY","10022","1","0",,"0",,"0",,"16.08","0.00","0.00","0.00","16.08","1","1.000","0",,"0","0","1","00:22:00.000","00:16:00.000","00:02:00.000","00:42:00.000","1","1","0","0","0","0","0"
"2026-02-16","11803352","St Marks Pl","Christina's Vegan Cafe","58 St Marks Pl  ","New York","NY","10003","1","0",,"0",,"0",,"29.98","0.00","0.00","0.00","29.98","0",,"1","1.000","0","0","1","00:01:00.000","00:00:00.000","00:10:00.000","00:28:00.000","0","0","0","0","0","0","0"
"2026-02-09","10379328","South Bay","Charlie's Chicken Wings","1156 S Bay Rd  ","Dover","DE","19901","1","0",,"1","1.000","1","1.000","54.54","0.00","-54.54","-54.54","0.00","1","1.000","1","1.000","0","0","1",,,,,"0","0","0","0","0","0","0"
"2026-02-16","2344366",,"The Pancake Snob","217 1st Avenue  ","New York","NY","10003","2","0",,"0",,"0",,"38.25","0.00","0.00","0.00","38.25","0",,"0",,"0","0","2","00:02:00.000","00:00:30.000","00:04:30.000","00:26:30.000","0","0","0","0","0","0","0"
"2026-02-02","5397528","M&M Deli Café - 514 Main St","Taco Paradiso","514 Main St  ","New Rochelle","NY","10801","1","0",,"0",,"0",,"16.48","0.00","0.00","0.00","16.48","1","1.000","0",,"0","0","1","00:02:00.000","00:02:00.000","00:06:00.000","00:44:00.000","0","0","0","0","0","0","0"
"2026-01-26","9811896","Mission","Holly's Burger Bar","3349 Mission St  ","San Francisco","CA","94110","1","0",,"0",,"0",,"79.72","0.00","0.00","0.00","79.72","0",,"1","1.000","0","0","1","00:01:00.000","00:01:00.000","00:08:00.000","00:43:00.000","0","0","0","0","0","0","0"
"2026-02-02","3309881","Sullivan St","The Village Smoothie Spot","240 Sullivan St  ","New York","NY","10012","1","0",,"0",,"0",,"27.97","0.00","0.00","0.00","27.97","0",,"1","1.000","0","0","1","00:09:00.000","00:00:00.000","00:04:00.000","00:20:00.000","0","0","0","0","0","0","0"
"2026-02-02","5028128","3907 Lee Hwy","Breakfast Burrito Joint","3907 Lee Hwy  ","Arlington","VA","22207","1","0",,"0",,"0",,"10.19","0.00","0.00","0.00","10.19","0",,"1","1.000","0","0","1","00:00:00.000","00:00:00.000","00:11:00.000","00:37:00.000","0","0","0","0","0","0","0"
"2026-02-02","9817944","38-01 Vernon Boulevard","Martha's Pancake Bar","38-01 Vernon Blvd  ","Long Island City","NY","11101","2","1","0.500","0",,"0",,"105.07","-29.96","0.00","0.00","75.11","2","1.000","1","0.500","0","0","2","00:12:00.000","00:04:30.000","00:10:00.000","00:29:00.000","0","0","0","0","0","0","0"
"2026-02-02","4837576","319 Rogers Ave","The Loose Juice","319 Rogers Ave  ","Brooklyn","NY","11225","1","0",,"1","1.000","1","1.000","21.45","0.00","-21.45","-21.45","0.00","1","1.000","0",,"0","0","1",,,,,"0","0","0","0","0","0","0"
"2026-02-09","3311052","Washington Blvd","India's Quick Bites","10700 Washington Blvd  ","Culver City","CA","90232","1","0",,"0",,"0",,"20.45","0.00","0.00","0.00","20.45","1","1.000","1","1.000","0","0","1","00:01:00.000","00:01:00.000","00:31:00.000","01:18:00.000","0","0","0","0","0","0","0"
"2026-02-09","8566128",,"TacoTaste Mexican","4352 E Speedway Blvd  ","Tucson","AZ","85712","1","0",,"0",,"0",,"16.46","0.00","0.00","0.00","16.46","1","1.000","1","1.000","0","0","1","00:02:00.000","00:02:00.000","00:14:00.000","00:49:00.000","0","0","0","0","0","0","0"
"2026-02-23","5040864","9061 Van Nuys Blvd","Casa Pasta Ristorante","9061 Van Nuys Blvd  ","Van Nuys","CA","91402","1","0",,"0",,"0",,"27.99","0.00","0.00","0.00","27.99","0",,"1","1.000","0","0","1","00:07:00.000","00:00:00.000","00:31:00.000","00:49:00.000","0","0","0","0","0","0","0"
"2026-01-26","4512080","769 9th Ave #1","Glorious Panini Snob","769 9th Ave  ","New York","NY","10019","1","0",,"0",,"0",,"16.98","0.00","0.00","0.00","16.98","1","1.000","0",,"0","0","1","00:13:00.000","00:13:00.000","00:06:00.000","01:04:00.000","0","0","0","0","0","0","0"
"2026-02-23","10936528","93 Ave A","The Bagel Savage","93 Avenue A  ","New York","NY","10009","1","0",,"0",,"0",,"25.16","0.00","0.00","0.00","25.16","1","1.000","1","1.000","0","0","1","00:11:00.000","00:06:00.000","00:02:00.000","00:29:00.000","0","0","0","0","0","0","0"
"2026-02-09","9794768","18 S Abbott Ave","Dum Biryani Snob","18 S Abbott Ave  ","Milpitas","CA","95035","1","0",,"0",,"0",,"18.17","0.00","0.00","0.00","18.17","0",,"1","1.000","0","0","1","00:05:00.000","00:05:00.000","00:08:00.000","00:35:00.000","0","0","0","0","0","0","0"
"2026-02-16","8563008",,"The Pasta Story","43 W Flagler St  ","Miami","FL","33130","4","0",,"0",,"0",,"164.42","0.00","0.00","0.00","164.42","2","0.500","2","0.500","0","0","4","00:06:00.000","00:05:40.200","00:24:10.200","01:01:10.200","0","0","0","0","0","0","0"
"2026-02-02","1967490",,"The Omelette Farm","589 1st Avenue ","New York","NY","10016","17","0",,"0",,"0",,"350.78","0.00","0.00","0.00","350.78","5","0.294","11","0.647","0","0","17","00:03:25.200","00:01:27.600","00:11:45.000","00:29:10.200","3","2","0","1","0","0","0"
"2026-02-23","6156504","839 W University Dr","The Sandwich Vibe","839 W University Dr  ","Tempe","AZ","85281","1","0",,"0",,"0",,"16.89","0.00","0.00","0.00","16.89","0",,"1","1.000","0","0","1","00:02:00.000","00:02:00.000","00:37:00.000","01:03:00.000","0","0","0","0","0","0","0"
"2026-02-09","2732932",,"RJ's Philly Cheesesteaks (Gold St)","257 Gold St  ","New York","NY","10075","5","0",,"0",,"0",,"112.04","0.00","0.00","0.00","112.04","0",,"5","1.000","0","0","5","00:04:07.800","00:02:00.000","00:18:15.000","00:36:52.800","0","0","0","0","0","0","0"
"2026-02-09","6346664","The Slice Pizzeria - 7121 West US Highway 90","The Calzone Empire","7121 W US Hwy 90  ","San Antonio","TX","78227","2","0",,"0",,"0",,"85.03","0.00","0.00","0.00","85.03","2","1.000","1","0.500","0","0","2","00:04:00.000","00:00:00.000","00:08:00.000","00:29:00.000","1","1","0","0","0","0","0"
"2026-01-26","7096928","Leo's Coney Island - 15198 E 13 Mile Rd","Italiano Mac's","15198 E Thirteen Mile Rd  ","Warren","MI","48088","1","0",,"0",,"0",,"14.39","0.00","0.00","0.00","14.39","0",,"1","1.000","0","0","1","00:01:00.000","00:00:00.000","00:14:00.000","00:31:00.000","0","0","0","0","0","0","0"
"2026-02-02","8569936",,"Original Burger Bar","309 7th Ave  ","Brooklyn","NY","11215","1","0",,"0",,"0",,"25.67","0.00","0.00","0.00","25.67","1","1.000","0",,"0","0","1",,,,,"0","0","0","0","0","0","0"
"2026-02-23","2509728",,"Badri's Biryani Bar","716 10th Ave ","New York","NY","10019","3","0",,"1","0.333","1","0.333","68.96","0.00","-21.99","-21.99","46.97","0",,"3","1.000","0","0","3","00:04:00.000","00:03:00.000","00:08:30.000","00:27:30.000","0","0","0","0","0","0","0"
"2026-02-09","2816779",,"Justin's Juice Bar","257 Gold St  ","Brooklyn","NY","11201","1","0",,"0",,"0",,"17.89","0.00","0.00","0.00","17.89","0",,"0",,"0","0","1","00:01:00.000","00:00:00.000","00:08:00.000","00:18:00.000","0","0","0","0","0","0","0"
"2026-02-23","7104064","Pizza Zone","The Calzone Empire","3618 N Pennsylvania Ave  ","Oklahoma City","OK","73112","3","0",,"0",,"0",,"179.24","0.00","0.00","0.00","179.24","2","0.667","2","0.667","0","0","3","00:06:00.000","00:03:40.200","00:20:00.000","00:52:19.800","1","0","0","0","0","1","1"
"2026-02-23","11798112","S Durango Dr","Italian Pasta Joint","3585 S Durango Dr  ","Las Vegas","NV","89147","2","0",,"0",,"0",,"55.98","0.00","0.00","0.00","55.98","2","1.000","1","0.500","0","0","2","00:02:00.000","00:01:00.000","00:15:30.000","00:32:30.000","0","0","0","0","0","0","0"
"2026-02-16","2382052",,"The Burrito Snob","4352 E Speedway Blvd ","Tucson","AZ","85712","1","0",,"0",,"0",,"18.96","0.00","0.00","0.00","18.96","0",,"1","1.000","0","0","1","00:03:00.000","00:02:00.000","00:23:00.000","00:37:00.000","0","0","0","0","0","0","0"
"2026-02-09","6893800","Dream Gourmet Deli inc. - 111 East 161 Street","Prime Burger Lounge","111 E 161 St  ","Bronx","NY","10452","1","0",,"1","1.000","1","1.000","42.66","0.00","-42.66","-42.66","0.00","1","1.000","1","1.000","0","0","1",,,,,"0","0","0","0","0","0","0"
"2026-02-09","5024720","3907 Lee Hwy","First Light Breakfast Cafe","3907 Lee Hwy  ","Arlington","VA","22207","7","1","0.143","0",,"0",,"154.16","-5.59","0.00","0.00","148.57","2","0.286","5","0.714","0","0","7","00:01:30.000","00:01:15.000","00:13:30.000","00:40:15.000","1","0","0","0","0","1","1"
"2026-02-16","9822552","168 Myrtle Ave","Stan's Burger Bar","168 Myrtle Ave  ","Brooklyn","NY","11201","1","0",,"0",,"0",,"36.36","0.00","0.00","0.00","36.36","1","1.000","1","1.000","0","0","1","00:03:00.000","00:00:00.000","00:03:00.000","00:25:00.000","0","0","0","0","0","0","0"
"2026-02-09","2484502",,"Two Hand Burger","493 Old Hickory Blvd Ste 103  ","Brentwood","TN","37027","1","0",,"0",,"0",,"21.98","0.00","0.00","0.00","21.98","1","1.000","1","1.000","0","0","1","00:08:00.000","00:08:00.000","00:06:00.000","00:46:00.000","0","0","0","0","0","0","0"
"2026-02-16","5028264","600 Washington Ave","Crunchy Banh Mi","600 Washington Ave  ","Philadelphia","PA","19147","5","1","0.200","0",,"0",,"106.09","-12.69","0.00","0.00","93.40","3","0.600","3","0.600","0","0","5","00:04:52.800","00:04:00.000","00:16:30.000","01:00:40.200","0","0","0","0","0","0","0"
"2026-02-09","9815128","Lake Mary","Japan's Bento Box","318 W Lake Mary Blvd  ","Sanford","FL","32773","1","0",,"0",,"0",,"10.48","0.00","0.00","0.00","10.48","0",,"1","1.000","0","0","1","00:03:00.000","00:02:00.000","00:07:00.000","00:24:00.000","0","0","0","0","0","0","0"
"2026-02-16","9819592","28501 Hoover Rd","Bosscat breakfast","28501 Hoover Rd  ","Warren","MI","48093","1","0",,"0",,"0",,"21.07","0.00","0.00","0.00","21.07","1","1.000","1","1.000","0","0","1","00:01:00.000","00:00:00.000","00:20:00.000","00:30:00.000","0","0","0","0","0","0","0"
"2026-02-02","3310271","9th Ave","The Gourmet Burger","468 9th Ave  ","New York","NY","10018","1","0",,"0",,"0",,"17.98","0.00","0.00","0.00","17.98","0",,"1","1.000","0","0","1","00:03:00.000","00:00:00.000","00:02:00.000",,"0","0","0","0","0","0","0"
"2026-02-02","2030753",,"Fat Cheesesteaks","2624 Pico Blvd ","Santa Monica","CA","90405","7","0",,"0",,"0",,"218.44","0.00","0.00","0.00","218.44","1","0.143","6","0.857","0","0","7","00:01:49.800","00:00:00.000","00:22:15.000","00:42:10.200","1","1","0","0","0","0","0"
"2026-02-16","2741308",,"Nancy's Grilled Cheese","1760 3rd Ave  ","New York","NY","10029","18","0",,"0",,"0",,"269.60","0.00","0.00","0.00","269.60","6","0.333","13","0.722","0","0","18","00:06:37.200","00:04:33.000","00:11:47.400","00:26:42.600","2","2","0","0","0","0","0"
"2026-02-09","2796227",,"Midtown Quesadillas Snob (George St)","228 George St  ","New Brunswick","NJ","08901","2","0",,"0",,"0",,"64.02","0.00","0.00","0.00","64.02","1","0.500","2","1.000","0","0","2","00:04:30.000","00:04:30.000","00:19:00.000","00:54:00.000","0","0","0","0","0","0","0"
"2026-02-16","10078560","Broadway","Amanda's Breakfast Lounge","3661 Broadway  ","New York","NY","10031","1","0",,"1","1.000","1","1.000","12.58","0.00","-12.58","-12.58","0.00","1","1.000","1","1.000","0","0","1",,,,,"0","0","0","0","0","0","0"
"2026-02-16","2741201",,"Healthy Salad Bar","1760 3rd Ave  ","New York","NY","10029","1","0",,"0",,"0",,"17.17","0.00","0.00","0.00","17.17","0",,"0",,"0","0","1","00:09:00.000","00:00:00.000","00:12:00.000","00:24:00.000","0","0","0","0","0","0","0"
"2026-02-02","5929088","26801 Hillside Ave","Sip On Smoothie","26801 Hillside Avenue  ","Glen Oaks","NY","11004","1","0",,"0",,"0",,"14.97","0.00","0.00","0.00","14.97","0",,"1","1.000","0","0","1","00:01:00.000","00:01:00.000","00:30:00.000","00:54:00.000","0","0","0","0","0","0","0"
"2026-02-09","2744794",,"Hero Sandwich Shop","1760 3rd Ave  ","New York","NY","10029","1","0",,"0",,"0",,"13.18","0.00","0.00","0.00","13.18","1","1.000","1","1.000","0","0","1","00:03:00.000","00:00:00.000","00:10:00.000","00:24:00.000","0","0","0","0","0","0","0"
"2026-02-23","10065536","Gold St","Mary's Chicken Sandwiches","257 Gold St  ","Brooklyn","NY","11201","1","0",,"0",,"0",,"23.78","0.00","0.00","0.00","23.78","0",,"1","1.000","0","0","1","00:05:00.000","00:05:00.000","00:08:00.000","01:00:00.000","0","0","0","0","0","0","0"
"2026-02-02","2406921",,"NY Breakfast Spot","1424 Lexington Ave ","New York","NY","10128","2","0",,"0",,"0",,"40.64","0.00","0.00","0.00","40.64","0",,"2","1.000","0","0","2","00:15:00.000","00:14:30.000","00:11:00.000","00:34:00.000","0","0","0","0","0","0","0"
"2026-02-02","2484502",,"Two Hand Burger","493 Old Hickory Blvd Ste 103  ","Brentwood","TN","37027","1","0",,"0",,"0",,"28.97","0.00","0.00","0.00","28.97","1","1.000","1","1.000","0","0","1","00:01:00.000","00:01:00.000","00:23:00.000","01:17:00.000","0","0","0","0","0","0","0"
"2026-02-23","4831632","1 Kedron Ave Unit 4","Stromboli House","1 Kedron Ave  ","Morton","PA","19070","1","0",,"0",,"0",,"50.55","0.00","0.00","0.00","50.55","0",,"1","1.000","0","0","1","00:03:00.000","00:03:00.000","00:34:00.000","01:00:00.000","0","0","0","0","0","0","0"
"2026-02-23","3309868","South Bay Road","The Wings Express","1156 S Bay Rd  ","Dover","DE","19901","1","0",,"0",,"0",,"43.93","0.00","0.00","0.00","43.93","0",,"1","1.000","0","0","1","00:07:00.000","00:07:00.000","00:18:00.000","01:08:00.000","0","0","0","0","0","0","0"
"2026-02-16","3310683","George St","The Dessert Dream","228 George St  ","New Brunswick","NJ","08901","1","0",,"0",,"0",,"23.47","0.00","0.00","0.00","23.47","1","1.000","1","1.000","0","0","1","00:02:00.000","00:00:00.000","00:08:00.000","00:13:00.000","0","0","0","0","0","0","0"
"2026-02-16","3301276","7th Ave","Holy Grail Omelettes","154 7th Ave  ","New York","NY","10011","3","0",,"1","0.333","1","0.333","54.10","0.00","-11.47","-11.47","42.63","0",,"2","0.667","0","0","3","00:11:00.000","00:05:00.000","00:09:00.000","00:30:30.000","0","0","0","0","0","0","0"
"2026-02-09","9813512","W National","The Pasta Story","2138 W National Ave  ","Milwaukee","WI","53204","4","0",,"0",,"0",,"134.97","0.00","0.00","0.00","134.97","3","0.750","4","1.000","0","0","4","00:03:19.800","00:00:40.200","00:18:10.200","00:38:49.800","0","0","0","0","0","0","0"
"2026-02-16","2223864",,"Fiona's Pancake Bar","1404 Madison Avenue  ","New York","NY","10029","3","0",,"0",,"0",,"60.12","0.00","0.00","0.00","60.12","2","0.667","1","0.333","0","0","3","00:03:30.000","00:00:15.000","00:15:15.000","00:25:45.000","0","0","0","0","0","0","0"
"2026-02-09","9797968","4352 E Speedway Blvd","Antonio's Quesadilla Shack","4352 E Speedway Blvd  ","Tucson","AZ","85712","1","0",,"0",,"0",,"24.18","0.00","0.00","0.00","24.18","0",,"1","1.000","0","0","1","00:13:00.000","00:13:00.000","00:09:00.000","00:42:00.000","0","0","0","0","0","0","0"
"2026-02-02","2896704",,"Martha's Breakfast Sandwiches","1219 1st Ave  ","New York","NY","10065","1","0",,"0",,"0",,"11.38","0.00","0.00","0.00","11.38","0",,"0",,"0","0","1","00:17:00.000","00:10:00.000","00:03:00.000","00:28:00.000","0","0","0","0","0","0","0"
"2026-02-09","3309093","Pico Blvd","Maria's Italian Meatballs","2624 Pico Blvd  ","Santa Monica","CA","90405","1","0",,"0",,"0",,"24.88","0.00","0.00","0.00","24.88","0",,"1","1.000","0","0","1","00:03:00.000","00:00:00.000","00:04:00.000","00:20:00.000","0","0","0","0","0","0","0"
"2026-02-16","2567535",,"The Acai Station","1424 Lexington Ave  ","New York","NY","10128","2","0",,"0",,"0",,"60.97","0.00","0.00","0.00","60.97","1","0.500","2","1.000","0","0","2","00:04:30.000","00:04:00.000","00:10:30.000","00:31:00.000","0","0","0","0","0","0","0"
"2026-02-16","3310093","1st Avenue","Fiona's French Toast","589 1st Ave.  ","New York","NY","10016","3","0",,"0",,"0",,"99.41","0.00","0.00","0.00","99.41","1","0.333","2","0.667","0","0","3","00:04:19.800","00:00:19.800","00:19:00.000","00:35:19.800","0","0","0","0","0","0","0"
"2026-02-23","3300974","W. 14th street","Lola's Smoothie Mix","244 W 14th St  ","New York","NY","10011","1","0",,"1","1.000","1","1.000","21.07","0.00","-21.07","-21.07","0.00","0",,"1","1.000","0","0","1",,,,,"0","0","0","0","0","0","0"
"2026-02-02","6893792","Dream Gourmet Deli inc. - 111 East 161 Street","Amanda's Breakfast Lounge","111 E 161 St  ","Bronx","NY","10452","1","0",,"0",,"0",,"27.27","0.00","0.00","0.00","27.27","0",,"0",,"0","0","1","00:01:00.000","00:00:00.000","00:06:00.000","00:17:00.000","0","0","0","0","0","0","0"
"2026-02-02","9819608","18300 Vanowen St","K's Slice of Cake","18300 Vanowen St  ","Los Angeles","CA","91335","3","0",,"0",,"0",,"61.51","0.00","0.00","0.00","61.51","0",,"2","0.667","0","0","3","00:02:40.200","00:00:00.000","00:12:19.800","00:24:19.800","0","0","0","0","0","0","0"
"2026-02-16","6894736","Medina Halal Gril - 114 East Main Street","Ali's Mediterranean Sandwiches","114 E Main St  ","Richardson","TX","75081","3","0",,"0",,"0",,"57.76","0.00","0.00","0.00","57.76","0",,"3","1.000","0","0","3","00:03:19.800","00:03:19.800","00:20:40.200","00:49:00.000","0","0","0","0","0","0","0"
"2026-02-02","10936384","Michelson Dr","Doughboys Sandwiches","3161 Michelson Dr  ","Irvine","CA","92612","3","1","0.333","0",,"0",,"73.44","-3.49","0.00","0.00","69.95","2","0.667","3","1.000","0","0","3","00:04:19.800","00:00:00.000","00:16:00.000","00:30:00.000","0","0","0","0","0","0","0"
"2026-02-02","2796118",,"The Dumpling Snob","9737 Manchester Rd  ","St. Louis","MO","63119","2","0",,"0",,"0",,"59.23","0.00","0.00","0.00","59.23","0",,"2","1.000","0","0","2","00:05:00.000","00:00:00.000","00:14:00.000","00:31:00.000","0","0","0","0","0","0","0"
"2026-02-09","10491640","George St","Jacks Cheesesteaks","228 George St  ","New Brunswick","NJ","08901","1","0",,"0",,"0",,"23.47","0.00","0.00","0.00","23.47","1","1.000","0",,"0","0","1","00:07:00.000","00:03:00.000","00:09:00.000","00:27:00.000","0","0","0","0","0","0","0"
"2026-01-26","3310093","1st Avenue","Fiona's French Toast","589 1st Ave.  ","New York","NY","10016","1","0",,"0",,"0",,"36.48","0.00","0.00","0.00","36.48","0",,"1","1.000","0","0","1","00:03:00.000","00:03:00.000","00:18:00.000","00:45:00.000","0","0","0","0","0","0","0"
"2026-02-16","9815144","3rd","Mia's Quesadillas","296 3rd Ave  ","New York","NY","10010","1","0",,"0",,"0",,"23.08","0.00","0.00","0.00","23.08","0",,"1","1.000","0","0","1","00:12:00.000","00:00:00.000","00:28:00.000","00:50:00.000","0","0","0","0","0","0","0"
"2026-02-09","6346712","Somos Familia Mexican Restaurant - 1268 W 86th St","Urban Vegetarian House","1268 W 86th St  ","Indianapolis","IN","46260","1","0",,"0",,"0",,"95.94","0.00","0.00","0.00","95.94","1","1.000","1","1.000","0","0","1","00:02:00.000","00:00:00.000","00:15:00.000","00:33:00.000","0","0","0","0","0","0","0"
"2026-02-09","4831888","197 Havemeyer St.","Pita Sandwich Bite","197 Havemeyer St  ","Brooklyn","NY","11211","1","0",,"0",,"0",,"18.38","0.00","0.00","0.00","18.38","1","1.000","1","1.000","0","0","1","00:04:00.000","00:00:00.000","00:03:00.000","00:15:00.000","0","0","0","0","0","0","0"
"2026-02-23","5850512","Hillside Ave","Bosscat Wraps","26801 Hillside Avenue  ","Glen Oaks","NY","11004","1","0",,"0",,"0",,"21.99","0.00","0.00","0.00","21.99","1","1.000","0",,"0","0","1","00:01:00.000","00:01:00.000","00:10:00.000","00:49:00.000","0","0","0","0","0","0","0"
"2026-02-16","3311137","Crenshaw Blvd","El Azul Tacos","6732 Crenshaw Blvd  ","Los Angeles","CA","90043","2","0",,"0",,"0",,"29.41","0.00","0.00","0.00","29.41","0",,"0",,"0","0","2","00:02:00.000","00:01:00.000","00:15:00.000","00:38:30.000","0","0","0","0","0","0","0"
"2026-02-16","5318704","Yue Bai Wei - 5874 Forbes Ave","The Chinese Noodle Palace","5874 Forbes Ave  ","Pittsburgh","PA","15217","1","0",,"0",,"0",,"55.96","0.00","0.00","0.00","55.96","1","1.000","1","1.000","0","0","1","00:05:00.000","00:01:00.000","00:16:00.000","00:37:00.000","0","0","0","0","0","0","0"
"2026-02-16","3344337","301 W 96th St","Che Breakfast Cafe","301 W 96th St  ","New York","NY","10025","1","0",,"0",,"0",,"16.98","0.00","0.00","0.00","16.98","1","1.000","1","1.000","0","0","1","00:00:00.000","00:00:00.000","00:17:00.000","00:57:00.000","0","0","0","0","0","0","0"
"2026-02-16","3310939","Crenshaw Blvd","Breakfast Burrito Floozy","6732 Crenshaw Blvd  ","Los Angeles","CA","90043","3","0",,"0",,"0",,"59.95","0.00","0.00","0.00","59.95","1","0.333","3","1.000","0","0","3","00:02:00.000","00:01:00.000","00:10:19.800","00:34:19.800","0","0","0","0","0","0","0"
"2026-02-09","5024816","33757 Woodward Ave","Japanese Teriyaki House","33757 Woodward Ave  ","Birmingham","MI","48009","1","1","1.000","0",,"0",,"53.65","-16.89","0.00","0.00","36.76","0",,"1","1.000","0","0","1","00:03:00.000","00:00:00.000","00:06:00.000","00:19:00.000","1","0","0","0","0","1","1"
"2026-02-02","2786448",,"The Sandwich Cafe","2841 E Anaheim St  ","Long Beach","CA","90804","1","0",,"0",,"0",,"23.78","0.00","0.00","0.00","23.78","0",,"1","1.000","0","0","1","00:01:00.000","00:00:00.000","00:12:00.000","00:26:00.000","0","0","0","0","0","0","0"
"2026-02-02","3310144","Lee Hwy","Martha's Breakfast Sandwiches","3907 Lee Hwy  ","Arlington","VA","22207","3","0",,"0",,"0",,"44.59","0.00","0.00","0.00","44.59","0",,"3","1.000","0","0","3","00:01:19.800","00:00:00.000","00:16:19.800","00:35:40.200","0","0","0","0","0","0","0"
"2026-02-16","2900806",,"The Shawarma Bar (Polk St)","1338 Polk St  ","San Francisco","CA","94109","6","0",,"0",,"0",,"218.84","0.00","0.00","0.00","218.84","2","0.333","5","0.833","0","0","6","00:02:30.000","00:00:45.000","00:09:55.200","00:30:00.000","1","1","0","0","0","0","0"
"2026-02-23","3300572","W. 14th street","Marty's Wraps Shack","244 W 14th St  ","New York","NY","10011","1","0",,"0",,"0",,"33.58","0.00","0.00","0.00","33.58","1","1.000","1","1.000","0","0","1","00:13:00.000","00:00:00.000","00:03:00.000","00:26:00.000","0","0","0","0","0","0","0"
"2026-02-23","2285420",,"Taco Paradiso","1404 Madison Ave ","New York","NY","10029","1","0",,"0",,"0",,"31.90","0.00","0.00","0.00","31.90","1","1.000","1","1.000","0","0","1","00:01:00.000","00:00:00.000","00:16:00.000","00:30:00.000","1","1","0","0","0","0","0"
"2026-02-23","2773358",,"The Gourmet Burger (1st Ave)","1741 1st Avenue  ","New York","NY","10128","1","0",,"0",,"0",,"31.95","0.00","0.00","0.00","31.95","0",,"1","1.000","0","0","1","00:21:00.000","00:00:00.000","00:04:00.000","00:27:00.000","0","0","0","0","0","0","0"
"2026-02-02","2930656",,"The Dessert Shack","1219 1st Ave  ","New York","NY","10065","2","0",,"1","0.500","1","0.500","28.36","0.00","-14.18","-14.18","14.18","0",,"2","1.000","0","0","2","00:12:00.000","00:00:00.000","00:13:00.000","00:28:00.000","0","0","0","0","0","0","0"
"2026-02-02","3312441","1st Avenue","Muf's Muffin Shop","937 1st Ave.  ","New York","NY","10022","3","0",,"0",,"0",,"111.83","0.00","0.00","0.00","111.83","3","1.000","3","1.000","0","0","3","00:00:19.800","00:00:19.800","00:17:19.800","00:39:00.000","0","0","0","0","0","0","0"
"2026-01-26","3006703",,"The American Cheesesteaks","2909A Queens Plaza North  ","Long Island City","NY","11101","1","0",,"0",,"0",,"34.16","0.00","0.00","0.00","34.16","1","1.000","0",,"0","0","1","00:04:00.000","00:00:00.000","00:08:00.000","00:22:00.000","0","0","0","0","0","0","0"
"2026-02-16","3311034","Loudon Rd #960","Sam's Scrumptious Subs","800 Loudon Rd  ","Latham","NY","12110","1","0",,"0",,"0",,"19.78","0.00","0.00","0.00","19.78","0",,"1","1.000","0","0","1","00:11:00.000","00:08:00.000","00:23:00.000","00:51:00.000","0","0","0","0","0","0","0"
"2026-02-23","4837568","319 Rogers Ave","Olivia's Breakfast Cafe","319 Rogers Ave  ","Brooklyn","NY","11225","2","0",,"0",,"0",,"32.74","0.00","0.00","0.00","32.74","2","1.000","1","0.500","0","0","2","00:07:00.000","00:00:00.000","00:06:30.000","00:20:00.000","0","0","0","0","0","0","0"
"2026-01-26","2116039",,"BBQ Ribs Co.","820 Pennsylvania Ave ","Pittsburgh","PA","15233","2","0",,"0",,"0",,"67.97","0.00","0.00","0.00","67.97","2","1.000","0",,"0","0","2","00:07:30.000","00:04:00.000","00:20:30.000","00:45:30.000","0","0","0","0","0","0","0"
"2026-02-02","3310503","Broad Street Ext","Salvatore's Sicilian Pizza","709 Broad St Ext  ","Waterford","CT","06385","2","0",,"1","0.500","0",,"52.86","0.00","-32.40","0.00","20.46","1","0.500","1","0.500","0","0","2","00:02:00.000","00:00:00.000","00:07:00.000","00:20:00.000","1","0","0","0","0","1","0"
"2026-01-26","11801712","Thomas S Boyland St","Luke's Breakfast Club","116 Thomas S Boyland St  ","Brooklyn","NY","11233","1","0",,"0",,"0",,"20.26","0.00","0.00","0.00","20.26","1","1.000","0",,"0","0","1","00:01:00.000","00:00:00.000","00:10:00.000","00:33:00.000","0","0","0","0","0","0","0"
"2026-02-02","4510320","1424 Lexington Ave","Hill Top Sandwich","1424 Lexington Ave  ","New York","NY","10128","1","0",,"0",,"0",,"24.98","0.00","0.00","0.00","24.98","0",,"1","1.000","0","0","1","00:10:00.000","00:02:00.000","00:11:00.000","00:33:00.000","0","0","0","0","0","0","0"
"2026-01-26","4831784","34-02 30th St","Lovin' Vegan Desserts","3402 30th St  ","Astoria","NY","11106","1","0",,"0",,"0",,"24.07","0.00","0.00","0.00","24.07","0",,"1","1.000","0","0","1","00:04:00.000","00:00:00.000","00:16:00.000","00:29:00.000","0","0","0","0","0","0","0"
"2026-02-09","10929168","Agnew Rd","Priya's Indian Kitchen","2026 Agnew Rd  ","Santa Clara","CA","95054","1","0",,"0",,"0",,"16.79","0.00","0.00","0.00","16.79","0",,"1","1.000","0","0","1","00:10:00.000","00:05:00.000","00:06:00.000","00:27:00.000","0","0","0","0","0","0","0"
"2026-02-09","9815040","1424 Lexington Ave","House of Paninis","1424 Lexington Ave  ","New York","NY","10128","5","0",,"0",,"0",,"103.48","0.00","0.00","0.00","103.48","2","0.400","2","0.400","0","0","5","00:08:55.200","00:04:10.200","00:08:40.200","00:27:20.400","0","0","0","0","0","0","0"
"2026-02-23","8569904",,"The Breakfast Dash","1561 St Nicholas Ave  ","New York","NY","10040","1","0",,"0",,"0",,"31.98","0.00","0.00","0.00","31.98","0",,"1","1.000","0","0","1","00:08:00.000","00:08:00.000","00:09:00.000","00:50:00.000","0","0","0","0","0","0","0"
"2026-02-02","2365500",,"The Pancake Snob","257 Gold Street  ","Brooklyn","NY","11201","2","0",,"0",,"0",,"53.74","0.00","0.00","0.00","53.74","0",,"1","0.500","0","0","2","00:04:30.000","00:01:00.000","00:17:30.000","00:55:00.000","0","0","0","0","0","0","0"
"2026-02-23","3310407","E Arapaho Rd #F","Master Yamamoto Ramen Bar","1401 E Arapaho Rd  ","Richardson","TX","75081","1","0",,"0",,"0",,"54.57","0.00","0.00","0.00","54.57","1","1.000","0",,"0","0","1","00:02:00.000","00:01:00.000","00:32:00.000","00:53:00.000","0","0","0","0","0","0","0"
"2026-02-09","3310144","Lee Hwy","Martha's Breakfast Sandwiches","3907 Lee Hwy  ","Arlington","VA","22207","3","0",,"0",,"0",,"44.59","0.00","0.00","0.00","44.59","0",,"3","1.000","0","0","3","00:00:19.800","00:00:19.800","00:16:40.200","00:41:00.000","0","0","0","0","0","0","0"
"2026-02-02","10078528","8th Ave","Fresh N Fruity Smoothies","382 8th Ave  ","New York","NY","10001","4","0",,"0",,"0",,"103.49","0.00","0.00","0.00","103.49","2","0.500","3","0.750","0","0","4","00:09:19.800","00:04:49.800","00:07:49.800","00:26:19.800","0","0","0","0","0","0","0"
"2026-02-02","2732932",,"RJ's Philly Cheesesteaks (Gold St)","257 Gold St  ","New York","NY","10075","8","0",,"0",,"0",,"217.87","0.00","0.00","0.00","217.87","2","0.250","7","0.875","0","0","8","00:04:54.000","00:01:12.000","00:13:24.000","00:31:48.000","0","0","0","0","0","0","0"
"2026-02-02","3309662","W Peoria Ave #116","Nakamura Ramen House","8520 W Peoria Ave  ","Peoria","AZ","85345","1","0",,"0",,"0",,"21.68","0.00","0.00","0.00","21.68","0",,"1","1.000","0","0","1","00:01:00.000","00:00:00.000","00:27:00.000","00:42:00.000","0","0","0","0","0","0","0"
"2026-02-16","2729147",,"Pardon My Panini","755 9th Ave  ","New York","NY","10019","1","0",,"0",,"0",,"13.39","0.00","0.00","0.00","13.39","1","1.000","1","1.000","0","0","1","00:02:00.000","00:00:00.000","00:02:00.000","00:13:00.000","0","0","0","0","0","0","0"
"2026-02-16","3312267","Lexington Ave","Casa De Quesadilla","1424 Lexington Ave  ","New York","NY","10128","17","0",,"0",,"0",,"359.63","0.00","0.00","0.00","359.63","8","0.471","10","0.588","0","0","17","00:11:34.200","00:02:57.600","00:13:12.600","00:33:30.000","1","1","0","0","0","0","0"
"2026-02-23","4512080","769 9th Ave #1","Glorious Panini Snob","769 9th Ave  ","New York","NY","10019","2","2","1.000","0",,"0",,"84.54","-56.36","0.00","0.00","28.18","1","0.500","2","1.000","0","0","2","00:15:30.000","00:05:30.000","00:12:30.000","00:48:30.000","0","0","0","0","0","0","0"
"2026-02-09","3312896","Lexington Ave","Sip On Smoothie","1424 Lexington Ave  ","New York","NY","10128","1","0",,"0",,"0",,"19.78","0.00","0.00","0.00","19.78","1","1.000","1","1.000","0","0","1","00:26:00.000","00:15:00.000","00:12:00.000","00:47:00.000","0","0","0","0","0","0","0"
"2026-02-09","4840360","265 Bedford Ave","Sal's Smoothie Spot","265 Bedford Ave  ","Brooklyn","NY","11211","1","0",,"0",,"0",,"25.16","0.00","0.00","0.00","25.16","0",,"1","1.000","0","0","1","00:08:00.000","00:05:00.000","00:08:00.000","00:37:00.000","0","0","0","0","0","0","0"
"2026-02-09","2886005",,"The Burger Trilogy","1219 1st Ave  ","New York","NY","10065","1","0",,"0",,"0",,"19.26","0.00","0.00","0.00","19.26","1","1.000","1","1.000","0","0","1","00:08:00.000","00:00:00.000","00:19:00.000","00:35:00.000","0","0","0","0","0","0","0"
"2026-02-09","2191911",,"Joe's Chicken and Waffles","5155 3rd Street  ","San Francisco","CA","94124","1","0",,"0",,"0",,"36.37","0.00","0.00","0.00","36.37","0",,"1","1.000","0","0","1","00:03:00.000","00:03:00.000","00:09:00.000","00:32:00.000","0","0","0","0","0","0","0"
"2026-02-09","5148440","I Heart Pancakes - 3001 SOUTH BRISTOL STREE","Mary's Pancake House","3001 S Bristol St  ","Santa Ana","CA","92707","1","0",,"0",,"0",,"21.38","0.00","0.00","0.00","21.38","0",,"1","1.000","0","0","1","00:01:00.000","00:01:00.000","00:15:00.000","00:52:00.000","0","0","0","0","0","0","0"
"2026-02-02","8562952",,"The Breakfast Dream","1175 2nd Ave  ","New York","NY","10065","1","0",,"0",,"0",,"14.99","0.00","0.00","0.00","14.99","1","1.000","1","1.000","0","0","1","00:01:00.000","00:00:00.000","00:04:00.000","00:14:00.000","0","0","0","0","0","0","0"
"2026-02-09","3310024","10th Ave","Halal Indian Monsoon","716 10th Ave ","New York","NY","10019","2","0",,"0",,"0",,"158.46","0.00","0.00","0.00","158.46","1","0.500","1","0.500","0","0","2","00:11:00.000","00:04:00.000","00:15:00.000","00:39:00.000","0","0","0","0","0","0","0"
"2026-02-02","6893832","Aroma Pizza & Pasta - 20491 Alton Pkwy","Firenze Pasta Ristorante","20491 Alton Pkwy  ","Lake Forest","CA","92610","3","0",,"0",,"0",,"122.80","0.00","0.00","0.00","122.80","2","0.667","2","0.667","0","0","3","00:11:00.000","00:03:40.200","00:19:40.200","00:44:30.000","0","0","0","0","0","0","0"
"2026-02-02","9822624","30th","Pardon My Panini","34-02 30th St  ","Astoria","NY","11106","2","0",,"0",,"0",,"37.76","0.00","0.00","0.00","37.76","2","1.000","1","0.500","0","0","2","00:06:30.000","00:00:00.000","00:04:00.000","00:15:00.000","0","0","0","0","0","0","0"
"2026-02-16","8564296",,"Smokin' Burger Grille","382 8th Ave  ","New York","NY","10001","1","0",,"0",,"0",,"32.16","0.00","0.00","0.00","32.16","1","1.000","1","1.000","0","0","1","00:11:00.000","00:00:00.000","00:25:00.000","00:38:00.000","0","0","0","0","0","0","0"
"2026-02-23","10594776","9th Ave","Fresh N Fruity Smoothies","468 9th Ave  ","New York","NY","10018","1","0",,"1","1.000","1","1.000","16.77","0.00","-16.77","-16.77","0.00","1","1.000","0",,"0","0","1",,,,,"0","0","0","0","0","0","0"
"2026-02-02","2796221",,"Vegetarian Chinese Snob","9737 Manchester Rd  ","St. Louis","MO","63119","1","0",,"0",,"0",,"97.94","0.00","0.00","0.00","97.94","1","1.000","1","1.000","0","0","1","00:00:00.000","00:00:00.000","00:11:00.000",,"0","0","0","0","0","0","0"
"2026-02-02","8563120",,"Bonnie's Burgers","1634 W High St  ","Pottstown","PA","19464","1","0",,"0",,"0",,"95.94","0.00","0.00","0.00","95.94","1","1.000","1","1.000","0","0","1","00:04:00.000","00:03:00.000","00:15:00.000","00:36:00.000","1","0","0","0","0","1","1"
"2026-02-02","10382520","E Speedway","Danny's Desserts","4352 E Speedway Blvd  ","Tucson","AZ","85712","2","0",,"0",,"0",,"36.83","0.00","0.00","0.00","36.83","2","1.000","2","1.000","0","0","2","00:02:00.000","00:02:00.000","00:14:30.000","01:26:30.000","1","1","0","0","0","0","0"
"2026-02-23","5318704","Yue Bai Wei - 5874 Forbes Ave","The Chinese Noodle Palace","5874 Forbes Ave  ","Pittsburgh","PA","15217","1","0",,"0",,"0",,"25.99","0.00","0.00","0.00","25.99","0",,"1","1.000","0","0","1","00:05:00.000","00:01:00.000","00:30:00.000","00:51:00.000","0","0","0","0","0","0","0"
"2026-02-02","2730077",,"Halal Pasta Lounge","1338 Polk St  ","San Francisco","CA","94109","1","0",,"0",,"0",,"43.98","0.00","0.00","0.00","43.98","0",,"1","1.000","0","0","1","00:02:00.000","00:02:00.000","00:55:00.000","01:12:00.000","0","0","0","0","0","0","0"
"2026-02-09","3309585","Pico Blvd","Firenze Pasta Ristorante","2624 Pico Blvd  ","Santa Monica","CA","90405","1","0",,"0",,"0",,"18.99","0.00","0.00","0.00","18.99","0",,"1","1.000","0","0","1","00:02:00.000","00:00:00.000","00:26:00.000","00:42:00.000","0","0","0","0","0","0","0"
"2026-02-09","3325823","30th St","Bagel Dynasty","34-02 30th St  ","Astoria","NY","11106","2","0",,"0",,"0",,"26.04","0.00","0.00","0.00","26.04","1","0.500","2","1.000","0","0","2","00:05:00.000","00:00:00.000","00:07:00.000","00:16:00.000","0","0","0","0","0","0","0"
"2026-02-16","10938144","E Anaheim St","Sarah's Breakfast Bar","2841 E Anaheim St  ","Long Beach","CA","90804","3","0",,"0",,"0",,"65.52","0.00","0.00","0.00","65.52","0",,"0",,"0","0","3","00:02:00.000","00:01:40.200","00:14:19.800","00:32:19.800","0","0","0","0","0","0","0"
"2026-02-23","4830064","265 Bedford Ave","House of Paninis","265 Bedford Ave  ","Brooklyn","NY","11211","3","0",,"0",,"0",,"110.37","0.00","0.00","0.00","110.37","1","0.333","2","0.667","0","0","3","00:09:15.000","00:06:45.000","00:09:00.000","00:36:15.000","0","0","0","0","0","0","0"
"2026-02-09","9815152","Mission","Leon's Legendary Pizza","3349 Mission St  ","San Francisco","CA","94110","4","0",,"0",,"0",,"160.53","0.00","0.00","0.00","160.53","2","0.500","2","0.500","0","0","4","00:09:10.200","00:09:10.200","00:12:49.800","00:44:10.200","0","0","0","0","0","0","0"
"2026-02-09","2116552",,"The Burger Trilogy","5155 3rd St  ","San Francisco","CA","94124","1","1","1.000","0",,"0",,"28.45","-7.18","0.00","0.00","21.27","0",,"1","1.000","0","0","1","00:03:00.000","00:03:00.000","00:07:00.000","00:25:00.000","0","0","0","0","0","0","0"
"2026-02-16","9820984","190 Hillside Rd","Blake's Dessert Lounge","190 Hillside Rd  ","Cranston","RI","02920","1","1","1.000","0",,"0",,"18.17","-18.17","0.00","0.00","0.00","1","1.000","1","1.000","0","0","1","00:01:00.000","00:00:00.000","00:22:00.000","00:41:00.000","0","0","0","0","0","0","0"
"2026-02-16","2886504",,"The Salad Dream","1929 Chestnut St  ","Philadelphia","PA","19103","1","0",,"0",,"0",,"17.59","0.00","0.00","0.00","17.59","1","1.000","1","1.000","0","0","1","00:02:00.000","00:02:00.000","00:16:00.000","02:03:00.000","0","0","0","0","0","0","0"
"2026-02-16","10494984","George St","Hot Sandwich Bar","228 George St  ","New Brunswick","NJ","08901","1","0",,"0",,"0",,"15.78","0.00","0.00","0.00","15.78","1","1.000","0",,"0","0","1","00:01:00.000","00:01:00.000","00:12:00.000","00:39:00.000","0","0","0","0","0","0","0"
"2026-02-16","4510336","937 1st Avenue","Jay's Breakfast Bar","937 1st Ave.  ","New York","NY","10022","9","0",,"0",,"0",,"170.06","0.00","0.00","0.00","170.06","5","0.556","6","0.667","0","0","9","00:05:22.200","00:00:04.200","00:08:18.000","00:22:00.000","1","0","0","0","1","0","0"
"2026-02-02","3312266","1st Avenue","The Smoothie Squeeze","937 1st Ave.  ","New York","NY","10022","5","0",,"0",,"0",,"87.75","0.00","0.00","0.00","87.75","3","0.600","4","0.800","0","0","5","00:05:00.000","00:00:00.000","00:12:06.600","00:26:53.400","1","1","0","0","0","0","0"
"2026-02-02","3310559","Bedford Ave","Casa Pasta Ristorante","265 Bedford Ave  ","Brooklyn","NY","11211","3","0",,"0",,"0",,"89.53","0.00","0.00","0.00","89.53","2","0.667","2","0.667","0","0","3","00:14:00.000","00:10:30.000","00:13:30.000","00:43:45.000","0","0","0","0","0","0","0"
"2026-02-09","2352422",,"The Pancake Snob (West Chester Pike)","1147 West Chester Pike ","West Chester","PA","19382","7","0",,"0",,"0",,"132.66","0.00","0.00","0.00","132.66","4","0.571","6","0.857","0","0","7","00:04:18.000","00:00:48.000","00:11:06.000","00:38:24.000","1","1","0","0","0","0","0"
"2026-02-23","1946629",,"Village Breakfast Snob","59 4th Ave ","New York","NY","10003","3","0",,"0",,"0",,"96.88","0.00","0.00","0.00","96.88","2","0.667","1","0.333","0","0","3","00:08:15.000","00:00:00.000","00:06:45.000","00:31:30.000","0","0","0","0","0","0","0"
"2026-02-16","3310236","Queens Plaza S","The Pasta Story","25-02 Queens Plaza S  ","Queens","NY","11101","1","0",,"0",,"0",,"19.78","0.00","0.00","0.00","19.78","0",,"1","1.000","0","0","1","00:02:00.000","00:00:00.000","00:07:00.000","00:24:00.000","0","0","0","0","0","0","0"
"2026-02-23","2900807",,"The Omelette Farm (1st Avenue)","1741 1st Avenue  ","New York","NY","10128","6","0",,"0",,"0",,"126.17","0.00","0.00","0.00","126.17","1","0.167","6","1.000","0","0","6","00:08:55.200","00:04:19.800","00:15:40.200","00:36:25.200","0","0","0","0","0","0","0"
"2026-02-09","6345464","The Slice Pizzeria - 7121 West US Highway 90","Roman's Pizza Oven","7121 W US Hwy 90  ","San Antonio","TX","78227","1","0",,"0",,"0",,"24.19","0.00","0.00","0.00","24.19","1","1.000","1","1.000","0","0","1","00:01:00.000","00:01:00.000","00:51:00.000","01:24:00.000","0","0","0","0","0","0","0"
"2026-02-09","2223864",,"Fiona's Pancake Bar","1404 Madison Avenue  ","New York","NY","10029","5","1","0.200","0",,"0",,"122.38","-10.84","0.00","0.00","111.54","3","0.600","5","1.000","0","0","5","00:06:30.000","00:03:00.000","00:13:30.000","00:29:00.000","0","0","0","0","0","0","0"
"2026-02-23","4834440","197 Havemeyer St.","The Mazza Palace","197 Havemeyer St  ","Brooklyn","NY","11211","1","0",,"0",,"0",,"18.29","0.00","0.00","0.00","18.29","0",,"1","1.000","0","0","1","00:18:00.000","00:13:00.000","00:10:00.000","00:36:00.000","0","0","0","0","0","0","0"
"2026-01-26","10078528","8th Ave","Fresh N Fruity Smoothies","382 8th Ave  ","New York","NY","10001","1","0",,"0",,"0",,"23.78","0.00","0.00","0.00","23.78","0",,"1","1.000","0","0","1","00:12:00.000","00:11:00.000","00:18:00.000","00:56:00.000","0","0","0","0","0","0","0"
"2026-02-16","2786288",,"Palm Tree Juice Bar (1st Ave)","217 1st Ave  ","New York","NY","10003","1","0",,"0",,"0",,"15.99","0.00","0.00","0.00","15.99","0",,"1","1.000","0","0","1","00:01:00.000","00:00:00.000","00:11:00.000","00:23:00.000","0","0","0","0","0","0","0"
"2026-02-23","9817992","Mowry","Vegan Falafel Joint","3846 Mowry Ave  ","Fremont","CA","94538","1","0",,"0",,"0",,"16.78","0.00","0.00","0.00","16.78","1","1.000","1","1.000","0","0","1","00:05:00.000","00:05:00.000","00:16:00.000","00:49:00.000","0","0","0","0","0","0","0"
"2026-02-09","3310349","3rd Ave","Frank's French Toast","1760 3rd Ave  ","New York","NY","10029","1","0",,"0",,"0",,"24.93","0.00","0.00","0.00","24.93","0",,"1","1.000","0","0","1","00:01:00.000","00:00:00.000","00:04:00.000","00:20:00.000","1","1","0","0","0","0","0"
"2026-02-16","3311360","Queens Plaza S","Sal's Smoothie Spot","25-02 Queens Plaza S  ","Queens","NY","11101","1","0",,"0",,"0",,"16.28","0.00","0.00","0.00","16.28","0",,"1","1.000","0","0","1","00:03:00.000","00:00:00.000","00:03:00.000","00:13:00.000","0","0","0","0","0","0","0"
"2026-02-23","2794277",,"French Omelette Bar","1760 3rd Ave  ","New York","NY","10029","2","0",,"0",,"0",,"38.55","0.00","0.00","0.00","38.55","1","0.500","1","0.500","0","0","2","00:06:00.000","00:04:30.000","00:12:00.000","00:26:00.000","0","0","0","0","0","0","0"
"2026-01-26","3312534","Gold St","Marty's Wraps Shack","257 Gold St  ","Brooklyn","NY","11201","1","0",,"0",,"0",,"22.67","0.00","0.00","0.00","22.67","1","1.000","0",,"0","0","1","00:01:00.000","00:00:00.000","00:23:00.000","00:35:00.000","0","0","0","0","0","0","0"
"2026-01-26","8569904",,"The Breakfast Dash","1561 St Nicholas Ave  ","New York","NY","10040","1","1","1.000","0",,"0",,"26.96","-16.99","0.00","0.00","9.97","1","1.000","0",,"0","0","1","00:01:00.000","00:00:00.000","00:04:00.000","00:17:00.000","0","0","0","0","0","0","0"
"2026-02-23","9819600","854 N Broadway","Finger Lickin Fried Chicken","854 N Broadway  ","White Plains","NY","10603","2","0",,"0",,"0",,"62.23","0.00","0.00","0.00","62.23","1","0.500","1","0.500","0","0","2","00:00:30.000","00:00:00.000","00:21:00.000","00:40:00.000","0","0","0","0","0","0","0"
"2026-02-16","8568872",,"The Burrito Co","4352 E Speedway Blvd  ","Tucson","AZ","85712","2","0",,"0",,"0",,"58.52","0.00","0.00","0.00","58.52","1","0.500","2","1.000","0","0","2","00:04:00.000","00:04:00.000","00:13:00.000","00:59:00.000","0","0","0","0","0","0","0"
"2026-01-26","3311036","Crenshaw Blvd","High Life Breakfast Sandwiches","6732 Crenshaw Blvd  ","Los Angeles","CA","90043","1","0",,"0",,"0",,"14.18","0.00","0.00","0.00","14.18","0",,"0",,"0","0","1","00:00:00.000","00:00:00.000","00:08:00.000","00:21:00.000","0","0","0","0","0","0","0"
"2026-01-26","3312441","1st Avenue","Muf's Muffin Shop","937 1st Ave.  ","New York","NY","10022","1","0",,"0",,"0",,"42.42","0.00","0.00","0.00","42.42","1","1.000","0",,"0","0","1","00:11:00.000","00:00:00.000","00:07:00.000",,"0","0","0","0","0","0","0"
"2026-02-02","7102536","Golden State Pizza & Grill - 3349 Mission St","Henry's Chicken Wings","3349 Mission St  ","San Francisco","CA","94110","2","0",,"0",,"0",,"94.52","0.00","0.00","0.00","94.52","1","0.500","0",,"0","0","2","00:02:00.000","00:02:00.000","00:13:30.000","00:37:00.000","0","0","0","0","0","0","0"
"2026-02-09","2794277",,"French Omelette Bar","1760 3rd Ave  ","New York","NY","10029","2","0",,"0",,"0",,"30.97","0.00","0.00","0.00","30.97","1","0.500","1","0.500","0","0","2","00:05:30.000","00:00:00.000","00:13:00.000","00:26:30.000","1","1","0","0","0","0","0"
"2026-02-02","7753808","Oakwood Bagels - 101 Guyon Ave","Doughboys Sandwiches","101 Guyon Ave  ","Staten Island","NY","10306","4","1","0.250","0",,"0",,"91.85","-19.78","0.00","0.00","72.07","2","0.500","1","0.250","0","0","4","00:04:19.800","00:02:19.800","00:10:40.200","00:29:00.000","0","0","0","0","0","0","0"
"2026-02-02","6891024","Caffe Venice - 596 3rd Ave","CJ's Breakfast Sandwich","596 3rd Ave  ","New York","NY","10016","5","0",,"1","0.200","1","0.200","119.50","0.00","-29.14","-29.14","90.36","4","0.800","4","0.800","0","0","5","00:11:30.000","00:05:40.200","00:15:49.800","00:39:19.800","0","0","0","0","0","0","0"
"2026-02-23","3312266","1st Avenue","The Smoothie Squeeze","937 1st Ave.  ","New York","NY","10022","7","0",,"1","0.143","1","0.143","169.37","0.00","-10.19","-10.19","159.18","1","0.143","6","0.857","0","0","7","00:07:48.000","00:00:36.000","00:07:12.000","00:22:00.000","0","0","0","0","0","0","0"
"2026-02-16","11791240","1st Ave","The Smoothie Squeeze","589 1st Ave  ","New York","NY","10016","1","0",,"0",,"0",,"18.98","0.00","0.00","0.00","18.98","1","1.000","0",,"0","0","1","00:14:00.000","00:00:00.000","00:11:00.000","00:30:00.000","0","0","0","0","0","0","0"
"2026-02-16","5852272","Hillside Ave","NY Burrito Bar","26801 Hillside Avenue  ","Glen Oaks","NY","11004","3","1","0.333","0",,"0",,"69.92","-2.09","0.00","0.00","67.83","3","1.000","1","0.333","0","0","3","00:03:30.000","00:00:00.000","00:04:00.000","00:19:00.000","1","1","0","0","0","0","0"
"2026-02-16","2509728",,"Badri's Biryani Bar","716 10th Ave ","New York","NY","10019","2","0",,"0",,"0",,"81.94","0.00","0.00","0.00","81.94","2","1.000","1","0.500","0","0","2","00:05:00.000","00:04:30.000","00:21:30.000","00:42:00.000","0","0","0","0","0","0","0"
"2026-02-23","3006549",,"Sip On Smoothie","2909A Queens Plaza North  ","Long Island City","NY","11101","2","1","0.500","0",,"0",,"41.27","-13.29","0.00","0.00","27.98","2","1.000","2","1.000","1","0","1","00:08:00.000","00:00:00.000","00:07:00.000","00:21:00.000","0","0","0","0","0","0","0"
"2026-02-23","9824224","1st","Stella's Slammin' Burgers","937 1st Ave.  ","New York","NY","10022","2","1","0.500","0",,"0",,"115.86","-2.09","0.00","0.00","113.77","1","0.500","2","1.000","0","0","2","00:10:30.000","00:00:00.000","00:11:00.000","00:29:30.000","0","0","0","0","0","0","0"
"2026-02-16","2727983",,"Philly Cheesesteak Artists","755 9th Ave  ","New York","NY","10019","1","0",,"0",,"0",,"13.39","0.00","0.00","0.00","13.39","0",,"0",,"0","0","1","00:12:00.000","00:12:00.000","00:12:00.000","00:50:00.000","0","0","0","0","0","0","0"
"2026-02-23","11798104","E Windmill Ln","Luigi's Pasta Ristorante","415 E Windmill Ln  ","Las Vegas","NV","89123","3","0",,"0",,"0",,"66.97","0.00","0.00","0.00","66.97","1","0.333","2","0.667","0","0","3","00:07:19.800","00:04:00.000","00:13:40.200","00:36:40.200","1","1","0","0","0","0","0"
"2026-02-02","9811896","Mission","Holly's Burger Bar","3349 Mission St  ","San Francisco","CA","94110","2","0",,"0",,"0",,"123.08","0.00","0.00","0.00","123.08","0",,"1","0.500","0","0","2","00:01:30.000","00:01:30.000","00:08:30.000","00:28:30.000","0","0","0","0","0","0","0"
"2026-02-16","2796118",,"The Dumpling Snob","9737 Manchester Rd  ","St. Louis","MO","63119","2","1","0.500","0",,"0",,"95.69","-14.38","0.00","0.00","81.31","2","1.000","2","1.000","0","0","2","00:15:30.000","00:15:30.000","00:21:00.000","01:18:00.000","0","0","0","0","0","0","0"
"2026-01-26","2191911",,"Joe's Chicken and Waffles","5155 3rd Street  ","San Francisco","CA","94124","1","0",,"0",,"0",,"20.96","0.00","0.00","0.00","20.96","0",,"1","1.000","0","0","1","00:01:00.000","00:01:00.000","00:06:00.000","00:28:00.000","0","0","0","0","0","0","0"
"2026-02-02","10929240","Amsterdam Ave","The Burger Hole","1213 Amsterdam Ave  ","New York","NY","10027","2","1","0.500","0",,"0",,"59.42","-18.87","0.00","0.00","40.55","1","0.500","2","1.000","0","0","2","00:12:00.000","00:04:00.000","00:07:30.000","00:34:00.000","1","0","0","0","0","1","1"
"2026-02-16","1946629",,"Village Breakfast Snob","59 4th Ave ","New York","NY","10003","12","0",,"0",,"0",,"373.52","0.00","0.00","0.00","373.52","6","0.500","8","0.667","0","0","12","00:05:25.200","00:00:00.000","00:24:27.000","00:41:38.400","0","0","0","0","0","0","0"
"2026-02-16","1938468",,"Stella's Pancake Bar","937 1st Avenue ","New York","NY","10022","34","0",,"0",,"0",,"733.67","0.00","0.00","0.00","733.67","18","0.529","15","0.441","0","0","34","00:04:15.000","00:00:46.200","00:09:10.800","00:23:21.000","1","1","0","0","0","0","0"
"2026-02-16","1938953",,"Luigi's Pasta Ristorante","589 1st Avenue ","New York","NY","10016","1","0",,"0",,"0",,"23.98","0.00","0.00","0.00","23.98","0",,"1","1.000","0","0","1","00:15:00.000","00:01:00.000","00:04:00.000","00:22:00.000","0","0","0","0","0","0","0"
"2026-02-02","3312535","Lexington Ave","The Acai Dream","1424 Lexington Ave  ","New York","NY","10128","1","0",,"0",,"0",,"19.99","0.00","0.00","0.00","19.99","1","1.000","1","1.000","0","0","1","00:02:00.000","00:02:00.000","00:19:00.000","00:41:00.000","0","0","0","0","0","0","0"
"2026-02-02","6893800","Dream Gourmet Deli inc. - 111 East 161 Street","Prime Burger Lounge","111 E 161 St  ","Bronx","NY","10452","1","0",,"0",,"0",,"13.29","0.00","0.00","0.00","13.29","1","1.000","0",,"0","0","1","00:01:00.000","00:01:00.000","00:10:00.000","00:59:00.000","0","0","0","0","0","0","0"
"2026-02-16","5930240","689 Broadway","Queen's Quesadillas","689 Broadway  ","New York","NY","10012","10","0",,"1","0.100","1","0.100","204.23","0.00","-13.99","-13.99","190.24","2","0.200","7","0.700","0","0","10","00:07:37.800","00:01:30.000","00:10:54.000","00:30:40.200","0","0","0","0","0","0","0"
"2026-02-09","3310939","Crenshaw Blvd","Breakfast Burrito Floozy","6732 Crenshaw Blvd  ","Los Angeles","CA","90043","2","0",,"0",,"0",,"88.40","0.00","0.00","0.00","88.40","0",,"1","0.500","0","0","2","00:02:30.000","00:00:00.000","00:14:30.000","00:31:00.000","0","0","0","0","0","0","0"
"2026-02-23","4836096","197 Havemeyer St.","Twin Peaks Burger","197 Havemeyer St  ","Brooklyn","NY","11211","1","0",,"0",,"0",,"20.00","0.00","0.00","0.00","20.00","0",,"0",,"0","0","1","00:12:00.000","00:09:00.000","00:25:00.000","00:44:00.000","0","0","0","0","0","0","0"
"2026-01-26","6890824","Los barriles mexican restaurant -  6845 Doniphan Dr","The Breakfast Skillet","6845 Doniphan Dr  ","Canutillo","TX","79835","1","0",,"0",,"0",,"31.57","0.00","0.00","0.00","31.57","1","1.000","1","1.000","0","0","1","00:11:00.000","00:07:00.000","00:09:00.000","00:36:00.000","0","0","0","0","0","0","0"
"2026-02-23","2848423",,"Village Breakfast Snob (Bedford Ave)","265 Bedford Ave  ","Brooklyn","NY","11211","2","0",,"0",,"0",,"291.10","0.00","0.00","0.00","291.10","2","1.000","1","0.500","0","0","2","00:23:30.000","00:18:00.000","00:09:30.000","00:38:00.000","0","0","0","0","0","0","0"
"2026-02-23","11002248","Morris Park Avenue","Bart's Breakfast Sandwiches","682 Morris Park Ave  ","Bronx","NY","10462","1","0",,"0",,"0",,"29.35","0.00","0.00","0.00","29.35","0",,"1","1.000","0","0","1","00:41:00.000","00:27:00.000","00:06:00.000","00:56:00.000","0","0","0","0","0","0","0"
"2026-02-09","3344172","916 Hempstead Turnpike","Casa De Quesadilla","916 Hempstead Turnpike  ","Franklin Square","NY","11010","1","0",,"0",,"0",,"20.98","0.00","0.00","0.00","20.98","1","1.000","1","1.000","0","0","1","00:08:00.000","00:00:00.000","00:04:00.000","00:24:00.000","0","0","0","0","0","0","0"
"2026-02-02","6891680","Wholesome Farms Market - 840 Fulton St","Celines Salad Bar","840 Fulton St  ","Brooklyn","NY","11238","1","0",,"0",,"0",,"7.68","0.00","0.00","0.00","7.68","0",,"0",,"0","0","1","00:03:00.000","00:00:00.000","00:14:00.000","00:33:00.000","0","0","0","0","0","0","0"
"2026-02-16","10493424","1st Avenue","Princess Panini","937 1st Ave.  ","New York","NY","10022","1","0",,"0",,"0",,"17.88","0.00","0.00","0.00","17.88","0",,"1","1.000","0","0","1","00:13:00.000","00:00:00.000","00:12:00.000","00:34:00.000","0","0","0","0","0","0","0"
"2026-02-02","3308893","Pico Blvd","Sicily's Calzone House","2624 Pico Blvd  ","Santa Monica","CA","90405","1","0",,"0",,"0",,"17.18","0.00","0.00","0.00","17.18","0",,"1","1.000","0","0","1","00:01:00.000","00:01:00.000","00:11:00.000","00:36:00.000","0","0","0","0","0","0","0"
"2026-02-16","2896401",,"Glorious Panini Snob","1219 1st Ave  ","New York","NY","10065","3","0",,"0",,"0",,"70.38","0.00","0.00","0.00","70.38","1","0.333","3","1.000","0","0","3","00:04:30.000","00:03:15.000","00:05:00.000","00:24:00.000","0","0","0","0","0","0","0"
"2026-02-23","3310812","Hillside Ave","Top Panini Shop","164-01 Hillside Avenue  ","Jamaica","NY","11432","1","0",,"0",,"0",,"185.68","0.00","0.00","0.00","185.68","1","1.000","0",,"0","0","1","00:17:00.000","00:04:00.000","00:07:00.000","00:33:00.000","0","0","0","0","0","0","0"
"2026-02-02","9832880","205 22nd Ave N","Luigi's Pasta Ristorante","329 Union St  ","Nashville","TN","37201","1","0",,"0",,"0",,"23.78","0.00","0.00","0.00","23.78","1","1.000","1","1.000","0","0","1","00:03:00.000","00:03:00.000","00:07:00.000","01:17:00.000","0","0","0","0","0","0","0"
"2026-02-16","2930271",,"Bosscat Burgers","1219 1st Avenue  ","New York","NY","10065","1","0",,"0",,"0",,"19.56","0.00","0.00","0.00","19.56","0",,"1","1.000","0","0","1","00:19:00.000","00:08:00.000","00:06:00.000",,"0","0","0","0","0","0","0"
"2026-02-02","2741113",,"Philly Cheesesteak Company","1760 3rd Ave New York  ","New York","NY","10029","1","0",,"0",,"0",,"16.99","0.00","0.00","0.00","16.99","0",,"1","1.000","0","0","1","00:03:00.000","00:03:00.000","00:17:00.000","00:35:00.000","0","0","0","0","0","0","0"
"2026-02-23","6895640","Twin Donut Mexican Grill - 3 W Fordham Rd","Frankie's Burger Bar","3 W Fordham Rd  ","Bronx","NY","10468","1","0",,"0",,"0",,"16.48","0.00","0.00","0.00","16.48","1","1.000","1","1.000","0","0","1","00:02:00.000","00:00:00.000","00:19:00.000","00:38:00.000","0","0","0","0","0","0","0"
"2026-02-23","2886102",,"Bubble Tea Garden","501 Broadway  ","San Francisco","CA","94133","2","0",,"2","1.000","2","1.000","51.12","0.00","-51.12","-51.12","0.00","1","0.500","2","1.000","0","0","2",,,,,"0","0","0","0","0","0","0"
"2026-02-23","11791240","1st Ave","The Smoothie Squeeze","589 1st Ave  ","New York","NY","10016","1","0",,"0",,"0",,"20.97","0.00","0.00","0.00","20.97","0",,"1","1.000","0","0","1","00:01:00.000","00:00:00.000","00:04:00.000","00:21:00.000","0","0","0","0","0","0","0"
"2026-02-09","3311345","Ave #35st","Nomad's Bagels","450 9th Ave  ","New York","NY","10018","6","0",,"0",,"0",,"233.81","0.00","0.00","0.00","233.81","5","0.833","4","0.667","0","0","6","00:04:18.000","00:02:00.000","00:13:36.000","00:28:18.000","0","0","0","0","0","0","0"
"2026-02-16","2776206",,"Frankie's Burger Bar","937 1st Avenue  ","New York","NY","10022","1","0",,"0",,"0",,"22.76","0.00","0.00","0.00","22.76","0",,"1","1.000","0","0","1","00:04:00.000","00:00:00.000","00:12:00.000","00:28:00.000","0","0","0","0","0","0","0"
"2026-02-09","2795079",,"Danny's Desserts","228 George St  ","New Brunswick","NJ","08901","2","1","0.500","0",,"0",,"27.57","-10.59","0.00","0.00","16.98","2","1.000","1","0.500","0","0","2","00:05:30.000","00:04:00.000","00:20:00.000","00:38:00.000","0","0","0","0","0","0","0"
"2026-02-23","9815104","Mission","Chop & Dice Salads","3349 Mission St  ","San Francisco","CA","94110","1","0",,"0",,"0",,"18.97","0.00","0.00","0.00","18.97","0",,"1","1.000","0","0","1","00:01:00.000","00:01:00.000","00:15:00.000","00:35:00.000","1","1","0","0","0","0","0"
"2026-01-26","5852272","Hillside Ave","NY Burrito Bar","26801 Hillside Avenue  ","Glen Oaks","NY","11004","1","0",,"0",,"0",,"26.27","0.00","0.00","0.00","26.27","0",,"1","1.000","0","0","1","00:04:00.000","00:00:00.000","00:18:00.000","00:34:00.000","0","0","0","0","0","0","0"
"2026-02-09","3300657","30th St","Big Ease Smoothies","34-02 30th St  ","Astoria","NY","11106","5","0",,"0",,"0",,"89.67","0.00","0.00","0.00","89.67","3","0.600","2","0.400","0","0","5","00:03:53.400","00:00:19.800","00:07:13.200","00:20:19.800","0","0","0","0","0","0","0"
"2026-02-23","3309753","W Camelback Rd #103","Noodle And Rice Bar","3446 W Camelback Rd  ","Phoenix","AZ","85017","1","0",,"0",,"0",,"13.29","0.00","0.00","0.00","13.29","0",,"1","1.000","0","0","1","00:01:00.000","00:00:00.000","00:12:00.000","00:29:00.000","0","0","0","0","0","0","0"
"2026-02-16","3310266","3rd Ave","Mighty Grilled Cheese","1760 3rd Ave  ","New York","NY","10029","1","0",,"0",,"0",,"11.87","0.00","0.00","0.00","11.87","0",,"0",,"0","0","1","00:09:00.000","00:00:00.000","00:07:00.000","00:27:00.000","0","0","0","0","0","0","0"
"2026-02-09","1939835",,"Heavens Chicken Wings","589 1st Avenue ","New York","NY","10016","2","0",,"0",,"0",,"51.96","0.00","0.00","0.00","51.96","1","0.500","1","0.500","0","0","2","00:04:00.000","00:03:30.000","00:20:30.000","00:40:30.000","0","0","0","0","0","0","0"
"2026-02-16","5040864","9061 Van Nuys Blvd","Casa Pasta Ristorante","9061 Van Nuys Blvd  ","Van Nuys","CA","91402","2","0",,"1","0.500","1","0.500","48.98","0.00","-20.99","-20.99","27.99","1","0.500","1","0.500","0","0","2","00:02:00.000","00:02:00.000","00:06:00.000","00:28:00.000","0","0","0","0","0","0","0"
"2026-02-09","9811880","Gold","Heaven's Burgers","257 Gold St  ","Brooklyn","NY","11201","1","0",,"0",,"0",,"26.28","0.00","0.00","0.00","26.28","1","1.000","1","1.000","0","0","1","00:04:00.000","00:04:00.000","00:07:00.000","00:27:00.000","0","0","0","0","0","0","0"
"2026-02-23","9817944","38-01 Vernon Boulevard","Martha's Pancake Bar","38-01 Vernon Blvd  ","Long Island City","NY","11101","2","0",,"0",,"0",,"63.12","0.00","0.00","0.00","63.12","2","1.000","2","1.000","0","0","2","00:11:30.000","00:07:00.000","00:10:00.000","00:31:00.000","0","0","0","0","0","0","0"
"2026-02-02","5850184","Vernon Boulevard","Penny's Pancakes","38-01 Vernon Blvd  ","Long Island City","NY","11101","1","0",,"0",,"0",,"18.47","0.00","0.00","0.00","18.47","0",,"0",,"0","0","1","00:09:00.000","00:05:00.000","00:14:00.000","00:39:00.000","0","0","0","0","0","0","0"
"2026-02-02","7749184","Sicilian Pizza - 2614 Lebanon Pike","High Life Pizzas","2614 Lebanon Pike  ","Nashville","TN","37214","1","0",,"0",,"0",,"50.76","0.00","0.00","0.00","50.76","1","1.000","0",,"0","0","1","00:04:00.000","00:00:00.000","00:13:00.000","00:29:00.000","0","0","0","0","0","0","0"
"2026-02-16","2847792",,"Julia's Juice Shack (Bedford Ave)","265 Bedford Ave  ","NY","NY","11211","1","0",,"0",,"0",,"13.28","0.00","0.00","0.00","13.28","1","1.000","1","1.000","0","0","1","00:05:00.000","00:00:00.000","00:04:00.000","00:21:00.000","0","0","0","0","0","0","0"
"2026-02-23","6891008","Italian Village Pizza - 5532 W Saginaw Hwy","Jim's House of Hoagies","5532 W Saginaw Hwy  ","Lansing","MI","48917","1","0",,"0",,"0",,"15.38","0.00","0.00","0.00","15.38","0",,"1","1.000","0","0","1",,,,"00:38:00.000","0","0","0","0","0","0","0"
"2026-02-02","6891656","Wholesome Farms Market - 840 Fulton St","Olivia's Breakfast Cafe","840 Fulton St  ","Brooklyn","NY","11238","2","0",,"0",,"0",,"32.82","0.00","0.00","0.00","32.82","0",,"2","1.000","0","0","2","00:05:30.000","00:00:00.000","00:02:30.000","00:20:00.000","0","0","0","0","0","0","0"
"2026-02-16","9816352","168 Myrtle Ave","Daybreak Breakfast Club","168 Myrtle Ave  ","Brooklyn","NY","11201","2","0",,"0",,"0",,"40.92","0.00","0.00","0.00","40.92","1","0.500","2","1.000","0","0","2","00:09:00.000","00:06:30.000","00:04:30.000","00:37:30.000","0","0","0","0","0","0","0"
"2026-02-02","1946630",,"Firenze Pasta Ristorante","59 4th Avenue  ","New York","NY","10003","1","0",,"0",,"0",,"42.97","0.00","0.00","0.00","42.97","1","1.000","1","1.000","0","0","1","00:01:00.000","00:00:00.000","00:04:00.000",,"0","0","0","0","0","0","0"
"2026-02-02","3309585","Pico Blvd","Firenze Pasta Ristorante","2624 Pico Blvd  ","Santa Monica","CA","90405","1","0",,"0",,"0",,"23.28","0.00","0.00","0.00","23.28","1","1.000","1","1.000","0","0","1","00:02:00.000","00:00:00.000","00:20:00.000","00:35:00.000","0","0","0","0","0","0","0"
"2026-02-02","8563032",,"Francesco Pasta Ristorante","9061 Van Nuys Blvd ","Los Angeles","CA","91402","1","0",,"0",,"0",,"41.27","0.00","0.00","0.00","41.27","1","1.000","0",,"0","0","1","00:02:00.000","00:00:00.000","00:11:00.000","00:25:00.000","1","1","0","0","0","0","0"
"2026-02-16","8563032",,"Francesco Pasta Ristorante","9061 Van Nuys Blvd ","Los Angeles","CA","91402","1","0",,"0",,"0",,"19.59","0.00","0.00","0.00","19.59","0",,"1","1.000","0","0","1","00:05:00.000","00:00:00.000","00:11:00.000","00:23:00.000","0","0","0","0","0","0","0"
"2026-02-23","9794768","18 S Abbott Ave","Dum Biryani Snob","18 S Abbott Ave  ","Milpitas","CA","95035","1","1","1.000","0",,"0",,"15.48","-15.48","0.00","0.00","0.00","0",,"1","1.000","0","0","1","00:02:00.000","00:00:00.000","00:08:00.000","00:24:00.000","0","0","0","0","0","0","0"
"2026-02-02","2785650",,"Palm Tree Juice Bar (Main St)","459 Main St  ","Armonk","NY","10504","1","0",,"1","1.000","1","1.000","13.28","0.00","-13.28","-13.28","0.00","1","1.000","0",,"0","0","1",,,,,"0","0","0","0","0","0","0"
"2026-02-09","9820976","4955 Voltaire St","The Smoothie Savage","4955 Voltaire St  ","San Diego","CA","92107","1","0",,"0",,"0",,"18.87","0.00","0.00","0.00","18.87","0",,"1","1.000","0","0","1","00:08:00.000","00:08:00.000","00:05:00.000","00:34:00.000","0","0","0","0","0","0","0"
"2026-02-02","2900330",,"Cheesecake And Dessert Bar (Polk St)","1338 Polk St  ","San Francisco","CA","94109","2","0",,"0",,"0",,"179.85","0.00","0.00","0.00","179.85","1","0.500","1","0.500","0","0","2","00:02:30.000","00:01:00.000","00:16:00.000","00:39:00.000","1","1","0","0","0","0","0"
"2026-02-09","2900806",,"The Shawarma Bar (Polk St)","1338 Polk St  ","San Francisco","CA","94109","5","0",,"0",,"0",,"268.76","0.00","0.00","0.00","268.76","3","0.600","5","1.000","0","0","5","00:03:00.000","00:01:53.400","00:14:46.800","00:36:06.600","1","1","0","0","0","0","0"
"2026-02-02","7324168","Bellyful - 2102 Utica Ave","The Mac and Cheese Co","2102 Utica Ave  ","Brooklyn","NY","11234","4","0",,"0",,"0",,"105.72","0.00","0.00","0.00","105.72","2","0.500","3","0.750","0","0","4","00:07:19.800","00:03:40.200","00:22:49.800","01:07:00.000","1","0","1","0","0","0","1"
"2026-02-16","3310764","Pennsylvania Ave","The American Dream Kitchen","820 Pennsylvania Ave  ","Pittsburgh","PA","15233","1","0",,"0",,"0",,"26.97","0.00","0.00","0.00","26.97","0",,"1","1.000","0","0","1","00:01:00.000","00:00:00.000","00:14:00.000","00:39:00.000","0","0","0","0","0","0","0"
"2026-02-23","3309771","Hillside Ave","Jr's Philly Cheesesteaks","164-01 Hillside Avenue  ","Jamaica","NY","11432","1","0",,"0",,"0",,"28.27","0.00","0.00","0.00","28.27","1","1.000","1","1.000","0","0","1","00:09:00.000","00:00:00.000","00:18:00.000","00:31:00.000","0","0","0","0","0","0","0"
"2026-02-23","11803272","Thomas S Boyland St","Mary's Chicken Sandwiches","116 Thomas S Boyland St  ","Brooklyn","NY","11233","1","0",,"0",,"0",,"21.37","0.00","0.00","0.00","21.37","1","1.000","1","1.000","0","0","1","00:03:00.000","00:03:00.000","00:17:00.000","00:51:00.000","0","0","0","0","0","0","0"
"2026-02-16","3310745","Newport Blvd","Breakfast Burrito Joint","2400 Newport Blvd  ","Costa Mesa","CA","92627","1","0",,"0",,"0",,"42.54","0.00","0.00","0.00","42.54","0",,"1","1.000","0","0","1","00:01:00.000","00:00:00.000","00:05:00.000","00:24:00.000","0","0","0","0","0","0","0"
"2026-02-23","2668111",,"Mary's Omelette Bar","300 8th Ave  ","New York","NY","10001","1","0",,"0",,"0",,"15.87","0.00","0.00","0.00","15.87","0",,"1","1.000","0","0","1","00:13:00.000","00:03:00.000","00:11:00.000","00:28:00.000","0","0","0","0","0","0","0"
"2026-02-02","2040775",,"Ava's Fried Chicken","820 Pennsylvania Ave ","Pittsburgh","PA","15233","2","0",,"0",,"0",,"105.87","0.00","0.00","0.00","105.87","2","1.000","2","1.000","0","0","2","00:16:00.000","00:01:30.000","00:19:30.000","00:44:30.000","0","0","0","0","0","0","0"
"2026-02-23","2116039",,"BBQ Ribs Co.","820 Pennsylvania Ave ","Pittsburgh","PA","15233","1","0",,"0",,"0",,"51.94","0.00","0.00","0.00","51.94","1","1.000","1","1.000","0","0","1","00:04:00.000","00:03:00.000","00:19:00.000","00:37:00.000","0","0","0","0","0","0","0"
"2026-02-16","4510072","433 W 34th st","Sip On Smoothie","433 W 34th St.  ","New York","NY","10001","1","0",,"0",,"0",,"26.87","0.00","0.00","0.00","26.87","0",,"1","1.000","0","0","1","00:03:00.000","00:00:00.000","00:13:00.000","00:20:00.000","0","0","0","0","0","0","0"
"2026-01-26","9834480","277 Gold St","Fiona's Breakfast Burritos","277 Gold St  ","Brooklyn","NY","11201","1","0",,"0",,"0",,"15.39","0.00","0.00","0.00","15.39","0",,"0",,"0","0","1","00:11:00.000","00:11:00.000","00:12:00.000","00:45:00.000","0","0","0","0","0","0","0"
"2026-02-02","3310403","W Indian School Rd","Nakamura Ramen House","400 W Indian School Rd  ","Phoenix","AZ","85013","6","0",,"0",,"0",,"152.46","0.00","0.00","0.00","152.46","5","0.833","5","0.833","0","0","6","00:01:52.800","00:00:00.000","00:16:07.800","00:34:30.000","1","1","0","0","0","0","0"
"2026-02-09","3310669","Bedford Ave","Penny's Pancakes","265 Bedford Ave  ","Brooklyn","NY","11211","1","0",,"0",,"0",,"17.48","0.00","0.00","0.00","17.48","1","1.000","1","1.000","0","0","1","00:03:00.000","00:01:00.000","00:15:00.000","00:36:00.000","1","0","0","1","0","0","1"
"2026-02-09","2896704",,"Martha's Breakfast Sandwiches","1219 1st Ave  ","New York","NY","10065","1","0",,"0",,"0",,"93.41","0.00","0.00","0.00","93.41","0",,"1","1.000","0","0","1","00:42:00.000","00:28:00.000","00:00:00.000","00:45:00.000","0","0","0","0","0","0","0"
"2026-02-02","9815040","1424 Lexington Ave","House of Paninis","1424 Lexington Ave  ","New York","NY","10128","5","0",,"1","0.200","1","0.200","112.56","0.00","-9.79","-9.79","102.77","4","0.800","5","1.000","0","0","5","00:22:00.000","00:16:00.000","00:14:15.000","00:46:30.000","0","0","0","0","0","0","0"
"2026-02-09","8566160",,"Casa De Quesadilla","415 E Windmill Ln  ","Las Vegas","NV","89123","2","0",,"0",,"0",,"33.47","0.00","0.00","0.00","33.47","0",,"1","0.500","0","0","2","00:01:00.000","00:01:00.000","00:16:30.000","00:50:00.000","0","0","0","0","0","0","0"
"2026-02-16","4836096","197 Havemeyer St.","Twin Peaks Burger","197 Havemeyer St  ","Brooklyn","NY","11211","6","1","0.167","0",,"0",,"148.10","-1.55","0.00","0.00","146.55","0",,"4","0.667","0","0","6","00:06:00.000","00:02:36.000","00:07:12.000","00:22:36.000","0","0","0","0","0","0","0"
"2026-02-09","3310369","1st Avenue","High Life Coffee Shop","217 1st Ave.  ","New York","NY","10003","1","0",,"0",,"0",,"13.84","0.00","0.00","0.00","13.84","1","1.000","0",,"0","0","1","00:04:00.000","00:00:00.000","00:03:00.000","00:16:00.000","1","0","1","0","0","0","0"
"2026-02-16","3310407","E Arapaho Rd #F","Master Yamamoto Ramen Bar","1401 E Arapaho Rd  ","Richardson","TX","75081","3","0",,"0",,"0",,"93.71","0.00","0.00","0.00","93.71","1","0.333","1","0.333","0","0","3","00:01:40.200","00:00:00.000","00:11:19.800","00:24:00.000","0","0","0","0","0","0","0"
"2026-02-09","2741113",,"Philly Cheesesteak Company","1760 3rd Ave New York  ","New York","NY","10029","1","0",,"0",,"0",,"84.90","0.00","0.00","0.00","84.90","1","1.000","0",,"0","0","1","00:10:00.000","00:10:00.000","00:18:00.000","00:39:00.000","1","1","0","0","0","0","0"
"2026-02-16","3309771","Hillside Ave","Jr's Philly Cheesesteaks","164-01 Hillside Avenue  ","Jamaica","NY","11432","2","0",,"0",,"0",,"53.92","0.00","0.00","0.00","53.92","1","0.500","1","0.500","0","0","2","00:08:30.000","00:02:30.000","00:26:00.000","00:48:30.000","1","0","1","0","0","0","0"
"2026-02-16","6890744","Wholesome Farms Market - 1306 Atlantic Ave","The Sandwich Vibe","1306 Atlantic Ave  ","Brooklyn","NY","11216","6","0",,"0",,"0",,"142.79","0.00","0.00","0.00","142.79","3","0.500","5","0.833","0","0","6","00:05:55.200","00:00:10.200","00:08:34.799","00:28:10.200","0","0","0","0","0","0","0"
"2026-02-16","11002248","Morris Park Avenue","Bart's Breakfast Sandwiches","682 Morris Park Ave  ","Bronx","NY","10462","2","0",,"0",,"0",,"41.93","0.00","0.00","0.00","41.93","0",,"2","1.000","0","0","2","00:11:30.000","00:00:00.000","00:08:00.000","00:28:30.000","1","1","0","0","0","0","0"
"2026-01-26","3300844","N Citrus Ave","Day N Night Pancakes","900 N Citrus Ave  ","Covina","CA","91722","1","0",,"0",,"0",,"22.38","0.00","0.00","0.00","22.38","1","1.000","1","1.000","0","0","1","00:05:00.000","00:00:00.000","00:30:00.000","00:46:00.000","0","0","0","0","0","0","0"
"2026-02-16","11798104","E Windmill Ln","Luigi's Pasta Ristorante","415 E Windmill Ln  ","Las Vegas","NV","89123","2","0",,"0",,"0",,"49.97","0.00","0.00","0.00","49.97","2","1.000","2","1.000","0","0","2","00:14:00.000","00:05:00.000","00:21:30.000","00:46:30.000","2","2","0","0","0","0","1"
"2026-02-16","1967490",,"The Omelette Farm","589 1st Avenue ","New York","NY","10016","20","1","0.050","1","0.050","1","0.050","517.27","-13.39","-15.49","-15.49","488.39","7","0.350","7","0.350","0","0","20","00:05:35.400","00:00:48.600","00:12:24.000","00:24:52.800","1","0","1","0","0","0","0"
"2026-02-09","3006704",,"Big E's Wraps","2909A Queens Plaza North  ","Long Island City","NY","11101","2","0",,"0",,"0",,"32.18","0.00","0.00","0.00","32.18","1","0.500","2","1.000","0","0","2","00:04:30.000","00:01:00.000","00:01:30.000","00:20:30.000","0","0","0","0","0","0","0"
"2026-02-23","4840360","265 Bedford Ave","Sal's Smoothie Spot","265 Bedford Ave  ","Brooklyn","NY","11211","1","0",,"0",,"0",,"12.58","0.00","0.00","0.00","12.58","0",,"1","1.000","0","0","1","00:11:00.000","00:08:00.000","00:23:00.000","00:50:00.000","0","0","0","0","0","0","0"
"2026-02-09","6156504","839 W University Dr","The Sandwich Vibe","839 W University Dr  ","Tempe","AZ","85281","1","0",,"0",,"0",,"19.57","0.00","0.00","0.00","19.57","1","1.000","1","1.000","0","0","1","00:01:00.000","00:01:00.000","00:17:00.000","00:48:00.000","0","0","0","0","0","0","0"
"2026-02-16","2460412",,"Breakfast Burrito Snob","488 Post St ","San Francisco","CA","94102","3","1","0.333","0",,"0",,"72.72","-6.29","0.00","0.00","66.43","1","0.333","2","0.667","0","0","3","00:08:30.000","00:07:45.000","00:10:15.000","00:36:30.000","0","0","0","0","0","0","0"
"2026-02-09","2732251",,"The Shawarma Bar (Gold St)","257 Gold St  ","New York","NY","10075","1","0",,"0",,"0",,"48.97","0.00","0.00","0.00","48.97","1","1.000","1","1.000","0","0","1","00:07:00.000","00:00:00.000","00:22:00.000","00:50:00.000","0","0","0","0","0","0","0"
"2026-02-02","6891712","Wholesome Farms Market - 1306 Atlantic Ave","Burning Burger Stack","1306 Atlantic Ave  ","Brooklyn","NY","11216","2","0",,"0",,"0",,"32.65","0.00","0.00","0.00","32.65","1","0.500","2","1.000","0","0","2","00:12:00.000","00:01:30.000","00:07:30.000","00:29:00.000","0","0","0","0","0","0","0"
"2026-02-09","10359496","Polk St","Original Burger Bar","1428 Polk St  ","San Francisco","CA","94109","1","0",,"0",,"0",,"74.94","0.00","0.00","0.00","74.94","0",,"1","1.000","0","0","1","00:04:00.000","00:03:00.000","00:06:00.000","00:24:00.000","1","0","0","1","0","0","1"
"2026-02-23","2773049",,"The Panini Project (1st Avenue)","937 1st Avenue  ","New York","NY","10022","1","0",,"0",,"0",,"27.96","0.00","0.00","0.00","27.96","1","1.000","0",,"0","0","1","00:05:00.000","00:05:00.000","00:02:00.000","00:18:00.000","0","0","0","0","0","0","0"
"2026-02-09","2642274",,"Smoothie and Dessert Bar","755 9th Ave  #1C","New York","NY","10019","1","0",,"0",,"0",,"15.29","0.00","0.00","0.00","15.29","1","1.000","0",,"0","0","1","00:16:00.000","00:11:00.000","00:12:00.000","00:32:00.000","0","0","0","0","0","0","0"
"2026-02-23","10559368","W 34th st","Fiona's Breakfast Burritos","433 W 34th St.  ","New York","NY","10001","6","0",,"1","0.167","1","0.167","124.95","0.00","-30.76","-30.76","94.19","3","0.500","5","0.833","0","0","6","00:08:26.400","00:00:00.000","00:13:26.400","00:30:13.200","0","0","0","0","0","0","0"
"2026-02-02","7097528","East Side Deli","Sunrise Coffee Express","1424 Lexington Ave  ","New York","NY","10128","6","0",,"2","0.333","2","0.333","126.48","0.00","-48.22","-48.22","78.26","1","0.167","6","1.000","0","0","6","00:07:10.200","00:00:00.000","00:22:00.000","00:38:30.000","1","0","1","0","0","0","0"
"2026-02-09","9822624","30th","Pardon My Panini","34-02 30th St  ","Astoria","NY","11106","1","0",,"0",,"0",,"32.17","0.00","0.00","0.00","32.17","1","1.000","1","1.000","0","0","1","00:05:00.000","00:05:00.000","00:15:00.000","00:44:00.000","0","0","0","0","0","0","0"
"2026-02-23","9815112","Broadway","Salad Kreation","5993 Broadway  ","Bronx","NY","10471","2","0",,"0",,"0",,"49.62","0.00","0.00","0.00","49.62","2","1.000","2","1.000","0","0","2","00:02:30.000","00:00:00.000","00:10:00.000","00:16:00.000","0","0","0","0","0","0","0"
"2026-02-09","9824152","1174 Chapel St","Slapjack Pancakes","1174 Chapel St  ","New Haven","CT","06511","2","0",,"0",,"0",,"78.99","0.00","0.00","0.00","78.99","2","1.000","0",,"0","0","2","00:07:00.000","00:01:30.000","00:08:30.000","00:23:30.000","1","0","0","1","0","0","0"
"2026-01-26","823219",,"Priya's Indian Kitchen","716 10th Ave ","New York","NY","10019","1","0",,"0",,"0",,"25.98","0.00","0.00","0.00","25.98","0",,"1","1.000","0","0","1","00:02:00.000","00:02:00.000","00:17:00.000","01:13:00.000","0","0","0","0","0","0","0"
"2026-02-02","2223864",,"Fiona's Pancake Bar","1404 Madison Avenue  ","New York","NY","10029","3","0",,"0",,"0",,"104.86","0.00","0.00","0.00","104.86","1","0.333","3","1.000","0","0","3","00:08:30.000","00:04:00.000","00:08:30.000","00:29:15.000","0","0","0","0","0","0","0"
"2026-02-02","3311297","Hillside Ave","The Chopped Salad","164-01 Hillside Avenue  ","Jamaica","NY","11432","4","0",,"0",,"0",,"151.64","0.00","0.00","0.00","151.64","4","1.000","3","0.750","0","0","4","00:03:00.000","00:00:00.000","00:18:15.000","00:32:15.000","0","0","0","0","0","0","0"
"2026-02-09","3310297","W Peoria Ave #116","Kung Fu Chinese Kitchen","8520 W Peoria Ave  ","Peoria","AZ","85345","1","0",,"0",,"0",,"20.48","0.00","0.00","0.00","20.48","1","1.000","1","1.000","0","0","1","00:02:00.000","00:00:00.000","00:13:00.000","00:28:00.000","0","0","0","0","0","0","0"
"2026-02-09","3311011","9th Ave","City Light Wraps","468 9th Ave  ","New York","NY","10018","1","0",,"0",,"0",,"15.57","0.00","0.00","0.00","15.57","0",,"1","1.000","0","0","1","00:02:00.000","00:00:00.000","00:20:00.000","00:34:00.000","0","0","0","0","0","0","0"
"2026-02-23","1949699",,"Chucks Cheesesteaks","1338 Polk St ","San Francisco","CA","94109","2","0",,"0",,"0",,"23.98","0.00","0.00","0.00","23.98","0",,"0",,"0","0","2","00:01:00.000","00:00:00.000","00:04:30.000","00:24:30.000","0","0","0","0","0","0","0"
"2026-02-16","3310146","3rd Ave","Fried Munchies Shack","1760 3rd Ave  ","New York","NY","10029","1","0",,"0",,"0",,"50.28","0.00","0.00","0.00","50.28","0",,"1","1.000","0","0","1","00:21:00.000","00:05:00.000","00:27:00.000","00:52:00.000","0","0","0","0","0","0","0"
"2026-02-02","2353713",,"The Pasta Twins","300 8th Ave ","New York","NY","10001","1","0",,"0",,"0",,"17.99","0.00","0.00","0.00","17.99","0",,"0",,"0","0","1","00:15:00.000","00:05:00.000","00:03:00.000","00:27:00.000","0","0","0","0","0","0","0"
"2026-02-09","2795077",,"Orange Chicken Snob","9737 Manchester Rd  ","St. Louis","MO","63119","1","0",,"0",,"0",,"60.93","0.00","0.00","0.00","60.93","1","1.000","0",,"0","0","1","00:00:00.000","00:00:00.000","00:08:00.000","00:27:00.000","0","0","0","0","0","0","0"
"2026-02-16","3310336","Sullivan St","Julia's Juice Shack","240 Sullivan St  ","New York","NY","10012","1","0",,"0",,"0",,"29.37","0.00","0.00","0.00","29.37","1","1.000","1","1.000","0","0","1","00:14:00.000","00:02:00.000","00:20:00.000","00:43:00.000","0","0","0","0","0","0","0"
"2026-02-23","8570088",,"Carmen's Breakfast Burritos","415 E Windmill Ln  ","Las Vegas","NV","89123","1","0",,"0",,"0",,"26.96","0.00","0.00","0.00","26.96","0",,"1","1.000","0","0","1","00:17:00.000","00:03:00.000","00:28:00.000","00:51:00.000","0","0","0","0","0","0","0"
"2026-02-23","8566128",,"TacoTaste Mexican","4352 E Speedway Blvd  ","Tucson","AZ","85712","1","1","1.000","0",,"0",,"27.43","-6.98","0.00","0.00","20.45","0",,"1","1.000","0","0","1","00:01:00.000","00:00:00.000","00:21:00.000","00:34:00.000","0","0","0","0","0","0","0"
"2026-01-26","2848423",,"Village Breakfast Snob (Bedford Ave)","265 Bedford Ave  ","Brooklyn","NY","11211","1","0",,"0",,"0",,"20.78","0.00","0.00","0.00","20.78","1","1.000","0",,"0","0","1","00:03:00.000","00:03:00.000","00:02:00.000","00:29:00.000","0","0","0","0","0","0","0"
"2026-01-26","9815016","3907 Lee Hwy","Top Notch Sandwiches","3907 Lee Hwy  ","Arlington","VA","22207","1","0",,"0",,"0",,"25.57","0.00","0.00","0.00","25.57","1","1.000","1","1.000","0","0","1","00:00:00.000","00:00:00.000","00:07:00.000","00:25:00.000","0","0","0","0","0","0","0"
"2026-02-02","2644602",,"Local Breakfast Spot","755 9th Ave  #1B","New York","NY","10019","1","0",,"0",,"0",,"20.27","0.00","0.00","0.00","20.27","0",,"1","1.000","0","0","1","00:16:00.000","00:14:00.000","00:11:00.000","00:34:00.000","0","0","0","0","0","0","0"
