"week_start_date","grubhub_store_id","store_number","store_name","street_address","city","state","postal_code","total_orders","subtotal_sales","self_delivery_charge","merchant_fees","sales_tax","tip","merchant_total","commission","delivery_commission","gh_plus_commission","order_processing_fee","withheld_sales_tax","merchant_funded_promotion_and_loyalty","merchant_net_total"
"2026-02-16","3310403","W Indian School Rd","Nakamura Ramen House","400 W Indian School Rd  ","Phoenix","AZ","85013","4","179.71","0.00","0.00","14.44","0.00","194.15","-26.96","-17.98","0.00","-6.49","0.00","-21.00","121.72"
"2026-02-09","8568648",,"GrillGrub Sandwiches","1561 St Nicholas Ave  ","New York","NY","10040","1","28.97","0.00","0.00","2.13","0.00","31.10","-4.35","-2.90","0.00","-1.10","0.00","-5.00","17.75"
"2026-02-02","3310118","W Indian School Rd","Fried Rice Fanatic","400 W Indian School Rd  ","Phoenix","AZ","85013","8","203.44","0.00","0.00","18.05","0.00","221.49","-30.52","-20.35","0.00","-8.99","0.00","-5.00","156.63"
"2026-02-09","1938468",,"Stella's Pancake Bar","937 1st Avenue ","New York","NY","10022","32","763.62","0.00","0.00","60.89","0.00","824.51","-114.55","-76.43","0.00","-32.36","0.00","-78.00","523.17"
"2026-02-02","5930240","689 Broadway","Queen's Quesadillas","689 Broadway  ","New York","NY","10012","10","165.07","0.00","0.00","9.77","0.00","174.84","-24.78","-16.52","0.00","-7.67","0.00","-21.00","104.87"
"2026-02-02","8570072",,"Carmen's Breakfast Burritos","4352 E Speedway Blvd  ","Tucson","AZ","85712","3","73.41","0.00","0.00","5.60","0.00","79.01","-10.56","-7.35","0.00","-3.04","0.00","-9.00","49.06"
"2026-02-16","2626167",,"Bosscat Wings","217 1st Avenue ","New York","NY","10003","1","20.97","0.00","0.00","1.42","0.00","22.39","-3.15","-2.10","0.00","-0.83","0.00","-5.00","11.31"
"2026-02-09","8568728",,"Evan's Burger Empire","1175 2nd Ave  ","New York","NY","10065","2","58.93","0.00","0.00","4.35","0.00","63.28","-8.84","-5.90","0.00","-2.22","0.00","-10.00","36.32"
"2026-02-23","8568896",,"Chop & Dice Salads","415 E Windmill Ln  ","Las Vegas","NV","89123","2","106.95","0.00","0.00","8.46","0.00","115.41","-16.04","-10.70","0.00","-3.94","-8.46","-6.00","70.27"
"2026-02-23","10936384","Michelson Dr","Doughboys Sandwiches","3161 Michelson Dr  ","Irvine","CA","92612","1","16.79","0.00","0.00","0.91","0.00","17.70","-2.52","-1.68","0.00","-0.69","0.00","-5.00","7.81"
"2026-02-16","3007005",,"Mia's Quesadillas","2909A Queens Plaza North  ","Long Island City","NY","11101","1","0.00","0.00","0.00","0.00","0.00","0.00","0.00","0.00","0.00","0.00","0.00","0.00","0.00"
"2026-02-16","4511496","278 N. Brewster Rd","The Pasta Story","278 N Brewster Rd  ","Brewster","NY","10509","1","68.86","0.00","0.00","5.77","0.00","74.63","-10.33","-6.89","0.00","-2.58","0.00","0.00","54.83"
"2026-02-16","3310978","1st Ave","Bagel Dynasty","1219 1st Ave.  ","New York","NY","10065","1","7.88","0.00","0.00","0.70","0.00","8.58","-1.18","-0.79","0.00","-0.56","0.00","0.00","6.05"
"2026-01-26","3326295","1st Ave","Angelo's Wraps Shop","147 1st Ave.  ","New York","NY","10003","1","14.09","0.00","0.00","1.25","0.00","15.34","-2.11","-1.41","0.00","-0.77","0.00","0.00","11.05"
"2026-02-16","10362136","Polk St","Fried Chicken Savage","1428 Polk St  ","San Francisco","CA","94109","3","109.90","0.00","0.00","8.60","0.00","118.50","-16.49","-11.00","0.00","-4.21","0.00","-10.00","76.80"
"2026-02-02","3326032","30th St","NY Dessert Bar","34-02 30th St  ","Astoria","NY","11106","2","84.66","0.00","0.00","3.06","0.00","87.72","-12.70","-8.47","0.00","-3.03","0.00","-8.00","55.52"
"2026-02-16","3310297","W Peoria Ave #116","Kung Fu Chinese Kitchen","8520 W Peoria Ave  ","Peoria","AZ","85345","5","139.86","0.00","0.00","11.62","0.00","151.48","-20.98","-14.00","0.00","-5.68","0.00","-15.00","95.82"
"2026-02-23","5289640","3846 Mowry Ave","Halal Chicken Gyros Co.","3846 Mowry Ave  ","Fremont","CA","94538","1","16.79","0.00","0.00","1.48","0.00","18.27","-2.52","-1.68","0.00","-0.77","0.00","-3.00","10.30"
"2026-02-23","2900330",,"Cheesecake And Dessert Bar (Polk St)","1338 Polk St  ","San Francisco","CA","94109","1","48.94","0.00","0.00","3.62","0.00","52.56","-7.34","-4.89","0.00","-1.69","0.00","-7.00","31.64"
"2026-02-09","4833080","4663 Trousdale Dr","Amore Pasta Ristorante","4663 Trousdale Dr  ","Nashville","TN","37204","1","15.49","0.00","0.00","1.16","0.00","16.65","-2.32","-1.55","0.00","-0.72","0.00","-3.00","9.06"
"2026-02-23","6893968","Bears Ramen House - 2521 Durant Ave","Sung's Korean Kitchen","2521 Durant Ave  ","Berkeley","CA","94704","1","51.34","0.00","0.00","5.20","0.00","56.54","-7.70","-5.13","0.00","-1.93","0.00","-3.00","38.78"
"2026-02-02","2730695",,"Charlie's Chicken Wings","1760 3rd Ave  ","New York","NY","10029","3","104.87","0.00","0.00","9.31","0.00","114.18","-15.73","-10.49","0.00","-4.38","0.00","0.00","83.58"
"2026-02-16","8566128",,"TacoTaste Mexican","4352 E Speedway Blvd  ","Tucson","AZ","85712","1","15.96","0.00","0.00","1.13","0.00","17.09","-2.39","-1.60","0.00","-0.73","0.00","-3.00","9.37"
"2026-02-23","8566136",,"Luna's Loaded Fries","4352 E Speedway Blvd  ","Tucson","AZ","85712","6","146.87","0.00","0.00","10.94","0.00","157.81","-21.59","-14.70","0.00","-5.97","0.00","-21.00","94.55"
"2026-02-09","5930240","689 Broadway","Queen's Quesadillas","689 Broadway  ","New York","NY","10012","10","201.40","0.00","0.00","12.42","0.00","213.82","-31.07","-20.72","0.00","-8.85","0.00","-28.00","125.18"
"2026-02-09","8565936",,"Two Hand Burger","6600 W Sylvania Ave  ","Sylvania","OH","43560","1","42.74","0.00","0.00","2.92","0.00","45.66","-6.41","-4.27","0.00","-1.54","-2.92","-5.00","25.52"
"2026-02-02","3310235","Queens Plaza S","Slapjack Pancakes","25-02 Queens Plaza S  ","Queens","NY","11101","2","27.51","0.00","0.00","0.98","0.00","28.49","-4.13","-2.76","0.00","-1.38","0.00","-3.00","17.22"
"2026-02-02","11794944","Thomas S Boyland St","Big E's Wraps","116 Thomas S Boyland St  ","Brooklyn","NY","11233","1","16.09","0.00","0.00","1.43","0.00","17.52","-2.41","-1.61","0.00","-0.83","0.00","0.00","12.67"
"2026-02-16","5024720","3907 Lee Hwy","First Light Breakfast Cafe","3907 Lee Hwy  ","Arlington","VA","22207","1","26.97","0.00","0.00","1.32","0.00","28.29","-5.41","-3.61","0.00","-1.30","0.00","-5.00","12.97"
"2026-01-26","8566136",,"Luna's Loaded Fries","4352 E Speedway Blvd  ","Tucson","AZ","85712","1","15.39","0.00","0.00","1.34","0.00","16.73","-2.31","-1.54","0.00","-0.81","0.00","0.00","12.07"
"2026-02-09","3310775","Hoover Rd","Greek Gyro Spot","28501 Hoover Rd  ","Warren","MI","48093","1","25.87","0.00","0.00","1.25","0.00","27.12","-3.88","-2.59","0.00","-0.97","-1.25","-5.00","13.43"
"2026-02-09","7753968","382 Farmer Deli & Juice - 382 8th Ave","Big Belly Paninis","382 8th Ave  ","New York","NY","10001","1","22.58","0.00","0.00","2.01","0.00","24.59","-3.39","-2.26","0.00","-1.05","0.00","0.00","17.89"
"2026-02-09","7325448","Marina’s Pizza & Pasta - 12121 W Linebaugh Ave","Little Italy's Calzones","12121 W Linebaugh Ave  ","Tampa","FL","33626","2","31.47","0.00","0.00","1.91","0.00","33.38","-4.27","-3.15","0.00","-1.43","0.00","-6.00","18.53"
"2026-02-02","4830064","265 Bedford Ave","House of Paninis","265 Bedford Ave  ","Brooklyn","NY","11211","3","81.49","0.00","0.00","7.23","0.00","88.72","-8.97","-8.16","0.00","0.00","0.00","0.00","71.59"
"2026-02-02","8568880",,"Casa De Quesadilla","4352 E Speedway Blvd  ","Tucson","AZ","85712","3","64.44","0.00","0.00","5.08","0.00","69.52","-9.21","-6.45","0.00","-2.84","0.00","-6.00","45.02"
"2026-02-02","8570120",,"Manchester Pancake Co.","128 E 4th St  ","New York","NY","10003","7","157.38","0.00","0.00","13.07","0.00","170.45","-23.61","-15.76","0.00","-6.69","0.00","-9.99","114.40"
"2026-02-16","3310118","W Indian School Rd","Fried Rice Fanatic","400 W Indian School Rd  ","Phoenix","AZ","85013","5","148.28","0.00","0.00","12.59","0.00","160.87","-22.23","-14.84","0.00","-6.09","0.00","-10.00","107.71"
"2026-02-02","1938271",,"Maria's Italian Meatballs","937 1st Avenue ","New York","NY","10022","1","66.45","0.00","0.00","5.46","0.00","71.91","-9.97","-6.65","0.00","-2.34","0.00","-5.00","47.95"
"2026-02-23","10935104","Agnew Rd","Village Wraps Snob","2026 Agnew Rd  ","Santa Clara","CA","95054","1","27.98","0.00","0.00","2.28","0.00","30.26","-3.75","-2.80","0.00","-1.13","0.00","-3.00","19.58"
"2026-01-26","8570120",,"Manchester Pancake Co.","128 E 4th St  ","New York","NY","10003","2","44.86","0.00","0.00","3.99","0.00","48.85","-6.73","-4.49","0.00","-2.09","0.00","0.00","35.54"
"2026-02-16","3312414","3rd St","Celebrity Vegan Burger","5155 3rd St  ","San Francisco","CA","94124","1","26.87","0.00","0.00","2.06","0.00","28.93","-4.03","-2.69","0.00","-1.09","0.00","-3.00","18.12"
"2026-01-26","3309896","Washington Blvd","Martha's Mariscos Bar","109 Washington Blvd  ","Marina del Rey","CA","90292","1","23.27","0.00","0.00","2.13","0.00","25.40","-3.49","-2.33","0.00","-0.98","0.00","-3.00","15.60"
"2026-02-02","7749136","Havana Heights - 4083 Broadway","Seth's Sandwiches","4083 Broadway  ","New York","NY","10032","1","23.07","0.00","0.00","2.05","0.00","25.12","-3.46","-2.31","0.00","-1.07","0.00","0.00","18.28"
"2026-02-02","9832944","1708 Livernois Rd","The Pasta Brothers","1708 Livernois Rd  ","Troy","MI","48083","2","69.95","0.00","0.00","3.77","0.00","73.72","-10.49","-7.00","0.00","-2.63","-3.77","-7.00","42.83"
"2026-02-09","2796228",,"Healthy Salad Bar ","228 George St  ","New Brunswick","NJ","08901","3","61.06","0.00","0.00","3.66","0.00","64.72","-9.16","-6.11","0.00","-2.69","0.00","-6.00","40.76"
"2026-02-09","2964464",,"Day N Night Pancakes","240 Sullivan St  ","New York","NY","10012","3","44.00","0.00","0.00","3.37","0.00","47.37","-2.19","-6.60","0.00","-2.15","0.00","-6.00","30.43"
"2026-02-09","2457881",,"Chicken Tenders Bar","1929 Chestnut St ","Philadelphia","PA","19103","5","98.99","0.00","0.00","7.20","0.00","106.19","-14.85","-9.91","0.00","-4.46","-7.20","-9.00","60.77"
"2026-02-23","9814952","18300 Vanowen Street Suite 3","The Calzone Empire","18300 Vanowen St  ","Los Angeles","CA","91335","1","41.98","0.00","0.00","2.10","0.00","44.08","-6.30","-4.20","0.00","-1.43","0.00","-7.00","25.15"
"2026-01-26","6896760","Twin Donut Mexican Grill - 3 W Fordham Rd","Fiesta Mexican Spot","3 W Fordham Rd  ","Bronx","NY","10468","1","15.49","0.00","0.00","0.42","0.00","15.91","-2.32","-1.55","0.00","-0.63","0.00","-5.00","6.41"
"2026-02-09","2560752",,"The Pasta Twins","1147 West Chester Pike  ","West Chester","PA","19382","1","19.78","0.00","0.00","1.19","0.00","20.97","-2.97","-1.98","0.00","-0.94","-1.19","0.00","13.89"
"2026-02-09","10934896","E 8th St","Luca's Philly Cheesesteak","44 E 8th St  ","New York","NY","10003","2","68.54","0.00","0.00","5.37","0.00","73.91","-10.29","-6.86","0.00","-2.61","0.00","-8.00","46.15"
"2026-02-09","6154632","3955 Bronxwood Ave","Mac N' Cheez Hut","3955 Bronxwood Ave  ","Bronx","NY","10466","1","18.68","0.00","0.00","0.75","0.00","19.43","-2.80","-1.87","0.00","-0.89","0.00","0.00","13.87"
"2026-02-23","6893832","Aroma Pizza & Pasta - 20491 Alton Pkwy","Firenze Pasta Ristorante","20491 Alton Pkwy  ","Lake Forest","CA","92610","1","27.98","0.00","0.00","1.68","0.00","29.66","-4.20","-2.80","0.00","-1.20","0.00","0.00","21.46"
"2026-02-09","9837376","265 Bedford Ave","Mary's Chicken Sandwiches","265 Bedford Ave  ","Brooklyn","NY","11211","1","14.69","0.00","0.00","1.30","0.00","15.99","-2.20","-1.47","0.00","-0.79","0.00","0.00","11.53"
"2026-02-09","2711540",,"NY Smoothie Joint (4th Ave)","59 4th Ave  ","New York","NY","10003","1","12.99","0.00","0.00","1.15","0.00","14.14","-1.95","-1.30","0.00","-0.73","0.00","0.00","10.16"
"2026-02-02","9811888","Avenue A","Luke's Breakfast Wraps","93 Avenue A  ","New York","NY","10009","4","46.15","0.00","0.00","3.83","0.00","49.98","-6.47","-4.62","0.00","-2.32","0.00","-3.00","33.57"
"2026-02-09","3309683","Hillside Ave","Bird's Burger Bar","164-01 Hillside Avenue  ","Jamaica","NY","11432","2","78.51","0.00","0.00","2.74","0.00","81.25","-16.89","-11.26","0.00","-3.85","0.00","-10.00","39.25"
"2026-02-09","5321760","Yue Bai Wei - 5874 Forbes Ave","The Stir Fry Bar","5874 Forbes Ave  ","Pittsburgh","PA","15217","2","40.17","0.00","0.00","2.11","0.00","42.28","-6.56","-4.38","0.00","-1.70","-2.11","-10.00","17.53"
"2026-02-09","4836168","4955 Voltaire St","Breakfast Burrito Floozy","4955 Voltaire St  ","San Diego","CA","92107","1","20.98","0.00","0.00","1.39","0.00","22.37","-3.15","-2.10","0.00","-0.89","0.00","-3.00","13.23"
"2026-01-26","3344171","916 Hempstead Turnpike","Pedro's Burrito Bar","916 Hempstead Turnpike  ","Franklin Square","NY","11010","1","18.19","0.00","0.00","1.14","0.00","19.33","-2.73","-1.82","0.00","-0.74","0.00","-5.00","9.04"
"2026-02-16","3312535","Lexington Ave","The Acai Dream","1424 Lexington Ave  ","New York","NY","10128","1","17.99","0.00","0.00","1.60","0.00","19.59","-2.70","-1.80","0.00","-0.90","0.00","0.00","14.19"
"2026-02-23","2410420",,"The Wings Express","1147 West Chester Pike ","West Chester","PA","19382","1","24.96","0.00","0.00","1.32","0.00","26.28","-3.74","-2.50","0.00","-1.01","-1.32","-3.00","14.71"
"2026-02-16","2352422",,"The Pancake Snob (West Chester Pike)","1147 West Chester Pike ","West Chester","PA","19382","5","107.85","0.00","0.00","6.00","0.00","113.85","-16.18","-10.80","0.00","-4.72","-6.00","-8.00","68.15"
"2026-02-16","8565936",,"Two Hand Burger","6600 W Sylvania Ave  ","Sylvania","OH","43560","2","63.02","0.00","0.00","4.11","0.00","67.13","-9.45","-6.31","0.00","-2.34","-4.11","-10.00","34.92"
"2026-02-16","2535778",,"The Pasta Story","1424 Lexington Ave ","New York","NY","10128","13","339.35","0.00","0.00","26.31","0.00","365.66","-50.90","-33.97","0.00","-13.75","0.00","-43.00","224.04"
"2026-02-09","3310146","3rd Ave","Fried Munchies Shack","1760 3rd Ave  ","New York","NY","10029","1","41.90","0.00","0.00","3.10","0.00","45.00","-6.29","-4.19","0.00","-1.46","0.00","-7.00","26.06"
"2026-02-09","3310652","Loudon Rd #960","On Demand Pizza","800 Loudon Rd  ","Latham","NY","12110","2","49.05","0.00","0.00","3.68","0.00","52.73","-7.36","-4.91","0.00","-2.12","0.00","-3.00","35.34"
"2026-02-09","2668111",,"Mary's Omelette Bar","300 8th Ave  ","New York","NY","10001","2","39.61","0.00","0.00","2.89","0.00","42.50","-5.94","-3.96","0.00","-1.68","0.00","-7.00","23.92"
"2026-02-09","3310488","1st Avenue","Jewel's Breakfast Joint","937 1st Ave.  ","New York","NY","10022","2","41.62","0.00","0.00","3.16","0.00","44.78","-6.25","-4.17","0.00","-1.78","0.00","-6.00","26.58"
"2026-02-23","3309881","Sullivan St","The Village Smoothie Spot","240 Sullivan St  ","New York","NY","10012","2","45.95","0.00","0.00","4.08","0.00","50.03","-6.89","-4.60","0.00","-2.12","0.00","0.00","36.42"
"2026-02-09","9824096","257 Water Street","Lettuce N Greens","257 Water St  ","New York","NY","10038","1","0.00","0.00","0.00","0.00","0.00","0.00","0.00","0.00","0.00","0.00","0.00","0.00","0.00"
"2026-02-09","2786288",,"Palm Tree Juice Bar (1st Ave)","217 1st Ave  ","New York","NY","10003","2","105.91","0.00","0.00","8.52","0.00","114.43","-15.89","-10.59","0.00","-3.79","0.00","-10.00","74.16"
"2026-02-16","10608272","North Roxboro St","Top Notch Sandwiches","5279 N Roxboro St  ","Durham","NC","27712","1","61.55","0.00","0.00","4.39","0.00","65.94","-9.23","-6.16","0.00","-2.22","-4.39","-3.00","40.94"
"2026-02-02","2730399",,"Ali's Gyro Lab","1404 Madison Ave  ","New York","NY","10029","3","44.76","0.00","0.00","3.71","0.00","48.47","-6.72","-4.48","0.00","-2.29","0.00","-3.00","31.98"
"2026-02-09","10938088","Chestnut St","Panini's On Panini's","1929 Chestnut St  ","Philadelphia","PA","19103","3","49.05","0.00","0.00","3.23","0.00","52.28","-10.09","-6.73","0.00","-2.79","-3.23","-8.79","20.65"
"2026-02-09","2489526",,"The Bagel Savage","1404 Madison Ave  ","New York","NY","10029","1","25.97","0.00","0.00","2.31","0.00","28.28","-3.90","-2.60","0.00","-1.16","0.00","0.00","20.62"
"2026-02-16","3310270","9th Ave","Kelly's Pancake Bar","468 9th Ave  ","New York","NY","10018","1","12.38","0.00","0.00","1.10","0.00","13.48","-1.86","-1.24","0.00","-0.71","0.00","0.00","9.67"
"2026-02-09","2729151",,"Halal Lamb Gyro Spot","755 9th Ave  ","New York","NY","10019","1","18.38","0.00","0.00","1.37","0.00","19.75","-2.76","-1.84","0.00","-0.81","0.00","-3.00","11.34"
"2026-02-16","1939835",,"Heavens Chicken Wings","589 1st Avenue ","New York","NY","10016","1","74.83","0.00","0.00","6.02","0.00","80.85","-11.22","-7.48","0.00","-2.55","0.00","-7.00","52.60"
"2026-02-02","3310083","E 8th St","The Salad Dream","44 E 8th St  ","New York","NY","10003","1","18.98","0.00","0.00","1.42","0.00","20.40","-2.85","-1.90","0.00","-0.83","0.00","-3.00","11.82"
"2026-02-02","10498104","George St","Village Quesadilla","228 George St  ","New Brunswick","NJ","08901","3","73.44","0.00","0.00","4.41","0.00","77.85","-10.57","-7.35","0.00","-3.06","0.00","-7.00","49.87"
"2026-02-02","2116488",,"Molly's Chicken Wings","25-02 Queens Plaza S ","New York","NY","11101","2","51.73","0.00","0.00","1.79","0.00","53.52","-7.76","-5.18","0.00","-2.02","0.00","-7.00","31.56"
"2026-02-16","2796227",,"Midtown Quesadillas Snob (George St)","228 George St  ","New Brunswick","NJ","08901","2","31.95","0.00","0.00","1.72","0.00","33.67","-4.80","-3.20","0.00","-1.44","0.00","-6.00","18.23"
"2026-02-02","10929056","Chestnut St","Charlie's Calzone Co","1929 Chestnut St  ","Philadelphia","PA","19103","4","64.75","0.00","0.00","4.30","0.00","69.05","-9.72","-6.48","0.00","-2.97","-4.30","-11.00","34.58"
"2026-02-23","3310580","George St","Sandwiches On Fleek","228 George St  ","New Brunswick","NJ","08901","1","24.58","0.00","0.00","1.63","0.00","26.21","-3.69","-2.46","0.00","-1.10","0.00","0.00","18.96"
"2026-02-09","5028264","600 Washington Ave","Crunchy Banh Mi","600 Washington Ave  ","Philadelphia","PA","19147","4","127.71","0.00","0.00","8.46","0.00","136.17","-19.17","-12.78","0.00","-4.68","-8.46","-22.00","69.08"
"2026-01-26","4831664","319 Rogers Ave","The Sandwich Vibe","319 Rogers Ave  ","Brooklyn","NY","11225","1","0.00","0.00","0.00","0.00","0.00","0.00","0.00","0.00","0.00","0.00","0.00","0.00","0.00"
"2026-02-09","2643384",,"The Burger Blade","755 9th Ave  #1A","New York","NY","10019","2","43.34","0.00","0.00","3.31","0.00","46.65","-6.51","-4.34","0.00","-1.84","0.00","-6.00","27.96"
"2026-02-23","3310840","Lee Hwy","Chief's Cheesesteaks","3907 Lee Hwy  ","Arlington","VA","22207","2","39.64","0.00","0.00","2.38","0.00","42.02","-5.95","-3.97","0.00","-1.88","0.00","0.00","30.22"
"2026-02-23","4831784","34-02 30th St","Lovin' Vegan Desserts","3402 30th St  ","Astoria","NY","11106","1","28.17","0.00","0.00","1.13","0.00","29.30","-3.10","-2.82","0.00","0.00","0.00","0.00","23.38"
"2026-02-23","6895704","Not Just Pizza - 2240 S 11th St","Pardon My Panini","2240 S 11th St  ","Philadelphia","PA","19148","1","54.87","0.00","0.00","4.39","0.00","59.26","-8.23","-5.49","0.00","-2.11","-4.39","0.00","39.04"
"2026-02-16","9816392","2rd","The Smoothie Squeeze","296 3rd Ave  ","New York","NY","10010","1","11.19","0.00","0.00","0.99","0.00","12.18","-1.68","-1.12","0.00","-0.67","0.00","0.00","8.71"
"2026-02-16","7753968","382 Farmer Deli & Juice - 382 8th Ave","Big Belly Paninis","382 8th Ave  ","New York","NY","10001","2","51.64","0.00","0.00","3.88","0.00","55.52","-7.75","-5.17","0.00","-2.05","0.00","-8.00","32.55"
"2026-02-02","11801712","Thomas S Boyland St","Luke's Breakfast Club","116 Thomas S Boyland St  ","Brooklyn","NY","11233","1","44.13","0.00","0.00","3.65","0.00","47.78","-6.17","-4.41","0.00","-1.67","0.00","-3.00","32.53"
"2026-02-09","2560441",,"Danny's Desserts","1147 West Chester Pike ","West Chester","PA","19382","4","76.77","0.00","0.00","4.06","0.00","80.83","-11.51","-7.68","0.00","-3.38","-4.06","-9.00","45.20"
"2026-02-09","10375512","W 34th","Wonka's Smoothie Bar","433 W 34th St.  ","New York","NY","10001","1","20.66","0.00","0.00","1.83","0.00","22.49","-3.10","-2.07","0.00","-0.99","0.00","0.00","16.33"
"2026-02-09","6891656","Wholesome Farms Market - 840 Fulton St","Olivia's Breakfast Cafe","840 Fulton St  ","Brooklyn","NY","11238","4","33.73","0.00","0.00","2.20","0.00","35.93","-9.69","-6.47","0.00","-2.94","0.00","-9.00","7.83"
"2026-02-09","6891832","Thai Thai San Marcos Restaurant - 801 S Twin Oaks Valley Rd","Vinny’s Vegetarian Spot","1450 West Mission Rd  ","San Marcos","CA","92069","1","54.87","0.00","0.00","3.48","0.00","58.35","-8.23","-5.49","0.00","-1.77","0.00","-10.00","32.86"
"2026-02-16","2642274",,"Smoothie and Dessert Bar","755 9th Ave  #1C","New York","NY","10019","1","30.58","0.00","0.00","2.27","0.00","32.85","-4.59","-3.06","0.00","-1.15","0.00","-5.00","19.05"
"2026-02-09","2789142",,"Hero Sandwich Shop (1st Ave)","217 1st Avenue  ","New York","NY","10003","1","31.98","0.00","0.00","2.40","0.00","34.38","-4.80","-3.20","0.00","-1.20","0.00","-5.00","20.18"
"2026-02-23","10373776","7th Ave","The Village Breakfast","154 7th Ave  ","New York","NY","10011","1","18.17","0.00","0.00","1.61","0.00","19.78","-2.73","-1.82","0.00","-0.90","0.00","0.00","14.33"
"2026-01-26","2795258",,"Philly Cheesesteak Artists ","228 George St  ","New Brunswick","NJ","08901","1","17.98","0.00","0.00","0.99","0.00","18.97","-2.70","-1.80","0.00","-0.79","0.00","-3.00","10.68"
"2026-02-02","2729151",,"Halal Lamb Gyro Spot","755 9th Ave  ","New York","NY","10019","1","12.69","0.00","0.00","1.13","0.00","13.82","-1.90","-1.27","0.00","-0.72","0.00","0.00","9.93"
"2026-02-23","3310395","9th Ave","Mufasa's Pancakes & French Toast","755 9th Ave  ","New York","NY","10019","4","108.45","0.00","0.00","9.63","0.00","118.08","-16.26","-10.85","0.00","-4.80","0.00","0.00","86.17"
"2026-02-23","11795696","Washington Ave","Bird's Burger Bar","4249 Washington St  ","Boston","MA","02131","1","38.58","0.00","0.00","1.97","0.00","40.55","-5.79","-3.86","0.00","-1.32","0.00","-7.00","22.58"
"2026-02-16","10078528","8th Ave","Fresh N Fruity Smoothies","382 8th Ave  ","New York","NY","10001","3","61.52","0.00","0.00","3.09","0.00","64.61","-9.23","-6.16","0.00","-2.69","0.00","-6.00","40.53"
"2026-02-09","3312267","Lexington Ave","Casa De Quesadilla","1424 Lexington Ave  ","New York","NY","10128","10","202.88","0.00","0.00","16.16","0.00","219.04","-30.44","-20.31","0.00","-9.05","0.00","-21.00","138.24"
"2026-02-16","3006904",,"The Pasta Co.","2909A Queens Plaza North  ","Long Island City","NY","11101","2","38.25","0.00","0.00","3.13","0.00","41.38","-5.74","-3.83","0.00","-1.77","0.00","-3.00","27.04"
"2026-02-02","10999320","Sullivan St","Exquisite Bowls","240 Sullivan St  ","New York","NY","10012","1","40.56","0.00","0.00","3.34","0.00","43.90","-6.08","-4.06","0.00","-1.55","0.00","-3.00","29.21"
"2026-02-09","4836096","197 Havemeyer St.","Twin Peaks Burger","197 Havemeyer St  ","Brooklyn","NY","11211","6","157.10","0.00","0.00","11.46","0.00","168.56","-23.57","-15.73","0.00","-6.09","0.00","-28.00","95.17"
"2026-02-16","3309991","4th Ave","Philadelphia Cheesy Cheesesteak","59 4th Ave  ","New York","NY","10003","1","20.99","0.00","0.00","1.60","0.00","22.59","-3.15","-2.10","0.00","-0.90","0.00","-3.00","13.44"
"2026-02-23","10498104","George St","Village Quesadilla","228 George St  ","New Brunswick","NJ","08901","2","51.44","0.00","0.00","3.01","0.00","54.45","-7.27","-5.15","0.00","-2.08","0.00","-6.00","33.95"
"2026-02-23","9815040","1424 Lexington Ave","House of Paninis","1424 Lexington Ave  ","New York","NY","10128","2","76.92","0.00","0.00","6.39","0.00","83.31","-11.54","-7.69","0.00","-2.99","0.00","-5.00","56.09"
"2026-02-23","3309880","Sullivan St","Sunrise Breakfast Club","240 Sullivan St  ","New York","NY","10012","1","24.36","0.00","0.00","1.90","0.00","26.26","-3.65","-2.44","0.00","-1.01","0.00","-3.00","16.16"
"2026-02-02","3343893","2755 Broadway","Panini's On Panini's","2755 Broadway  ","New York","NY","10025","2","48.66","0.00","0.00","3.31","0.00","51.97","-7.30","-4.87","0.00","-1.84","0.00","-11.47","26.49"
"2026-02-02","2741495",,"Sarah's Breakfast Bar","1760 3rd Ave  ","New York","NY","10029","1","53.94","0.00","0.00","4.79","0.00","58.73","-8.09","-5.39","0.00","-2.09","0.00","0.00","43.16"
"2026-02-09","3310203","9th Ave","The Juice Empire","755 9th Ave  ","New York","NY","10019","4","70.11","0.00","0.00","5.96","0.00","76.07","-10.52","-7.02","0.00","-3.42","0.00","-3.00","52.11"
"2026-02-09","2460412",,"Breakfast Burrito Snob","488 Post St ","San Francisco","CA","94102","1","13.99","0.00","0.00","1.21","0.00","15.20","-2.10","-1.40","0.00","-0.76","0.00","0.00","10.94"
"2026-02-09","3300974","W. 14th street","Lola's Smoothie Mix","244 W 14th St  ","New York","NY","10011","1","21.07","0.00","0.00","1.60","0.00","22.67","-3.16","-2.11","0.00","-0.90","0.00","-3.00","13.50"
"2026-02-02","10357744","1st Ave","Big Ease Smoothies","1219 1st Ave.  ","New York","NY","10065","2","44.68","0.00","0.00","3.96","0.00","48.64","-6.70","-4.46","0.00","-2.08","0.00","0.00","35.40"
"2026-02-09","10494984","George St","Hot Sandwich Bar","228 George St  ","New Brunswick","NJ","08901","1","61.63","0.00","0.00","3.42","0.00","65.05","-9.24","-6.16","0.00","-1.98","0.00","-10.00","37.67"
"2026-02-23","9820976","4955 Voltaire St","The Smoothie Savage","4955 Voltaire St  ","San Diego","CA","92107","1","14.38","0.00","0.00","1.11","0.00","15.49","-2.16","-1.44","0.00","-0.77","0.00","0.00","11.12"
"2026-02-16","1940022",,"Jose's Burrito Bar","589 1st Avenue ","New York","NY","10016","6","137.84","0.00","0.00","9.31","0.00","147.15","-20.70","-13.80","0.00","-5.61","0.00","-22.00","85.04"
"2026-01-26","9837376","265 Bedford Ave","Mary's Chicken Sandwiches","265 Bedford Ave  ","Brooklyn","NY","11211","1","14.69","0.00","0.00","1.30","0.00","15.99","-2.20","-1.47","0.00","-0.79","0.00","0.00","11.53"
"2026-02-16","2560752",,"The Pasta Twins","1147 West Chester Pike  ","West Chester","PA","19382","1","19.08","0.00","0.00","1.14","0.00","20.22","-2.86","-1.91","0.00","-0.92","-1.14","0.00","13.39"
"2026-02-09","10359536","Polk St","Sicily's Calzone House","1338 Polk St  ","San Francisco","CA","94109","1","50.43","0.00","0.00","3.49","0.00","53.92","-7.56","-5.04","0.00","-1.64","0.00","-10.00","29.68"
"2026-02-02","10375512","W 34th","Wonka's Smoothie Bar","433 W 34th St.  ","New York","NY","10001","1","20.66","0.00","0.00","1.83","0.00","22.49","-3.10","-2.07","0.00","-0.99","0.00","0.00","16.33"
"2026-02-09","2563085",,"OG Chicken and Waffles","820 Pennsylvania Ave  ","Pittsburgh","PA","15233","1","30.96","0.00","0.00","1.82","0.00","32.78","-4.64","-3.10","0.00","-1.15","-1.82","-5.00","17.07"
"2026-02-16","3311173","Madison Ave","Fiona's Breakfast Burritos","1404 Madison Ave  ","New York","NY","10029","1","8.18","0.00","0.00","0.28","0.00","8.46","-1.23","-0.82","0.00","-0.41","0.00","-5.00","1.00"
"2026-02-23","3311360","Queens Plaza S","Sal's Smoothie Spot","25-02 Queens Plaza S  ","Queens","NY","11101","1","16.28","0.00","0.00","0.45","0.00","16.73","-2.44","-1.63","0.00","-0.66","0.00","-5.00","7.00"
"2026-02-02","7101000","Fresca Pizza & Pasta 560 E 149th St-","C's Greens Salad","560 E 149th St  ","Bronx","NY","10455","3","77.60","0.00","0.00","3.11","0.00","80.71","-11.64","-7.77","0.00","-3.36","0.00","0.00","57.94"
"2026-02-09","6895800","Cazuela Comida Mexicana - 3771 Mission St","The Mexican Cocina","3771 Mission St  ","San Francisco","CA","94110","1","0.00","0.00","0.00","0.00","0.00","0.00","0.00","0.00","0.00","0.00","0.00","0.00","0.00"
"2026-02-09","6156384","3955 Bronxwood Ave","Mason's Burger Bar","3955 Bronxwood Ave  ","Bronx","NY","10466","1","17.99","0.00","0.00","0.72","0.00","18.71","-2.70","-1.80","0.00","-0.87","0.00","0.00","13.34"
"2026-02-23","1939835",,"Heavens Chicken Wings","589 1st Avenue ","New York","NY","10016","1","19.98","0.00","0.00","1.77","0.00","21.75","-3.00","-2.00","0.00","-0.96","0.00","0.00","15.79"
"2026-02-09","2423690",,"Charlie's Chicken Wings"," 329 Union St ","Nashville","TN","37203","1","0.00","0.00","0.00","0.00","0.00","0.00","0.00","0.00","0.00","0.00","0.00","0.00","0.00"
"2026-02-02","7749200","APPLETREE MARKET - 1225 Amsterdam Ave","Mighty Grilled Cheese","1225 Amsterdam Ave  ","New York","NY","10027","3","59.45","0.00","0.00","4.93","0.00","64.38","-8.92","-5.95","0.00","-2.75","0.00","-3.85","42.91"
"2026-02-16","2964952",,"The Omelette Farm","240 Sullivan St  ","New York","NY","10012","2","36.33","0.00","0.00","3.22","0.00","39.55","-1.81","-5.45","0.00","-1.81","0.00","0.00","30.48"
"2026-02-02","10938064","8th Ave","Luigi's Pasta Ristorante","300 8th Ave  ","New York","NY","10001","5","167.19","0.00","0.00","14.23","0.00","181.42","-25.08","-16.73","0.00","-6.83","0.00","-7.00","125.78"
"2026-02-23","10938064","8th Ave","Luigi's Pasta Ristorante","300 8th Ave  ","New York","NY","10001","4","137.06","0.00","0.00","11.54","0.00","148.60","-20.57","-13.71","0.00","-5.52","0.00","-7.00","101.80"
"2026-02-02","4512728","278 N. Brewster Rd","Quick Bite Munchies","278 N Brewster Rd  ","Brewster","NY","10509","2","48.95","0.00","0.00","3.60","0.00","52.55","-7.35","-4.90","0.00","-2.02","0.00","-6.00","32.28"
"2026-02-02","3310488","1st Avenue","Jewel's Breakfast Joint","937 1st Ave.  ","New York","NY","10022","1","14.67","0.00","0.00","1.30","0.00","15.97","-2.20","-1.47","0.00","-0.79","0.00","0.00","11.51"
"2026-02-16","9811896","Mission","Holly's Burger Bar","3349 Mission St  ","San Francisco","CA","94110","1","69.94","0.00","0.00","5.17","0.00","75.11","-10.49","-6.99","0.00","-2.29","0.00","-10.00","45.34"
"2026-02-09","2561042",,"Golden Bear Sandwiches","1147 West Chester Pike  ","West Chester","PA","19382","1","76.91","0.00","0.00","4.19","0.00","81.10","-11.54","-7.69","0.00","-2.56","-4.19","-7.00","48.12"
"2026-02-23","9811896","Mission","Holly's Burger Bar","3349 Mission St  ","San Francisco","CA","94110","1","26.58","0.00","0.00","2.29","0.00","28.87","-3.99","-2.66","0.00","-1.18","0.00","0.00","21.04"
"2026-02-16","6157016","2909A Queens Plaza North","Luca's Chicken Wings","2909 Queens Plaza N  ","Long Island City","NY","11101","1","23.78","0.00","0.00","2.11","0.00","25.89","-3.57","-2.38","0.00","-1.09","0.00","0.00","18.85"
"2026-02-16","3300891","Hillside Ave","Penny's Pancakes","164-01 Hillside Avenue  ","Jamaica","NY","11432","1","24.96","0.00","0.00","0.84","0.00","25.80","-3.74","-2.50","0.00","-0.96","0.00","-4.00","14.60"
"2026-02-16","3312350","1st Avenue","The Quinoa Craze","937 1st Ave.  ","New York","NY","10022","1","29.98","0.00","0.00","2.40","0.00","32.38","-4.50","-3.00","0.00","-1.20","0.00","-3.00","20.68"
"2026-02-16","3006704",,"Big E's Wraps","2909A Queens Plaza North  ","Long Island City","NY","11101","2","32.18","0.00","0.00","2.14","1.50","35.82","-4.82","-1.61","0.00","-1.45","0.00","-8.00","19.94"
"2026-01-26","3312266","1st Avenue","The Smoothie Squeeze","937 1st Ave.  ","New York","NY","10022","2","35.04","0.00","0.00","2.49","0.00","37.53","-7.01","-4.67","0.00","-1.92","0.00","-7.00","16.93"
"2026-02-02","10936368","W Chester Pike","Antonio's Quesadilla Shack","2560 West Chester Pike  ","Broomall","PA","19008","1","18.19","0.00","0.00","1.09","0.00","19.28","-2.73","-1.82","0.00","-0.89","-1.09","0.00","12.75"
"2026-02-16","823219",,"Priya's Indian Kitchen","716 10th Ave ","New York","NY","10019","6","154.87","0.00","0.00","12.86","0.00","167.73","-30.98","-15.50","0.00","-6.61","0.00","-10.00","104.64"
"2026-02-23","3300958","30th St","Sin City Burger Spot","34-02 30th St  ","Astoria","NY","11106","5","95.16","0.00","0.00","3.60","0.00","98.76","-13.53","-9.53","0.00","-4.35","0.00","-5.00","66.35"
"2026-02-23","6891040","Caffe Venice - 596 3rd Ave","Bill's Sandwich Shack","596 3rd Ave  ","New York","NY","10016","2","29.95","0.00","0.00","2.66","0.00","32.61","-4.49","-3.00","0.00","-1.60","0.00","0.00","23.52"
"2026-01-26","3300958","30th St","Sin City Burger Spot","34-02 30th St  ","Astoria","NY","11106","1","19.98","0.00","0.00","1.14","0.00","21.12","-3.00","-2.00","0.00","-0.94","0.00","0.00","15.18"
"2026-02-16","7753808","Oakwood Bagels - 101 Guyon Ave","Doughboys Sandwiches","101 Guyon Ave  ","Staten Island","NY","10306","2","38.24","0.00","0.00","3.39","0.00","41.63","-5.74","-3.83","0.00","-1.87","0.00","0.00","30.19"
"2026-02-16","4511000","5993 Broadway","Sal's Smoothie Spot","5993 Broadway  ","Bronx","NY","10471","1","10.59","0.00","0.00","0.42","0.00","11.01","-1.59","-1.06","0.00","-0.64","0.00","0.00","7.72"
"2026-02-02","2560752",,"The Pasta Twins","1147 West Chester Pike  ","West Chester","PA","19382","1","13.39","0.00","0.00","0.80","0.00","14.19","-2.01","-1.34","0.00","-0.73","-0.80","0.00","9.31"
"2026-02-02","9837376","265 Bedford Ave","Mary's Chicken Sandwiches","265 Bedford Ave  ","Brooklyn","NY","11211","1","14.69","0.00","0.00","1.30","0.00","15.99","-2.20","-1.47","0.00","-0.79","0.00","0.00","11.53"
"2026-02-16","2896507",,"The Cheesesteak Bar","1219 1st Ave  ","New York","NY","10065","1","14.27","0.00","0.00","1.27","0.00","15.54","-2.14","-1.43","0.00","-0.77","0.00","0.00","11.20"
"2026-02-16","9834480","277 Gold St","Fiona's Breakfast Burritos","277 Gold St  ","Brooklyn","NY","11201","1","32.87","0.00","0.00","2.47","0.00","35.34","-4.93","-3.29","0.00","-1.23","0.00","-5.00","20.89"
"2026-02-09","9819592","28501 Hoover Rd","Bosscat breakfast","28501 Hoover Rd  ","Warren","MI","48093","1","21.76","0.00","0.00","1.31","0.00","23.07","-3.26","-2.18","0.00","-1.00","-1.31","0.00","15.32"
"2026-02-16","9813512","W National","The Pasta Story","2138 W National Ave  ","Milwaukee","WI","53204","8","249.12","0.00","0.00","17.32","0.00","266.44","-39.75","-26.50","0.00","-10.15","-17.32","-30.00","142.72"
"2026-02-16","11801712","Thomas S Boyland St","Luke's Breakfast Club","116 Thomas S Boyland St  ","Brooklyn","NY","11233","3","66.99","0.00","0.00","5.33","0.00","72.32","-10.04","-6.70","0.00","-2.90","0.00","-7.00","45.68"
"2026-02-09","1938953",,"Luigi's Pasta Ristorante","589 1st Avenue ","New York","NY","10016","1","38.96","0.00","0.00","3.02","0.00","41.98","-5.84","-3.90","0.00","-1.43","0.00","-5.00","25.81"
"2026-02-09","10932216","E 149th St","Classic Cheeseburger Bar","560 E 149th St  ","Bronx","NY","10455","1","36.37","0.00","0.00","1.25","0.00","37.62","-6.61","-4.41","0.00","-1.54","0.00","-5.00","20.06"
"2026-02-23","7101064","Pizza Zone","Amore Pasta Ristorante","3618 N Pennsylvania Ave  ","Oklahoma City","OK","73112","1","22.77","0.00","0.00","1.53","0.00","24.30","-3.42","-2.28","0.00","-0.89","-1.53","-5.00","11.18"
"2026-02-02","9824224","1st","Stella's Slammin' Burgers","937 1st Ave.  ","New York","NY","10022","1","24.46","0.00","0.00","1.73","0.00","26.19","-2.92","-2.45","0.00","-0.95","0.00","-5.00","14.87"
"2026-01-26","3310580","George St","Sandwiches On Fleek","228 George St  ","New Brunswick","NJ","08901","1","36.46","0.00","0.00","2.15","0.00","38.61","-5.47","-3.65","0.00","-1.36","0.00","-4.00","24.13"
"2026-02-02","2116739",,"Veronica's Burrito Bar","25-02 Queens Plaza S ","Long Island City","NY","11101","3","79.91","0.00","0.00","2.99","0.00","82.90","-11.99","-8.00","0.00","-3.28","0.00","-5.00","54.63"
"2026-02-02","6345488","Gate Of India - 7300 Sunset Blvd","Indian Veg House","7300 Sunset Blvd  ","Los Angeles","CA","90046","1","21.99","0.00","0.00","1.78","0.00","23.77","-3.30","-2.20","0.00","-0.87","0.00","-5.00","12.40"
"2026-02-02","2896401",,"Glorious Panini Snob","1219 1st Ave  ","New York","NY","10065","1","31.25","0.00","0.00","2.33","0.00","33.58","-4.69","-3.13","0.00","-1.17","0.00","-5.00","19.59"
"2026-02-23","3300891","Hillside Ave","Penny's Pancakes","164-01 Hillside Avenue  ","Jamaica","NY","11432","1","20.96","0.00","0.00","0.64","0.00","21.60","-3.14","-2.10","0.00","-0.81","0.00","-5.00","10.55"
"2026-02-23","3326295","1st Ave","Angelo's Wraps Shop","147 1st Ave.  ","New York","NY","10003","1","14.09","0.00","0.00","1.25","0.00","15.34","-2.11","-1.41","0.00","-0.77","0.00","0.00","11.05"
"2026-02-23","2847689",,"Sam's Sandwich Spot (Bedford Ave)","265 Bedford Ave  ","Brooklyn","NY","11211","1","11.89","0.00","0.00","1.06","0.00","12.95","-1.78","-1.19","0.00","-0.69","0.00","0.00","9.29"
"2026-02-09","10938144","E Anaheim St","Sarah's Breakfast Bar","2841 E Anaheim St  ","Long Beach","CA","90804","1","22.35","0.00","0.00","1.82","0.00","24.17","-5.35","-3.57","0.00","-1.33","0.00","-5.00","8.92"
"2026-02-16","2796228",,"Healthy Salad Bar ","228 George St  ","New Brunswick","NJ","08901","1","18.28","0.00","0.00","1.01","0.00","19.29","-2.74","-1.83","0.00","-0.80","0.00","-3.00","10.92"
"2026-02-09","11805040","W Tremont Ave","Top Panini Shop","169 W Tremont Ave  ","Bronx","NY","10453","1","0.00","0.00","0.00","0.00","0.00","0.00","0.00","0.00","0.00","0.00","0.00","0.00","0.00"
"2026-02-23","8568632",,"Chicken Sandwich Loft","6600 W Sylvania Ave  ","Sylvania","OH","43560","1","36.46","0.00","0.00","2.59","0.00","39.05","-5.47","-3.65","0.00","-1.40","-2.59","-3.00","22.94"
"2026-02-16","9819584","28501 Hoover Rd","The Farmers Salad","28501 Hoover Rd  ","Warren","MI","48093","1","27.67","0.00","0.00","1.36","0.00","29.03","-4.15","-2.77","0.00","-1.03","-1.36","-5.00","14.72"
"2026-02-02","7099080","Jonny's Place - 370 Main St","Jewel's Breakfast Joint","370 Main St  ","East Orange","NJ","07018","1","14.09","0.00","0.00","0.93","0.00","15.02","-2.11","-1.41","0.00","-0.76","0.00","0.00","10.74"
"2026-02-02","8563008",,"The Pasta Story","43 W Flagler St  ","Miami","FL","33130","3","61.56","0.00","0.00","4.31","0.00","65.87","-9.24","-6.16","0.00","-2.91","0.00","0.00","47.56"
"2026-02-02","2569730",,"Two Hand Burger","1760 3rd Ave  ","New York","NY","10029","1","19.97","0.00","0.00","1.33","0.00","21.30","-3.00","-2.00","0.00","-0.80","0.00","-5.00","10.50"
"2026-02-09","8568872",,"The Burrito Co","4352 E Speedway Blvd  ","Tucson","AZ","85712","2","70.72","0.00","0.00","5.72","0.00","76.44","-10.60","-7.07","0.00","-2.78","0.00","-5.00","50.99"
"2026-02-09","3309685","Avenue A","Casa De Quesadilla","93 Avenue A  ","New York","NY","10009","2","52.93","0.00","0.00","4.08","0.00","57.01","-7.94","-5.29","0.00","-2.12","0.00","-7.00","34.66"
"2026-02-09","3311137","Crenshaw Blvd","El Azul Tacos","6732 Crenshaw Blvd  ","Los Angeles","CA","90043","2","30.14","0.00","0.00","2.68","0.00","32.82","-4.52","-3.02","0.00","-1.48","0.00","-4.00","19.80"
"2026-02-16","3310335","Sullivan St","Chicken Salad Bar","240 Sullivan St  ","New York","NY","10012","2","48.95","0.00","0.00","4.08","0.00","53.03","-7.34","-4.90","0.00","-2.12","0.00","-3.00","35.67"
"2026-02-02","9794808","1401 E Arapaho Rd #F","Ryu's Ramen Bar","1401 E Arapaho Rd  ","Richardson","TX","75081","2","62.95","0.00","0.00","4.37","0.00","67.32","-9.45","-6.30","0.00","-2.34","0.00","-10.00","39.23"
"2026-02-09","5930408","26801 Hillside Ave","Chanel's Coffee House","26801 Hillside Avenue  ","Glen Oaks","NY","11004","1","17.68","0.00","0.00","1.30","0.00","18.98","-2.65","-1.77","0.00","-0.79","0.00","-3.00","10.77"
"2026-02-02","3310779","George St","Pita Sandwiches Bite","228 George St  ","New Brunswick","NJ","08901","4","67.03","0.00","0.00","1.04","0.00","68.07","-10.06","-6.71","0.00","-2.88","0.00","-13.00","35.42"
"2026-02-02","8562904",,"The Burger Joint","1595 Seminole Blvd  ","Largo","FL","33770","1","19.58","0.00","0.00","1.37","0.00","20.95","-2.94","-1.96","0.00","-0.94","0.00","0.00","15.11"
"2026-02-16","2634275",,"Halal Gyro Lab","1760 3rd Ave  ","New York","NY","10029","1","51.03","0.00","0.00","3.64","0.00","54.67","-7.65","-5.10","0.00","-1.66","0.00","-10.00","30.26"
"2026-02-16","3310119","E Arapaho Rd #F","Sizzlin' Hibachi","1401 E Arapaho Rd  ","Richardson","TX","75081","1","33.96","0.00","0.00","2.47","0.00","36.43","-5.09","-3.40","0.00","-1.29","0.00","-4.00","22.65"
"2026-02-23","4515648","1741 1st Avenue","Nomad's Bagels","1741 1st Ave.  ","New York","NY","10128","1","18.28","0.00","0.00","1.62","0.00","19.90","-3.91","-2.60","0.00","-1.16","0.00","0.00","12.23"
"2026-01-26","2741308",,"Nancy's Grilled Cheese","1760 3rd Ave  ","New York","NY","10029","5","67.06","0.00","0.00","5.68","0.00","72.74","-10.06","-6.72","0.00","-3.62","0.00","-3.00","49.34"
"2026-02-16","3310812","Hillside Ave","Top Panini Shop","164-01 Hillside Avenue  ","Jamaica","NY","11432","3","76.42","0.00","0.00","2.78","0.00","79.20","-11.46","-7.65","0.00","-3.10","0.00","-7.00","49.99"
"2026-02-09","2116488",,"Molly's Chicken Wings","25-02 Queens Plaza S ","New York","NY","11101","3","68.98","0.00","0.00","2.56","0.00","71.54","-10.36","-6.90","0.00","-2.93","0.00","-5.00","46.35"
"2026-02-23","6539752","Asian Fusion Cafe - 4957 Winters Chapel Rd Suite B","Connie's Soup Station","4957 Winters Chapel Rd  ","Dunwoody","GA","30360","2","31.75","0.00","0.00","2.54","0.00","34.29","-4.76","-3.18","0.00","-1.64","-2.54","0.00","22.17"
"2026-02-02","6890744","Wholesome Farms Market - 1306 Atlantic Ave","The Sandwich Vibe","1306 Atlantic Ave  ","Brooklyn","NY","11216","6","110.83","0.00","0.00","8.63","0.00","119.46","-16.63","-11.10","0.00","-5.04","0.00","-13.54","73.15"
"2026-02-02","3310093","1st Avenue","Fiona's French Toast","589 1st Ave.  ","New York","NY","10016","3","59.94","0.00","0.00","4.70","0.00","64.64","-8.99","-6.00","0.00","-2.65","0.00","-7.00","40.00"
"2026-02-09","11003712","Post Road","Luigi's Pasta Ristorante","751 Post Rd  ","Scarsdale","NY","10583","2","15.39","0.00","0.00","0.62","0.00","16.01","-2.31","-1.54","0.00","-0.79","0.00","0.00","11.37"
"2026-02-02","3311229","Loudon Rd #960","Charlie's Calzone Co","800 Loudon Rd  ","Latham","NY","12110","2","67.96","0.00","0.00","5.44","0.00","73.40","-10.20","-6.80","0.00","-2.84","0.00","0.00","53.56"
"2026-02-02","2900607",,"Princess Panini","589 1st Avenue  ","New York","NY","10016","1","19.99","0.00","0.00","1.51","0.00","21.50","-3.00","-2.00","0.00","-0.86","0.00","-3.00","12.64"
"2026-02-02","11791240","1st Ave","The Smoothie Squeeze","589 1st Ave  ","New York","NY","10016","1","18.98","0.00","0.00","1.69","0.00","20.67","-2.85","-1.90","0.00","-0.93","0.00","0.00","14.99"
"2026-02-02","8568712",,"The Village Smoothie Spot","1175 2nd Ave  ","New York","NY","10065","1","15.98","0.00","0.00","1.42","0.00","17.40","-2.40","-1.60","0.00","-0.83","0.00","0.00","12.57"
"2026-02-09","7747984","382 Farmer Deli & Juice - 382 8th Ave","The Village Smoothie Spot","382 8th Ave  ","New York","NY","10001","2","130.60","0.00","0.00","10.45","0.00","141.05","-20.34","-13.56","0.00","-4.67","0.00","-13.00","89.48"
"2026-02-02","3310784","Madison Ave","Hyde's Grilled Cheese","1404 Madison Ave  ","New York","NY","10029","1","18.47","0.00","0.00","1.37","0.00","19.84","-2.77","-1.85","0.00","-0.81","0.00","-3.00","11.41"
"2026-02-23","3312267","Lexington Ave","Casa De Quesadilla","1424 Lexington Ave  ","New York","NY","10128","7","109.49","0.00","0.00","9.02","0.00","118.51","-16.43","-10.96","0.00","-4.88","0.00","-8.00","78.24"
"2026-02-16","2040775",,"Ava's Fried Chicken","820 Pennsylvania Ave ","Pittsburgh","PA","15233","2","95.90","0.00","0.00","6.37","0.00","102.27","-14.39","-9.59","0.00","-3.56","-6.37","-5.00","63.36"
"2026-02-09","6890824","Los barriles mexican restaurant -  6845 Doniphan Dr","The Breakfast Skillet","6845 Doniphan Dr  ","Canutillo","TX","79835","1","14.39","0.00","0.00","0.53","0.00","14.92","-0.96","-1.44","0.00","-0.51","0.00","-8.00","4.01"
"2026-02-02","4510072","433 W 34th st","Sip On Smoothie","433 W 34th St.  ","New York","NY","10001","2","55.23","0.00","0.00","4.40","0.00","59.63","-8.28","-5.53","0.00","-2.24","0.00","-5.67","37.91"
"2026-02-23","5024720","3907 Lee Hwy","First Light Breakfast Cafe","3907 Lee Hwy  ","Arlington","VA","22207","3","55.94","0.00","0.00","2.82","0.00","58.76","-8.40","-5.60","0.00","-2.43","0.00","-9.00","33.33"
"2026-02-16","7332904","Midtown Bar and Grill - 415 W Gray St","The Bagel Savage","415 W Gray St  ","Houston","TX","77019","3","44.84","0.00","0.00","3.37","0.00","48.21","-6.73","-4.49","0.00","-2.25","0.00","-4.00","30.74"
"2026-02-23","3311173","Madison Ave","Fiona's Breakfast Burritos","1404 Madison Ave  ","New York","NY","10029","1","24.71","0.00","0.00","1.84","0.00","26.55","-3.71","-2.47","0.00","-0.99","0.00","-4.00","15.38"
"2026-02-02","7325384","Picante Taco- 411 S High St","Fire House Quesadillas","411 S High St  ","Baltimore","MD","21202","2","169.44","0.00","0.00","1.86","0.00","171.30","-25.42","-16.95","0.00","-5.70","-1.86","-4.00","117.37"
"2026-02-09","5320096","Yue Bai Wei - 5874 Forbes Ave","Xiu's Vegetarian Chinese","5874 Forbes Ave  ","Pittsburgh","PA","15217","1","25.99","0.00","0.00","1.54","0.00","27.53","-3.90","-2.60","0.00","-1.02","-1.54","-4.00","14.47"
"2026-02-23","6893800","Dream Gourmet Deli inc. - 111 East 161 Street","Prime Burger Lounge","111 E 161 St  ","Bronx","NY","10452","2","39.16","0.00","0.00","1.57","0.00","40.73","-5.87","-3.92","0.00","-1.84","0.00","0.00","29.10"
"2026-02-23","3301220","W St Louis Ave #25","The Smooth Eaze","333 W St Louis Ave  ","Las Vegas","NV","89102","1","24.98","0.00","0.00","2.09","0.00","27.07","-3.75","-2.50","0.00","-1.13","-2.09","0.00","17.60"
"2026-02-09","3301276","7th Ave","Holy Grail Omelettes","154 7th Ave  ","New York","NY","10011","7","101.20","0.00","0.00","8.98","0.00","110.18","-15.19","-10.13","0.00","-5.46","0.00","0.00","79.40"
"2026-02-23","3310989","Madison Ave","The Omelette Farm","1404 Madison Ave  ","New York","NY","10029","1","0.00","0.00","0.00","0.00","0.00","0.00","0.00","0.00","0.00","0.00","0.00","0.00","0.00"
"2026-02-23","2730695",,"Charlie's Chicken Wings","1760 3rd Ave  ","New York","NY","10029","2","38.45","0.00","0.00","3.15","0.00","41.60","-5.77","-3.85","0.00","-1.77","0.00","-3.00","27.21"
"2026-02-02","6891040","Caffe Venice - 596 3rd Ave","Bill's Sandwich Shack","596 3rd Ave  ","New York","NY","10016","11","157.97","0.00","0.00","12.57","0.00","170.54","-26.24","-17.51","0.00","-8.18","0.00","-16.37","102.24"
"2026-02-02","3300844","N Citrus Ave","Day N Night Pancakes","900 N Citrus Ave  ","Covina","CA","91722","1","15.39","0.00","0.00","1.30","0.00","16.69","-2.31","-1.54","0.00","-0.72","0.00","-3.00","9.12"
"2026-02-16","3309753","W Camelback Rd #103","Noodle And Rice Bar","3446 W Camelback Rd  ","Phoenix","AZ","85017","2","41.94","0.00","0.00","3.17","0.00","45.11","-6.29","-4.20","0.00","-1.83","0.00","-5.00","27.79"
"2026-02-02","2741308",,"Nancy's Grilled Cheese","1760 3rd Ave  ","New York","NY","10029","26","409.37","0.00","0.00","33.81","0.00","443.18","-61.39","-40.98","0.00","-20.53","0.00","-15.00","305.28"
"2026-02-23","6895688","Not Just Pizza - 2240 S 11th St","Heaven's Burgers","2240 S 11th St  ","Philadelphia","PA","19148","1","15.39","0.00","0.00","1.23","0.00","16.62","-2.31","-1.54","0.00","-0.81","-1.23","0.00","10.73"
"2026-02-23","2741201",,"Healthy Salad Bar","1760 3rd Ave  ","New York","NY","10029","1","12.59","0.00","0.00","1.12","0.00","13.71","-1.89","-1.26","0.00","-0.72","0.00","0.00","9.84"
"2026-02-23","2930656",,"The Dessert Shack","1219 1st Ave  ","New York","NY","10065","1","0.00","0.00","0.00","0.00","0.00","0.00","0.00","0.00","0.00","0.00","0.00","0.00","0.00"
"2026-02-02","6896760","Twin Donut Mexican Grill - 3 W Fordham Rd","Fiesta Mexican Spot","3 W Fordham Rd  ","Bronx","NY","10468","2","19.78","0.00","0.00","0.67","0.00","20.45","-2.97","-1.98","0.00","-0.83","0.00","-3.00","11.67"
"2026-02-02","3310978","1st Ave","Bagel Dynasty","1219 1st Ave.  ","New York","NY","10065","3","15.24","0.00","0.00","1.35","0.00","16.59","-2.28","-1.53","0.00","-1.10","0.00","0.00","11.68"
"2026-02-09","9792696","3618 N Pennsylvania Ave","Casa Pasta Ristorante","3618 N Pennsylvania Ave  ","Oklahoma City","OK","73112","2","0.00","0.00","0.00","0.00","0.00","0.00","0.00","0.00","0.00","0.00","0.00","0.00","0.00"
"2026-02-16","6891744","Wholesome Farms Market - 108 Jay St","Gloria's Favorite Greens","108 Jay St  ","Brooklyn","NY","11201","1","15.49","0.00","0.00","1.11","0.00","16.60","-2.32","-1.55","0.00","-0.71","0.00","-3.00","9.02"
"2026-02-23","10382520","E Speedway","Danny's Desserts","4352 E Speedway Blvd  ","Tucson","AZ","85712","2","46.20","0.00","0.00","3.50","0.00","49.70","-6.93","-4.62","0.00","-1.93","0.00","-6.00","30.22"
"2026-02-23","10932216","E 149th St","Classic Cheeseburger Bar","560 E 149th St  ","Bronx","NY","10455","1","38.55","0.00","0.00","1.42","0.00","39.97","-5.78","-3.86","0.00","-1.43","0.00","-3.00","25.90"
"2026-02-09","6891712","Wholesome Farms Market - 1306 Atlantic Ave","Burning Burger Stack","1306 Atlantic Ave  ","Brooklyn","NY","11216","1","11.88","0.00","0.00","1.05","0.00","12.93","-1.78","-1.19","0.00","-0.69","0.00","0.00","9.27"
"2026-02-02","2626167",,"Bosscat Wings","217 1st Avenue ","New York","NY","10003","2","37.94","0.00","0.00","2.93","0.00","40.87","-5.69","-3.79","0.00","-1.39","0.00","-5.00","25.00"
"2026-02-09","6891720","Wholesome Farms Market - 1306 Atlantic Ave","Green Leaf Salads","1306 Atlantic Ave  ","Brooklyn","NY","11216","8","145.73","0.00","0.00","12.68","0.00","158.41","-24.49","-16.34","0.00","-7.71","0.00","-3.00","106.87"
"2026-02-23","3310779","George St","Pita Sandwiches Bite","228 George St  ","New Brunswick","NJ","08901","2","46.36","0.00","0.00","0.00","0.00","46.36","-6.96","-4.64","0.00","-1.77","0.00","-8.00","24.99"
"2026-02-16","7101000","Fresca Pizza & Pasta 560 E 149th St-","C's Greens Salad","560 E 149th St  ","Bronx","NY","10455","1","27.56","0.00","0.00","1.10","0.00","28.66","-4.13","-2.76","0.00","-1.17","0.00","0.00","20.60"
"2026-02-16","9845032","168 Myrtle Ave","The Sandwich Cafe","168 Myrtle Ave  ","Brooklyn","NY","11201","1","12.58","0.00","0.00","1.12","0.00","13.70","-1.89","-1.26","0.00","-0.72","0.00","0.00","9.83"
"2026-02-23","2344366",,"The Pancake Snob","217 1st Avenue  ","New York","NY","10003","1","24.77","0.00","0.00","2.20","0.00","26.97","-3.72","-2.48","0.00","-1.12","0.00","0.00","19.65"
"2026-02-16","1998870",,"Nico's Italian Ristorante","43 W Flagler St ","Miami","FL","33130","2","123.50","0.00","0.00","9.08","0.00","132.58","-18.53","-12.35","0.00","-4.34","0.00","-10.00","87.36"
"2026-02-16","10499904","1st Avenue","Lola's Smoothie Mix","937 1st Ave.  ","New York","NY","10022","4","67.67","0.00","0.00","5.57","0.00","73.24","-10.16","-6.77","0.00","-3.28","0.00","-5.00","48.03"
"2026-02-09","10936640","3rd St","The Salad Dream","5155 3rd St  ","San Francisco","CA","94124","1","23.77","0.00","0.00","1.79","0.00","25.56","-3.57","-2.38","0.00","-0.99","0.00","-3.00","15.62"
"2026-02-02","8566136",,"Luna's Loaded Fries","4352 E Speedway Blvd  ","Tucson","AZ","85712","1","15.39","0.00","0.00","1.08","0.00","16.47","-2.31","-1.54","0.00","-0.71","0.00","-3.00","8.91"
"2026-02-02","3310335","Sullivan St","Chicken Salad Bar","240 Sullivan St  ","New York","NY","10012","1","19.58","0.00","0.00","1.29","0.00","20.87","-2.94","-1.96","0.00","-0.78","0.00","-5.00","10.19"
"2026-02-16","7102576","iKraveit Foods","Sarah's Salad Bar","34-02 30th St  ","Astoria","NY","11106","1","23.28","0.00","0.00","0.93","0.00","24.21","-3.49","-2.33","0.00","-1.04","0.00","0.00","17.35"
"2026-02-02","10999328","22nd Ave N","Frankie's Burger Bar - 329 Union St"," 329 Union St  ","Nashville","TN","37201","1","28.36","0.00","0.00","2.47","0.00","30.83","-4.25","-2.84","0.00","-1.15","0.00","-3.00","19.59"
"2026-02-09","2567535",,"The Acai Station","1424 Lexington Ave  ","New York","NY","10128","2","100.95","0.00","0.00","8.08","0.00","109.03","-15.15","-10.10","0.00","-3.62","0.00","-10.00","70.16"
"2026-02-16","10602440","Utica Ave","Mac's Cheese Factory","2102 Utica Ave  ","Brooklyn","NY","11234","1","34.27","0.00","0.00","3.04","0.00","37.31","-5.14","-3.43","0.00","-1.44","0.00","0.00","27.30"
"2026-02-16","10929168","Agnew Rd","Priya's Indian Kitchen","2026 Agnew Rd  ","Santa Clara","CA","95054","1","23.07","0.00","0.00","2.11","0.00","25.18","-3.46","-2.31","0.00","-1.07","0.00","0.00","18.34"
"2026-02-09","9832880","205 22nd Ave N","Luigi's Pasta Ristorante","329 Union St  ","Nashville","TN","37201","3","79.73","0.00","0.00","6.63","0.00","86.36","-11.97","-7.98","0.00","-3.29","0.00","-8.00","55.12"
"2026-02-16","10935104","Agnew Rd","Village Wraps Snob","2026 Agnew Rd  ","Santa Clara","CA","95054","3","73.82","0.00","0.00","5.91","0.00","79.73","-11.07","-7.39","0.00","-3.05","0.00","-9.00","49.22"
"2026-02-16","3312266","1st Avenue","The Smoothie Squeeze","937 1st Ave.  ","New York","NY","10022","3","88.86","0.00","0.00","7.09","0.00","95.95","-13.32","-8.89","0.00","-3.56","0.00","-9.00","61.18"
"2026-02-09","6895688","Not Just Pizza - 2240 S 11th St","Heaven's Burgers","2240 S 11th St  ","Philadelphia","PA","19148","2","42.26","0.00","0.00","3.38","0.00","45.64","-6.88","-4.59","0.00","-2.11","-3.38","0.00","28.68"
"2026-02-16","2730077",,"Halal Pasta Lounge","1338 Polk St  ","San Francisco","CA","94109","4","228.37","0.00","0.00","19.08","0.00","247.45","-34.26","-22.84","0.00","-8.23","0.00","-7.00","175.12"
"2026-02-09","3311297","Hillside Ave","The Chopped Salad","164-01 Hillside Avenue  ","Jamaica","NY","11432","3","47.55","0.00","0.00","1.67","0.00","49.22","-7.14","-4.76","0.00","-2.21","0.00","-6.00","29.11"
"2026-02-02","2457881",,"Chicken Tenders Bar","1929 Chestnut St ","Philadelphia","PA","19103","5","93.91","0.00","0.00","6.79","0.00","100.70","-14.09","-9.40","0.00","-4.29","-6.79","-9.00","57.13"
"2026-02-23","10063848","Homestead Rd","Francesco Pasta Ristorante","2898 Homestead Rd  ","Santa Clara","CA","95051","3","148.31","0.00","0.00","13.44","0.00","161.75","-22.25","-14.83","0.00","-5.68","0.00","-5.00","113.99"
"2026-02-02","7332936","Millan's Pizzeria North Hollywood","Fine Line Desserts","12453 Oxnard St  ","Los Angeles","CA","91606","1","14.38","0.00","0.00","1.51","0.00","15.89","-2.16","-1.44","0.00","-0.78","0.00","0.00","11.51"
"2026-02-09","3310118","W Indian School Rd","Fried Rice Fanatic","400 W Indian School Rd  ","Phoenix","AZ","85013","7","137.06","0.00","0.00","10.38","0.00","147.44","-20.56","-13.72","0.00","-5.59","0.00","-23.00","84.57"
"2026-02-09","9819560","245 E Houston St","The Dessert Dream","245 E Houston St  ","New York","NY","10002","5","84.63","0.00","0.00","6.73","0.00","91.36","-13.86","-9.24","0.00","-4.27","0.00","-9.00","54.99"
"2026-02-16","9815016","3907 Lee Hwy","Top Notch Sandwiches","3907 Lee Hwy  ","Arlington","VA","22207","1","0.00","0.00","0.00","0.00","0.00","0.00","0.00","0.00","0.00","0.00","0.00","0.00","0.00"
"2026-02-09","7749200","APPLETREE MARKET - 1225 Amsterdam Ave","Mighty Grilled Cheese","1225 Amsterdam Ave  ","New York","NY","10027","2","51.73","0.00","0.00","4.15","0.00","55.88","-7.76","-5.18","0.00","-2.15","0.00","-5.00","35.79"
"2026-02-16","2786868",,"Ali's Gyro Lab","590 32nd St  ","Union City","NJ","07087","1","65.04","0.00","0.00","4.11","0.00","69.15","-9.76","-6.50","0.00","-2.32","0.00","-3.00","47.57"
"2026-02-02","3311360","Queens Plaza S","Sal's Smoothie Spot","25-02 Queens Plaza S  ","Queens","NY","11101","2","25.65","0.00","0.00","1.03","0.00","26.68","-3.85","-2.57","0.00","-1.41","0.00","0.00","18.85"
"2026-01-26","1938468",,"Stella's Pancake Bar","937 1st Avenue ","New York","NY","10022","5","93.65","0.00","0.00","7.87","0.00","101.52","-14.05","-9.38","0.00","-4.45","0.00","-5.00","68.64"
"2026-01-26","9811888","Avenue A","Luke's Breakfast Wraps","93 Avenue A  ","New York","NY","10009","1","18.17","0.00","0.00","1.61","0.00","19.78","-2.73","-1.82","0.00","-0.90","0.00","0.00","14.33"
"2026-02-09","4517160","1741 1st Avenue","Aldo's Wraps Spot","1741 1st Ave.  ","New York","NY","10128","1","12.39","0.00","0.00","1.10","0.00","13.49","-1.86","-1.24","0.00","-0.71","0.00","0.00","9.68"
"2026-02-16","6896760","Twin Donut Mexican Grill - 3 W Fordham Rd","Fiesta Mexican Spot","3 W Fordham Rd  ","Bronx","NY","10468","1","42.36","0.00","0.00","1.57","0.00","43.93","-6.35","-4.24","0.00","-1.55","0.00","-3.00","28.79"
"2026-02-23","2772855",,"Bosscat Cheesesteaks (1st Ave)","1741 1st Ave  ","New York","NY","10128","1","28.96","0.00","0.00","2.22","0.00","31.18","-4.34","-2.90","0.00","-1.13","0.00","-4.00","18.81"
"2026-02-09","2285322",,"The Pasta Slut","1338 Polk St  ","San Francisco","CA","94109","9","373.71","0.00","0.00","27.91","0.00","401.62","-56.05","-37.39","0.00","-13.43","0.00","-50.00","244.75"
"2026-01-26","3309753","W Camelback Rd #103","Noodle And Rice Bar","3446 W Camelback Rd  ","Phoenix","AZ","85017","1","13.29","0.00","0.00","0.88","0.00","14.17","-1.99","-1.33","0.00","-0.64","0.00","-3.00","7.21"
"2026-01-26","9832944","1708 Livernois Rd","The Pasta Brothers","1708 Livernois Rd  ","Troy","MI","48083","1","26.58","0.00","0.00","1.41","0.00","27.99","-3.99","-2.66","0.00","-1.06","-1.41","-3.00","15.87"
"2026-02-16","2847689",,"Sam's Sandwich Spot (Bedford Ave)","265 Bedford Ave  ","Brooklyn","NY","11211","1","18.88","0.00","0.00","1.41","0.00","20.29","-2.83","-1.89","0.00","-0.83","0.00","-3.00","11.74"
"2026-02-16","9824152","1174 Chapel St","Slapjack Pancakes","1174 Chapel St  ","New Haven","CT","06511","1","25.85","0.00","0.00","1.26","0.00","27.11","-3.88","-2.59","0.00","-0.94","-1.26","-6.00","12.44"
"2026-01-26","5930240","689 Broadway","Queen's Quesadillas","689 Broadway  ","New York","NY","10012","1","26.57","0.00","0.00","2.36","0.00","28.93","-3.99","-2.66","0.00","-1.18","0.00","0.00","21.10"
"2026-02-23","10063864","Broadway","Bart's Burger Bar","3661 Broadway  ","New York","NY","10031","1","33.64","0.00","0.00","2.54","0.00","36.18","-5.05","-3.36","0.00","-1.25","0.00","-5.00","21.52"
"2026-02-16","2900807",,"The Omelette Farm (1st Avenue)","1741 1st Avenue  ","New York","NY","10128","4","71.58","0.00","0.00","5.02","0.00","76.60","-10.74","-7.16","0.00","-3.07","0.00","-15.00","40.63"
"2026-02-02","3309685","Avenue A","Casa De Quesadilla","93 Avenue A  ","New York","NY","10009","1","16.49","0.00","0.00","1.46","0.00","17.95","-2.47","-1.65","0.00","-0.85","0.00","0.00","12.98"
"2026-02-09","7098800","Mas Chingon Mexican Grill - 1541 Glenn School Rd","Burrito Lovers Bar","1541 Glenn School Rd  ","Durham","NC","27704","1","24.77","0.00","0.00","1.63","0.00","26.40","-3.72","-2.48","0.00","-1.01","-1.63","-3.00","14.56"
"2026-02-09","5850288","1st Avenue","Tessa's Fruity Treats","1741 1st Ave.  ","New York","NY","10128","1","14.47","0.00","0.00","1.28","0.00","15.75","-2.17","-1.45","0.00","-0.78","0.00","0.00","11.35"
"2026-02-16","6893832","Aroma Pizza & Pasta - 20491 Alton Pkwy","Firenze Pasta Ristorante","20491 Alton Pkwy  ","Lake Forest","CA","92610","1","113.05","0.00","0.00","6.36","0.00","119.41","-16.96","-11.31","0.00","-3.73","0.00","-7.00","80.41"
"2026-02-09","3310144","Lee Hwy","Martha's Breakfast Sandwiches","3907 Lee Hwy  ","Arlington","VA","22207","3","44.59","0.00","0.00","2.14","0.00","46.73","-6.68","-4.47","0.00","-2.06","0.00","-9.00","24.52"
"2026-02-16","3312267","Lexington Ave","Casa De Quesadilla","1424 Lexington Ave  ","New York","NY","10128","17","359.63","0.00","0.00","28.48","0.00","388.11","-53.96","-36.00","0.00","-15.74","0.00","-39.00","243.41"
"2026-02-02","10078528","8th Ave","Fresh N Fruity Smoothies","382 8th Ave  ","New York","NY","10001","4","103.49","0.00","0.00","4.08","0.00","107.57","-15.08","-10.36","0.00","-3.98","0.00","-16.00","62.15"
"2026-02-09","9815040","1424 Lexington Ave","House of Paninis","1424 Lexington Ave  ","New York","NY","10128","5","103.48","0.00","0.00","8.48","0.00","111.96","-15.07","-10.36","0.00","-4.67","0.00","-8.00","73.86"
"2026-02-02","8563120",,"Bonnie's Burgers","1634 W High St  ","Pottstown","PA","19464","1","95.94","0.00","0.00","5.58","0.00","101.52","-14.39","-9.59","0.00","-3.30","-5.58","-3.00","65.66"
"2026-02-02","2730077",,"Halal Pasta Lounge","1338 Polk St  ","San Francisco","CA","94109","1","43.98","0.00","0.00","3.36","0.00","47.34","-6.60","-4.40","0.00","-1.59","0.00","-5.00","29.75"
"2026-02-02","10382520","E Speedway","Danny's Desserts","4352 E Speedway Blvd  ","Tucson","AZ","85712","2","36.83","0.00","0.00","2.94","0.00","39.77","-5.52","-3.68","0.00","-1.72","0.00","-3.00","25.85"
"2026-02-23","3310407","E Arapaho Rd #F","Master Yamamoto Ramen Bar","1401 E Arapaho Rd  ","Richardson","TX","75081","1","54.57","0.00","0.00","4.17","0.00","58.74","-8.19","-5.46","0.00","-1.97","0.00","-4.00","39.12"
"2026-02-02","2732932",,"RJ's Philly Cheesesteaks (Gold St)","257 Gold St  ","New York","NY","10075","8","217.87","0.00","0.00","17.66","0.00","235.53","-32.69","-21.80","0.00","-8.99","0.00","-19.03","153.02"
"2026-02-09","2191911",,"Joe's Chicken and Waffles","5155 3rd Street  ","San Francisco","CA","94124","1","36.37","0.00","0.00","2.70","0.00","39.07","-5.46","-3.64","0.00","-1.34","0.00","-5.00","23.63"
"2026-02-09","2886005",,"The Burger Trilogy","1219 1st Ave  ","New York","NY","10065","1","19.26","0.00","0.00","1.44","0.00","20.70","-2.89","-1.93","0.00","-0.84","0.00","-3.00","12.04"
"2026-02-02","3309662","W Peoria Ave #116","Nakamura Ramen House","8520 W Peoria Ave  ","Peoria","AZ","85345","1","21.68","0.00","0.00","2.02","0.00","23.70","-3.25","-2.17","0.00","-1.02","0.00","0.00","17.26"
"2026-02-16","2729147",,"Pardon My Panini","755 9th Ave  ","New York","NY","10019","1","13.39","0.00","0.00","1.19","0.00","14.58","-2.01","-1.34","0.00","-0.74","0.00","0.00","10.49"
"2026-02-09","4840360","265 Bedford Ave","Sal's Smoothie Spot","265 Bedford Ave  ","Brooklyn","NY","11211","1","25.16","0.00","0.00","1.97","0.00","27.13","-2.77","-2.52","0.00","0.00","0.00","-3.00","18.84"
"2026-02-09","3312896","Lexington Ave","Sip On Smoothie","1424 Lexington Ave  ","New York","NY","10128","1","19.78","0.00","0.00","1.49","0.00","21.27","-2.97","-1.98","0.00","-0.86","0.00","-3.00","12.46"
"2026-02-02","2796221",,"Vegetarian Chinese Snob","9737 Manchester Rd  ","St. Louis","MO","63119","1","97.94","0.00","0.00","4.02","0.00","101.96","-14.69","-9.79","0.00","-3.32","0.00","-3.00","71.16"
"2026-02-09","3310024","10th Ave","Halal Indian Monsoon","716 10th Ave ","New York","NY","10019","2","158.46","0.00","0.00","13.18","0.00","171.64","-23.77","-15.85","0.00","-5.53","0.00","-10.00","116.49"
"2026-02-09","5148440","I Heart Pancakes - 3001 SOUTH BRISTOL STREE","Mary's Pancake House","3001 S Bristol St  ","Santa Ana","CA","92707","1","21.38","0.00","0.00","1.52","0.00","22.90","-3.21","-2.14","0.00","-0.85","0.00","-5.00","11.70"
"2026-02-23","10594776","9th Ave","Fresh N Fruity Smoothies","468 9th Ave  ","New York","NY","10018","1","0.00","0.00","0.00","0.00","0.00","0.00","0.00","0.00","0.00","0.00","0.00","0.00","0.00"
"2026-02-02","8562952",,"The Breakfast Dream","1175 2nd Ave  ","New York","NY","10065","1","14.99","0.00","0.00","1.33","0.00","16.32","-2.25","-1.50","0.00","-0.80","0.00","0.00","11.77"
"2026-02-23","4512080","769 9th Ave #1","Glorious Panini Snob","769 9th Ave  ","New York","NY","10019","2","28.18","0.00","0.00","1.96","0.00","30.14","-12.68","-8.46","0.00","-3.20","0.00","-6.00","-0.20"
"2026-02-16","8564296",,"Smokin' Burger Grille","382 8th Ave  ","New York","NY","10001","1","32.16","0.00","0.00","2.41","0.00","34.57","-4.82","-3.22","0.00","-1.20","0.00","-5.00","20.33"
"2026-02-23","8569904",,"The Breakfast Dash","1561 St Nicholas Ave  ","New York","NY","10040","1","31.98","0.00","0.00","2.40","0.00","34.38","-4.80","-3.20","0.00","-1.20","0.00","-5.00","20.18"
"2026-02-02","9822624","30th","Pardon My Panini","34-02 30th St  ","Astoria","NY","11106","2","37.76","0.00","0.00","1.52","0.00","39.28","-5.67","-3.78","0.00","-1.80","0.00","0.00","28.03"
"2026-02-02","2365500",,"The Pancake Snob","257 Gold Street  ","Brooklyn","NY","11201","2","53.74","0.00","0.00","3.97","0.00","57.71","-8.06","-5.38","0.00","-2.08","0.00","-9.00","33.19"
"2026-02-02","6893832","Aroma Pizza & Pasta - 20491 Alton Pkwy","Firenze Pasta Ristorante","20491 Alton Pkwy  ","Lake Forest","CA","92610","3","122.80","0.00","0.00","6.76","0.00","129.56","-18.43","-12.29","0.00","-4.55","0.00","-10.00","84.29"
"2026-02-23","5318704","Yue Bai Wei - 5874 Forbes Ave","The Chinese Noodle Palace","5874 Forbes Ave  ","Pittsburgh","PA","15217","1","25.99","0.00","0.00","1.61","0.00","27.60","-3.90","-2.60","0.00","-1.05","-1.61","-3.00","15.44"
"2026-02-23","3310664","N Broadway","Two Hand Burger","854 N Broadway  ","White Plains","NY","10603","1","20.98","0.00","0.00","1.76","0.00","22.74","-3.15","-2.10","0.00","-0.99","0.00","0.00","16.50"
"2026-02-09","2741201",,"Healthy Salad Bar","1760 3rd Ave  ","New York","NY","10029","2","27.97","0.00","0.00","2.22","0.00","30.19","-4.20","-2.80","0.00","-1.43","0.00","-3.00","18.76"
"2026-02-09","9819584","28501 Hoover Rd","The Farmers Salad","28501 Hoover Rd  ","Warren","MI","48093","1","12.99","0.00","0.00","0.78","0.00","13.77","-1.95","-1.30","0.00","-0.72","-0.78","0.00","9.02"
"2026-02-02","2848521",,"The Panini Project (Bedford Ave)","265 Bedford Ave  ","Brooklyn","NY","11211","1","14.79","0.00","0.00","1.31","0.00","16.10","-2.22","-1.48","0.00","-0.79","0.00","0.00","11.61"
"2026-02-23","8563016",,"Hella Good Chicken Wings","43 W Flagler St  ","Miami","FL","33130","1","20.07","0.00","0.00","1.12","0.00","21.19","-3.01","-2.01","0.00","-0.82","0.00","-4.00","11.35"
"2026-02-16","10498112","101st Ave","Top Notch Sandwiches","131-03 101st Ave  ","South Richmond","NY","11419","1","41.95","0.00","0.00","1.48","0.00","43.43","-6.29","-4.20","0.00","-1.47","0.00","-5.00","26.47"
"2026-02-09","10938064","8th Ave","Luigi's Pasta Ristorante","300 8th Ave  ","New York","NY","10001","2","69.26","0.00","0.00","5.09","0.00","74.35","-9.64","-6.93","0.00","-2.50","0.00","-12.00","43.28"
"2026-02-16","9819472","1368 N Arizona Ave","Fallen Angel Wings","1368 N Arizona Ave  ","Chandler","AZ","85225","1","27.27","0.00","0.00","2.13","0.00","29.40","-4.09","-2.73","0.00","-1.20","0.00","0.00","21.38"
"2026-02-02","1937273",,"Snobby Chicken Wings","937 1st Avenue ","New York","NY","10022","1","23.06","0.00","0.00","1.78","0.00","24.84","-3.46","-2.31","0.00","-0.97","0.00","-3.00","15.10"
"2026-02-16","3310349","3rd Ave","Frank's French Toast","1760 3rd Ave  ","New York","NY","10029","1","24.93","0.00","0.00","1.95","0.00","26.88","-3.74","-2.49","0.00","-1.03","0.00","-3.00","16.62"
"2026-02-02","6157024","278 N Brewster Rd","Nico's Italian Ristorante","278 N Brewster Rd  ","Brewster","NY","10509","1","14.08","0.00","0.00","1.18","0.00","15.26","-2.11","-1.41","0.00","-0.77","0.00","0.00","10.97"
"2026-02-16","3311345","Ave #35st","Nomad's Bagels","450 9th Ave  ","New York","NY","10018","2","52.47","0.00","0.00","4.39","0.00","56.86","-7.87","-5.25","0.00","-2.25","0.00","-3.00","38.49"
"2026-02-02","4515752","769 9th Ave #1","Wonda's Wrap Cafe","769 9th Ave  ","New York","NY","10019","1","17.07","0.00","0.00","1.52","0.00","18.59","-2.56","-1.71","0.00","-0.87","0.00","0.00","13.45"
"2026-01-26","5851848","Broadway","The Acai Dream","689 Broadway  ","New York","NY","10012","1","20.99","0.00","0.00","1.40","0.00","22.39","-3.15","-2.10","0.00","-0.82","0.00","-5.25","11.07"
"2026-02-09","6156616","10763 Bustleton Ave","Xiu's Vegetarian Chinese","10763 Bustleton Ave  ","Philadelphia","PA","19116","1","0.00","0.00","0.00","0.00","0.00","0.00","0.00","0.00","0.00","0.00","0.00","0.00","0.00"
"2026-02-16","10938088","Chestnut St","Panini's On Panini's","1929 Chestnut St  ","Philadelphia","PA","19103","1","18.19","0.00","0.00","1.22","0.00","19.41","-5.99","-4.00","0.00","-1.52","-1.22","-3.00","3.68"
"2026-02-16","2730695",,"Charlie's Chicken Wings","1760 3rd Ave  ","New York","NY","10029","2","70.59","0.00","0.00","5.83","0.00","76.42","-10.59","-7.06","0.00","-2.77","0.00","-5.00","51.00"
"2026-02-23","3311226","Michelson Dr","The Minister Wraps","3161 Michelson Dr  ","Irvine","CA","92612","1","16.08","0.00","0.00","1.25","0.00","17.33","-2.41","-1.61","0.00","-0.83","0.00","0.00","12.48"
"2026-02-09","11002248","Morris Park Avenue","Bart's Breakfast Sandwiches","682 Morris Park Ave  ","Bronx","NY","10462","2","51.02","0.00","0.00","1.76","0.00","52.78","-7.66","-5.11","0.00","-2.00","0.00","-7.00","31.01"
"2026-02-16","3309652","7th Ave","Panini's On Panini's","154 7th Ave  ","New York","NY","10011","1","0.00","0.00","0.00","0.00","0.00","0.00","-1.69","-1.13","0.00","-0.67","0.00","0.00","-3.49"
"2026-02-16","6893968","Bears Ramen House - 2521 Durant Ave","Sung's Korean Kitchen","2521 Durant Ave  ","Berkeley","CA","94704","2","47.16","0.00","0.00","4.42","0.00","51.58","-7.08","-4.72","0.00","-2.00","0.00","-6.00","31.78"
"2026-02-23","3309831","3rd St","Addictive Fried Chicken","5155 3rd St  ","San Francisco","CA","94124","1","26.65","0.00","0.00","2.30","0.00","28.95","-4.00","-2.67","0.00","-1.18","0.00","0.00","21.10"
"2026-02-09","1940022",,"Jose's Burrito Bar","589 1st Avenue ","New York","NY","10016","3","64.92","0.00","0.00","3.28","0.00","68.20","-9.74","-6.50","0.00","-2.77","0.00","-7.00","42.19"
"2026-02-02","2643384",,"The Burger Blade","755 9th Ave  #1A","New York","NY","10019","1","18.88","0.00","0.00","1.41","0.00","20.29","-2.83","-1.89","0.00","-0.83","0.00","-3.00","11.74"
"2026-02-09","3325905","W 34th st","Marty's Wraps Shack","433 W 34th St  ","New York","NY","10001","2","39.98","0.00","0.00","3.02","0.00","43.00","-6.00","-4.00","0.00","-1.72","0.00","-6.00","25.28"
"2026-01-26","3310840","Lee Hwy","Chief's Cheesesteaks","3907 Lee Hwy  ","Arlington","VA","22207","1","29.46","0.00","0.00","1.59","0.00","31.05","-4.42","-2.95","0.00","-1.16","0.00","-3.00","19.52"
"2026-02-02","3309683","Hillside Ave","Bird's Burger Bar","164-01 Hillside Avenue  ","Jamaica","NY","11432","1","41.75","0.00","0.00","1.39","0.00","43.14","-7.34","-4.89","0.00","-1.63","0.00","-7.00","22.28"
"2026-02-23","2900428",,"The Sandwich Vibe (1st Avenue)","1741 1st Avenue  ","New York","NY","10128","1","18.68","0.00","0.00","1.39","0.00","20.07","-2.80","-1.87","0.00","-0.82","0.00","-3.00","11.58"
"2026-02-02","1938468",,"Stella's Pancake Bar","937 1st Avenue ","New York","NY","10022","34","716.19","0.00","0.00","57.86","0.00","774.05","-107.43","-71.68","0.00","-31.85","0.00","-64.00","499.09"
"2026-02-09","2560632",,"Halal Chicken Spot","1338 Polk St  ","San Francisco","CA","94109","2","48.96","0.00","0.00","3.70","0.00","52.66","-7.35","-4.90","0.00","-2.02","0.00","-6.00","32.39"
"2026-02-09","2710285",,"The Salad God (4th Ave)","59 4th Ave  ","New York","NY","10003","1","13.48","0.00","0.00","1.20","0.00","14.68","-2.02","-1.35","0.00","-0.75","0.00","0.00","10.56"
"2026-02-09","3310408","E Arapaho Rd #F","The Chinese Joint","1401 E Arapaho Rd  ","Richardson","TX","75081","1","38.98","0.00","0.00","2.80","0.00","41.78","-5.85","-3.90","0.00","-1.42","0.00","-5.00","25.61"
"2026-02-02","3325823","30th St","Bagel Dynasty","34-02 30th St  ","Astoria","NY","11106","1","13.06","0.00","0.00","0.52","0.00","13.58","-1.96","-1.31","0.00","-0.71","0.00","0.00","9.60"
"2026-02-02","9815064","2026 Agnew Rd","The Indian Spice Kitchen","2026 Agnew Rd  ","Santa Clara","CA","95054","1","16.79","0.00","0.00","1.53","0.00","18.32","-2.52","-1.68","0.00","-0.86","0.00","0.00","13.26"
"2026-02-23","6893712","Sunrise Market Place - 612 11th Ave","Danny's Burger Den","612 11th Ave  ","New York","NY","10036","1","45.96","0.00","0.00","4.08","0.00","50.04","-6.89","-4.60","0.00","-1.83","0.00","0.00","36.72"
"2026-02-23","7753808","Oakwood Bagels - 101 Guyon Ave","Doughboys Sandwiches","101 Guyon Ave  ","Staten Island","NY","10306","2","41.04","0.00","0.00","3.20","0.00","44.24","-5.78","-4.36","0.00","-1.88","0.00","-5.00","27.22"
"2026-01-26","10929360","E 125th St","The Salad Prince","135 E 125th St  ","New York","NY","10035","1","37.77","0.00","0.00","2.73","0.00","40.50","-5.67","-3.78","0.00","-1.32","0.00","-7.00","22.73"
"2026-02-02","4839144","319 Rogers Ave","The Gyro Bar","319 Rogers Ave  ","Brooklyn","NY","11225","13","257.16","0.00","0.00","21.24","0.00","278.40","-28.32","-25.75","0.00","0.00","0.00","-18.00","206.33"
"2026-02-23","3310488","1st Avenue","Jewel's Breakfast Joint","937 1st Ave.  ","New York","NY","10022","1","17.17","0.00","0.00","1.17","0.00","18.34","-2.58","-1.72","0.00","-0.74","0.00","-4.00","9.30"
"2026-02-16","3310989","Madison Ave","The Omelette Farm","1404 Madison Ave  ","New York","NY","10029","4","118.84","0.00","0.00","8.59","0.00","127.43","-17.83","-11.89","0.00","-4.42","0.00","-22.00","71.29"
"2026-02-09","6894736","Medina Halal Gril - 114 East Main Street","Ali's Mediterranean Sandwiches","114 E Main St  ","Richardson","TX","75081","4","65.64","0.00","0.00","4.43","0.00","70.07","-9.84","-6.57","0.00","-2.97","0.00","-12.00","38.69"
"2026-02-16","3310025","10th Ave","Indian Biryani Snob","716 10th Ave ","New York","NY","10019","1","24.98","0.00","0.00","1.95","0.00","26.93","-3.75","-2.50","0.00","-1.03","0.00","-3.00","16.65"
"2026-02-23","10938088","Chestnut St","Panini's On Panini's","1929 Chestnut St  ","Philadelphia","PA","19103","1","36.38","0.00","0.00","2.59","0.00","38.97","-5.46","-3.64","0.00","-1.37","-2.59","-4.00","21.91"
"2026-02-16","10498104","George St","Village Quesadilla","228 George St  ","New Brunswick","NJ","08901","5","120.39","0.00","0.00","4.43","0.00","124.82","-17.61","-12.05","0.00","-5.21","0.00","-3.00","86.95"
"2026-02-16","9815152","Mission","Leon's Legendary Pizza","3349 Mission St  ","San Francisco","CA","94110","3","162.51","0.00","0.00","12.20","0.00","174.71","-24.38","-16.26","0.00","-5.60","0.00","-21.00","107.47"
"2026-02-09","9845040","265 Bedford Ave","Bart's Breakfast Sandwiches","265 Bedford Ave  ","Brooklyn","NY","11211","2","53.15","0.00","0.00","4.28","0.00","57.43","-7.97","-5.32","0.00","-2.20","0.00","-5.00","36.94"
"2026-02-09","3310395","9th Ave","Mufasa's Pancakes & French Toast","755 9th Ave  ","New York","NY","10019","2","33.87","0.00","0.00","2.74","0.00","36.61","-5.08","-3.39","0.00","-1.62","0.00","-3.00","23.52"
"2026-01-26","10334552","N Arizona Ave","Little Italy's Calzones","1368 N Arizona Ave  ","Chandler","AZ","85225","1","20.68","0.00","0.00","1.22","0.00","21.90","-3.10","-2.07","0.00","-0.82","0.00","-5.00","10.91"
"2026-02-02","10359528","Polk St","The Hot Dog Village","1428 Polk St  ","San Francisco","CA","94109","1","46.91","0.00","0.00","3.61","0.00","50.52","-7.04","-4.69","0.00","-1.69","0.00","-5.00","32.10"
"2026-02-16","7101064","Pizza Zone","Amore Pasta Ristorante","3618 N Pennsylvania Ave  ","Oklahoma City","OK","73112","1","16.48","0.00","0.00","0.99","0.00","17.47","-2.47","-1.65","0.00","-0.68","-0.99","-5.00","6.68"
"2026-02-09","11803352","St Marks Pl","Christina's Vegan Cafe","58 St Marks Pl  ","New York","NY","10003","1","67.96","0.00","0.00","5.15","0.00","73.11","-10.19","-6.80","0.00","-2.22","0.00","-10.00","43.90"
"2026-02-02","9820976","4955 Voltaire St","The Smoothie Savage","4955 Voltaire St  ","San Diego","CA","92107","1","18.87","0.00","0.00","1.23","0.00","20.10","-2.83","-1.89","0.00","-0.82","0.00","-3.00","11.56"
"2026-02-23","10359464","1st Ave","The Pasta Brothers","589 1st Ave.  ","New York","NY","10016","1","31.98","0.00","0.00","2.13","0.00","34.11","-3.60","-3.20","0.00","-1.10","0.00","-8.00","18.21"
"2026-02-02","3310763","Queens Plaza S","Firenze Pasta Ristorante","25-02 Queens Plaza S  ","Queens","NY","11101","3","112.81","0.00","0.00","4.00","0.00","116.81","-16.92","-11.28","0.00","-4.06","0.00","-13.00","71.55"
"2026-01-26","10938048","E 125th St","Jr's Philly Cheesesteaks","135 E 125th St  ","New York","NY","10035","1","26.58","0.00","0.00","2.09","0.00","28.67","-3.54","-2.66","0.00","-1.08","0.00","-3.00","18.39"
"2026-01-26","10499904","1st Avenue","Lola's Smoothie Mix","937 1st Ave.  ","New York","NY","10022","1","27.94","0.00","0.00","2.04","0.00","29.98","-4.19","-2.79","0.00","-1.06","0.00","-5.00","16.94"
"2026-02-09","9822552","168 Myrtle Ave","Stan's Burger Bar","168 Myrtle Ave  ","Brooklyn","NY","11201","1","23.78","0.00","0.00","1.85","0.00","25.63","-3.57","-2.38","0.00","-0.99","0.00","-3.00","15.69"
"2026-02-23","2365500",,"The Pancake Snob","257 Gold Street  ","Brooklyn","NY","11201","2","79.12","0.00","0.00","6.40","0.00","85.52","-11.86","-7.92","0.00","-2.99","0.00","-7.00","55.75"
"2026-02-02","8569944",,"Top Panini Shop","1175 2nd Ave  ","New York","NY","10065","5","99.94","0.00","0.00","8.88","0.00","108.82","-15.00","-10.00","0.00","-4.83","0.00","0.00","78.99"
"2026-02-23","6891720","Wholesome Farms Market - 1306 Atlantic Ave","Green Leaf Salads","1306 Atlantic Ave  ","Brooklyn","NY","11216","5","99.99","0.00","0.00","8.52","0.00","108.51","-15.00","-10.01","0.00","-4.68","0.00","-4.00","74.82"
"2026-02-09","10932264","E 125th St","Original Burger Bar","135 E 125th St  ","New York","NY","10035","1","0.00","0.00","0.00","0.00","0.00","0.00","0.00","0.00","0.00","0.00","0.00","0.00","0.00"
"2026-02-09","3310779","George St","Pita Sandwiches Bite","228 George St  ","New Brunswick","NJ","08901","1","23.18","0.00","0.00","0.00","0.00","23.18","-3.48","-2.32","0.00","-1.01","0.00","0.00","16.37"
"2026-02-02","5321760","Yue Bai Wei - 5874 Forbes Ave","The Stir Fry Bar","5874 Forbes Ave  ","Pittsburgh","PA","15217","1","21.88","0.00","0.00","1.32","0.00","23.20","-3.28","-2.19","0.00","-0.92","-1.32","-3.00","12.49"
"2026-02-02","3310775","Hoover Rd","Greek Gyro Spot","28501 Hoover Rd  ","Warren","MI","48093","1","19.27","0.00","0.00","1.16","0.00","20.43","-2.89","-1.93","0.00","-0.92","-1.16","0.00","13.53"
"2026-02-16","3344172","916 Hempstead Turnpike","Casa De Quesadilla","916 Hempstead Turnpike  ","Franklin Square","NY","11010","1","22.39","0.00","0.00","1.93","0.00","24.32","-5.88","-3.92","0.00","-1.60","0.00","0.00","12.92"
"2026-02-16","6891040","Caffe Venice - 596 3rd Ave","Bill's Sandwich Shack","596 3rd Ave  ","New York","NY","10016","1","16.88","0.00","0.00","1.50","0.00","18.38","-2.53","-1.69","0.00","-0.86","0.00","0.00","13.30"
"2026-02-02","2344366",,"The Pancake Snob","217 1st Avenue  ","New York","NY","10003","3","40.44","0.00","0.00","3.15","0.00","43.59","-6.07","-4.05","0.00","-1.77","0.00","-5.00","26.70"
"2026-02-23","6894736","Medina Halal Gril - 114 East Main Street","Ali's Mediterranean Sandwiches","114 E Main St  ","Richardson","TX","75081","3","72.39","0.00","0.00","5.07","0.00","77.46","-10.86","-7.25","0.00","-2.93","0.00","-11.00","45.42"
"2026-01-26","8563032",,"Francesco Pasta Ristorante","9061 Van Nuys Blvd ","Los Angeles","CA","91402","1","19.59","0.00","0.00","1.62","0.00","21.21","-2.94","-1.96","0.00","-0.86","0.00","-3.00","12.45"
"2026-01-26","2030753",,"Fat Cheesesteaks","2624 Pico Blvd ","Santa Monica","CA","90405","1","16.79","0.00","0.00","1.41","0.00","18.20","-2.52","-1.68","0.00","-0.76","0.00","-3.00","10.24"
"2026-02-09","10382520","E Speedway","Danny's Desserts","4352 E Speedway Blvd  ","Tucson","AZ","85712","3","48.63","0.00","0.00","3.96","0.00","52.59","-7.29","-4.86","0.00","-2.42","0.00","-3.00","35.02"
"2026-02-02","3312894","Gold St","Jasmin's Coffee Bar","257 Gold St  ","Brooklyn","NY","11201","1","10.98","0.00","0.00","0.98","0.00","11.96","-1.65","-1.10","0.00","-0.66","0.00","0.00","8.55"
"2026-02-02","823219",,"Priya's Indian Kitchen","716 10th Ave ","New York","NY","10019","1","28.97","0.00","0.00","2.04","0.00","31.01","-5.79","-2.90","0.00","-1.06","0.00","-6.00","15.26"
"2026-02-23","9824152","1174 Chapel St","Slapjack Pancakes","1174 Chapel St  ","New Haven","CT","06511","1","27.98","0.00","0.00","1.40","0.00","29.38","-4.20","-2.80","0.00","-1.01","-1.40","-6.00","13.97"
"2026-02-23","10357768","Polk St","The Burger Joint","1338 Polk St  ","San Francisco","CA","94109","2","60.95","0.00","0.00","4.65","0.00","65.60","-12.44","-8.30","0.00","-3.12","0.00","-7.00","34.74"
"2026-02-02","3301172","7th Ave","Breakfast N Vibe","154 7th Ave  ","New York","NY","10011","1","29.84","0.00","0.00","2.65","0.00","32.49","-4.48","-2.98","0.00","-1.29","0.00","0.00","23.74"
"2026-02-23","2116552",,"The Burger Trilogy","5155 3rd St  ","San Francisco","CA","94124","2","77.47","0.00","0.00","6.68","0.00","84.15","-11.62","-7.75","0.00","-3.17","0.00","0.00","61.61"
"2026-02-09","3326032","30th St","NY Dessert Bar","34-02 30th St  ","Astoria","NY","11106","3","55.32","0.00","0.00","2.09","0.00","57.41","-8.29","-5.54","0.00","-2.55","0.00","-3.00","38.03"
"2026-02-23","6345584","Roni's Pub - 7955 E Frontage Road","Dad's Flamin' Quesadillas","7955 E Frontage Rd  ","Overland Park","KS","66204","1","21.99","0.00","0.00","2.28","0.00","24.27","-3.30","-2.20","0.00","-1.04","-2.28","0.00","15.45"
"2026-02-16","8568880",,"Casa De Quesadilla","4352 E Speedway Blvd  ","Tucson","AZ","85712","3","113.40","0.00","0.00","8.39","0.00","121.79","-17.01","-11.35","0.00","-4.10","0.00","-17.00","72.33"
"2026-02-02","3311071","Madison Ave","General's French Toast","1404 Madison Ave  ","New York","NY","10029","1","21.96","0.00","0.00","0.02","0.00","21.98","-3.29","-2.20","0.00","-0.85","0.00","-4.00","11.64"
"2026-02-02","2423690",,"Charlie's Chicken Wings"," 329 Union St ","Nashville","TN","37203","1","77.92","0.00","0.00","6.28","0.00","84.20","-11.69","-7.79","0.00","-2.56","0.00","-10.00","52.16"
"2026-01-26","3301276","7th Ave","Holy Grail Omelettes","154 7th Ave  ","New York","NY","10011","1","17.77","0.00","0.00","1.58","0.00","19.35","-2.67","-1.78","0.00","-0.89","0.00","0.00","14.01"
"2026-02-16","7097528","East Side Deli","Sunrise Coffee Express","1424 Lexington Ave  ","New York","NY","10128","3","47.51","0.00","0.00","3.68","0.00","51.19","-6.22","-4.76","0.00","-2.28","0.00","-6.00","31.93"
"2026-02-09","4831664","319 Rogers Ave","The Sandwich Vibe","319 Rogers Ave  ","Brooklyn","NY","11225","2","29.67","0.00","0.00","2.37","0.00","32.04","-4.45","-2.97","0.00","-1.49","0.00","-3.00","20.13"
"2026-02-16","2365500",,"The Pancake Snob","257 Gold Street  ","Brooklyn","NY","11201","2","40.85","0.00","0.00","3.19","0.00","44.04","-6.13","-4.09","0.00","-1.79","0.00","-5.00","27.03"
"2026-02-02","9815112","Broadway","Salad Kreation","5993 Broadway  ","Bronx","NY","10471","1","15.38","0.00","0.00","0.62","0.00","16.00","-2.31","-1.54","0.00","-0.79","0.00","0.00","11.36"
"2026-02-02","9834480","277 Gold St","Fiona's Breakfast Burritos","277 Gold St  ","Brooklyn","NY","11201","3","65.03","0.00","0.00","4.65","0.00","69.68","-9.76","-6.51","0.00","-2.64","0.00","-12.62","38.15"
"2026-02-09","3310209","W Greenway Rd","Linh's Chinese Restaurant","13011 W Greenway Rd  ","El Mirage","AZ","85335","3","56.06","0.00","0.00","4.18","0.00","60.24","-8.41","-5.61","0.00","-2.44","0.00","-10.00","33.78"
"2026-01-26","9822552","168 Myrtle Ave","Stan's Burger Bar","168 Myrtle Ave  ","Brooklyn","NY","11201","1","19.56","0.00","0.00","1.47","0.00","21.03","-4.40","-2.93","0.00","-1.17","0.00","-3.00","9.53"
"2026-02-09","7325384","Picante Taco- 411 S High St","Fire House Quesadillas","411 S High St  ","Baltimore","MD","21202","2","24.07","0.00","0.00","1.26","0.00","25.33","-3.61","-2.41","0.00","-0.98","-1.26","-3.00","14.07"
"2026-02-02","10929352","8th Ave","The Salad Dream","300 8th Ave  ","New York","NY","10001","1","0.00","0.00","0.00","0.00","0.00","0.00","0.00","0.00","0.00","0.00","0.00","0.00","0.00"
"2026-02-16","10929184","Van Nuys Blvd","Rooftop Sandwiches","9061 Van Nuys Blvd  ","Los Angeles","CA","91402","2","54.52","0.00","0.00","4.74","0.00","59.26","-7.73","-5.46","0.00","-2.22","0.00","-6.00","37.85"
"2026-02-23","8563032",,"Francesco Pasta Ristorante","9061 Van Nuys Blvd ","Los Angeles","CA","91402","1","64.34","0.00","0.00","5.98","0.00","70.32","-9.65","-6.43","0.00","-2.35","0.00","-3.00","48.89"
"2026-01-26","2352422",,"The Pancake Snob (West Chester Pike)","1147 West Chester Pike ","West Chester","PA","19382","2","46.46","0.00","0.00","2.43","0.00","48.89","-6.97","-4.65","0.00","-1.91","-2.43","-6.00","26.93"
"2026-02-23","7753968","382 Farmer Deli & Juice - 382 8th Ave","Big Belly Paninis","382 8th Ave  ","New York","NY","10001","1","2.19","0.00","0.00","0.19","0.00","2.38","-2.02","-1.35","0.00","-0.75","0.00","0.00","-1.74"
"2026-02-23","3310144","Lee Hwy","Martha's Breakfast Sandwiches","3907 Lee Hwy  ","Arlington","VA","22207","3","38.52","0.00","0.00","1.89","0.00","40.41","-5.33","-3.86","0.00","-1.92","0.00","-7.00","22.30"
"2026-02-16","6891024","Caffe Venice - 596 3rd Ave","CJ's Breakfast Sandwich","596 3rd Ave  ","New York","NY","10016","7","128.49","0.00","0.00","10.25","0.00","138.74","-19.28","-12.86","0.00","-5.93","0.00","-13.00","87.67"
"2026-02-02","2816779",,"Justin's Juice Bar","257 Gold St  ","Brooklyn","NY","11201","1","22.98","0.00","0.00","2.04","0.00","25.02","-3.45","-2.30","0.00","-1.06","0.00","0.00","18.21"
"2026-02-23","2352422",,"The Pancake Snob (West Chester Pike)","1147 West Chester Pike ","West Chester","PA","19382","3","64.94","0.00","0.00","3.60","0.00","68.54","-9.74","-6.50","0.00","-2.84","-3.60","-5.00","40.86"
"2026-02-02","1940022",,"Jose's Burrito Bar","589 1st Avenue ","New York","NY","10016","7","176.78","0.00","0.00","11.79","0.00","188.57","-29.24","-19.49","0.00","-7.69","0.00","-24.99","107.16"
"2026-02-09","2535778",,"The Pasta Story","1424 Lexington Ave ","New York","NY","10128","10","237.13","0.00","0.00","18.66","0.00","255.79","-38.65","-25.78","0.00","-10.65","0.00","-27.00","153.71"
"2026-02-09","9819632","3rd","The Juice Affair","296 3rd Ave  ","New York","NY","10010","1","36.35","0.00","0.00","2.52","0.00","38.87","-4.25","-3.64","0.00","-1.24","0.00","-8.00","21.74"
"2026-02-16","10063848","Homestead Rd","Francesco Pasta Ristorante","2898 Homestead Rd  ","Santa Clara","CA","95051","4","74.85","0.00","0.00","6.74","0.00","81.59","-10.78","-7.49","0.00","-3.60","0.00","-3.00","56.72"
"2026-02-09","10373776","7th Ave","The Village Breakfast","154 7th Ave  ","New York","NY","10011","1","10.19","0.00","0.00","0.90","0.00","11.09","-1.53","-1.02","0.00","-0.64","0.00","0.00","7.90"
"2026-02-02","1976524",,"Prime Burger Lounge","44 E 8th St ","New York","NY","10003","1","12.94","0.00","0.00","1.15","0.00","14.09","-1.62","-1.29","0.00","-0.73","0.00","0.00","10.45"
"2026-02-16","10373776","7th Ave","The Village Breakfast","154 7th Ave  ","New York","NY","10011","2","34.95","0.00","0.00","3.10","0.00","38.05","-5.25","-3.50","0.00","-1.76","0.00","0.00","27.54"
"2026-02-16","2773358",,"The Gourmet Burger (1st Ave)","1741 1st Avenue  ","New York","NY","10128","1","28.96","0.00","0.00","2.22","0.00","31.18","-4.34","-2.90","0.00","-1.13","0.00","-4.00","18.81"
"2026-02-23","6895680","Not Just Pizza - 2240 S 11th St","The Pizza Obsession","2240 S 11th St  ","Philadelphia","PA","19148","1","0.00","0.00","0.00","0.00","0.00","0.00","0.00","0.00","0.00","0.00","0.00","0.00","0.00"
"2026-02-02","3301264","30th St","Viva Vegan Sandwiches","34-02 30th St  ","Astoria","NY","11106","1","34.27","0.00","0.00","2.70","0.00","36.97","-5.14","-3.43","0.00","-1.43","0.00","0.00","26.97"
"2026-02-23","5314864","Golden Restaurant and Bakery-1849 N Scottsdale Rd","Mohamed's Pizza Flip","1849 N Scottsdale Rd  ","Scottsdale","AZ","85288","1","11.98","0.00","0.00","1.09","0.00","13.07","-1.80","-1.20","0.00","-0.70","0.00","0.00","9.37"
"2026-02-16","2900330",,"Cheesecake And Dessert Bar (Polk St)","1338 Polk St  ","San Francisco","CA","94109","1","51.95","0.00","0.00","3.87","0.00","55.82","-7.79","-5.20","0.00","-1.79","0.00","-7.00","34.04"
"2026-02-02","2795258",,"Philly Cheesesteak Artists ","228 George St  ","New Brunswick","NJ","08901","1","20.78","0.00","0.00","1.18","0.00","21.96","-3.12","-2.08","0.00","-0.88","0.00","-3.00","12.88"
"2026-02-23","1967490",,"The Omelette Farm","589 1st Avenue ","New York","NY","10016","14","336.61","0.00","0.00","25.91","0.00","362.52","-49.74","-33.67","0.00","-13.89","0.00","-45.00","220.22"
"2026-02-02","9822592","Mowry","EZ Cheesesteaks","3846 Mowry Ave  ","Fremont","CA","94538","1","12.59","0.00","0.00","1.35","0.00","13.94","-1.89","-1.26","0.00","-0.73","0.00","0.00","10.06"
"2026-02-16","3310455","Fulton St","The Pancake Flip","1237 Fulton St  ","Brooklyn","NY","11216","6","153.11","0.00","0.00","12.62","0.00","165.73","-22.98","-15.32","0.00","-6.50","0.00","-11.00","109.93"
"2026-02-23","2796228",,"Healthy Salad Bar ","228 George St  ","New Brunswick","NJ","08901","2","41.07","0.00","0.00","2.73","0.00","43.80","-6.16","-4.11","0.00","-1.94","0.00","0.00","31.59"
"2026-02-16","4830064","265 Bedford Ave","House of Paninis","265 Bedford Ave  ","Brooklyn","NY","11211","4","119.29","0.00","0.00","9.97","0.00","129.26","-14.82","-13.48","0.00","0.00","0.00","-7.00","93.96"
"2026-02-09","3004743",,"Toss N' Chop Salad Bar","2909 Queens Plaza N  ","Long Island","NY","11101","1","24.47","0.00","0.00","1.91","0.00","26.38","-3.67","-2.45","0.00","-1.01","0.00","-3.00","16.25"
"2026-02-16","7096928","Leo's Coney Island - 15198 E 13 Mile Rd","Italiano Mac's","15198 E Thirteen Mile Rd  ","Warren","MI","48088","1","24.88","0.00","0.00","1.31","0.00","26.19","-3.28","-2.49","0.00","-1.01","-1.31","-3.00","15.10"
"2026-02-09","6156496","839 W University Dr","Olivia's Omelettes","839 W University Dr  ","Tempe","AZ","85281","3","55.74","0.00","0.00","4.10","0.00","59.84","-8.36","-5.58","0.00","-2.48","0.00","-8.00","35.42"
"2026-02-16","9832944","1708 Livernois Rd","The Pasta Brothers","1708 Livernois Rd  ","Troy","MI","48083","1","16.79","0.00","0.00","1.01","0.00","17.80","-2.52","-1.68","0.00","-0.84","-1.01","0.00","11.75"
"2026-02-23","2847792",,"Julia's Juice Shack (Bedford Ave)","265 Bedford Ave  ","NY","NY","11211","2","32.96","0.00","0.00","2.93","0.00","35.89","-4.94","-3.30","0.00","-1.69","0.00","0.00","25.96"
"2026-02-09","2634275",,"Halal Gyro Lab","1760 3rd Ave  ","New York","NY","10029","1","32.17","0.00","0.00","2.41","0.00","34.58","-4.83","-3.22","0.00","-1.20","0.00","-5.00","20.33"
"2026-02-16","11798112","S Durango Dr","Italian Pasta Joint","3585 S Durango Dr  ","Las Vegas","NV","89147","1","115.96","0.00","0.00","8.88","0.00","124.84","-17.39","-11.60","0.00","-3.80","-8.88","-10.00","73.17"
"2026-02-02","3310146","3rd Ave","Fried Munchies Shack","1760 3rd Ave  ","New York","NY","10029","1","33.52","0.00","0.00","2.71","0.00","36.23","-5.03","-3.35","0.00","-1.31","0.00","-3.00","23.54"
"2026-02-23","2795075",,"The Panini Project","59 4th Ave  ","New York","NY","10003","1","22.48","0.00","0.00","1.73","0.00","24.21","-3.37","-2.25","0.00","-0.95","0.00","-3.00","14.64"
"2026-02-02","10498112","101st Ave","Top Notch Sandwiches","131-03 101st Ave  ","South Richmond","NY","11419","1","130.84","0.00","0.00","5.03","0.00","135.87","-19.63","-13.08","0.00","-4.29","0.00","-5.00","93.87"
"2026-02-02","9817992","Mowry","Vegan Falafel Joint","3846 Mowry Ave  ","Fremont","CA","94538","1","54.93","0.00","0.00","5.90","0.00","60.83","-8.24","-5.49","0.00","-2.16","0.00","0.00","44.94"
"2026-01-26","9843632","2909A Queens Plaza N","Amore Pasta Ristorante","2909 Queens Plaza N  ","Long Island City","NY","11101","1","20.74","0.00","0.00","1.84","0.00","22.58","-3.11","-2.07","0.00","-0.99","0.00","0.00","16.41"
"2026-02-16","9794808","1401 E Arapaho Rd #F","Ryu's Ramen Bar","1401 E Arapaho Rd  ","Richardson","TX","75081","1","107.71","0.00","0.00","8.89","0.00","116.60","-16.16","-10.77","0.00","-3.86","0.00","0.00","85.81"
"2026-02-02","9794768","18 S Abbott Ave","Dum Biryani Snob","18 S Abbott Ave  ","Milpitas","CA","95035","1","18.17","0.00","0.00","1.24","0.00","19.41","-2.73","-1.82","0.00","-0.74","0.00","-5.00","9.12"
"2026-02-09","10499904","1st Avenue","Lola's Smoothie Mix","937 1st Ave.  ","New York","NY","10022","6","209.04","0.00","0.00","16.52","0.00","225.56","-31.44","-21.47","0.00","-8.17","0.00","-23.00","141.48"
"2026-02-16","10600944","North Roxboro St","Holly's Burger Bar","5279 N Roxboro St  ","Durham","NC","27712","2","116.11","0.00","0.00","7.21","0.00","123.32","-17.42","-11.61","0.00","-3.75","-7.21","-20.00","63.33"
"2026-01-26","1968311",,"Penny's Pancakes","1237 Fulton Street  ","Brooklyn","NY","11216","2","42.05","0.00","0.00","2.50","0.00","44.55","-6.31","-4.21","0.00","-1.54","0.00","-14.00","18.49"
"2026-02-09","1938070",,"The Mexican Cocina","937 1st ave  ","New York","NY","10022","5","87.20","0.00","0.00","7.48","0.00","94.68","-13.09","-8.73","0.00","-4.30","0.00","-3.00","65.56"
"2026-02-02","10559368","W 34th st","Fiona's Breakfast Burritos","433 W 34th St.  ","New York","NY","10001","6","111.66","0.00","0.00","7.93","0.00","119.59","-16.76","-11.18","0.00","-4.76","0.00","-22.43","64.46"
"2026-02-23","4510640","769 9th Ave #1","Wraps On Tap","769 9th Ave  ","New York","NY","10019","1","29.96","0.00","0.00","2.22","0.00","32.18","-4.49","-3.00","0.00","-1.13","0.00","-5.00","18.56"
"2026-02-09","3325471","Main St","Mufasa's Pancakes & French Toast","459 Main St  ","Armonk","NY","10504","1","28.45","0.00","0.00","1.97","0.00","30.42","-4.27","-2.85","0.00","-1.08","0.00","-5.00","17.22"
"2026-02-09","3309992","1st Avenue","La Mexicana Quesadilla","217 1st Ave.  ","New York","NY","10003","5","153.93","0.00","0.00","11.89","0.00","165.82","-23.10","-15.40","0.00","-5.93","0.00","-20.00","101.39"
"2026-02-23","8569944",,"Top Panini Shop","1175 2nd Ave  ","New York","NY","10065","3","63.96","0.00","0.00","5.33","0.00","69.29","-9.60","-6.40","0.00","-2.90","0.00","-4.00","46.39"
"2026-02-16","5321760","Yue Bai Wei - 5874 Forbes Ave","The Stir Fry Bar","5874 Forbes Ave  ","Pittsburgh","PA","15217","1","21.88","0.00","0.00","1.18","0.00","23.06","-3.28","-2.19","0.00","-0.85","-1.18","-5.00","10.56"
"2026-02-09","2776714",,"LV Taco Bar (1st Ave)","1741 1st Avenue  ","New York","NY","10128","1","19.78","0.00","0.00","1.49","0.00","21.27","-2.97","-1.98","0.00","-0.86","0.00","-3.00","12.46"
"2026-01-26","3325823","30th St","Bagel Dynasty","34-02 30th St  ","Astoria","NY","11106","1","8.57","0.00","0.00","0.34","0.00","8.91","-1.29","-0.86","0.00","-0.57","0.00","0.00","6.19"
"2026-02-02","5028264","600 Washington Ave","Crunchy Banh Mi","600 Washington Ave  ","Philadelphia","PA","19147","2","44.57","0.00","0.00","3.57","0.00","48.14","-6.69","-4.46","0.00","-2.07","-3.57","0.00","31.35"
"2026-02-09","6891040","Caffe Venice - 596 3rd Ave","Bill's Sandwich Shack","596 3rd Ave  ","New York","NY","10016","6","208.40","0.00","0.00","17.26","0.00","225.66","-33.34","-22.24","0.00","-8.72","0.00","-14.00","147.36"
"2026-02-09","2900330",,"Cheesecake And Dessert Bar (Polk St)","1338 Polk St  ","San Francisco","CA","94109","2","117.90","0.00","0.00","8.95","0.00","126.85","-17.68","-11.80","0.00","-4.04","0.00","-14.00","79.33"
"2026-02-09","9811896","Mission","Holly's Burger Bar","3349 Mission St  ","San Francisco","CA","94110","3","124.18","0.00","0.00","8.55","0.00","132.73","-24.46","-16.30","0.00","-5.47","0.00","-25.00","61.50"
"2026-02-02","3310024","10th Ave","Halal Indian Monsoon","716 10th Ave ","New York","NY","10019","1","28.17","0.00","0.00","2.50","0.00","30.67","-4.23","-2.82","0.00","-1.24","0.00","0.00","22.38"
"2026-02-23","4510320","1424 Lexington Ave","Hill Top Sandwich","1424 Lexington Ave  ","New York","NY","10128","1","39.97","0.00","0.00","3.28","0.00","43.25","-6.00","-4.00","0.00","-1.53","0.00","-3.00","28.72"
"2026-02-02","3309753","W Camelback Rd #103","Noodle And Rice Bar","3446 W Camelback Rd  ","Phoenix","AZ","85017","7","127.98","0.00","0.00","9.28","0.00","137.26","-19.18","-12.81","0.00","-5.67","0.00","-20.00","79.60"
"2026-02-09","11059496","Queens Plaza N","Strictly Vegetarian Sandwich","2909 Queens Plaza N  ","Long Island City","NY","11101","1","27.27","0.00","0.00","2.16","0.00","29.43","-4.09","-2.73","0.00","-1.11","0.00","-3.00","18.50"
"2026-02-09","5289640","3846 Mowry Ave","Halal Chicken Gyros Co.","3846 Mowry Ave  ","Fremont","CA","94538","1","27.97","0.00","0.00","2.47","0.00","30.44","-4.20","-2.80","0.00","-1.08","0.00","-5.00","17.36"
"2026-01-26","2223864",,"Fiona's Pancake Bar","1404 Madison Avenue  ","New York","NY","10029","1","14.69","0.00","0.00","1.30","0.00","15.99","-2.20","-1.47","0.00","-0.79","0.00","0.00","11.53"
"2026-02-16","10382520","E Speedway","Danny's Desserts","4352 E Speedway Blvd  ","Tucson","AZ","85712","1","5.28","0.00","0.00","0.46","0.00","5.74","-0.79","-0.53","0.00","-0.48","0.00","0.00","3.94"
"2026-02-23","2730321",,"Mama's Buffalo Wings","168 Myrtle Ave  ","Brooklyn","NY","11201","1","25.98","0.00","0.00","2.31","0.00","28.29","-3.90","-2.60","0.00","-1.16","0.00","0.00","20.63"
"2026-02-16","2847334",,"The Bagel Savage","240 Sullivan St  ","New York","NY","10012","2","31.34","0.00","0.00","2.52","0.00","33.86","-4.70","-3.14","0.00","-1.54","0.00","-3.00","21.48"
"2026-02-02","2562680",,"Devil's Hot Wings","820 Pennsylvania Ave  ","Pittsburgh","PA","15233","1","23.98","0.00","0.00","1.33","0.00","25.31","-3.60","-2.40","0.00","-0.92","-1.33","-5.00","12.06"
"2026-02-16","2407121",,"The Burger Bae","217 1st Avenue  ","New York","NY","10003","1","19.17","0.00","0.00","1.26","0.00","20.43","-2.88","-1.92","0.00","-0.77","0.00","-5.00","9.86"
"2026-02-09","8567328",,"Addictive Burger Bar","711 E Blithedale Ave  ","Mill Valley","CA","94941","2","0.00","0.00","0.00","0.00","0.00","0.00","0.00","0.00","0.00","0.00","0.00","0.00","0.00"
"2026-02-16","7102536","Golden State Pizza & Grill - 3349 Mission St","Henry's Chicken Wings","3349 Mission St  ","San Francisco","CA","94110","1","19.78","0.00","0.00","1.45","0.00","21.23","-2.97","-1.98","0.00","-0.86","0.00","-3.00","12.42"
"2026-02-09","9832944","1708 Livernois Rd","The Pasta Brothers","1708 Livernois Rd  ","Troy","MI","48083","3","53.15","0.00","0.00","2.89","0.00","56.04","-10.71","-7.14","0.00","-3.05","-2.89","-5.00","27.25"
"2026-02-02","3301109","9th Ave","Molly's Chicken Wings","468 9th Ave  ","New York","NY","10018","3","76.50","0.00","0.00","6.79","0.00","83.29","-11.48","-7.65","0.00","-3.44","0.00","0.00","60.72"
"2026-02-23","10362136","Polk St","Fried Chicken Savage","1428 Polk St  ","San Francisco","CA","94109","1","31.97","0.00","0.00","2.50","0.00","34.47","-4.80","-3.20","0.00","-1.26","0.00","-3.00","22.21"
"2026-02-09","7099080","Jonny's Place - 370 Main St","Jewel's Breakfast Joint","370 Main St  ","East Orange","NJ","07018","1","4.29","0.00","0.00","0.28","0.00","4.57","-2.55","-1.70","0.00","-0.85","0.00","0.00","-0.53"
"2026-02-09","3344282","916 Hempstead Turnpike","Crunchy Taco Snob","916 Hempstead Turnpike  ","Franklin Square","NY","11010","1","0.00","0.00","0.00","0.00","0.00","0.00","0.00","0.00","0.00","0.00","0.00","0.00","0.00"
"2026-02-02","11000920","3rd Ave","Glorious Panini Snob","296 3rd Ave  ","New York","NY","10010","2","21.67","0.00","0.00","1.92","0.00","23.59","-5.45","-3.64","0.00","-1.81","0.00","0.00","12.69"
"2026-02-16","9824160","1424 Lexington Ave","La Puebla Quesadilla","1424 Lexington Ave  ","New York","NY","10128","2","57.36","0.00","0.00","4.56","0.00","61.92","-8.61","-5.74","0.00","-2.31","0.00","-6.00","39.26"
"2026-02-02","10929176","Hillside Ave","RJ's Philly Cheesesteaks","783 Hillside Ave.  ","New Hyde Park","NY","11040","1","0.00","0.00","0.00","0.00","0.00","0.00","-2.31","-1.54","0.00","-0.81","0.00","0.00","-4.66"
"2026-02-02","3311011","9th Ave","City Light Wraps","468 9th Ave  ","New York","NY","10018","1","15.57","0.00","0.00","1.38","0.00","16.95","-2.34","-1.56","0.00","-0.82","0.00","0.00","12.23"
"2026-02-09","3308893","Pico Blvd","Sicily's Calzone House","2624 Pico Blvd  ","Santa Monica","CA","90405","1","19.67","0.00","0.00","1.58","0.00","21.25","-2.95","-1.97","0.00","-0.80","0.00","-5.00","10.53"
"2026-02-02","3309991","4th Ave","Philadelphia Cheesy Cheesesteak","59 4th Ave  ","New York","NY","10003","1","44.46","0.00","0.00","3.16","0.00","47.62","-6.67","-4.45","0.00","-1.48","0.00","-8.89","26.13"
"2026-02-02","3310407","E Arapaho Rd #F","Master Yamamoto Ramen Bar","1401 E Arapaho Rd  ","Richardson","TX","75081","3","77.63","0.00","0.00","5.33","0.00","82.96","-11.65","-7.77","0.00","-3.04","0.00","-13.00","47.50"
"2026-02-02","3310448","3rd Ave","The French Fries God","1760 3rd Ave  ","New York","NY","10029","1","10.00","0.00","0.00","0.89","0.00","10.89","-1.50","-1.00","0.00","-0.63","0.00","0.00","7.76"
"2026-02-16","1938070",,"The Mexican Cocina","937 1st ave  ","New York","NY","10022","1","17.98","0.00","0.00","1.60","0.00","19.58","-2.70","-1.80","0.00","-0.90","0.00","0.00","14.18"
"2026-02-16","10375512","W 34th","Wonka's Smoothie Bar","433 W 34th St.  ","New York","NY","10001","1","27.96","0.00","0.00","2.04","0.00","30.00","-4.19","-2.80","0.00","-1.06","0.00","-5.00","16.95"
"2026-02-02","9820960","370 Main St","FirstBite Breakfast Sandwiches","370 Main St  ","East Orange","NJ","07018","1","22.38","0.00","0.00","1.48","0.00","23.86","-3.36","-2.24","0.00","-1.03","0.00","0.00","17.23"
"2026-02-23","6891832","Thai Thai San Marcos Restaurant - 801 S Twin Oaks Valley Rd","Vinny’s Vegetarian Spot","1450 West Mission Rd  ","San Marcos","CA","92069","1","23.98","0.00","0.00","1.86","0.00","25.84","-3.60","-2.40","0.00","-1.09","0.00","0.00","18.75"
"2026-02-23","6891656","Wholesome Farms Market - 840 Fulton St","Olivia's Breakfast Cafe","840 Fulton St  ","Brooklyn","NY","11238","2","34.34","0.00","0.00","3.05","0.00","37.39","-5.16","-3.44","0.00","-1.74","0.00","0.00","27.05"
"2026-02-23","2786288",,"Palm Tree Juice Bar (1st Ave)","217 1st Ave  ","New York","NY","10003","3","49.96","0.00","0.00","3.63","0.00","53.59","-7.05","-5.00","0.00","-2.26","0.00","-9.00","30.28"
"2026-02-02","9819560","245 E Houston St","The Dessert Dream","245 E Houston St  ","New York","NY","10002","7","246.20","0.00","0.00","20.53","0.00","266.73","-36.93","-24.63","0.00","-9.78","0.00","-15.00","180.39"
"2026-02-02","2727983",,"Philly Cheesesteak Artists","755 9th Ave  ","New York","NY","10019","1","28.78","0.00","0.00","2.56","0.00","31.34","-4.32","-2.88","0.00","-1.26","0.00","0.00","22.88"
"2026-02-02","4510336","937 1st Avenue","Jay's Breakfast Bar","937 1st Ave.  ","New York","NY","10022","8","128.09","0.00","0.00","10.76","0.00","138.85","-19.21","-12.83","0.00","-6.42","0.00","-7.00","93.39"
"2026-02-23","3301276","7th Ave","Holy Grail Omelettes","154 7th Ave  ","New York","NY","10011","3","36.33","0.00","0.00","3.22","0.00","39.55","-5.45","-3.64","0.00","-2.11","0.00","0.00","28.35"
"2026-02-02","9813512","W National","The Pasta Story","2138 W National Ave  ","Milwaukee","WI","53204","5","121.58","0.00","0.00","7.79","0.00","129.37","-17.80","-12.17","0.00","-4.74","-7.79","-23.00","63.87"
"2026-02-09","3311360","Queens Plaza S","Sal's Smoothie Spot","25-02 Queens Plaza S  ","Queens","NY","11101","2","31.16","0.00","0.00","1.25","0.00","32.41","-4.67","-3.12","0.00","-1.59","0.00","0.00","23.03"
"2026-02-09","10929152","2nd Ave","NY Smoothie Joint","1175 2nd Ave  ","New York","NY","10065","2","20.97","0.00","0.00","1.60","0.00","22.57","-3.15","-2.10","0.00","-0.90","0.00","-3.00","13.42"
"2026-02-09","7753880","APPLETREE MARKET - 1225 Amsterdam Ave","Two Hand Burger","1225 Amsterdam Ave  ","New York","NY","10027","1","19.98","0.00","0.00","1.77","0.00","21.75","-3.00","-2.00","0.00","-0.96","0.00","0.00","15.79"
"2026-02-16","9845040","265 Bedford Ave","Bart's Breakfast Sandwiches","265 Bedford Ave  ","Brooklyn","NY","11211","3","84.62","0.00","0.00","6.72","0.00","91.34","-12.69","-8.47","0.00","-3.41","0.00","-9.00","57.77"
"2026-02-02","10363736","Polk St","Blake's Dessert Lounge","1338 Polk St  ","San Francisco","CA","94109","2","45.96","0.00","0.00","3.45","0.00","49.41","-6.90","-4.60","0.00","-1.93","0.00","-6.00","29.98"
"2026-02-02","2285420",,"Taco Paradiso","1404 Madison Ave ","New York","NY","10029","1","20.99","0.00","0.00","1.86","0.00","22.85","-3.15","-2.10","0.00","-1.00","0.00","0.00","16.60"
"2026-02-09","3310191","Dallas St","Luigi's Pasta Ristorante","9083 Dallas St  ","La Mesa","CA","91942","3","109.89","0.00","0.00","7.72","0.00","117.61","-16.48","-11.00","0.00","-3.91","0.00","-19.00","67.22"
"2026-02-23","2900806",,"The Shawarma Bar (Polk St)","1338 Polk St  ","San Francisco","CA","94109","1","70.95","0.00","0.00","5.51","0.00","76.46","-10.64","-7.10","0.00","-2.42","0.00","-7.00","49.30"
"2026-02-02","2886504",,"The Salad Dream","1929 Chestnut St  ","Philadelphia","PA","19103","3","40.46","0.00","0.00","2.92","0.00","43.38","-6.07","-4.05","0.00","-1.81","-2.92","-4.00","24.53"
"2026-02-23","9819584","28501 Hoover Rd","The Farmers Salad","28501 Hoover Rd  ","Warren","MI","48093","1","27.28","0.00","0.00","1.46","0.00","28.74","-3.64","-2.73","0.00","-1.09","-1.46","-3.00","16.82"
"2026-02-23","2964464",,"Day N Night Pancakes","240 Sullivan St  ","New York","NY","10012","1","12.57","0.00","0.00","1.12","0.00","13.69","-0.63","-1.89","0.00","-0.72","0.00","0.00","10.45"
"2026-02-23","10372072","E Speedway","Breakfast Burrito Joint","4352 E Speedway Blvd  ","Tucson","AZ","85712","7","143.89","0.00","0.00","11.12","0.00","155.01","-21.39","-14.58","0.00","-6.39","0.00","-16.00","96.65"
"2026-02-09","2741495",,"Sarah's Breakfast Bar","1760 3rd Ave  ","New York","NY","10029","1","12.98","0.00","0.00","1.15","0.00","14.13","-1.95","-1.30","0.00","-0.73","0.00","0.00","10.15"
"2026-02-02","3300670","W. 14th street","Strictly Vegetarian Sandwiches","244 W 14th St  ","New York","NY","10011","1","4.58","0.00","0.00","0.41","0.00","4.99","-0.69","-0.46","0.00","-0.45","0.00","0.00","3.39"
"2026-01-26","2285322",,"The Pasta Slut","1338 Polk St  ","San Francisco","CA","94109","2","82.94","0.00","0.00","6.29","0.00","89.23","-12.44","-8.30","0.00","-3.02","0.00","-10.00","55.47"
"2026-01-26","5850184","Vernon Boulevard","Penny's Pancakes","38-01 Vernon Blvd  ","Long Island City","NY","11101","1","18.47","0.00","0.00","1.64","0.00","20.11","-2.77","-1.85","0.00","-0.91","0.00","0.00","14.58"
"2026-02-23","5853472","Metropolitan Ave","The Vegan Snob","488 Metropolitan Ave  ","Brooklyn","NY","11211","1","42.36","0.00","0.00","3.76","0.00","46.12","-6.35","-4.24","0.00","-1.71","0.00","0.00","33.82"
"2026-02-16","7747984","382 Farmer Deli & Juice - 382 8th Ave","The Village Smoothie Spot","382 8th Ave  ","New York","NY","10001","2","44.12","0.00","0.00","3.56","0.00","47.68","-6.62","-4.41","0.00","-1.93","0.00","-4.00","30.72"
"2026-02-23","10932336","3rd Ave","Round Tower Sandwiches","596 3rd Ave  ","New York","NY","10016","1","23.78","0.00","0.00","2.11","0.00","25.89","-3.57","-2.38","0.00","-1.09","0.00","0.00","18.85"
"2026-02-09","1998870",,"Nico's Italian Ristorante","43 W Flagler St ","Miami","FL","33130","1","18.19","0.00","0.00","1.46","0.00","19.65","-2.73","-1.82","0.00","-0.90","0.00","0.00","14.20"
"2026-02-02","2717846",,"High Life Pizzas","43 W Flagler St  ","Miami","FL","33130","1","15.39","0.00","0.00","0.59","0.00","15.98","-6.93","-4.62","0.00","-1.58","0.00","-7.00","-4.15"
"2026-02-09","11794944","Thomas S Boyland St","Big E's Wraps","116 Thomas S Boyland St  ","Brooklyn","NY","11233","1","49.35","0.00","0.00","3.94","0.00","53.29","-7.40","-4.94","0.00","-1.77","0.00","-5.00","34.18"
"2026-02-16","6891720","Wholesome Farms Market - 1306 Atlantic Ave","Green Leaf Salads","1306 Atlantic Ave  ","Brooklyn","NY","11216","7","156.80","0.00","0.00","13.38","0.00","170.18","-23.53","-15.69","0.00","-7.10","0.00","-6.00","117.86"
"2026-02-16","7098800","Mas Chingon Mexican Grill - 1541 Glenn School Rd","Burrito Lovers Bar","1541 Glenn School Rd  ","Durham","NC","27704","1","20.57","0.00","0.00","1.32","0.00","21.89","-3.09","-2.06","0.00","-0.88","-1.32","-3.00","11.54"
"2026-02-09","11801712","Thomas S Boyland St","Luke's Breakfast Club","116 Thomas S Boyland St  ","Brooklyn","NY","11233","7","162.49","0.00","0.00","12.72","0.00","175.21","-23.48","-16.27","0.00","-6.88","0.00","-19.00","109.58"
"2026-02-16","2116739",,"Veronica's Burrito Bar","25-02 Queens Plaza S ","Long Island City","NY","11101","3","58.03","0.00","0.00","2.33","0.00","60.36","-8.70","-5.81","0.00","-2.74","0.00","0.00","43.11"
"2026-02-23","2560441",,"Danny's Desserts","1147 West Chester Pike ","West Chester","PA","19382","1","21.18","0.00","0.00","1.27","0.00","22.45","-3.18","-2.12","0.00","-0.98","-1.27","0.00","14.90"
"2026-02-23","9819640","3rd","Holy Grail Omelettes","1760 3rd Ave  ","New York","NY","10029","1","2.79","0.00","0.00","0.00","0.00","2.79","-2.31","-1.54","0.00","-0.68","0.00","-2.79","-4.53"
"2026-02-16","5021648","1 Kedron Ave Unit 4","Casa Pasta Ristorante","1 Kedron Ave  ","Morton","PA","19070","2","37.37","0.00","0.00","1.83","0.00","39.20","-9.04","-6.03","0.00","-2.32","-1.83","-7.00","12.98"
"2026-02-09","9814952","18300 Vanowen Street Suite 3","The Calzone Empire","18300 Vanowen St  ","Los Angeles","CA","91335","1","27.99","0.00","0.00","1.68","0.00","29.67","-4.20","-2.80","0.00","-1.20","0.00","0.00","21.47"
"2026-02-16","2116488",,"Molly's Chicken Wings","25-02 Queens Plaza S ","New York","NY","11101","1","20.57","0.00","0.00","0.66","0.00","21.23","-3.09","-2.06","0.00","-0.83","0.00","-4.00","11.25"
"2026-02-23","11003696","Hoover Rd","Hyde's Grilled Cheese","28501 Hoover Rd  ","Warren","MI","48093","1","16.17","0.00","0.00","0.97","0.00","17.14","-2.43","-1.62","0.00","-0.82","-0.97","0.00","11.30"
"2026-02-16","5851928","1st Avenue","Sarah's Breakfast Bar","1741 1st Ave.  ","New York","NY","10128","1","15.47","0.00","0.00","1.02","0.00","16.49","-2.32","-1.55","0.00","-0.68","0.00","-4.00","7.94"
"2026-02-23","2796118",,"The Dumpling Snob","9737 Manchester Rd  ","St. Louis","MO","63119","2","64.83","0.00","0.00","2.32","0.00","67.15","-9.73","-6.49","0.00","-2.34","0.00","-10.00","38.59"
"2026-02-02","2509728",,"Badri's Biryani Bar","716 10th Ave ","New York","NY","10019","3","74.95","0.00","0.00","5.05","0.00","80.00","-11.25","-7.50","0.00","-2.80","0.00","-18.00","40.45"
"2026-02-09","3310455","Fulton St","The Pancake Flip","1237 Fulton St  ","Brooklyn","NY","11216","14","414.59","0.00","0.00","34.06","0.00","448.65","-62.19","-41.50","0.00","-16.95","0.00","-31.00","297.01"
"2026-02-16","2489526",,"The Bagel Savage","1404 Madison Ave  ","New York","NY","10029","1","25.97","0.00","0.00","2.31","0.00","28.28","-3.90","-2.60","0.00","-1.16","0.00","0.00","20.62"
"2026-01-26","3310266","3rd Ave","Mighty Grilled Cheese","1760 3rd Ave  ","New York","NY","10029","1","27.96","0.00","0.00","2.04","0.00","30.00","-4.19","-2.80","0.00","-1.06","0.00","-5.00","16.95"
"2026-02-23","6156616","10763 Bustleton Ave","Xiu's Vegetarian Chinese","10763 Bustleton Ave  ","Philadelphia","PA","19116","1","0.00","0.00","0.00","0.00","0.00","0.00","0.00","0.00","0.00","0.00","0.00","0.00","0.00"
"2026-02-16","2729151",,"Halal Lamb Gyro Spot","755 9th Ave  ","New York","NY","10019","1","15.58","0.00","0.00","1.03","0.00","16.61","-2.34","-1.56","0.00","-0.68","0.00","-4.00","8.03"
"2026-02-16","3326032","30th St","NY Dessert Bar","34-02 30th St  ","Astoria","NY","11106","2","33.56","0.00","0.00","1.03","0.00","34.59","-5.04","-3.36","0.00","-1.41","0.00","-8.00","16.78"
"2026-02-09","2773358",,"The Gourmet Burger (1st Ave)","1741 1st Avenue  ","New York","NY","10128","1","28.96","0.00","0.00","2.13","0.00","31.09","-4.34","-2.90","0.00","-1.10","0.00","-5.00","17.75"
"2026-02-09","10078528","8th Ave","Fresh N Fruity Smoothies","382 8th Ave  ","New York","NY","10001","3","73.42","0.00","0.00","1.85","0.00","75.27","-10.12","-7.35","0.00","-2.85","0.00","-11.00","43.95"
"2026-02-09","2040775",,"Ava's Fried Chicken","820 Pennsylvania Ave ","Pittsburgh","PA","15233","2","58.90","0.00","0.00","3.64","0.00","62.54","-8.83","-5.89","0.00","-2.29","-3.64","-7.00","34.89"
"2026-02-09","3309881","Sullivan St","The Village Smoothie Spot","240 Sullivan St  ","New York","NY","10012","4","89.90","0.00","0.00","7.36","0.00","97.26","-13.49","-9.00","0.00","-3.95","0.00","-7.00","63.82"
"2026-02-09","9815016","3907 Lee Hwy","Top Notch Sandwiches","3907 Lee Hwy  ","Arlington","VA","22207","1","25.28","0.00","0.00","1.22","0.00","26.50","-3.79","-2.53","0.00","-0.96","0.00","-5.00","14.22"
"2026-02-09","3310812","Hillside Ave","Top Panini Shop","164-01 Hillside Avenue  ","Jamaica","NY","11432","3","54.85","0.00","0.00","2.20","0.00","57.05","-8.23","-5.49","0.00","-2.65","0.00","0.00","40.68"
"2026-02-02","2391353",,"Famous Gyro Bar","244 W 14th St ","New York","NY","10011","2","39.87","0.00","0.00","2.90","0.00","42.77","-5.98","-3.99","0.00","-1.69","0.00","-7.20","23.91"
"2026-02-23","2773050",,"The Sandwich Slut (1st Ave)","1741 1st Avenue  ","New York","NY","10128","1","24.97","0.00","0.00","1.95","0.00","26.92","-3.75","-2.50","0.00","-1.03","0.00","-3.00","16.64"
"2026-02-02","3311137","Crenshaw Blvd","El Azul Tacos","6732 Crenshaw Blvd  ","Los Angeles","CA","90043","3","47.86","0.00","0.00","4.18","0.00","52.04","-7.17","-4.79","0.00","-2.28","0.00","-7.00","30.80"
"2026-02-16","9813496","E 149th","Fresh N Fruity Smoothies","560 E 149th St  ","Bronx","NY","10455","2","9.09","0.00","0.00","0.36","0.00","9.45","-1.36","-0.91","0.00","-0.59","0.00","0.00","6.59"
"2026-02-16","9811888","Avenue A","Luke's Breakfast Wraps","93 Avenue A  ","New York","NY","10009","5","74.80","0.00","0.00","5.95","0.00","80.75","-16.36","-10.92","0.00","-4.77","0.00","-7.79","40.91"
"2026-02-09","10063864","Broadway","Bart's Burger Bar","3661 Broadway  ","New York","NY","10031","1","11.88","0.00","0.00","1.05","0.00","12.93","-1.78","-1.19","0.00","-0.69","0.00","0.00","9.27"
"2026-02-02","3310034","W Camelback Rd #103","Japanese Teriyaki House","3446 W Camelback Rd  ","Phoenix","AZ","85017","1","15.49","0.00","0.00","1.33","0.00","16.82","-2.32","-1.55","0.00","-0.81","0.00","0.00","12.14"
"2026-02-23","10929240","Amsterdam Ave","The Burger Hole","1213 Amsterdam Ave  ","New York","NY","10027","2","20.96","0.00","0.00","1.59","0.00","22.55","-5.87","-3.92","0.00","-1.70","0.00","-3.00","8.06"
"2026-02-23","2560632",,"Halal Chicken Spot","1338 Polk St  ","San Francisco","CA","94109","1","0.00","0.00","0.00","0.00","0.00","0.00","0.00","0.00","0.00","0.00","0.00","0.00","0.00"
"2026-02-23","2741308",,"Nancy's Grilled Cheese","1760 3rd Ave  ","New York","NY","10029","12","201.21","0.00","0.00","16.00","0.00","217.21","-29.28","-20.15","0.00","-9.58","0.00","-21.00","137.20"
"2026-02-02","10359464","1st Ave","The Pasta Brothers","589 1st Ave.  ","New York","NY","10016","2","73.95","0.00","0.00","6.31","0.00","80.26","-11.10","-7.40","0.00","-2.95","0.00","-3.00","55.81"
"2026-02-23","8568648",,"GrillGrub Sandwiches","1561 St Nicholas Ave  ","New York","NY","10040","1","28.97","0.00","0.00","2.57","0.00","31.54","-4.35","-2.90","0.00","-1.26","0.00","0.00","23.03"
"2026-02-02","3310745","Newport Blvd","Breakfast Burrito Joint","2400 Newport Blvd  ","Costa Mesa","CA","92627","2","84.76","0.00","0.00","6.33","0.00","91.09","-12.71","-8.48","0.00","-3.28","0.00","-3.00","63.62"
"2026-02-23","9815152","Mission","Leon's Legendary Pizza","3349 Mission St  ","San Francisco","CA","94110","6","196.25","0.00","0.00","14.59","0.00","210.84","-29.44","-19.64","0.00","-7.40","0.00","-27.00","127.36"
"2026-02-23","11804944","Ralph Ave","NY Smoothie Joint","104 Ralph Ave  ","Brooklyn","NY","11221","3","101.93","0.00","0.00","8.52","0.00","110.45","-15.29","-10.20","0.00","-4.09","0.00","-6.00","74.87"
"2026-02-23","10929056","Chestnut St","Charlie's Calzone Co","1929 Chestnut St  ","Philadelphia","PA","19103","2","35.37","0.00","0.00","2.35","0.00","37.72","-5.31","-3.54","0.00","-1.56","-2.35","-6.00","18.96"
"2026-02-02","3310297","W Peoria Ave #116","Kung Fu Chinese Kitchen","8520 W Peoria Ave  ","Peoria","AZ","85345","3","91.11","0.00","0.00","7.54","0.00","98.65","-13.67","-9.12","0.00","-3.61","0.00","-10.00","62.25"
"2026-02-02","2789142",,"Hero Sandwich Shop (1st Ave)","217 1st Avenue  ","New York","NY","10003","1","19.99","0.00","0.00","1.78","0.00","21.77","-3.00","-2.00","0.00","-0.96","0.00","0.00","15.81"
"2026-02-09","2030753",,"Fat Cheesesteaks","2624 Pico Blvd ","Santa Monica","CA","90405","5","84.43","0.00","0.00","7.53","0.00","91.96","-12.66","-8.45","0.00","-3.67","0.00","-11.00","56.18"
"2026-02-02","9815096","Gold","The Sandwich Vibe","257 Gold St  ","Brooklyn","NY","11201","2","56.33","0.00","0.00","3.94","0.00","60.27","-8.45","-5.64","0.00","-2.07","0.00","-12.00","32.11"
"2026-02-09","3312266","1st Avenue","The Smoothie Squeeze","937 1st Ave.  ","New York","NY","10022","4","76.47","0.00","0.00","6.09","0.00","82.56","-11.46","-7.66","0.00","-3.48","0.00","-8.00","51.96"
"2026-02-23","2567535",,"The Acai Station","1424 Lexington Ave  ","New York","NY","10128","3","97.95","0.00","0.00","7.37","0.00","105.32","-14.70","-9.80","0.00","-3.65","0.00","-15.00","62.17"
"2026-02-02","3300657","30th St","Big Ease Smoothies","34-02 30th St  ","Astoria","NY","11106","3","39.04","0.00","0.00","1.28","0.00","40.32","-8.18","-5.46","0.00","-2.24","0.00","-7.00","17.44"
"2026-02-02","1939835",,"Heavens Chicken Wings","589 1st Avenue ","New York","NY","10016","7","288.51","0.00","0.00","23.33","0.00","311.84","-43.28","-28.86","0.00","-10.82","0.00","-26.00","202.88"
"2026-02-16","3312236","4th Ave","Doughboys Sandwiches","59 4th Ave  ","New York","NY","10003","1","35.47","0.00","0.00","2.88","0.00","38.35","-5.32","-3.55","0.00","-1.38","0.00","-3.00","25.10"
"2026-02-16","8570048",,"The Muffin Snob","169-03 Jamaica Ave  ","Jamaica","NY","11432","1","0.00","0.00","0.00","0.00","0.00","0.00","0.00","0.00","0.00","0.00","0.00","0.00","0.00"
"2026-02-23","10359496","Polk St","Original Burger Bar","1428 Polk St  ","San Francisco","CA","94109","1","33.98","0.00","0.00","2.67","0.00","36.65","-5.10","-3.40","0.00","-1.33","0.00","-3.00","23.82"
"2026-02-16","9824224","1st","Stella's Slammin' Burgers","937 1st Ave.  ","New York","NY","10022","1","48.94","0.00","0.00","3.72","0.00","52.66","-7.34","-4.89","0.00","-1.69","0.00","-7.00","31.74"
"2026-02-23","3310559","Bedford Ave","Casa Pasta Ristorante","265 Bedford Ave  ","Brooklyn","NY","11211","2","37.67","0.00","0.00","3.35","0.00","41.02","-5.65","-3.77","0.00","-1.85","0.00","0.00","29.75"
"2026-02-02","2773049",,"The Panini Project (1st Avenue)","937 1st Avenue  ","New York","NY","10022","1","13.96","0.00","0.00","1.24","0.00","15.20","-2.09","-1.40","0.00","-0.76","0.00","0.00","10.95"
"2026-02-02","10932424","Newark Ave","The Pizza Obsession","226 Newark Ave  ","Jersey City","NJ","07302","1","13.99","0.00","0.00","0.93","0.00","14.92","-2.10","-1.40","0.00","-0.76","0.00","0.00","10.66"
"2026-02-09","2847334",,"The Bagel Savage","240 Sullivan St  ","New York","NY","10012","1","32.65","0.00","0.00","2.46","0.00","35.11","-4.90","-3.27","0.00","-1.22","0.00","-5.00","20.72"
"2026-01-26","9819608","18300 Vanowen St","K's Slice of Cake","18300 Vanowen St  ","Los Angeles","CA","91335","1","16.78","0.00","0.00","0.71","0.00","17.49","-2.52","-1.68","0.00","-0.68","0.00","-5.00","7.61"
"2026-02-02","3310025","10th Ave","Indian Biryani Snob","716 10th Ave ","New York","NY","10019","4","97.93","0.00","0.00","6.48","0.00","104.41","-14.70","-9.80","0.00","-3.62","0.00","-25.00","51.29"
"2026-02-16","9813456","1174 Chapel St","Scotty's Bagel Express","1174 Chapel St  ","New Haven","CT","06511","2","51.75","0.00","0.00","2.96","0.00","54.71","-7.77","-5.18","0.00","-2.12","-2.96","-5.00","31.68"
"2026-02-09","6893792","Dream Gourmet Deli inc. - 111 East 161 Street","Amanda's Breakfast Lounge","111 E 161 St  ","Bronx","NY","10452","1","27.28","0.00","0.00","0.89","0.00","28.17","-4.09","-2.73","0.00","-1.01","0.00","-5.00","15.34"
"2026-02-09","10935104","Agnew Rd","Village Wraps Snob","2026 Agnew Rd  ","Santa Clara","CA","95054","1","16.78","0.00","0.00","1.26","0.00","18.04","-2.52","-1.68","0.00","-0.76","0.00","-3.00","10.08"
"2026-02-09","9814976","196 1st Ave","Bosscat Burgers","196 1st Ave.  ","New York","NY","10009","1","0.00","0.00","0.00","0.00","0.00","0.00","0.00","0.00","0.00","0.00","0.00","0.00","0.00"
"2026-02-16","9817944","38-01 Vernon Boulevard","Martha's Pancake Bar","38-01 Vernon Blvd  ","Long Island City","NY","11101","2","41.16","0.00","0.00","3.66","0.00","44.82","-6.18","-4.12","0.00","-1.97","0.00","0.00","32.55"
"2026-02-09","4831784","34-02 30th St","Lovin' Vegan Desserts","3402 30th St  ","Astoria","NY","11106","3","55.95","0.00","0.00","1.89","0.00","57.84","-6.15","-5.60","0.00","0.00","0.00","-9.00","37.09"
"2026-02-09","9816392","2rd","The Smoothie Squeeze","296 3rd Ave  ","New York","NY","10010","5","47.54","0.00","0.00","3.96","0.00","51.50","-11.72","-8.12","0.00","-3.93","0.00","-3.00","24.73"
"2026-02-23","9819592","28501 Hoover Rd","Bosscat breakfast","28501 Hoover Rd  ","Warren","MI","48093","1","12.97","0.00","0.00","0.78","0.00","13.75","-1.95","-1.30","0.00","-0.72","-0.78","0.00","9.00"
"2026-02-02","4836096","197 Havemeyer St.","Twin Peaks Burger","197 Havemeyer St  ","Brooklyn","NY","11211","6","149.35","0.00","0.00","11.39","0.00","160.74","-22.41","-14.94","0.00","-6.06","0.00","-21.00","96.33"
"2026-02-02","10934848","Chapel St","Heaven's Burgers","1174 Chapel St  ","New Haven","CT","06511","1","18.56","0.00","0.00","1.18","0.00","19.74","-2.78","-1.86","0.00","-0.90","-1.18","0.00","13.02"
"2026-02-09","10363728","Polk St","Breakfast Burrito Floozy","1428 Polk St  ","San Francisco","CA","94109","1","31.95","0.00","0.00","2.32","0.00","34.27","-4.79","-3.20","0.00","-1.19","0.00","-5.00","20.09"
"2026-02-23","1968311",,"Penny's Pancakes","1237 Fulton Street  ","Brooklyn","NY","11216","1","26.95","0.00","0.00","2.39","0.00","29.34","-4.04","-2.70","0.00","-1.19","0.00","0.00","21.41"
"2026-01-26","3310503","Broad Street Ext","Salvatore's Sicilian Pizza","709 Broad St Ext  ","Waterford","CT","06385","1","24.74","0.00","0.00","1.57","0.00","26.31","-3.71","-2.47","0.00","-1.10","-1.57","0.00","17.46"
"2026-02-23","2741113",,"Philly Cheesesteak Company","1760 3rd Ave New York  ","New York","NY","10029","2","42.96","0.00","0.00","3.37","0.00","46.33","-6.45","-4.30","0.00","-1.86","0.00","-5.00","28.72"
"2026-02-16","4839144","319 Rogers Ave","The Gyro Bar","319 Rogers Ave  ","Brooklyn","NY","11225","7","123.42","0.00","0.00","9.63","0.00","133.05","-15.23","-13.85","0.00","0.00","0.00","-15.00","88.97"
"2026-02-09","4837576","319 Rogers Ave","The Loose Juice","319 Rogers Ave  ","Brooklyn","NY","11225","2","35.63","0.00","0.00","2.89","0.00","38.52","-3.92","-3.57","0.00","0.00","0.00","-3.00","28.03"
"2026-02-09","10065536","Gold St","Mary's Chicken Sandwiches","257 Gold St  ","Brooklyn","NY","11201","1","41.64","0.00","0.00","3.25","0.00","44.89","-6.25","-4.16","0.00","-1.52","0.00","-5.00","27.96"
"2026-02-16","3325823","30th St","Bagel Dynasty","34-02 30th St  ","Astoria","NY","11106","2","29.76","0.00","0.00","1.19","0.00","30.95","-4.47","-2.98","0.00","-1.54","0.00","0.00","21.96"
"2026-02-23","1938953",,"Luigi's Pasta Ristorante","589 1st Avenue ","New York","NY","10016","1","19.99","0.00","0.00","1.33","0.00","21.32","-3.00","-2.00","0.00","-0.80","0.00","-5.00","10.52"
"2026-02-23","2423690",,"Charlie's Chicken Wings"," 329 Union St ","Nashville","TN","37203","3","107.92","0.00","0.00","8.69","0.00","116.61","-15.00","-10.80","0.00","-4.03","0.00","-14.00","72.78"
"2026-02-23","2285322",,"The Pasta Slut","1338 Polk St  ","San Francisco","CA","94109","10","358.76","0.00","0.00","26.35","0.00","385.11","-51.43","-35.90","0.00","-13.13","0.00","-53.00","231.65"
"2026-02-23","3311297","Hillside Ave","The Chopped Salad","164-01 Hillside Avenue  ","Jamaica","NY","11432","2","41.25","0.00","0.00","1.65","0.00","42.90","-6.19","-4.13","0.00","-1.91","0.00","0.00","30.67"
"2026-02-02","10373776","7th Ave","The Village Breakfast","154 7th Ave  ","New York","NY","10011","1","0.00","0.00","0.00","0.00","0.00","0.00","0.00","0.00","0.00","0.00","0.00","0.00","0.00"
"2026-02-16","5289640","3846 Mowry Ave","Halal Chicken Gyros Co.","3846 Mowry Ave  ","Fremont","CA","94538","2","41.26","0.00","0.00","4.43","0.00","45.69","-6.19","-4.13","0.00","-2.00","0.00","0.00","33.37"
"2026-02-16","3310580","George St","Sandwiches On Fleek","228 George St  ","New Brunswick","NJ","08901","1","25.67","0.00","0.00","1.44","0.00","27.11","-3.85","-2.57","0.00","-1.00","0.00","-4.00","15.69"
"2026-02-09","2848424",,"The Pasta Brothers (Bedford Ave)","265 Bedford Ave  ","Brooklyn","NY","11211","1","55.95","0.00","0.00","4.35","0.00","60.30","-8.39","-5.60","0.00","-1.93","0.00","-7.00","37.38"
"2026-02-23","5028128","3907 Lee Hwy","Breakfast Burrito Joint","3907 Lee Hwy  ","Arlington","VA","22207","1","10.19","0.00","0.00","0.61","0.00","10.80","-1.53","-1.02","0.00","-0.63","0.00","0.00","7.62"
"2026-02-09","4510336","937 1st Avenue","Jay's Breakfast Bar","937 1st Ave.  ","New York","NY","10022","11","218.17","0.00","0.00","17.24","0.00","235.41","-32.74","-21.85","0.00","-9.73","0.00","-24.00","147.09"
"2026-02-16","10379392","Tulane","John's Pizza Den","3402 Tulane Ave  ","New Orleans","LA","70119","1","69.84","0.00","0.00","6.68","0.00","76.52","-10.48","-6.98","0.00","-2.54","-6.68","-3.00","46.84"
"2026-02-02","6894736","Medina Halal Gril - 114 East Main Street","Ali's Mediterranean Sandwiches","114 E Main St  ","Richardson","TX","75081","4","85.51","0.00","0.00","5.91","0.00","91.42","-12.82","-8.56","0.00","-3.57","0.00","-14.00","52.47"
"2026-02-09","5853472","Metropolitan Ave","The Vegan Snob","488 Metropolitan Ave  ","Brooklyn","NY","11211","2","165.24","0.00","0.00","13.79","0.00","179.03","-24.78","-16.52","0.00","-5.76","0.00","-10.00","121.97"
"2026-02-02","1968311",,"Penny's Pancakes","1237 Fulton Street  ","Brooklyn","NY","11216","4","71.20","0.00","0.00","5.88","0.00","77.08","-14.64","-9.77","0.00","-4.27","0.00","-5.00","43.40"
"2026-02-02","5024688","296 3rd Ave","Savage Juice Bar","296 3rd Ave  ","New York","NY","10010","2","41.05","0.00","0.00","2.93","0.00","43.98","-6.15","-4.11","0.00","-1.70","0.00","-8.00","24.02"
"2026-02-23","9813496","E 149th","Fresh N Fruity Smoothies","560 E 149th St  ","Bronx","NY","10455","1","11.59","0.00","0.00","0.46","0.00","12.05","-1.74","-1.16","0.00","-0.67","0.00","0.00","8.48"
"2026-02-02","3311109","9th Ave","Sal's Smoothie Spot","468 9th Ave  ","New York","NY","10018","1","19.96","0.00","0.00","1.77","0.00","21.73","-2.99","-2.00","0.00","-0.96","0.00","0.00","15.78"
"2026-02-16","10938176","8th Ave","The Burger Blade","300 8th Ave  ","New York","NY","10001","1","36.36","0.00","0.00","2.96","0.00","39.32","-5.00","-3.64","0.00","-1.41","0.00","-3.00","26.27"
"2026-02-23","2561042",,"Golden Bear Sandwiches","1147 West Chester Pike  ","West Chester","PA","19382","2","37.98","0.00","0.00","2.10","0.00","40.08","-5.70","-3.80","0.00","-1.73","-2.10","-3.00","23.75"
"2026-02-02","4511000","5993 Broadway","Sal's Smoothie Spot","5993 Broadway  ","Bronx","NY","10471","1","21.27","0.00","0.00","0.85","0.00","22.12","-3.19","-2.13","0.00","-0.97","0.00","0.00","15.83"
"2026-01-26","10999320","Sullivan St","Exquisite Bowls","240 Sullivan St  ","New York","NY","10012","1","0.00","0.00","0.00","0.00","0.00","0.00","-5.35","-3.57","0.00","-1.48","0.00","0.00","-10.40"
"2026-02-16","2285322",,"The Pasta Slut","1338 Polk St  ","San Francisco","CA","94109","7","307.81","0.00","0.00","22.73","0.00","330.54","-46.18","-30.80","0.00","-10.84","0.00","-44.00","198.72"
"2026-02-23","3310203","9th Ave","The Juice Empire","755 9th Ave  ","New York","NY","10019","3","104.95","0.00","0.00","8.61","0.00","113.56","-15.75","-10.50","0.00","-4.12","0.00","-8.00","75.19"
"2026-02-09","10498104","George St","Village Quesadilla","228 George St  ","New Brunswick","NJ","08901","1","25.98","0.00","0.00","1.39","0.00","27.37","-3.90","-2.60","0.00","-0.98","0.00","-5.00","14.89"
"2026-02-02","3309880","Sullivan St","Sunrise Breakfast Club","240 Sullivan St  ","New York","NY","10012","1","80.13","0.00","0.00","6.76","0.00","86.89","-12.02","-8.01","0.00","-2.83","0.00","-4.00","60.03"
"2026-02-02","10334552","N Arizona Ave","Little Italy's Calzones","1368 N Arizona Ave  ","Chandler","AZ","85225","2","47.65","0.00","0.00","3.33","0.00","50.98","-7.15","-4.77","0.00","-2.00","0.00","-5.00","32.06"
"2026-02-16","6156504","839 W University Dr","The Sandwich Vibe","839 W University Dr  ","Tempe","AZ","85281","1","14.19","0.00","0.00","1.15","0.00","15.34","-2.13","-1.42","0.00","-0.77","0.00","0.00","11.02"
"2026-02-16","3312494","9th Ave","Danny's Desserts","468 9th Ave  ","New York","NY","10018","1","20.75","0.00","0.00","1.84","0.00","22.59","-3.11","-2.08","0.00","-0.99","0.00","0.00","16.41"
"2026-02-02","10938088","Chestnut St","Panini's On Panini's","1929 Chestnut St  ","Philadelphia","PA","19103","1","54.57","0.00","0.00","3.97","0.00","58.54","-8.19","-5.46","0.00","-1.93","-3.97","-5.00","33.99"
"2026-02-16","3311297","Hillside Ave","The Chopped Salad","164-01 Hillside Avenue  ","Jamaica","NY","11432","3","94.61","0.00","0.00","3.51","0.00","98.12","-14.20","-9.47","0.00","-3.67","0.00","-7.00","63.78"
"2026-02-09","7753808","Oakwood Bagels - 101 Guyon Ave","Doughboys Sandwiches","101 Guyon Ave  ","Staten Island","NY","10306","6","105.51","0.00","0.00","8.93","0.00","114.44","-15.08","-10.57","0.00","-5.14","0.00","-5.00","78.65"
"2026-02-16","2030753",,"Fat Cheesesteaks","2624 Pico Blvd ","Santa Monica","CA","90405","5","107.43","0.00","0.00","10.29","0.00","117.72","-16.12","-10.75","0.00","-4.86","0.00","-7.00","78.99"
"2026-02-02","11796504","Ogden Ave","The Omelette Farm","1152 Ogden Ave  ","Bronx","NY","10452","2","44.47","0.00","0.00","1.38","0.00","45.85","-6.67","-4.45","0.00","-1.69","0.00","-10.00","23.04"
"2026-02-16","3326295","1st Ave","Angelo's Wraps Shop","147 1st Ave.  ","New York","NY","10003","6","282.68","0.00","0.00","7.32","0.00","290.00","-42.39","-28.27","0.00","-10.66","0.00","0.00","208.68"
"2026-02-23","10929168","Agnew Rd","Priya's Indian Kitchen","2026 Agnew Rd  ","Santa Clara","CA","95054","1","22.38","0.00","0.00","2.04","0.00","24.42","-3.36","-2.24","0.00","-1.04","0.00","0.00","17.78"
"2026-02-02","2744794",,"Hero Sandwich Shop","1760 3rd Ave  ","New York","NY","10029","1","16.17","0.00","0.00","1.44","0.00","17.61","-2.43","-1.62","0.00","-0.84","0.00","0.00","12.72"
"2026-02-23","5318408","Golden Restaurant and Bakery-1849 N Scottsdale Rd","Livia's Mediterranean Table","1849 N Scottsdale Rd  ","Tempe","AZ","85288","1","23.99","0.00","0.00","1.73","0.00","25.72","-3.60","-2.40","0.00","-0.93","0.00","-5.00","13.79"
"2026-02-09","4512256","4249 Washington St","Cherry's Chic Desserts","4249 Washington St  ","Boston","MA","02131","1","17.18","0.00","0.00","1.07","0.00","18.25","-2.58","-1.72","0.00","-0.86","0.00","0.00","13.09"
"2026-02-09","7324168","Bellyful - 2102 Utica Ave","The Mac and Cheese Co","2102 Utica Ave  ","Brooklyn","NY","11234","1","31.48","0.00","0.00","2.35","0.00","33.83","-4.72","-3.15","0.00","-1.18","0.00","-5.00","19.78"
"2026-02-02","3310669","Bedford Ave","Penny's Pancakes","265 Bedford Ave  ","Brooklyn","NY","11211","1","23.78","0.00","0.00","2.11","0.00","25.89","-3.57","-2.38","0.00","-1.09","0.00","0.00","18.85"
"2026-02-09","3310082","E 8th St","Grandpa's Omelette Crack","44 E 8th St  ","New York","NY","10003","1","13.68","0.00","0.00","1.21","0.00","14.89","-2.05","-1.37","0.00","-0.75","0.00","0.00","10.72"
"2026-02-09","5851848","Broadway","The Acai Dream","689 Broadway  ","New York","NY","10012","3","74.15","0.00","0.00","5.79","0.00","79.94","-11.13","-7.42","0.00","-3.07","0.00","-9.00","49.32"
"2026-01-26","2732932",,"RJ's Philly Cheesesteaks (Gold St)","257 Gold St  ","New York","NY","10075","1","24.07","0.00","0.00","1.69","0.00","25.76","-3.61","-2.41","0.00","-0.93","0.00","-5.00","13.81"
"2026-02-02","3006549",,"Sip On Smoothie","2909A Queens Plaza North  ","Long Island City","NY","11101","1","26.58","0.00","0.00","2.36","0.00","28.94","-3.99","-2.66","0.00","-1.18","0.00","0.00","21.11"
"2026-02-16","2730399",,"Ali's Gyro Lab","1404 Madison Ave  ","New York","NY","10029","1","25.18","0.00","0.00","1.97","0.00","27.15","-3.78","-2.52","0.00","-1.04","0.00","-3.00","16.81"
"2026-02-16","9822512","1541 Glenn School Rd suite 17","Fierce Chicken Sandwich","1541 Glenn School Rd  ","Durham","NC","27704","1","50.36","0.00","0.00","3.40","0.00","53.76","-7.55","-5.04","0.00","-1.79","-3.40","-5.00","30.98"
"2026-02-09","5851864","Broadway","Aldo's Wraps Spot","689 Broadway  ","New York","NY","10012","1","13.99","0.00","0.00","1.24","0.00","15.23","-2.10","-1.40","0.00","-0.76","0.00","0.00","10.97"
"2026-02-02","6536784","Asian Fusion Cafe - 4957 Winters Chapel Rd Suite B","The Chinese Noodle Palace","4957 Winters Chapel Rd  ","Dunwoody","GA","30360","1","29.48","0.00","0.00","2.12","0.00","31.60","-4.42","-2.95","0.00","-1.17","-2.12","-3.00","17.94"
"2026-02-23","9819608","18300 Vanowen St","K's Slice of Cake","18300 Vanowen St  ","Los Angeles","CA","91335","1","11.88","0.00","0.00","0.71","0.00","12.59","-1.78","-1.19","0.00","-0.68","0.00","0.00","8.94"
"2026-02-16","3344282","916 Hempstead Turnpike","Crunchy Taco Snob","916 Hempstead Turnpike  ","Franklin Square","NY","11010","1","19.59","0.00","0.00","1.69","0.00","21.28","-2.94","-1.96","0.00","-0.95","0.00","0.00","15.43"
"2026-02-09","2848423",,"Village Breakfast Snob (Bedford Ave)","265 Bedford Ave  ","Brooklyn","NY","11211","3","31.92","0.00","0.00","2.83","0.00","34.75","-4.79","-3.20","0.00","-1.96","0.00","0.00","24.80"
"2026-02-02","8567176",,"Little Italy's Calzones","415 E Windmill Ln  ","Las Vegas","NV","89123","1","0.00","0.00","0.00","0.00","0.00","0.00","-2.31","-1.54","0.00","-0.64","0.00","0.00","-4.49"
"2026-02-09","3312349","Gold St","Doughboys Sandwiches","257 Gold St  ","Brooklyn","NY","11201","4","114.09","0.00","0.00","8.71","0.00","122.80","-17.10","-11.41","0.00","-4.45","0.00","-16.00","73.84"
"2026-02-09","2847690",,"Greek Gyro Spot (Bedford Ave)","265 Bedford Ave  ","New York","NY","11211","1","19.68","0.00","0.00","1.75","0.00","21.43","-2.95","-1.97","0.00","-0.95","0.00","0.00","15.56"
"2026-02-16","6538032","Not Just Pizza - 1715 Sicklerville Rd","Green Leaf Salads","1715 Sicklerville Rd  ","Gloucester Township","NJ","08081","1","49.98","0.00","0.00","2.65","0.00","52.63","-7.50","-5.00","0.00","-1.60","0.00","-10.00","28.53"
"2026-02-02","3325718","1st Ave","The Omelette Farm","147 1st Ave.  ","New York","NY","10003","1","17.28","0.00","0.00","1.53","0.00","18.81","-2.59","-1.73","0.00","-0.87","0.00","0.00","13.62"
"2026-02-09","10559368","W 34th st","Fiona's Breakfast Burritos","433 W 34th St.  ","New York","NY","10001","4","64.12","0.00","0.00","5.43","0.00","69.55","-9.18","-6.42","0.00","-3.22","0.00","-3.00","47.73"
"2026-02-23","2775910",,"Smoothie And Dessert Bar","1741 1st Ave  ","New York","NY","10128","1","10.68","0.00","0.00","0.68","0.00","11.36","-3.28","-2.19","0.00","-0.93","0.00","-3.00","1.96"
"2026-02-23","2406921",,"NY Breakfast Spot","1424 Lexington Ave ","New York","NY","10128","2","25.12","0.00","0.00","1.79","0.00","26.91","-3.01","-2.52","0.00","-1.27","0.00","-5.00","15.11"
"2026-02-23","9815128","Lake Mary","Japan's Bento Box","318 W Lake Mary Blvd  ","Sanford","FL","32773","1","38.48","0.00","0.00","2.41","0.00","40.89","-5.77","-3.85","0.00","-1.43","0.00","-4.00","25.84"
"2026-02-09","8564296",,"Smokin' Burger Grille","382 8th Ave  ","New York","NY","10001","1","9.79","0.00","0.00","0.60","0.00","10.39","-2.94","-1.96","0.00","-0.85","0.00","-3.00","1.64"
"2026-02-23","8568728",,"Evan's Burger Empire","1175 2nd Ave  ","New York","NY","10065","1","27.98","0.00","0.00","2.04","0.00","30.02","-4.20","-2.80","0.00","-1.06","0.00","-5.00","16.96"
"2026-02-16","2116552",,"The Burger Trilogy","5155 3rd St  ","San Francisco","CA","94124","3","53.22","0.00","0.00","3.72","0.00","56.94","-10.13","-6.77","0.00","-2.81","0.00","-10.00","27.23"
"2026-02-16","3301264","30th St","Viva Vegan Sandwiches","34-02 30th St  ","Astoria","NY","11106","2","62.94","0.00","0.00","4.94","0.00","67.88","-9.44","-6.30","0.00","-2.67","0.00","0.00","49.47"
"2026-02-09","4833232","197 Havemeyer St.","Mediterranean Salad Chop","197 Havemeyer St  ","Brooklyn","NY","11211","2","32.18","0.00","0.00","2.32","0.00","34.50","-4.83","-3.22","0.00","-1.47","0.00","-6.00","18.98"
"2026-02-23","8563008",,"The Pasta Story","43 W Flagler St  ","Miami","FL","33130","2","31.48","0.00","0.00","1.65","0.00","33.13","-3.52","-3.15","0.00","-1.37","0.00","-8.00","17.09"
"2026-02-09","2772855",,"Bosscat Cheesesteaks (1st Ave)","1741 1st Ave  ","New York","NY","10128","1","20.97","0.00","0.00","1.60","0.00","22.57","-3.15","-2.10","0.00","-0.90","0.00","-3.00","13.42"
"2026-01-26","5024720","3907 Lee Hwy","First Light Breakfast Cafe","3907 Lee Hwy  ","Arlington","VA","22207","1","19.97","0.00","0.00","1.02","0.00","20.99","-3.00","-2.00","0.00","-0.85","0.00","-3.00","12.14"
"2026-02-09","10929376","W Broadway","The Vegetarian Cafe","330 W Broadway  ","New York","NY","10013","1","0.00","0.00","0.00","0.00","0.00","0.00","0.00","0.00","0.00","0.00","0.00","0.00","0.00"
"2026-01-26","4510336","937 1st Avenue","Jay's Breakfast Bar","937 1st Ave.  ","New York","NY","10022","2","63.11","0.00","0.00","5.16","0.00","68.27","-9.47","-6.31","0.00","-2.53","0.00","-5.00","44.96"
"2026-02-16","3309881","Sullivan St","The Village Smoothie Spot","240 Sullivan St  ","New York","NY","10012","6","147.82","0.00","0.00","11.79","0.00","159.61","-22.18","-14.80","0.00","-6.22","0.00","-15.00","101.41"
"2026-02-09","2795075",,"The Panini Project","59 4th Ave  ","New York","NY","10003","1","22.48","0.00","0.00","2.00","0.00","24.48","-3.37","-2.25","0.00","-1.05","0.00","0.00","17.81"
"2026-02-23","5851864","Broadway","Aldo's Wraps Spot","689 Broadway  ","New York","NY","10012","2","44.75","0.00","0.00","3.97","0.00","48.72","-6.72","-4.48","0.00","-2.09","0.00","0.00","35.43"
"2026-02-16","3310454","Fulton St","Mary's Waffle Bar","1237 Fulton St  ","Brooklyn","NY","11216","1","12.69","0.00","0.00","1.13","0.00","13.82","-1.90","-1.27","0.00","-0.72","0.00","0.00","9.93"
"2026-02-02","3301276","7th Ave","Holy Grail Omelettes","154 7th Ave  ","New York","NY","10011","4","71.17","0.00","0.00","5.60","0.00","76.77","-10.67","-7.12","0.00","-3.29","0.00","-8.00","47.69"
"2026-02-23","9819560","245 E Houston St","The Dessert Dream","245 E Houston St  ","New York","NY","10002","1","31.47","0.00","0.00","2.79","0.00","34.26","-4.72","-3.15","0.00","-1.34","0.00","0.00","25.05"
"2026-02-16","1938271",,"Maria's Italian Meatballs","937 1st Avenue ","New York","NY","10022","2","39.87","0.00","0.00","3.10","0.00","42.97","-5.98","-3.99","0.00","-1.76","0.00","-5.00","26.24"
"2026-02-16","2795313",,"La Bella Italian Desserts","25-02 Queens Plaza S  ","Long Island City","NY","11101","1","24.07","0.00","0.00","0.84","0.00","24.91","-3.61","-2.41","0.00","-0.97","0.00","-3.00","14.92"
"2026-02-09","1968311",,"Penny's Pancakes","1237 Fulton Street  ","Brooklyn","NY","11216","1","12.98","0.00","0.00","0.44","0.00","13.42","-1.95","-1.30","0.00","-0.47","0.00","-8.00","1.70"
"2026-02-02","6891720","Wholesome Farms Market - 1306 Atlantic Ave","Green Leaf Salads","1306 Atlantic Ave  ","Brooklyn","NY","11216","6","112.83","0.00","0.00","9.26","0.00","122.09","-16.94","-11.30","0.00","-5.26","0.00","-8.49","80.10"
"2026-02-09","3310236","Queens Plaza S","The Pasta Story","25-02 Queens Plaza S  ","Queens","NY","11101","1","36.76","0.00","0.00","1.27","0.00","38.03","-5.51","-3.68","0.00","-1.31","0.00","-5.00","22.53"
"2026-02-02","3310756","N Broadway","London's Fish N Chips","854 N Broadway  ","White Plains","NY","10603","3","119.88","0.00","0.00","8.87","0.00","128.75","-17.99","-11.99","0.00","-4.40","0.00","-14.00","80.37"
"2026-02-02","5028008","4663 Trousdale Dr","Riccardo's Gluten Free Pasta Joint","4663 Trousdale Dr  ","Nashville","TN","37204","1","0.00","0.00","0.00","0.00","0.00","0.00","0.00","0.00","0.00","0.00","0.00","0.00","0.00"
"2026-02-23","5028264","600 Washington Ave","Crunchy Banh Mi","600 Washington Ave  ","Philadelphia","PA","19147","2","52.25","0.00","0.00","4.18","0.00","56.43","-7.83","-5.23","0.00","-2.32","-4.18","0.00","36.87"
"2026-02-23","3310235","Queens Plaza S","Slapjack Pancakes","25-02 Queens Plaza S  ","Queens","NY","11101","1","10.17","0.00","0.00","0.41","0.00","10.58","-1.53","-1.02","0.00","-0.62","0.00","0.00","7.41"
"2026-02-02","10496520","1st Avenue","Quinten's Quinoa Bowls","937 1st Ave.  ","New York","NY","10022","1","0.00","0.00","0.00","0.00","0.00","0.00","-2.31","-1.54","0.00","-0.81","0.00","0.00","-4.66"
"2026-02-16","4831776","34-02 30th St","Dangerous Ice Cream","34-02 30th St  ","Astoria","NY","11106","1","17.48","0.00","0.00","0.70","0.00","18.18","-1.92","-1.75","0.00","0.00","0.00","0.00","14.51"
"2026-02-16","3310203","9th Ave","The Juice Empire","755 9th Ave  ","New York","NY","10019","6","165.35","0.00","0.00","12.47","0.00","177.82","-24.81","-16.55","0.00","-6.17","0.00","-25.00","105.29"
"2026-02-02","10938192","E 149th St","The Calzone Empire","560 E 149th St  ","Bronx","NY","10455","1","26.27","0.00","0.00","0.81","0.00","27.08","-3.94","-2.63","0.00","-0.94","0.00","-6.00","13.57"
"2026-02-02","2382052",,"The Burrito Snob","4352 E Speedway Blvd ","Tucson","AZ","85712","4","81.93","0.00","0.00","6.52","0.00","88.45","-12.30","-8.20","0.00","-3.69","0.00","-7.00","57.26"
"2026-02-16","3343893","2755 Broadway","Panini's On Panini's","2755 Broadway  ","New York","NY","10025","2","36.15","0.00","0.00","3.21","0.00","39.36","-5.42","-3.62","0.00","-1.80","0.00","0.00","28.52"
"2026-02-09","2382052",,"The Burrito Snob","4352 E Speedway Blvd ","Tucson","AZ","85712","1","21.95","0.00","0.00","1.91","0.00","23.86","-3.29","-2.20","0.00","-1.03","0.00","0.00","17.34"
"2026-02-09","1967490",,"The Omelette Farm","589 1st Avenue ","New York","NY","10016","10","243.42","0.00","0.00","18.88","0.00","262.30","-36.50","-24.36","0.00","-10.04","0.00","-31.00","160.40"
"2026-02-02","8570048",,"The Muffin Snob","169-03 Jamaica Ave  ","Jamaica","NY","11432","1","17.97","0.00","0.00","0.58","0.00","18.55","-2.70","-1.80","0.00","-0.76","0.00","-3.59","9.70"
"2026-02-09","10932224","E McDowell Rd","Exquisite Bowls","8770 E McDowell Rd  ","Scottsdale","AZ","85257","2","56.03","0.00","0.00","4.64","0.00","60.67","-8.40","-5.61","0.00","-2.29","0.00","-5.00","39.37"
"2026-02-16","3310488","1st Avenue","Jewel's Breakfast Joint","937 1st Ave.  ","New York","NY","10022","4","63.31","0.00","0.00","4.64","0.00","67.95","-9.50","-6.34","0.00","-2.92","0.00","-11.00","38.19"
"2026-02-16","9796240","1541 Glenn School Rd suite 17","Burning Burger Stack","1541 Glenn School Rd  ","Durham","NC","27704","2","40.57","0.00","0.00","2.59","0.00","43.16","-12.59","-8.40","0.00","-3.15","-2.59","-6.00","10.43"
"2026-02-02","2116039",,"BBQ Ribs Co.","820 Pennsylvania Ave ","Pittsburgh","PA","15233","3","54.95","0.00","0.00","3.64","0.00","58.59","-8.84","-5.90","0.00","-2.72","-3.64","-3.00","34.49"
"2026-02-02","3310236","Queens Plaza S","The Pasta Story","25-02 Queens Plaza S  ","Queens","NY","11101","4","98.11","0.00","0.00","3.28","0.00","101.39","-14.71","-9.82","0.00","-3.79","0.00","-16.46","56.61"
"2026-02-16","10379328","South Bay","Charlie's Chicken Wings","1156 S Bay Rd  ","Dover","DE","19901","1","38.56","0.00","0.00","0.00","0.00","38.56","-5.78","-3.86","0.00","-1.48","0.00","0.00","27.44"
"2026-02-02","3309771","Hillside Ave","Jr's Philly Cheesesteaks","164-01 Hillside Avenue  ","Jamaica","NY","11432","1","55.53","0.00","0.00","1.94","0.00","57.47","-8.33","-5.55","0.00","-1.84","0.00","-7.00","34.75"
"2026-02-16","2457881",,"Chicken Tenders Bar","1929 Chestnut St ","Philadelphia","PA","19103","3","56.45","0.00","0.00","4.04","0.00","60.49","-8.47","-5.65","0.00","-2.56","-4.04","-6.00","33.77"
"2026-02-23","3310669","Bedford Ave","Penny's Pancakes","265 Bedford Ave  ","Brooklyn","NY","11211","1","20.28","0.00","0.00","1.80","0.00","22.08","-3.04","-2.03","0.00","-0.97","0.00","0.00","16.04"
"2026-02-16","10078568","Gold St","Sizzlin' Omelette Cafe","257 Gold St  ","Brooklyn","NY","11201","1","15.39","0.00","0.00","1.01","0.00","16.40","-2.31","-1.54","0.00","-0.68","0.00","-4.00","7.87"
"2026-02-09","8566136",,"Luna's Loaded Fries","4352 E Speedway Blvd  ","Tucson","AZ","85712","3","37.06","0.00","0.00","2.96","0.00","40.02","-5.56","-3.71","0.00","-1.73","0.00","-3.00","26.02"
"2026-02-23","3310146","3rd Ave","Fried Munchies Shack","1760 3rd Ave  ","New York","NY","10029","2","20.95","0.00","0.00","1.59","0.00","22.54","-3.14","-2.10","0.00","-0.90","0.00","-3.00","13.40"
"2026-02-23","3310118","W Indian School Rd","Fried Rice Fanatic","400 W Indian School Rd  ","Phoenix","AZ","85013","7","222.38","0.00","0.00","19.34","0.00","241.72","-33.35","-22.25","0.00","-9.16","0.00","-10.00","166.96"
"2026-02-16","1949699",,"Chucks Cheesesteaks","1338 Polk St ","San Francisco","CA","94109","1","63.96","0.00","0.00","5.25","0.00","69.21","-9.59","-6.40","0.00","-2.32","0.00","-3.00","47.90"
"2026-02-02","3310764","Pennsylvania Ave","The American Dream Kitchen","820 Pennsylvania Ave  ","Pittsburgh","PA","15233","2","73.41","0.00","0.00","4.30","0.00","77.71","-11.01","-7.84","0.00","-2.77","-4.30","-12.00","39.79"
"2026-02-02","2410420",,"The Wings Express","1147 West Chester Pike ","West Chester","PA","19382","1","28.97","0.00","0.00","1.26","0.00","30.23","-4.35","-2.90","0.00","-0.98","-1.26","-8.00","12.74"
"2026-02-09","11000920","3rd Ave","Glorious Panini Snob","296 3rd Ave  ","New York","NY","10010","2","47.55","0.00","0.00","3.51","0.00","51.06","-6.69","-4.76","0.00","-1.91","0.00","-8.00","29.70"
"2026-02-09","3326295","1st Ave","Angelo's Wraps Shop","147 1st Ave.  ","New York","NY","10003","3","72.73","0.00","0.00","6.47","0.00","79.20","-10.92","-7.28","0.00","-3.32","0.00","0.00","57.68"
"2026-01-26","9820960","370 Main St","FirstBite Breakfast Sandwiches","370 Main St  ","East Orange","NJ","07018","1","15.39","0.00","0.00","1.02","0.00","16.41","-2.31","-1.54","0.00","-0.80","0.00","0.00","11.76"
"2026-02-23","1938468",,"Stella's Pancake Bar","937 1st Avenue ","New York","NY","10022","18","450.06","0.00","0.00","35.99","0.00","486.05","-67.52","-45.04","0.00","-18.87","0.00","-45.00","309.62"
"2026-02-23","9811888","Avenue A","Luke's Breakfast Wraps","93 Avenue A  ","New York","NY","10009","2","34.27","0.00","0.00","2.77","0.00","37.04","-5.14","-3.43","0.00","-1.63","0.00","-3.00","23.84"
"2026-02-09","8563032",,"Francesco Pasta Ristorante","9061 Van Nuys Blvd ","Los Angeles","CA","91402","1","22.39","0.00","0.00","2.18","0.00","24.57","-3.36","-2.24","0.00","-1.05","0.00","0.00","17.92"
"2026-02-16","7749192","Sicilian Pizza - 2614 Lebanon Pike","Green Leaf Salads","2614 Lebanon Pike  ","Nashville","TN","37214","1","23.07","0.00","0.00","2.13","0.00","25.20","-3.46","-2.31","0.00","-1.07","0.00","0.00","18.36"
"2026-02-02","4514232","1741 1st Avenue","Hero Sandwich Shop","1741 1st Ave.  ","New York","NY","10128","1","16.99","0.00","0.00","1.51","0.00","18.50","-2.55","-1.70","0.00","-0.86","0.00","0.00","13.39"
"2026-02-16","2710285",,"The Salad God (4th Ave)","59 4th Ave  ","New York","NY","10003","1","22.47","0.00","0.00","2.00","0.00","24.47","-3.37","-2.25","0.00","-1.05","0.00","0.00","17.80"
"2026-02-16","3310408","E Arapaho Rd #F","The Chinese Joint","1401 E Arapaho Rd  ","Richardson","TX","75081","1","19.98","0.00","0.00","1.65","0.00","21.63","-3.00","-2.00","0.00","-0.96","0.00","0.00","15.67"
"2026-01-26","6891832","Thai Thai San Marcos Restaurant - 801 S Twin Oaks Valley Rd","Vinny’s Vegetarian Spot","1450 West Mission Rd  ","San Marcos","CA","92069","1","33.78","0.00","0.00","2.62","0.00","36.40","-5.07","-3.38","0.00","-1.41","0.00","0.00","26.54"
"2026-02-16","2741113",,"Philly Cheesesteak Company","1760 3rd Ave New York  ","New York","NY","10029","1","30.97","0.00","0.00","2.31","0.00","33.28","-4.65","-3.10","0.00","-1.16","0.00","-5.00","19.37"
"2026-02-16","9815120","Hillside","The Burger Passion","164-01 Hillside Ave.  ","Jamaica","NY","11432","1","19.97","0.00","0.00","0.60","0.00","20.57","-2.25","-2.00","0.00","-0.77","0.00","-5.00","10.55"
"2026-02-16","8570072",,"Carmen's Breakfast Burritos","4352 E Speedway Blvd  ","Tucson","AZ","85712","2","58.43","0.00","0.00","4.47","0.00","62.90","-8.77","-5.85","0.00","-2.31","0.00","-7.00","38.97"
"2026-02-09","5037632","9061 Van Nuys Blvd","The Gourmet Burger","9061 Van Nuys Blvd  ","Los Angeles","CA","91402","1","12.59","0.00","0.00","1.23","0.00","13.82","-1.89","-1.26","0.00","-0.72","0.00","0.00","9.95"
"2026-02-02","3344337","301 W 96th St","Che Breakfast Cafe","301 W 96th St  ","New York","NY","10025","2","22.85","0.00","0.00","1.77","0.00","24.62","-7.23","-4.83","0.00","-2.10","0.00","-3.00","7.46"
"2026-02-23","10936568","W Chester Pike","The Dessert Shack","2560 West Chester Pike  ","Broomall","PA","19008","1","0.00","0.00","0.00","0.00","0.00","0.00","0.00","0.00","0.00","0.00","0.00","0.00","0.00"
"2026-02-16","8569904",,"The Breakfast Dash","1561 St Nicholas Ave  ","New York","NY","10040","2","59.96","0.00","0.00","4.88","0.00","64.84","-9.00","-6.00","0.00","-2.42","0.00","-5.00","42.42"
"2026-02-16","8566160",,"Casa De Quesadilla","415 E Windmill Ln  ","Las Vegas","NV","89123","1","23.98","0.00","0.00","1.76","0.00","25.74","-3.60","-2.40","0.00","-0.99","-1.76","-3.00","13.99"
"2026-02-02","3300782","Canal St #6019","Despicable Wraps","83 Canal St  ","New York","NY","10002","1","0.00","0.00","0.00","0.00","0.00","0.00","0.00","0.00","0.00","0.00","0.00","0.00","0.00"
"2026-02-09","2796118",,"The Dumpling Snob","9737 Manchester Rd  ","St. Louis","MO","63119","5","155.23","0.00","0.00","5.73","0.00","160.96","-23.28","-15.54","0.00","-5.81","0.00","-20.00","96.33"
"2026-02-02","9815152","Mission","Leon's Legendary Pizza","3349 Mission St  ","San Francisco","CA","94110","2","116.12","0.00","0.00","8.80","0.00","124.92","-17.41","-11.62","0.00","-3.98","0.00","-14.00","77.91"
"2026-02-02","2732251",,"The Shawarma Bar (Gold St)","257 Gold St  ","New York","NY","10075","1","37.38","0.00","0.00","2.96","0.00","40.34","-5.61","-3.74","0.00","-1.41","0.00","-4.00","25.58"
"2026-02-23","7100256","Leo's Coney Island - 15198 E 13 Mile Rd","The Scorchin' Burger","15198 E Thirteen Mile Rd  ","Warren","MI","48088","1","42.95","0.00","0.00","2.28","0.00","45.23","-6.44","-4.30","0.00","-1.53","-2.28","-5.00","25.68"
"2026-02-09","3310559","Bedford Ave","Casa Pasta Ristorante","265 Bedford Ave  ","Brooklyn","NY","11211","2","58.15","0.00","0.00","4.72","0.00","62.87","-8.72","-5.82","0.00","-2.36","0.00","-5.00","40.97"
"2026-02-16","10062176","Van Nuys Blvd","Perry's Pizza Parlour","9061 Van Nuys Blvd  ","Los Angeles","CA","91402","1","33.58","0.00","0.00","2.98","0.00","36.56","-5.04","-3.36","0.00","-1.32","0.00","-3.00","23.84"
"2026-02-16","3312896","Lexington Ave","Sip On Smoothie","1424 Lexington Ave  ","New York","NY","10128","1","20.57","0.00","0.00","1.56","0.00","22.13","-3.09","-2.06","0.00","-0.88","0.00","-3.00","13.10"
"2026-02-23","2040775",,"Ava's Fried Chicken","820 Pennsylvania Ave ","Pittsburgh","PA","15233","4","102.90","0.00","0.00","7.21","0.00","110.11","-15.44","-10.30","0.00","-4.56","-7.21","0.00","72.60"
"2026-02-02","3311036","Crenshaw Blvd","High Life Breakfast Sandwiches","6732 Crenshaw Blvd  ","Los Angeles","CA","90043","3","49.54","0.00","0.00","4.46","0.00","54.00","-7.43","-4.96","0.00","-2.37","0.00","-6.00","33.24"
"2026-02-09","10063848","Homestead Rd","Francesco Pasta Ristorante","2898 Homestead Rd  ","Santa Clara","CA","95051","4","89.54","0.00","0.00","7.65","0.00","97.19","-12.99","-8.96","0.00","-3.92","0.00","-8.00","63.32"
"2026-02-02","1946629",,"Village Breakfast Snob","59 4th Ave ","New York","NY","10003","7","160.80","0.00","0.00","12.21","0.00","173.01","-24.15","-16.10","0.00","-6.66","0.00","-23.39","102.71"
"2026-02-09","4514232","1741 1st Avenue","Hero Sandwich Shop","1741 1st Ave.  ","New York","NY","10128","1","25.97","0.00","0.00","1.86","0.00","27.83","-3.90","-2.60","0.00","-1.00","0.00","-5.00","15.33"
"2026-02-23","3309683","Hillside Ave","Bird's Burger Bar","164-01 Hillside Avenue  ","Jamaica","NY","11432","2","46.65","0.00","0.00","1.58","0.00","48.23","-7.00","-4.67","0.00","-1.86","0.00","-7.00","27.70"
"2026-02-23","3309272","Washington Blvd","Super Burrito Bar","109 Washington Blvd  ","Marina del Rey","CA","90292","1","6.69","0.00","0.00","0.70","0.00","7.39","-1.00","-0.67","0.00","-0.53","0.00","0.00","5.19"
"2026-02-23","8563120",,"Bonnie's Burgers","1634 W High St  ","Pottstown","PA","19464","1","78.45","0.00","0.00","4.71","0.00","83.16","-11.77","-7.85","0.00","-2.84","-4.71","0.00","55.99"
"2026-02-23","10078560","Broadway","Amanda's Breakfast Lounge","3661 Broadway  ","New York","NY","10031","2","59.81","0.00","0.00","4.51","0.00","64.32","-8.97","-5.99","0.00","-2.28","0.00","-9.00","38.08"
"2026-01-26","6891040","Caffe Venice - 596 3rd Ave","Bill's Sandwich Shack","596 3rd Ave  ","New York","NY","10016","1","32.85","0.00","0.00","2.92","0.00","35.77","-4.93","-3.29","0.00","-1.39","0.00","0.00","26.16"
"2026-02-23","2786448",,"The Sandwich Cafe","2841 E Anaheim St  ","Long Beach","CA","90804","1","41.96","0.00","0.00","3.67","0.00","45.63","-6.29","-4.20","0.00","-1.48","0.00","-7.00","26.66"
"2026-02-09","3309965","Sullivan St","Grilled Cheese Ecstatic","240 Sullivan St  ","New York","NY","10012","3","47.54","0.00","0.00","4.23","0.00","51.77","-7.13","-4.76","0.00","-2.48","0.00","0.00","37.40"
"2026-02-16","9819560","245 E Houston St","The Dessert Dream","245 E Houston St  ","New York","NY","10002","3","68.54","0.00","0.00","5.29","0.00","73.83","-10.29","-6.86","0.00","-2.88","0.00","-9.00","44.80"
"2026-02-09","3310646","Michelson Dr","Sunrise Coffee Express","3161 Michelson Dr  ","Irvine","CA","92612","1","16.46","0.00","0.00","0.97","0.00","17.43","-2.47","-1.65","0.00","-0.71","0.00","-4.00","8.60"
"2026-01-26","2900417",,"Olivia's Breakfast Cafe","226 Newark Ave  ","Jersey City","NJ","07302","1","32.67","0.00","0.00","1.97","0.00","34.64","-4.90","-3.27","0.00","-1.27","0.00","-3.00","22.20"
"2026-02-09","7104064","Pizza Zone","The Calzone Empire","3618 N Pennsylvania Ave  ","Oklahoma City","OK","73112","1","26.78","0.00","0.00","1.88","0.00","28.66","-4.02","-2.68","0.00","-1.02","-1.88","-5.00","14.06"
"2026-02-23","1938070",,"The Mexican Cocina","937 1st ave  ","New York","NY","10022","4","92.30","0.00","0.00","7.13","0.00","99.43","-13.85","-9.24","0.00","-3.87","0.00","-12.00","60.47"
"2026-02-02","11804904","Thomas S Boyland St","Stan's Burger Bar","116 Thomas S Boyland St  ","Brooklyn","NY","11233","1","21.37","0.00","0.00","1.63","0.00","23.00","-2.76","-2.14","0.00","-0.91","0.00","-3.00","14.19"
"2026-02-02","3311173","Madison Ave","Fiona's Breakfast Burritos","1404 Madison Ave  ","New York","NY","10029","1","8.97","0.00","0.00","0.80","0.00","9.77","-1.35","-0.90","0.00","-0.60","0.00","0.00","6.92"
"2026-01-26","6891720","Wholesome Farms Market - 1306 Atlantic Ave","Green Leaf Salads","1306 Atlantic Ave  ","Brooklyn","NY","11216","1","23.47","0.00","0.00","2.08","0.00","25.55","-3.52","-2.35","0.00","-1.08","0.00","0.00","18.60"
"2026-02-02","2776714",,"LV Taco Bar (1st Ave)","1741 1st Avenue  ","New York","NY","10128","1","0.00","0.00","0.00","0.00","0.00","0.00","0.00","0.00","0.00","0.00","0.00","0.00","0.00"
"2026-02-16","2383074",,"Chelsea's Breakfast Bar","244 W 14th St ","New York","NY","10011","1","27.94","0.00","0.00","2.48","0.00","30.42","-4.19","-2.79","0.00","-1.23","0.00","0.00","22.21"
"2026-02-02","9824208","Morris Park","The Burger Blade","682 Morris Park Ave  ","Bronx","NY","10462","1","35.37","0.00","0.00","1.41","0.00","36.78","-5.31","-3.54","0.00","-1.42","0.00","0.00","26.51"
"2026-02-09","3344337","301 W 96th St","Che Breakfast Cafe","301 W 96th St  ","New York","NY","10025","2","56.63","0.00","0.00","3.96","0.00","60.59","-8.50","-5.67","0.00","-2.08","0.00","-12.00","32.34"
"2026-02-23","3310448","3rd Ave","The French Fries God","1760 3rd Ave  ","New York","NY","10029","2","38.02","0.00","0.00","3.11","0.00","41.13","-5.70","-3.80","0.00","-1.76","0.00","-3.00","26.87"
"2026-02-09","4510072","433 W 34th st","Sip On Smoothie","433 W 34th St.  ","New York","NY","10001","4","96.46","0.00","0.00","6.96","0.00","103.42","-14.46","-9.66","0.00","-3.81","0.00","-18.00","57.49"
"2026-02-16","3325905","W 34th st","Marty's Wraps Shack","433 W 34th St  ","New York","NY","10001","2","39.98","0.00","0.00","3.02","0.00","43.00","-6.00","-4.00","0.00","-1.72","0.00","-6.00","25.28"
"2026-02-23","5930240","689 Broadway","Queen's Quesadillas","689 Broadway  ","New York","NY","10012","5","72.74","0.00","0.00","4.94","0.00","77.68","-10.92","-7.28","0.00","-3.52","0.00","-11.00","44.96"
"2026-02-02","3310399","W Greenway Rd","Kung Fu Chinese Kitchen","13011 W Greenway Rd  ","El Mirage","AZ","85335","1","14.09","0.00","0.00","1.28","0.00","15.37","-2.11","-1.41","0.00","-0.77","0.00","0.00","11.08"
"2026-02-02","2848423",,"Village Breakfast Snob (Bedford Ave)","265 Bedford Ave  ","Brooklyn","NY","11211","1","13.97","0.00","0.00","1.24","0.00","15.21","-2.10","-1.40","0.00","-0.76","0.00","0.00","10.95"
"2026-02-23","2560752",,"The Pasta Twins","1147 West Chester Pike  ","West Chester","PA","19382","1","13.39","0.00","0.00","0.80","0.00","14.19","-2.01","-1.34","0.00","-0.73","-0.80","0.00","9.31"
"2026-01-26","5314872","Golden Restaurant and Bakery-1849 N Scottsdale Rd","The Crimson Gyro","1849 N Scottsdale Rd  ","Scottsdale","AZ","85288","1","14.09","0.00","0.00","1.28","0.00","15.37","-2.11","-1.41","0.00","-0.77","0.00","0.00","11.08"
"2026-02-23","10938144","E Anaheim St","Sarah's Breakfast Bar","2841 E Anaheim St  ","Long Beach","CA","90804","1","21.07","0.00","0.00","1.79","0.00","22.86","-3.16","-2.11","0.00","-0.88","0.00","-4.00","12.71"
"2026-02-16","2667898",,"Chuck's Cheesesteaks","300 8th Ave ","New York","NY","10001","1","34.97","0.00","0.00","2.84","0.00","37.81","-5.25","-3.50","0.00","-1.36","0.00","-3.00","24.70"
"2026-01-26","1939835",,"Heavens Chicken Wings","589 1st Avenue ","New York","NY","10016","1","19.98","0.00","0.00","1.77","0.00","21.75","-3.00","-2.00","0.00","-0.96","0.00","0.00","15.79"
"2026-01-26","10932416","E 172nd St","The Montage Vegetarian","253 E 172nd St  ","The Bronx","NY","10457","1","22.38","0.00","0.00","0.70","0.00","23.08","-3.36","-2.24","0.00","-0.85","0.00","-5.00","11.63"
"2026-02-09","3310093","1st Avenue","Fiona's French Toast","589 1st Ave.  ","New York","NY","10016","5","136.88","0.00","0.00","10.73","0.00","147.61","-20.53","-13.70","0.00","-5.51","0.00","-16.00","91.87"
"2026-02-23","7102536","Golden State Pizza & Grill - 3349 Mission St","Henry's Chicken Wings","3349 Mission St  ","San Francisco","CA","94110","1","25.47","0.00","0.00","1.94","0.00","27.41","-3.82","-2.55","0.00","-1.04","0.00","-3.00","17.00"
"2026-02-02","3310218","E Bell Rd #132","The Chinese Joint","4015 E Bell Rd  ","Phoenix","AZ","85032","1","23.98","0.00","0.00","2.18","0.00","26.16","-3.60","-2.40","0.00","-1.10","0.00","0.00","19.06"
"2026-02-16","3312408","Mowry Ave","The Burger Hole","3846 Mowry Ave  ","Fremont","CA","94538","1","43.96","0.00","0.00","4.19","0.00","48.15","-6.59","-4.40","0.00","-1.62","0.00","-5.00","30.54"
"2026-02-09","9824224","1st","Stella's Slammin' Burgers","937 1st Ave.  ","New York","NY","10022","1","49.05","0.00","0.00","3.73","0.00","52.78","-7.36","-4.91","0.00","-1.70","0.00","-7.00","31.81"
"2026-02-09","2353632",,"Addictive Fried Chicken","228 George St ","New Brunswick","NJ","08901","1","30.06","0.00","0.00","1.66","0.00","31.72","-4.51","-3.01","0.00","-1.11","0.00","-5.00","18.09"
"2026-02-09","3311036","Crenshaw Blvd","High Life Breakfast Sandwiches","6732 Crenshaw Blvd  ","Los Angeles","CA","90043","7","295.52","0.00","0.00","28.84","0.00","324.36","-44.85","-29.92","0.00","-11.68","0.00","-14.00","223.91"
"2026-02-09","2741308",,"Nancy's Grilled Cheese","1760 3rd Ave  ","New York","NY","10029","10","154.39","0.00","0.00","12.46","0.00","166.85","-23.17","-15.47","0.00","-7.64","0.00","-14.00","106.57"
"2026-02-02","2352422",,"The Pancake Snob (West Chester Pike)","1147 West Chester Pike ","West Chester","PA","19382","5","135.30","0.00","0.00","7.23","0.00","142.53","-20.29","-13.54","0.00","-5.40","-7.23","-15.00","81.07"
"2026-02-02","9822512","1541 Glenn School Rd suite 17","Fierce Chicken Sandwich","1541 Glenn School Rd  ","Durham","NC","27704","1","20.98","0.00","0.00","1.20","0.00","22.18","-5.67","-3.78","0.00","-1.37","-1.20","-5.00","5.16"
"2026-02-02","10063848","Homestead Rd","Francesco Pasta Ristorante","2898 Homestead Rd  ","Santa Clara","CA","95051","3","62.96","0.00","0.00","5.44","0.00","68.40","-11.76","-7.84","0.00","-3.34","0.00","-5.00","40.46"
"2026-02-09","10997776","Sullivan St","Marty's Wraps Shack","240 Sullivan St  ","New York","NY","10012","1","15.39","0.00","0.00","1.10","0.00","16.49","-2.31","-1.54","0.00","-0.71","0.00","-3.00","8.93"
"2026-02-16","9822632","Plaza Center","Sizzlin' Omelette Cafe","101 Plaza Center  ","Secaucus","NJ","07094","1","0.00","0.00","0.00","0.00","0.00","0.00","-1.89","-1.26","0.00","-0.71","0.00","0.00","-3.86"
"2026-02-09","5021648","1 Kedron Ave Unit 4","Casa Pasta Ristorante","1 Kedron Ave  ","Morton","PA","19070","5","97.93","0.00","0.00","4.98","0.00","102.91","-20.28","-13.53","0.00","-5.38","-4.98","-15.00","43.74"
"2026-02-23","2457881",,"Chicken Tenders Bar","1929 Chestnut St ","Philadelphia","PA","19103","5","122.18","0.00","0.00","9.21","0.00","131.39","-18.32","-12.23","0.00","-5.28","-9.21","-7.00","79.35"
"2026-02-23","3311137","Crenshaw Blvd","El Azul Tacos","6732 Crenshaw Blvd  ","Los Angeles","CA","90043","6","76.14","0.00","0.00","7.18","0.00","83.32","-10.50","-7.62","0.00","-4.18","0.00","-6.00","55.02"
"2026-02-02","9816392","2rd","The Smoothie Squeeze","296 3rd Ave  ","New York","NY","10010","3","50.32","0.00","0.00","4.20","0.00","54.52","-7.10","-5.04","0.00","-2.48","0.00","-3.00","36.90"
"2026-02-23","3312349","Gold St","Doughboys Sandwiches","257 Gold St  ","Brooklyn","NY","11201","3","65.04","0.00","0.00","4.98","0.00","70.02","-9.75","-6.51","0.00","-2.76","0.00","-9.00","42.00"
"2026-02-16","4831664","319 Rogers Ave","The Sandwich Vibe","319 Rogers Ave  ","Brooklyn","NY","11225","4","86.57","0.00","0.00","7.42","0.00","93.99","-12.98","-8.67","0.00","-3.99","0.00","-3.00","65.35"
"2026-02-09","2391353",,"Famous Gyro Bar","244 W 14th St ","New York","NY","10011","2","15.38","0.00","0.00","1.10","0.00","16.48","-2.31","-1.54","0.00","-0.71","0.00","-3.00","8.92"
"2026-02-23","9832880","205 22nd Ave N","Luigi's Pasta Ristorante","329 Union St  ","Nashville","TN","37201","2","133.69","0.00","0.00","12.09","0.00","145.78","-20.05","-13.37","0.00","-4.96","0.00","-3.00","104.40"
"2026-01-26","3310978","1st Ave","Bagel Dynasty","1219 1st Ave.  ","New York","NY","10065","1","18.47","0.00","0.00","1.64","0.00","20.11","-2.77","-1.85","0.00","-0.91","0.00","0.00","14.58"
"2026-02-02","5853472","Metropolitan Ave","The Vegan Snob","488 Metropolitan Ave  ","Brooklyn","NY","11211","7","190.35","0.00","0.00","13.74","0.00","204.09","-28.56","-19.05","0.00","-7.24","0.00","-35.64","113.60"
"2026-02-02","10929168","Agnew Rd","Priya's Indian Kitchen","2026 Agnew Rd  ","Santa Clara","CA","95054","2","51.77","0.00","0.00","4.27","0.00","56.04","-7.77","-5.18","0.00","-2.16","0.00","-5.00","35.93"
"2026-02-23","1938271",,"Maria's Italian Meatballs","937 1st Avenue ","New York","NY","10022","1","26.58","0.00","0.00","1.92","0.00","28.50","-3.99","-2.66","0.00","-1.02","0.00","-5.00","15.83"
"2026-02-09","3312441","1st Avenue","Muf's Muffin Shop","937 1st Ave.  ","New York","NY","10022","4","103.36","0.00","0.00","8.02","0.00","111.38","-15.51","-10.35","0.00","-4.20","0.00","-13.00","68.32"
"2026-02-09","10363736","Polk St","Blake's Dessert Lounge","1338 Polk St  ","San Francisco","CA","94109","1","11.99","0.00","0.00","1.03","0.00","13.02","-1.80","-1.20","0.00","-0.70","0.00","0.00","9.32"
"2026-02-16","10357784","Polk St","The Italian Pizza Co","1338 Polk St  ","San Francisco","CA","94109","1","115.94","0.00","0.00","9.74","0.00","125.68","-17.39","-11.59","0.00","-4.04","0.00","-3.00","89.66"
"2026-02-16","7749200","APPLETREE MARKET - 1225 Amsterdam Ave","Mighty Grilled Cheese","1225 Amsterdam Ave  ","New York","NY","10027","1","37.07","0.00","0.00","2.85","0.00","39.92","-5.56","-3.71","0.00","-1.37","0.00","-5.00","24.28"
"2026-02-16","3309742","3rd St","Two Hand Burger","5155 3rd St  ","San Francisco","CA","94124","1","41.14","0.00","0.00","3.29","0.00","44.43","-6.17","-4.11","0.00","-1.56","0.00","-3.00","29.59"
"2026-02-09","3310756","N Broadway","London's Fish N Chips","854 N Broadway  ","White Plains","NY","10603","1","29.99","0.00","0.00","2.51","0.00","32.50","-4.50","-3.00","0.00","-1.29","0.00","0.00","23.71"
"2026-02-09","2116739",,"Veronica's Burrito Bar","25-02 Queens Plaza S ","Long Island City","NY","11101","2","37.73","0.00","0.00","1.15","0.00","38.88","-5.66","-3.78","0.00","-1.51","0.00","-9.00","18.93"
"2026-02-23","4837576","319 Rogers Ave","The Loose Juice","319 Rogers Ave  ","Brooklyn","NY","11225","1","39.92","0.00","0.00","3.19","0.00","43.11","-4.39","-3.99","0.00","0.00","0.00","-4.00","30.73"
"2026-01-26","3310181","4th Ave","Penny's Pancakes","59 4th Ave  ","New York","NY","10003","1","21.98","0.00","0.00","1.46","0.00","23.44","-3.30","-2.20","0.00","-0.85","0.00","-5.50","11.59"
"2026-02-16","11796504","Ogden Ave","The Omelette Farm","1152 Ogden Ave  ","Bronx","NY","10452","1","26.48","0.00","0.00","0.86","0.00","27.34","-3.97","-2.65","0.00","-0.98","0.00","-5.00","14.74"
"2026-02-02","9817904","1237 Fulton St","Belgian Waffle Bar","1237 Fulton St  ","Brooklyn","NY","11216","1","37.78","0.00","0.00","2.73","0.00","40.51","-5.67","-3.78","0.00","-1.32","0.00","-7.00","22.74"
"2026-02-23","4831664","319 Rogers Ave","The Sandwich Vibe","319 Rogers Ave  ","Brooklyn","NY","11225","3","39.13","0.00","0.00","3.47","0.00","42.60","-8.85","-5.91","0.00","-2.86","0.00","0.00","24.98"
"2026-02-23","3325718","1st Ave","The Omelette Farm","147 1st Ave.  ","New York","NY","10003","1","14.09","0.00","0.00","1.25","0.00","15.34","-2.11","-1.41","0.00","-0.77","0.00","0.00","11.05"
"2026-02-09","9794808","1401 E Arapaho Rd #F","Ryu's Ramen Bar","1401 E Arapaho Rd  ","Richardson","TX","75081","1","14.69","0.00","0.00","1.21","0.00","15.90","-2.20","-1.47","0.00","-0.78","0.00","0.00","11.45"
"2026-02-23","9815120","Hillside","The Burger Passion","164-01 Hillside Ave.  ","Jamaica","NY","11432","1","23.86","0.00","0.00","0.95","0.00","24.81","-3.58","-2.39","0.00","-1.06","0.00","0.00","17.78"
"2026-02-02","9822552","168 Myrtle Ave","Stan's Burger Bar","168 Myrtle Ave  ","Brooklyn","NY","11201","2","23.78","0.00","0.00","1.85","0.00","25.63","-3.57","-2.38","0.00","-0.99","0.00","-3.00","15.69"
"2026-02-09","10076952","Homestead Rd","Roman's Pizza Oven","2898 Homestead Rd  ","Santa Clara","CA","95051","1","12.58","0.00","0.00","1.18","0.00","13.76","-1.89","-1.26","0.00","-0.72","0.00","0.00","9.89"
"2026-02-02","3310841","Lee Hwy","Pita Sandwiches Bite","3907 Lee Hwy  ","Arlington","VA","22207","1","64.73","0.00","0.00","3.58","0.00","68.31","-9.71","-6.47","0.00","-2.23","0.00","-5.00","44.90"
"2026-01-26","3312245","32nd St","Toast N Roast Breakfast Sandwiches","590 32nd St  ","Union City","NJ","07087","1","8.57","0.00","0.00","0.57","0.00","9.14","-1.29","-0.86","0.00","-0.58","0.00","0.00","6.41"
"2026-02-09","3312245","32nd St","Toast N Roast Breakfast Sandwiches","590 32nd St  ","Union City","NJ","07087","2","29.63","0.00","0.00","1.96","0.00","31.59","-4.45","-2.97","0.00","-1.57","0.00","0.00","22.60"
"2026-02-09","8570048",,"The Muffin Snob","169-03 Jamaica Ave  ","Jamaica","NY","11432","1","0.00","0.00","0.00","0.00","0.00","0.00","0.00","0.00","0.00","0.00","0.00","0.00","0.00"
"2026-02-09","3309880","Sullivan St","Sunrise Breakfast Club","240 Sullivan St  ","New York","NY","10012","1","16.07","0.00","0.00","1.07","0.00","17.14","-2.41","-1.61","0.00","-0.70","0.00","-4.00","8.42"
"2026-02-02","3310266","3rd Ave","Mighty Grilled Cheese","1760 3rd Ave  ","New York","NY","10029","2","36.34","0.00","0.00","2.60","0.00","38.94","-5.45","-3.64","0.00","-1.57","0.00","-7.00","21.28"
"2026-02-23","10363712","Polk St","Jolie's Mediterranean Kitchen","1338 Polk St  ","San Francisco","CA","94109","1","27.99","0.00","0.00","2.15","0.00","30.14","-4.20","-2.80","0.00","-1.13","0.00","-3.00","19.01"
"2026-02-16","2289629",,"Locals Breakfast Snob","459 Main St ","Armonk","NY","10504","1","29.97","0.00","0.00","2.51","0.00","32.48","-4.50","-3.00","0.00","-1.29","0.00","0.00","23.69"
"2026-02-23","3312408","Mowry Ave","The Burger Hole","3846 Mowry Ave  ","Fremont","CA","94538","1","63.95","0.00","0.00","6.87","0.00","70.82","-9.59","-6.40","0.00","-2.46","0.00","0.00","52.37"
"2026-02-09","9822512","1541 Glenn School Rd suite 17","Fierce Chicken Sandwich","1541 Glenn School Rd  ","Durham","NC","27704","1","20.98","0.00","0.00","1.27","0.00","22.25","-3.15","-2.10","0.00","-0.86","-1.27","-4.00","10.87"
"2026-02-09","10372072","E Speedway","Breakfast Burrito Joint","4352 E Speedway Blvd  ","Tucson","AZ","85712","7","127.92","0.00","0.00","9.55","0.00","137.47","-19.19","-12.81","0.00","-5.74","0.00","-18.00","81.73"
"2026-01-26","3310297","W Peoria Ave #116","Kung Fu Chinese Kitchen","8520 W Peoria Ave  ","Peoria","AZ","85345","3","89.71","0.00","0.00","7.51","0.00","97.22","-17.27","-11.51","0.00","-4.43","0.00","-9.00","55.01"
"2026-02-02","10936592","Van Nuys Blvd","The Italian Pasta Bar","9061 Van Nuys Blvd  ","Los Angeles","CA","91402","2","110.54","0.00","0.00","10.48","0.00","121.02","-16.58","-11.06","0.00","-4.20","0.00","-3.00","86.18"
"2026-02-09","3310683","George St","The Dessert Dream","228 George St  ","New Brunswick","NJ","08901","1","15.78","0.00","0.00","1.05","0.00","16.83","-2.37","-1.58","0.00","-0.81","0.00","0.00","12.07"
"2026-02-09","6890744","Wholesome Farms Market - 1306 Atlantic Ave","The Sandwich Vibe","1306 Atlantic Ave  ","Brooklyn","NY","11216","1","14.38","0.00","0.00","1.28","0.00","15.66","-2.16","-1.44","0.00","-0.78","0.00","0.00","11.28"
"2026-02-09","2365500",,"The Pancake Snob","257 Gold Street  ","Brooklyn","NY","11201","6","270.62","0.00","0.00","21.90","0.00","292.52","-40.60","-27.08","0.00","-9.99","0.00","-24.00","190.85"
"2026-02-23","6891024","Caffe Venice - 596 3rd Ave","CJ's Breakfast Sandwich","596 3rd Ave  ","New York","NY","10016","9","131.46","0.00","0.00","10.77","0.00","142.23","-19.74","-13.17","0.00","-6.73","0.00","-10.00","92.59"
"2026-02-02","3309965","Sullivan St","Grilled Cheese Ecstatic","240 Sullivan St  ","New York","NY","10012","5","84.10","0.00","0.00","6.93","0.00","91.03","-15.66","-10.46","0.00","-4.77","0.00","-6.00","54.14"
"2026-02-16","3311230","Loudon Rd #960","Italian Pasta Lounge","800 Loudon Rd  ","Latham","NY","12110","2","103.96","0.00","0.00","7.52","0.00","111.48","-15.60","-10.40","0.00","-3.69","0.00","-10.00","71.79"
"2026-02-09","10375504","Union","Fallon's Fried Chicken","327 Union St  ","Nashville","TN","37201","1","54.54","0.00","0.00","4.93","0.00","59.47","-8.18","-5.45","0.00","-1.99","0.00","-4.00","39.85"
"2026-02-02","3344616","501 Broadway St","Linh's Chinese Restaurant","501 Broadway  ","San Francisco","CA","94133","1","0.00","0.00","0.00","0.00","0.00","0.00","0.00","0.00","0.00","0.00","0.00","0.00","0.00"
"2026-02-16","3309992","1st Avenue","La Mexicana Quesadilla","217 1st Ave.  ","New York","NY","10003","1","40.97","0.00","0.00","3.19","0.00","44.16","-8.99","-6.00","0.00","-2.12","0.00","-5.00","22.05"
"2026-02-02","9816352","168 Myrtle Ave","Daybreak Breakfast Club","168 Myrtle Ave  ","Brooklyn","NY","11201","6","117.42","0.00","0.00","9.57","0.00","126.99","-17.61","-11.76","0.00","-5.37","0.00","-9.77","82.48"
"2026-02-02","2460021",,"Jay's Breakfast Bar","4352 E Speedway Blvd ","Tucson","AZ","85712","2","36.96","0.00","0.00","2.61","0.00","39.57","-5.55","-3.70","0.00","-1.59","0.00","-7.00","21.73"
"2026-02-23","3309671","E Arapaho Rd #F","Chef Hanoka Sushi","1401 E Arapaho Rd  ","Richardson","TX","75081","1","49.36","0.00","0.00","3.82","0.00","53.18","-7.40","-4.94","0.00","-1.83","0.00","-3.00","36.01"
"2026-02-09","4512360","1424 Lexington Ave","Top Panini Shop","1424 Lexington Ave  ","New York","NY","10128","1","17.58","0.00","0.00","1.56","0.00","19.14","-2.64","-1.76","0.00","-0.88","0.00","0.00","13.86"
"2026-02-23","2710285",,"The Salad God (4th Ave)","59 4th Ave  ","New York","NY","10003","1","24.57","0.00","0.00","2.18","0.00","26.75","-3.69","-2.46","0.00","-1.12","0.00","0.00","19.48"
"2026-02-09","2116039",,"BBQ Ribs Co.","820 Pennsylvania Ave ","Pittsburgh","PA","15233","4","67.94","0.00","0.00","3.78","0.00","71.72","-17.69","-11.80","0.00","-4.60","-3.78","-14.00","19.85"
"2026-02-02","11803360","Castle Hill Ave","Celebrity Vegan Burger","1201 Castle Hill Ave  ","Bronx","NY","10462","1","0.00","0.00","0.00","0.00","0.00","0.00","0.00","0.00","0.00","0.00","0.00","0.00","0.00"
"2026-02-23","10499904","1st Avenue","Lola's Smoothie Mix","937 1st Ave.  ","New York","NY","10022","7","157.97","0.00","0.00","11.98","0.00","169.95","-22.93","-15.82","0.00","-6.59","0.00","-23.00","101.61"
"2026-02-16","3312349","Gold St","Doughboys Sandwiches","257 Gold St  ","Brooklyn","NY","11201","5","103.51","0.00","0.00","8.83","0.00","112.34","-15.52","-10.36","0.00","-4.80","0.00","-4.00","77.66"
"2026-02-02","5024720","3907 Lee Hwy","First Light Breakfast Cafe","3907 Lee Hwy  ","Arlington","VA","22207","5","154.64","0.00","0.00","8.56","0.00","163.20","-23.20","-15.48","0.00","-6.11","0.00","-12.00","106.41"
"2026-02-16","6893368","Fitch's Kitchen - Redondo Beach - 300 The Village","Luigi's Pasta Ristorante","300 The Village  ","Redondo Beach","CA","90277","2","0.00","0.00","0.00","0.00","0.00","0.00","0.00","0.00","0.00","0.00","0.00","0.00","0.00"
"2026-02-09","10999320","Sullivan St","Exquisite Bowls","240 Sullivan St  ","New York","NY","10012","2","322.46","0.00","0.00","27.48","0.00","349.94","-47.92","-32.25","0.00","-10.87","0.00","-13.00","245.90"
"2026-02-23","8570072",,"Carmen's Breakfast Burritos","4352 E Speedway Blvd  ","Tucson","AZ","85712","2","28.98","0.00","0.00","2.52","0.00","31.50","-4.34","-2.90","0.00","-1.56","0.00","0.00","22.70"
"2026-02-16","5850288","1st Avenue","Tessa's Fruity Treats","1741 1st Ave.  ","New York","NY","10128","1","0.00","0.00","0.00","0.00","0.00","0.00","0.00","0.00","0.00","0.00","0.00","0.00","0.00"
"2026-02-23","5853656","S Las Posas","The Sandwich Vibe","137 S Las Posas Rd #153  ","San Marcos","CA","92078","1","17.19","0.00","0.00","1.50","0.00","18.69","-2.58","-1.72","0.00","-0.87","0.00","0.00","13.52"
"2026-02-23","10564920","9th Ave","The Cheeseburger Paradise","468 9th Ave  ","New York","NY","10018","1","14.69","0.00","0.00","1.30","0.00","15.99","-2.20","-1.47","0.00","-0.79","0.00","0.00","11.53"
"2026-02-16","10372072","E Speedway","Breakfast Burrito Joint","4352 E Speedway Blvd  ","Tucson","AZ","85712","12","219.18","0.00","0.00","17.15","0.00","236.33","-31.54","-21.94","0.00","-10.12","0.00","-22.00","150.73"
"2026-02-02","3372456","456 Grove St.","Hella Good Chicken Wings","456 Grove St  ","Worcester","MA","01605","2","50.96","0.00","0.00","2.81","0.00","53.77","-7.65","-5.10","0.00","-2.05","0.00","-6.00","32.97"
"2026-02-09","8563056",,"Nomad's Bagels","433 W 34th St.  ","New York","NY","10001","2","48.93","0.00","0.00","3.63","0.00","52.56","-7.34","-4.90","0.00","-1.96","0.00","-8.00","30.36"
"2026-01-26","3310455","Fulton St","The Pancake Flip","1237 Fulton St  ","Brooklyn","NY","11216","4","112.59","0.00","0.00","8.84","0.00","121.43","-16.89","-11.27","0.00","-4.51","0.00","-13.00","75.76"
"2026-02-16","5851848","Broadway","The Acai Dream","689 Broadway  ","New York","NY","10012","1","20.99","0.00","0.00","1.86","0.00","22.85","-3.57","-2.38","0.00","-1.09","0.00","0.00","15.81"
"2026-01-26","8570048",,"The Muffin Snob","169-03 Jamaica Ave  ","Jamaica","NY","11432","1","15.97","0.00","0.00","0.44","0.00","16.41","-1.65","-1.60","0.00","-0.65","0.00","-5.00","7.51"
"2026-02-23","9832944","1708 Livernois Rd","The Pasta Brothers","1708 Livernois Rd  ","Troy","MI","48083","3","95.80","0.00","0.00","4.91","0.00","100.71","-14.37","-9.59","0.00","-3.54","-4.91","-14.00","54.30"
"2026-02-23","3343893","2755 Broadway","Panini's On Panini's","2755 Broadway  ","New York","NY","10025","1","26.78","0.00","0.00","2.38","0.00","29.16","-4.02","-2.68","0.00","-1.19","0.00","0.00","21.27"
"2026-02-09","2223864",,"Fiona's Pancake Bar","1404 Madison Avenue  ","New York","NY","10029","5","111.54","0.00","0.00","8.12","0.00","119.66","-18.35","-12.25","0.00","-4.90","0.00","-20.00","64.16"
"2026-01-26","3312534","Gold St","Marty's Wraps Shack","257 Gold St  ","Brooklyn","NY","11201","1","22.67","0.00","0.00","1.51","0.00","24.18","-3.40","-2.27","0.00","-0.86","0.00","-5.67","11.98"
"2026-01-26","10078528","8th Ave","Fresh N Fruity Smoothies","382 8th Ave  ","New York","NY","10001","1","23.78","0.00","0.00","0.00","0.00","23.78","-3.12","-2.38","0.00","-0.93","0.00","-3.00","14.35"
"2026-02-09","2352422",,"The Pancake Snob (West Chester Pike)","1147 West Chester Pike ","West Chester","PA","19382","7","132.66","0.00","0.00","6.83","0.00","139.49","-19.91","-13.28","0.00","-5.78","-6.83","-19.00","74.69"
"2026-02-16","2886504",,"The Salad Dream","1929 Chestnut St  ","Philadelphia","PA","19103","1","17.59","0.00","0.00","1.17","0.00","18.76","-2.64","-1.76","0.00","-0.78","-1.17","-3.00","9.41"
"2026-02-16","8568872",,"The Burrito Co","4352 E Speedway Blvd  ","Tucson","AZ","85712","2","58.52","0.00","0.00","4.40","0.00","62.92","-8.33","-5.85","0.00","-2.27","0.00","-8.00","38.47"
"2026-02-16","4510336","937 1st Avenue","Jay's Breakfast Bar","937 1st Ave.  ","New York","NY","10022","9","170.06","0.00","0.00","14.30","0.00","184.36","-25.50","-17.03","0.00","-8.03","0.00","-9.00","124.80"
"2026-02-23","9817992","Mowry","Vegan Falafel Joint","3846 Mowry Ave  ","Fremont","CA","94538","1","16.78","0.00","0.00","1.48","0.00","18.26","-2.52","-1.68","0.00","-0.77","0.00","-3.00","10.29"
"2026-01-26","3311036","Crenshaw Blvd","High Life Breakfast Sandwiches","6732 Crenshaw Blvd  ","Los Angeles","CA","90043","1","14.18","0.00","0.00","1.45","0.00","15.63","-2.13","-1.42","0.00","-0.78","0.00","0.00","11.30"
"2026-02-23","4834440","197 Havemeyer St.","The Mazza Palace","197 Havemeyer St  ","Brooklyn","NY","11211","1","18.29","0.00","0.00","1.36","0.00","19.65","-2.74","-1.83","0.00","-0.81","0.00","-3.00","11.27"
"2026-02-16","10494984","George St","Hot Sandwich Bar","228 George St  ","New Brunswick","NJ","08901","1","15.78","0.00","0.00","1.05","0.00","16.83","-2.37","-1.58","0.00","-0.81","0.00","0.00","12.07"
"2026-02-09","9815152","Mission","Leon's Legendary Pizza","3349 Mission St  ","San Francisco","CA","94110","4","160.53","0.00","0.00","12.63","0.00","173.16","-24.08","-16.07","0.00","-6.06","0.00","-14.00","112.95"
"2026-02-16","10938144","E Anaheim St","Sarah's Breakfast Bar","2841 E Anaheim St  ","Long Beach","CA","90804","3","65.52","0.00","0.00","6.15","0.00","71.67","-9.39","-6.56","0.00","-2.87","0.00","-7.00","45.85"
"2026-02-09","2116552",,"The Burger Trilogy","5155 3rd St  ","San Francisco","CA","94124","1","21.27","0.00","0.00","1.40","0.00","22.67","-4.27","-2.85","0.00","-1.08","0.00","-5.00","9.47"
"2026-02-02","3312266","1st Avenue","The Smoothie Squeeze","937 1st Ave.  ","New York","NY","10022","5","87.75","0.00","0.00","7.00","0.00","94.75","-13.16","-8.79","0.00","-4.12","0.00","-9.00","59.68"
"2026-02-23","4830064","265 Bedford Ave","House of Paninis","265 Bedford Ave  ","Brooklyn","NY","11211","3","110.37","0.00","0.00","8.65","0.00","119.02","-12.14","-11.04","0.00","0.00","0.00","-13.00","82.84"
"2026-02-16","9820984","190 Hillside Rd","Blake's Dessert Lounge","190 Hillside Rd  ","Cranston","RI","02920","1","0.00","0.00","0.00","0.00","0.00","0.00","-2.73","-1.82","0.00","-0.80","0.00","0.00","-5.35"
"2026-02-02","3310559","Bedford Ave","Casa Pasta Ristorante","265 Bedford Ave  ","Brooklyn","NY","11211","3","89.53","0.00","0.00","7.95","0.00","97.48","-13.43","-8.96","0.00","-3.88","0.00","0.00","71.21"
"2026-02-16","2786288",,"Palm Tree Juice Bar (1st Ave)","217 1st Ave  ","New York","NY","10003","1","15.99","0.00","0.00","1.06","0.00","17.05","-2.40","-1.60","0.00","-0.70","0.00","-4.00","8.35"
"2026-02-09","3309585","Pico Blvd","Firenze Pasta Ristorante","2624 Pico Blvd  ","Santa Monica","CA","90405","1","18.99","0.00","0.00","1.72","0.00","20.71","-2.85","-1.90","0.00","-0.84","0.00","-3.00","12.12"
"2026-02-16","3311360","Queens Plaza S","Sal's Smoothie Spot","25-02 Queens Plaza S  ","Queens","NY","11101","1","16.28","0.00","0.00","0.65","0.00","16.93","-2.44","-1.63","0.00","-0.82","0.00","0.00","12.04"
"2026-02-23","1946629",,"Village Breakfast Snob","59 4th Ave ","New York","NY","10003","3","96.88","0.00","0.00","8.60","0.00","105.48","-14.54","-9.69","0.00","-4.11","0.00","0.00","77.14"
"2026-02-09","3325823","30th St","Bagel Dynasty","34-02 30th St  ","Astoria","NY","11106","2","26.04","0.00","0.00","1.04","0.00","27.08","-3.90","-2.61","0.00","-1.43","0.00","0.00","19.14"
"2026-02-16","3310236","Queens Plaza S","The Pasta Story","25-02 Queens Plaza S  ","Queens","NY","11101","1","19.78","0.00","0.00","0.79","0.00","20.57","-2.97","-1.98","0.00","-0.93","0.00","0.00","14.69"
"2026-02-09","3310349","3rd Ave","Frank's French Toast","1760 3rd Ave  ","New York","NY","10029","1","24.93","0.00","0.00","1.86","0.00","26.79","-3.74","-2.49","0.00","-1.00","0.00","-4.00","15.56"
"2026-01-26","3312441","1st Avenue","Muf's Muffin Shop","937 1st Ave.  ","New York","NY","10022","1","42.42","0.00","0.00","3.77","0.00","46.19","-6.36","-4.24","0.00","-1.71","0.00","0.00","33.88"
"2026-02-23","2900807",,"The Omelette Farm (1st Avenue)","1741 1st Avenue  ","New York","NY","10128","6","126.17","0.00","0.00","9.43","0.00","135.60","-18.18","-12.61","0.00","-5.33","0.00","-20.00","79.48"
"2026-02-23","9819600","854 N Broadway","Finger Lickin Fried Chicken","854 N Broadway  ","White Plains","NY","10603","2","62.23","0.00","0.00","5.21","0.00","67.44","-9.34","-6.23","0.00","-2.66","0.00","0.00","49.21"
"2026-02-09","6345464","The Slice Pizzeria - 7121 West US Highway 90","Roman's Pizza Oven","7121 W US Hwy 90  ","San Antonio","TX","78227","1","24.19","0.00","0.00","2.00","0.00","26.19","-3.63","-2.42","0.00","-1.10","0.00","0.00","19.04"
"2026-01-26","8569904",,"The Breakfast Dash","1561 St Nicholas Ave  ","New York","NY","10040","1","9.97","0.00","0.00","0.89","0.00","10.86","-4.04","-2.70","0.00","-1.20","0.00","0.00","2.92"
"2026-02-23","2794277",,"French Omelette Bar","1760 3rd Ave  ","New York","NY","10029","2","38.55","0.00","0.00","3.42","0.00","41.97","-5.78","-3.85","0.00","-1.88","0.00","0.00","30.46"
"2026-02-23","11002248","Morris Park Avenue","Bart's Breakfast Sandwiches","682 Morris Park Ave  ","Bronx","NY","10462","1","29.35","0.00","0.00","1.01","0.00","30.36","-4.40","-2.94","0.00","-1.10","0.00","-4.00","17.92"
"2026-02-23","2886102",,"Bubble Tea Garden","501 Broadway  ","San Francisco","CA","94133","2","0.00","0.00","0.00","0.00","0.00","0.00","0.00","0.00","0.00","0.00","0.00","0.00","0.00"
"2026-02-02","7753808","Oakwood Bagels - 101 Guyon Ave","Doughboys Sandwiches","101 Guyon Ave  ","Staten Island","NY","10306","4","72.07","0.00","0.00","6.14","0.00","78.21","-13.77","-9.20","0.00","-4.15","0.00","-3.00","48.09"
"2026-02-16","2896401",,"Glorious Panini Snob","1219 1st Ave  ","New York","NY","10065","3","70.38","0.00","0.00","5.09","0.00","75.47","-10.11","-7.05","0.00","-2.81","0.00","-13.00","42.50"
"2026-02-16","1938468",,"Stella's Pancake Bar","937 1st Avenue ","New York","NY","10022","34","733.67","0.00","0.00","58.93","0.00","792.60","-110.07","-73.43","0.00","-32.25","0.00","-70.00","506.85"
"2026-02-16","5852272","Hillside Ave","NY Burrito Bar","26801 Hillside Avenue  ","Glen Oaks","NY","11004","3","67.83","0.00","0.00","5.31","0.00","73.14","-10.49","-7.00","0.00","-2.95","0.00","-8.00","44.70"
"2026-02-23","3006549",,"Sip On Smoothie","2909A Queens Plaza North  ","Long Island City","NY","11101","2","27.98","0.00","0.00","2.22","0.00","30.20","-6.19","-2.80","0.00","-1.87","0.00","-3.00","16.34"
"2026-02-02","9811896","Mission","Holly's Burger Bar","3349 Mission St  ","San Francisco","CA","94110","2","123.08","0.00","0.00","9.75","0.00","132.83","-18.46","-12.31","0.00","-4.35","0.00","-10.00","87.71"
"2026-02-02","6891024","Caffe Venice - 596 3rd Ave","CJ's Breakfast Sandwich","596 3rd Ave  ","New York","NY","10016","5","90.36","0.00","0.00","6.36","0.00","96.72","-13.55","-9.04","0.00","-3.58","0.00","-18.74","51.81"
"2026-02-02","3308893","Pico Blvd","Sicily's Calzone House","2624 Pico Blvd  ","Santa Monica","CA","90405","1","17.18","0.00","0.00","1.85","0.00","19.03","-2.58","-1.72","0.00","-0.88","0.00","0.00","13.85"
"2026-02-23","3310812","Hillside Ave","Top Panini Shop","164-01 Hillside Avenue  ","Jamaica","NY","11432","1","185.68","0.00","0.00","7.43","0.00","193.11","-27.85","-18.57","0.00","-6.19","0.00","0.00","140.50"
"2026-02-23","11798104","E Windmill Ln","Luigi's Pasta Ristorante","415 E Windmill Ln  ","Las Vegas","NV","89123","3","66.97","0.00","0.00","5.62","0.00","72.59","-10.05","-6.70","0.00","-3.11","-5.62","0.00","47.11"
"2026-02-09","3344172","916 Hempstead Turnpike","Casa De Quesadilla","916 Hempstead Turnpike  ","Franklin Square","NY","11010","1","20.98","0.00","0.00","1.38","0.00","22.36","-3.15","-2.10","0.00","-0.83","0.00","-5.00","11.28"
"2026-02-09","3310939","Crenshaw Blvd","Breakfast Burrito Floozy","6732 Crenshaw Blvd  ","Los Angeles","CA","90043","2","88.40","0.00","0.00","7.83","0.00","96.23","-13.26","-8.84","0.00","-3.17","0.00","-12.00","58.96"
"2026-02-09","2794277",,"French Omelette Bar","1760 3rd Ave  ","New York","NY","10029","2","30.97","0.00","0.00","2.40","0.00","33.37","-4.64","-3.09","0.00","-1.49","0.00","-4.00","20.15"
"2026-02-23","3312266","1st Avenue","The Smoothie Squeeze","937 1st Ave.  ","New York","NY","10022","7","159.18","0.00","0.00","12.89","0.00","172.07","-23.13","-15.93","0.00","-6.63","0.00","-14.00","112.38"
"2026-02-16","2796118",,"The Dumpling Snob","9737 Manchester Rd  ","St. Louis","MO","63119","2","81.31","0.00","0.00","3.02","0.00","84.33","-14.35","-9.57","0.00","-3.32","0.00","-10.00","47.09"
"2026-02-23","9824224","1st","Stella's Slammin' Burgers","937 1st Ave.  ","New York","NY","10022","2","113.77","0.00","0.00","8.86","0.00","122.63","-17.38","-11.58","0.00","-3.98","0.00","-14.00","75.69"
"2026-02-16","2509728",,"Badri's Biryani Bar","716 10th Ave ","New York","NY","10019","2","81.94","0.00","0.00","6.65","0.00","88.59","-12.29","-8.20","0.00","-3.09","0.00","-7.00","58.01"
"2026-01-26","2191911",,"Joe's Chicken and Waffles","5155 3rd Street  ","San Francisco","CA","94124","1","20.96","0.00","0.00","1.81","0.00","22.77","-3.14","-2.10","0.00","-0.99","0.00","0.00","16.54"
"2026-02-02","7102536","Golden State Pizza & Grill - 3349 Mission St","Henry's Chicken Wings","3349 Mission St  ","San Francisco","CA","94110","2","94.52","0.00","0.00","7.89","0.00","102.41","-14.18","-9.45","0.00","-3.64","0.00","-3.00","72.14"
"2026-02-16","11791240","1st Ave","The Smoothie Squeeze","589 1st Ave  ","New York","NY","10016","1","18.98","0.00","0.00","1.33","0.00","20.31","-2.85","-1.90","0.00","-0.80","0.00","-4.00","10.76"
"2026-02-02","10929240","Amsterdam Ave","The Burger Hole","1213 Amsterdam Ave  ","New York","NY","10027","2","40.55","0.00","0.00","3.25","0.00","43.80","-8.91","-5.95","0.00","-2.34","0.00","-4.00","22.60"
"2026-02-16","1946629",,"Village Breakfast Snob","59 4th Ave ","New York","NY","10003","12","373.52","0.00","0.00","29.88","0.00","403.40","-56.02","-37.38","0.00","-14.79","0.00","-37.00","258.21"
"2026-02-02","6893800","Dream Gourmet Deli inc. - 111 East 161 Street","Prime Burger Lounge","111 E 161 St  ","Bronx","NY","10452","1","13.29","0.00","0.00","0.53","0.00","13.82","-1.99","-1.33","0.00","-0.72","0.00","0.00","9.78"
"2026-02-16","2930271",,"Bosscat Burgers","1219 1st Avenue  ","New York","NY","10065","1","19.56","0.00","0.00","1.74","0.00","21.30","-2.93","-1.96","0.00","-0.95","0.00","0.00","15.46"
"2026-02-16","1938953",,"Luigi's Pasta Ristorante","589 1st Avenue ","New York","NY","10016","1","23.98","0.00","0.00","2.13","0.00","26.11","-3.60","-2.40","0.00","-1.10","0.00","0.00","19.01"
"2026-02-02","3312535","Lexington Ave","The Acai Dream","1424 Lexington Ave  ","New York","NY","10128","1","19.99","0.00","0.00","1.51","0.00","21.50","-3.00","-2.00","0.00","-0.86","0.00","-3.00","12.64"
"2026-02-16","10493424","1st Avenue","Princess Panini","937 1st Ave.  ","New York","NY","10022","1","17.88","0.00","0.00","1.32","0.00","19.20","-2.23","-1.79","0.00","-0.79","0.00","-3.00","11.39"
"2026-02-02","6891680","Wholesome Farms Market - 840 Fulton St","Celines Salad Bar","840 Fulton St  ","Brooklyn","NY","11238","1","7.68","0.00","0.00","0.68","0.00","8.36","-1.15","-0.77","0.00","-0.55","0.00","0.00","5.89"
"2026-02-16","2727983",,"Philly Cheesesteak Artists","755 9th Ave  ","New York","NY","10019","1","13.39","0.00","0.00","0.75","0.00","14.14","-2.01","-1.34","0.00","-0.58","0.00","-5.00","5.21"
"2026-02-02","9832880","205 22nd Ave N","Luigi's Pasta Ristorante","329 Union St  ","Nashville","TN","37201","1","23.78","0.00","0.00","1.74","0.00","25.52","-3.57","-2.38","0.00","-0.93","0.00","-5.00","13.64"
"2026-02-02","2741113",,"Philly Cheesesteak Company","1760 3rd Ave New York  ","New York","NY","10029","1","16.99","0.00","0.00","1.51","0.00","18.50","-2.55","-1.70","0.00","-0.86","0.00","0.00","13.39"
"2026-02-16","5930240","689 Broadway","Queen's Quesadillas","689 Broadway  ","New York","NY","10012","10","190.24","0.00","0.00","11.82","0.00","202.06","-28.56","-19.04","0.00","-7.81","0.00","-34.00","112.65"
"2026-02-23","4836096","197 Havemeyer St.","Twin Peaks Burger","197 Havemeyer St  ","Brooklyn","NY","11211","1","20.00","0.00","0.00","1.07","0.00","21.07","-3.00","-2.00","0.00","-0.70","0.00","-8.00","7.37"
"2026-02-23","6895640","Twin Donut Mexican Grill - 3 W Fordham Rd","Frankie's Burger Bar","3 W Fordham Rd  ","Bronx","NY","10468","1","16.48","0.00","0.00","0.54","0.00","17.02","-2.47","-1.65","0.00","-0.73","0.00","-3.00","9.17"
"2026-02-23","2848423",,"Village Breakfast Snob (Bedford Ave)","265 Bedford Ave  ","Brooklyn","NY","11211","2","291.10","0.00","0.00","25.14","0.00","316.24","-43.67","-29.11","0.00","-10.00","0.00","-8.00","225.46"
"2026-01-26","6890824","Los barriles mexican restaurant -  6845 Doniphan Dr","The Breakfast Skillet","6845 Doniphan Dr  ","Canutillo","TX","79835","1","31.57","0.00","0.00","2.19","0.00","33.76","-4.74","-3.16","0.00","-1.18","0.00","-5.00","19.68"
"2026-02-09","4842280","783 Hillside Avenue","Smokin' Burger Grille","783 Hillside Avenue  ","New Hyde Park","NY","11040","1","14.98","0.00","0.00","1.33","0.00","16.31","-2.25","-1.50","0.00","-0.80","0.00","0.00","11.76"
"2026-01-26","6891656","Wholesome Farms Market - 840 Fulton St","Olivia's Breakfast Cafe","840 Fulton St  ","Brooklyn","NY","11238","1","20.26","0.00","0.00","1.35","0.00","21.61","-3.73","-2.49","0.00","-0.93","0.00","-5.07","9.39"
"2026-02-16","2406921",,"NY Breakfast Spot","1424 Lexington Ave ","New York","NY","10128","3","38.51","0.00","0.00","2.54","0.00","41.05","-5.77","-3.86","0.00","-1.85","0.00","-10.00","19.57"
"2026-02-09","5024688","296 3rd Ave","Savage Juice Bar","296 3rd Ave  ","New York","NY","10010","2","29.15","0.00","0.00","2.32","0.00","31.47","-4.37","-2.92","0.00","-1.47","0.00","-3.00","19.71"
"2026-02-09","3310664","N Broadway","Two Hand Burger","854 N Broadway  ","White Plains","NY","10603","1","79.93","0.00","0.00","5.86","0.00","85.79","-11.99","-7.99","0.00","-2.61","0.00","-10.00","53.20"
"2026-02-02","3310455","Fulton St","The Pancake Flip","1237 Fulton St  ","Brooklyn","NY","11216","9","227.24","0.00","0.00","18.34","0.00","245.58","-35.35","-23.58","0.00","-9.80","0.00","-20.62","156.23"
"2026-02-09","10359464","1st Ave","The Pasta Brothers","589 1st Ave.  ","New York","NY","10016","1","31.98","0.00","0.00","2.84","0.00","34.82","-4.80","-3.20","0.00","-1.36","0.00","0.00","25.46"
"2026-02-16","3300958","30th St","Sin City Burger Spot","34-02 30th St  ","Astoria","NY","11106","2","51.44","0.00","0.00","2.06","0.00","53.50","-7.71","-5.15","0.00","-2.23","0.00","0.00","38.41"
"2026-02-09","2562680",,"Devil's Hot Wings","820 Pennsylvania Ave  ","Pittsburgh","PA","15233","1","17.97","0.00","0.00","0.91","0.00","18.88","-2.70","-1.80","0.00","-0.72","-0.91","-5.00","7.75"
"2026-02-02","6157016","2909A Queens Plaza North","Luca's Chicken Wings","2909 Queens Plaza N  ","Long Island City","NY","11101","2","121.46","0.00","0.00","10.34","0.00","131.80","-18.22","-12.15","0.00","-4.46","0.00","-5.00","91.97"
"2026-02-09","3310956","N Broadway","The Montage Vegetarian","854 N Broadway  ","White Plains","NY","10603","1","105.95","0.00","0.00","8.04","0.00","113.99","-15.89","-10.60","0.00","-3.47","0.00","-10.00","74.03"
"2026-02-16","10938064","8th Ave","Luigi's Pasta Ristorante","300 8th Ave  ","New York","NY","10001","2","50.37","0.00","0.00","4.47","0.00","54.84","-7.56","-5.04","0.00","-2.28","0.00","0.00","39.96"
"2026-02-23","6536784","Asian Fusion Cafe - 4957 Winters Chapel Rd Suite B","The Chinese Noodle Palace","4957 Winters Chapel Rd  ","Dunwoody","GA","30360","1","70.05","0.00","0.00","5.60","0.00","75.65","-10.51","-7.01","0.00","-2.61","-5.60","0.00","49.92"
"2026-02-16","2711539",,"Addictive Burger Bar (4th Ave)","59 4th Ave  ","New York","NY","10003","1","8.99","0.00","0.00","0.80","0.00","9.79","-1.35","-0.90","0.00","-0.60","0.00","0.00","6.94"
"2026-02-02","10611360","Utica Ave","Bobby's Caribbean Grill","2102 Utica Ave  ","Brooklyn","NY","11234","1","36.08","0.00","0.00","2.58","0.00","38.66","-5.41","-3.61","0.00","-1.27","0.00","-7.00","21.37"
"2026-02-23","5321760","Yue Bai Wei - 5874 Forbes Ave","The Stir Fry Bar","5874 Forbes Ave  ","Pittsburgh","PA","15217","4","101.52","0.00","0.00","6.75","0.00","108.27","-15.22","-10.16","0.00","-4.35","-6.75","-5.00","66.79"
"2026-02-02","2560441",,"Danny's Desserts","1147 West Chester Pike ","West Chester","PA","19382","2","38.34","0.00","0.00","1.94","0.00","40.28","-5.75","-3.84","0.00","-1.65","-1.94","-6.00","21.10"
"2026-02-23","10375512","W 34th","Wonka's Smoothie Bar","433 W 34th St.  ","New York","NY","10001","1","26.57","0.00","0.00","2.36","0.00","28.93","-3.99","-2.66","0.00","-1.18","0.00","0.00","21.10"
"2026-02-09","1946629",,"Village Breakfast Snob","59 4th Ave ","New York","NY","10003","7","192.76","0.00","0.00","14.64","0.00","207.40","-32.08","-21.38","0.00","-8.26","0.00","-28.00","117.68"
"2026-02-16","3310209","W Greenway Rd","Linh's Chinese Restaurant","13011 W Greenway Rd  ","El Mirage","AZ","85335","1","50.15","0.00","0.00","4.11","0.00","54.26","-7.52","-5.02","0.00","-1.80","0.00","-5.00","34.92"
"2026-02-23","3326398","W 34th st","Heaven's Burgers","433 W 34th St  ","New York","NY","10001","1","41.75","0.00","0.00","3.71","0.00","45.46","-6.26","-4.18","0.00","-1.69","0.00","0.00","33.33"
"2026-02-23","3310209","W Greenway Rd","Linh's Chinese Restaurant","13011 W Greenway Rd  ","El Mirage","AZ","85335","2","29.48","0.00","0.00","2.68","0.00","32.16","-4.42","-2.95","0.00","-1.58","0.00","0.00","23.21"
"2026-02-09","5849256","East Main St","City Light Wraps","1947 E Main St  ","Ventura","CA","93001","1","36.44","0.00","0.00","2.28","0.00","38.72","-5.47","-3.64","0.00","-1.27","0.00","-7.00","21.34"
"2026-01-26","9820976","4955 Voltaire St","The Smoothie Savage","4955 Voltaire St  ","San Diego","CA","92107","1","22.77","0.00","0.00","1.45","0.00","24.22","-3.42","-2.28","0.00","-0.92","0.00","-4.00","13.60"
"2026-02-02","4831632","1 Kedron Ave Unit 4","Stromboli House","1 Kedron Ave  ","Morton","PA","19070","1","27.66","0.00","0.00","1.36","0.00","29.02","-4.15","-2.77","0.00","-1.03","-1.36","-5.00","14.71"
"2026-02-09","2786868",,"Ali's Gyro Lab","590 32nd St  ","Union City","NJ","07087","2","83.92","0.00","0.00","4.90","0.00","88.82","-12.59","-8.39","0.00","-3.00","0.00","-10.00","54.84"
"2026-02-02","3310956","N Broadway","The Montage Vegetarian","854 N Broadway  ","White Plains","NY","10603","1","65.97","0.00","0.00","4.69","0.00","70.66","-9.90","-6.60","0.00","-2.15","0.00","-10.00","42.01"
"2026-02-02","6154632","3955 Bronxwood Ave","Mac N' Cheez Hut","3955 Bronxwood Ave  ","Bronx","NY","10466","3","49.95","0.00","0.00","2.00","0.00","51.95","-7.49","-5.00","0.00","-2.48","0.00","0.00","36.98"
"2026-02-02","2847690",,"Greek Gyro Spot (Bedford Ave)","265 Bedford Ave  ","New York","NY","11211","2","115.66","0.00","0.00","10.01","0.00","125.67","-17.35","-11.56","0.00","-4.34","0.00","-3.00","89.42"
"2026-02-23","10359536","Polk St","Sicily's Calzone House","1338 Polk St  ","San Francisco","CA","94109","3","122.39","0.00","0.00","9.69","0.00","132.08","-23.31","-15.54","0.00","-5.71","0.00","-10.00","77.52"
"2026-02-23","9824064","18300 Vanowen Street Suite 3","BigLeaf Salads","18300 Vanowen St  ","Los Angeles","CA","91335","1","51.05","0.00","0.00","2.82","0.00","53.87","-7.66","-5.11","0.00","-1.82","0.00","-4.00","35.28"
"2026-02-23","2930271",,"Bosscat Burgers","1219 1st Avenue  ","New York","NY","10065","1","25.47","0.00","0.00","2.00","0.00","27.47","-3.82","-2.55","0.00","-1.05","0.00","-3.00","17.05"
"2026-02-09","2773049",,"The Panini Project (1st Avenue)","937 1st Avenue  ","New York","NY","10022","2","29.90","0.00","0.00","2.39","0.00","32.29","-4.48","-3.00","0.00","-1.50","0.00","-3.00","20.31"
"2026-02-02","8565936",,"Two Hand Burger","6600 W Sylvania Ave  ","Sylvania","OH","43560","1","17.17","0.00","0.00","1.10","0.00","18.27","-2.58","-1.72","0.00","-0.77","-1.10","-3.00","9.10"
"2026-02-16","10929320","E 125th St","The Mexican Cocina","135 E 125th St  ","New York","NY","10035","1","39.16","0.00","0.00","3.03","0.00","42.19","-5.87","-3.92","0.00","-1.43","0.00","-5.00","25.97"
"2026-02-09","5852272","Hillside Ave","NY Burrito Bar","26801 Hillside Avenue  ","Glen Oaks","NY","11004","1","18.78","0.00","0.00","1.67","0.00","20.45","-2.82","-1.88","0.00","-0.92","0.00","0.00","14.83"
"2026-02-16","6156496","839 W University Dr","Olivia's Omelettes","839 W University Dr  ","Tempe","AZ","85281","1","15.78","0.00","0.00","1.00","0.00","16.78","-2.37","-1.58","0.00","-0.69","0.00","-4.00","8.14"
"2026-02-23","3326032","30th St","NY Dessert Bar","34-02 30th St  ","Astoria","NY","11106","1","23.07","0.00","0.00","0.72","0.00","23.79","-3.46","-2.31","0.00","-0.87","0.00","-5.00","12.15"
"2026-02-02","7753880","APPLETREE MARKET - 1225 Amsterdam Ave","Two Hand Burger","1225 Amsterdam Ave  ","New York","NY","10027","1","22.38","0.00","0.00","1.59","0.00","23.97","-3.36","-2.24","0.00","-0.89","0.00","-4.48","13.00"
"2026-02-16","3309272","Washington Blvd","Super Burrito Bar","109 Washington Blvd  ","Marina del Rey","CA","90292","2","30.18","0.00","0.00","2.54","0.00","32.72","-4.52","-3.02","0.00","-1.42","0.00","-6.00","17.76"
"2026-02-02","7101064","Pizza Zone","Amore Pasta Ristorante","3618 N Pennsylvania Ave  ","Oklahoma City","OK","73112","1","16.48","0.00","0.00","0.99","0.00","17.47","-2.47","-1.65","0.00","-0.68","-0.99","-5.00","6.68"
"2026-01-26","7753880","APPLETREE MARKET - 1225 Amsterdam Ave","Two Hand Burger","1225 Amsterdam Ave  ","New York","NY","10027","1","41.66","0.00","0.00","3.70","0.00","45.36","-6.25","-4.17","0.00","-1.68","0.00","0.00","33.26"
"2026-02-02","2900330",,"Cheesecake And Dessert Bar (Polk St)","1338 Polk St  ","San Francisco","CA","94109","2","179.85","0.00","0.00","14.64","0.00","194.49","-26.98","-17.99","0.00","-6.23","0.00","-10.00","133.29"
"2026-02-09","2795079",,"Danny's Desserts","228 George St  ","New Brunswick","NJ","08901","2","16.98","0.00","0.00","1.12","0.00","18.10","-4.13","-2.76","0.00","-1.50","0.00","0.00","9.71"
"2026-02-23","2668111",,"Mary's Omelette Bar","300 8th Ave  ","New York","NY","10001","1","15.87","0.00","0.00","1.41","0.00","17.28","-2.38","-1.59","0.00","-0.83","0.00","0.00","12.48"
"2026-01-26","5852272","Hillside Ave","NY Burrito Bar","26801 Hillside Avenue  ","Glen Oaks","NY","11004","1","26.27","0.00","0.00","2.33","0.00","28.60","-3.94","-2.63","0.00","-1.17","0.00","0.00","20.86"
"2026-02-23","9815104","Mission","Chop & Dice Salads","3349 Mission St  ","San Francisco","CA","94110","1","18.97","0.00","0.00","1.64","0.00","20.61","-2.85","-1.90","0.00","-0.93","0.00","0.00","14.93"
"2026-02-02","7324168","Bellyful - 2102 Utica Ave","The Mac and Cheese Co","2102 Utica Ave  ","Brooklyn","NY","11234","4","105.72","0.00","0.00","7.76","0.00","113.48","-15.86","-10.58","0.00","-4.10","0.00","-18.20","64.74"
"2026-02-16","5040864","9061 Van Nuys Blvd","Casa Pasta Ristorante","9061 Van Nuys Blvd  ","Van Nuys","CA","91402","2","27.99","0.00","0.00","2.44","0.00","30.43","-4.20","-2.80","0.00","-1.14","0.00","-3.00","19.29"
"2026-02-02","2040775",,"Ava's Fried Chicken","820 Pennsylvania Ave ","Pittsburgh","PA","15233","2","105.87","0.00","0.00","6.64","0.00","112.51","-15.88","-10.59","0.00","-3.70","-6.64","-11.00","64.70"
"2026-02-16","3310745","Newport Blvd","Breakfast Burrito Joint","2400 Newport Blvd  ","Costa Mesa","CA","92627","1","42.54","0.00","0.00","2.91","0.00","45.45","-6.38","-4.25","0.00","-1.53","0.00","-5.00","28.29"
"2026-02-23","9817944","38-01 Vernon Boulevard","Martha's Pancake Bar","38-01 Vernon Blvd  ","Long Island City","NY","11101","2","63.12","0.00","0.00","4.90","0.00","68.02","-9.47","-6.31","0.00","-2.43","0.00","-8.00","41.81"
"2026-02-09","9811880","Gold","Heaven's Burgers","257 Gold St  ","Brooklyn","NY","11201","1","26.28","0.00","0.00","1.89","0.00","28.17","-3.94","-2.63","0.00","-1.01","0.00","-5.00","15.59"
"2026-02-09","9820976","4955 Voltaire St","The Smoothie Savage","4955 Voltaire St  ","San Diego","CA","92107","1","18.87","0.00","0.00","1.46","0.00","20.33","-2.83","-1.89","0.00","-0.92","0.00","0.00","14.69"
"2026-02-09","2900806",,"The Shawarma Bar (Polk St)","1338 Polk St  ","San Francisco","CA","94109","5","268.76","0.00","0.00","20.92","0.00","289.68","-40.32","-26.88","0.00","-9.53","0.00","-26.00","186.95"
"2026-02-02","2785650",,"Palm Tree Juice Bar (Main St)","459 Main St  ","Armonk","NY","10504","1","0.00","0.00","0.00","0.00","0.00","0.00","0.00","0.00","0.00","0.00","0.00","0.00","0.00"
"2026-02-23","11803272","Thomas S Boyland St","Mary's Chicken Sandwiches","116 Thomas S Boyland St  ","Brooklyn","NY","11233","1","21.37","0.00","0.00","1.63","0.00","23.00","-3.21","-2.14","0.00","-0.91","0.00","-3.00","13.74"
"2026-02-23","3309771","Hillside Ave","Jr's Philly Cheesesteaks","164-01 Hillside Avenue  ","Jamaica","NY","11432","1","28.27","0.00","0.00","1.01","0.00","29.28","-4.24","-2.83","0.00","-1.10","0.00","-3.00","18.11"
"2026-02-02","3310403","W Indian School Rd","Nakamura Ramen House","400 W Indian School Rd  ","Phoenix","AZ","85013","6","152.46","0.00","0.00","12.59","0.00","165.05","-22.87","-15.26","0.00","-6.41","0.00","-14.00","106.51"
"2026-02-09","3300657","30th St","Big Ease Smoothies","34-02 30th St  ","Astoria","NY","11106","5","89.67","0.00","0.00","2.87","0.00","92.54","-13.46","-8.98","0.00","-3.77","0.00","-18.00","48.33"
"2026-02-09","3311345","Ave #35st","Nomad's Bagels","450 9th Ave  ","New York","NY","10018","6","233.81","0.00","0.00","19.42","0.00","253.23","-35.08","-23.40","0.00","-9.08","0.00","-15.00","170.67"
"2026-02-23","11791240","1st Ave","The Smoothie Squeeze","589 1st Ave  ","New York","NY","10016","1","20.97","0.00","0.00","1.86","0.00","22.83","-3.15","-2.10","0.00","-1.00","0.00","0.00","16.58"
"2026-02-16","2847792",,"Julia's Juice Shack (Bedford Ave)","265 Bedford Ave  ","NY","NY","11211","1","13.28","0.00","0.00","1.18","0.00","14.46","-1.99","-1.33","0.00","-0.74","0.00","0.00","10.40"
"2026-02-02","7749184","Sicilian Pizza - 2614 Lebanon Pike","High Life Pizzas","2614 Lebanon Pike  ","Nashville","TN","37214","1","50.76","0.00","0.00","4.42","0.00","55.18","-7.61","-5.08","0.00","-1.89","0.00","-3.00","37.60"
"2026-02-02","5850184","Vernon Boulevard","Penny's Pancakes","38-01 Vernon Blvd  ","Long Island City","NY","11101","1","18.47","0.00","0.00","1.64","0.00","20.11","-2.77","-1.85","0.00","-0.91","0.00","0.00","14.58"
"2026-02-16","3310266","3rd Ave","Mighty Grilled Cheese","1760 3rd Ave  ","New York","NY","10029","1","11.87","0.00","0.00","1.05","0.00","12.92","-1.78","-1.19","0.00","-0.69","0.00","0.00","9.26"
"2026-02-09","1939835",,"Heavens Chicken Wings","589 1st Avenue ","New York","NY","10016","2","51.96","0.00","0.00","4.61","0.00","56.57","-7.80","-5.20","0.00","-2.32","0.00","0.00","41.25"
"2026-02-23","2116039",,"BBQ Ribs Co.","820 Pennsylvania Ave ","Pittsburgh","PA","15233","1","51.94","0.00","0.00","3.43","0.00","55.37","-7.79","-5.19","0.00","-1.90","-3.43","-3.00","34.06"
"2026-02-02","1946630",,"Firenze Pasta Ristorante","59 4th Avenue  ","New York","NY","10003","1","42.97","0.00","0.00","3.37","0.00","46.34","-6.45","-4.30","0.00","-1.56","0.00","-5.00","29.03"
"2026-02-16","9816352","168 Myrtle Ave","Daybreak Breakfast Club","168 Myrtle Ave  ","Brooklyn","NY","11201","2","40.92","0.00","0.00","2.92","0.00","43.84","-6.14","-4.09","0.00","-1.70","0.00","-8.00","23.91"
"2026-02-02","6891656","Wholesome Farms Market - 840 Fulton St","Olivia's Breakfast Cafe","840 Fulton St  ","Brooklyn","NY","11238","2","32.82","0.00","0.00","2.65","0.00","35.47","-4.92","-3.29","0.00","-1.59","0.00","-3.00","22.67"
"2026-02-23","6891008","Italian Village Pizza - 5532 W Saginaw Hwy","Jim's House of Hoagies","5532 W Saginaw Hwy  ","Lansing","MI","48917","1","15.38","0.00","0.00","0.92","0.00","16.30","-2.31","-1.54","0.00","-0.80","-0.92","0.00","10.73"
"2026-02-02","3309585","Pico Blvd","Firenze Pasta Ristorante","2624 Pico Blvd  ","Santa Monica","CA","90405","1","23.28","0.00","0.00","2.18","0.00","25.46","-3.49","-2.33","0.00","-0.99","0.00","-3.00","15.65"
"2026-02-16","8563032",,"Francesco Pasta Ristorante","9061 Van Nuys Blvd ","Los Angeles","CA","91402","1","19.59","0.00","0.00","1.62","0.00","21.21","-2.94","-1.96","0.00","-0.86","0.00","-3.00","12.45"
"2026-02-02","8563032",,"Francesco Pasta Ristorante","9061 Van Nuys Blvd ","Los Angeles","CA","91402","1","41.27","0.00","0.00","3.73","0.00","45.00","-6.19","-4.13","0.00","-1.58","0.00","-3.00","30.10"
"2026-02-09","3310669","Bedford Ave","Penny's Pancakes","265 Bedford Ave  ","Brooklyn","NY","11211","1","17.48","0.00","0.00","1.20","0.00","18.68","-2.62","-1.75","0.00","-0.75","0.00","-4.00","9.56"
"2026-02-16","3310764","Pennsylvania Ave","The American Dream Kitchen","820 Pennsylvania Ave  ","Pittsburgh","PA","15233","1","26.97","0.00","0.00","1.89","0.00","28.86","-4.05","-2.70","0.00","-1.18","-1.89","0.00","19.04"
"2026-02-16","2776206",,"Frankie's Burger Bar","937 1st Avenue  ","New York","NY","10022","1","22.76","0.00","0.00","0.00","0.00","22.76","-3.41","-2.28","0.00","-0.90","0.00","-3.00","13.17"
"2026-02-23","9794768","18 S Abbott Ave","Dum Biryani Snob","18 S Abbott Ave  ","Milpitas","CA","95035","1","0.00","0.00","0.00","0.00","0.00","0.00","-1.87","-1.55","0.00","-0.72","0.00","0.00","-4.14"
"2026-02-16","4510072","433 W 34th st","Sip On Smoothie","433 W 34th St.  ","New York","NY","10001","1","26.87","0.00","0.00","2.39","0.00","29.26","-4.03","-2.69","0.00","-1.19","0.00","0.00","21.35"
"2026-01-26","9834480","277 Gold St","Fiona's Breakfast Burritos","277 Gold St  ","Brooklyn","NY","11201","1","15.39","0.00","0.00","1.37","0.00","16.76","-2.31","-1.54","0.00","-0.81","0.00","0.00","12.10"
"2026-02-23","3309753","W Camelback Rd #103","Noodle And Rice Bar","3446 W Camelback Rd  ","Phoenix","AZ","85017","1","13.29","0.00","0.00","1.14","0.00","14.43","-1.99","-1.33","0.00","-0.74","0.00","0.00","10.37"
"2026-02-02","6891712","Wholesome Farms Market - 1306 Atlantic Ave","Burning Burger Stack","1306 Atlantic Ave  ","Brooklyn","NY","11216","2","32.65","0.00","0.00","2.63","0.00","35.28","-4.90","-3.27","0.00","-1.58","0.00","-3.00","22.53"
"2026-02-09","9824152","1174 Chapel St","Slapjack Pancakes","1174 Chapel St  ","New Haven","CT","06511","2","78.99","0.00","0.00","4.45","0.00","83.44","-11.85","-7.90","0.00","-2.87","-4.45","-9.00","47.37"
"2026-02-16","6890744","Wholesome Farms Market - 1306 Atlantic Ave","The Sandwich Vibe","1306 Atlantic Ave  ","Brooklyn","NY","11216","6","142.79","0.00","0.00","11.70","0.00","154.49","-21.43","-14.29","0.00","-6.18","0.00","-11.00","101.59"
"2026-02-09","2732251",,"The Shawarma Bar (Gold St)","257 Gold St  ","New York","NY","10075","1","48.97","0.00","0.00","3.90","0.00","52.87","-7.35","-4.90","0.00","-1.76","0.00","-5.00","33.86"
"2026-02-09","2896704",,"Martha's Breakfast Sandwiches","1219 1st Ave  ","New York","NY","10065","1","93.41","0.00","0.00","7.85","0.00","101.26","-14.01","-9.34","0.00","-3.24","0.00","-5.00","69.67"
"2026-02-09","8566160",,"Casa De Quesadilla","415 E Windmill Ln  ","Las Vegas","NV","89123","2","33.47","0.00","0.00","2.31","0.00","35.78","-5.02","-3.35","0.00","-1.51","-2.31","-6.00","17.59"
"2026-02-02","3311297","Hillside Ave","The Chopped Salad","164-01 Hillside Avenue  ","Jamaica","NY","11432","4","151.64","0.00","0.00","5.06","0.00","156.70","-22.75","-15.17","0.00","-5.23","0.00","-25.00","88.55"
"2026-02-02","2644602",,"Local Breakfast Spot","755 9th Ave  #1B","New York","NY","10019","1","20.27","0.00","0.00","1.53","0.00","21.80","-3.04","-2.03","0.00","-0.87","0.00","-3.00","12.86"
"2026-01-26","3300844","N Citrus Ave","Day N Night Pancakes","900 N Citrus Ave  ","Covina","CA","91722","1","22.38","0.00","0.00","2.03","0.00","24.41","-3.36","-2.24","0.00","-0.95","0.00","-3.00","14.86"
"2026-02-23","8566128",,"TacoTaste Mexican","4352 E Speedway Blvd  ","Tucson","AZ","85712","1","20.45","0.00","0.00","1.52","0.00","21.97","-4.11","-2.74","0.00","-1.11","0.00","-3.00","11.01"
"2026-02-09","3310297","W Peoria Ave #116","Kung Fu Chinese Kitchen","8520 W Peoria Ave  ","Peoria","AZ","85345","1","20.48","0.00","0.00","1.90","0.00","22.38","-3.07","-2.05","0.00","-0.98","0.00","0.00","16.28"
"2026-02-16","3309771","Hillside Ave","Jr's Philly Cheesesteaks","164-01 Hillside Avenue  ","Jamaica","NY","11432","2","53.92","0.00","0.00","1.76","0.00","55.68","-8.09","-5.40","0.00","-1.99","0.00","-10.00","30.20"
"2026-02-23","8570088",,"Carmen's Breakfast Burritos","415 E Windmill Ln  ","Las Vegas","NV","89123","1","26.96","0.00","0.00","2.01","0.00","28.97","-4.04","-2.70","0.00","-1.09","-2.01","-3.00","16.13"
"2026-02-16","11002248","Morris Park Avenue","Bart's Breakfast Sandwiches","682 Morris Park Ave  ","Bronx","NY","10462","2","41.93","0.00","0.00","1.36","0.00","43.29","-6.29","-4.20","0.00","-1.68","0.00","-8.00","23.12"
"2026-02-23","9815112","Broadway","Salad Kreation","5993 Broadway  ","Bronx","NY","10471","2","49.62","0.00","0.00","1.98","0.00","51.60","-7.45","-4.97","0.00","-2.17","0.00","0.00","37.01"
"2026-02-09","2741113",,"Philly Cheesesteak Company","1760 3rd Ave New York  ","New York","NY","10029","1","84.90","0.00","0.00","7.10","0.00","92.00","-12.74","-8.49","0.00","-2.95","0.00","-5.00","62.82"
"2026-02-09","9822624","30th","Pardon My Panini","34-02 30th St  ","Astoria","NY","11106","1","32.17","0.00","0.00","1.29","0.00","33.46","-4.83","-3.22","0.00","-1.32","0.00","0.00","24.09"
"2026-02-02","7097528","East Side Deli","Sunrise Coffee Express","1424 Lexington Ave  ","New York","NY","10128","6","78.26","0.00","0.00","6.07","0.00","84.33","-11.30","-7.83","0.00","-3.47","0.00","-10.00","51.73"
"2026-02-02","9815040","1424 Lexington Ave","House of Paninis","1424 Lexington Ave  ","New York","NY","10128","5","102.77","0.00","0.00","7.80","0.00","110.57","-15.42","-10.29","0.00","-4.11","0.00","-14.92","65.83"
"2026-02-16","1967490",,"The Omelette Farm","589 1st Avenue ","New York","NY","10016","20","488.39","0.00","0.00","38.67","0.00","527.06","-75.27","-50.22","0.00","-20.60","0.00","-53.00","327.97"
"2026-02-09","10359496","Polk St","Original Burger Bar","1428 Polk St  ","San Francisco","CA","94109","1","74.94","0.00","0.00","6.03","0.00","80.97","-11.24","-7.49","0.00","-2.62","0.00","-5.00","54.62"
"2026-02-09","3006704",,"Big E's Wraps","2909A Queens Plaza North  ","Long Island City","NY","11101","2","32.18","0.00","0.00","2.14","0.00","34.32","-4.82","-3.22","0.00","-1.40","0.00","-8.00","16.88"
"2026-02-09","6156504","839 W University Dr","The Sandwich Vibe","839 W University Dr  ","Tempe","AZ","85281","1","19.57","0.00","0.00","1.60","0.00","21.17","-2.94","-1.96","0.00","-0.95","0.00","0.00","15.32"
"2026-02-16","2460412",,"Breakfast Burrito Snob","488 Post St ","San Francisco","CA","94102","3","66.43","0.00","0.00","5.73","0.00","72.16","-10.91","-7.28","0.00","-3.31","0.00","0.00","50.66"
"2026-02-23","2773049",,"The Panini Project (1st Avenue)","937 1st Avenue  ","New York","NY","10022","1","27.96","0.00","0.00","2.22","0.00","30.18","-4.19","-2.80","0.00","-1.13","0.00","-3.00","19.06"
"2026-02-23","4840360","265 Bedford Ave","Sal's Smoothie Spot","265 Bedford Ave  ","Brooklyn","NY","11211","1","12.58","0.00","0.00","1.12","0.00","13.70","-1.38","-1.26","0.00","0.00","0.00","0.00","11.06"
"2026-02-09","3311011","9th Ave","City Light Wraps","468 9th Ave  ","New York","NY","10018","1","15.57","0.00","0.00","1.38","0.00","16.95","-2.34","-1.56","0.00","-0.82","0.00","0.00","12.23"
"2026-02-23","1949699",,"Chucks Cheesesteaks","1338 Polk St ","San Francisco","CA","94109","2","23.98","0.00","0.00","2.06","0.00","26.04","-3.60","-2.40","0.00","-1.40","0.00","0.00","18.64"
"2026-02-02","2353713",,"The Pasta Twins","300 8th Ave ","New York","NY","10001","1","17.99","0.00","0.00","1.24","0.00","19.23","-2.70","-1.80","0.00","-0.76","0.00","-4.00","9.97"
"2026-02-23","10559368","W 34th st","Fiona's Breakfast Burritos","433 W 34th St.  ","New York","NY","10001","6","94.19","0.00","0.00","7.29","0.00","101.48","-14.12","-9.43","0.00","-4.22","0.00","-12.00","61.71"
"2026-02-09","2642274",,"Smoothie and Dessert Bar","755 9th Ave  #1C","New York","NY","10019","1","15.29","0.00","0.00","1.36","0.00","16.65","-2.29","-1.53","0.00","-0.81","0.00","0.00","12.02"
"2026-02-02","2223864",,"Fiona's Pancake Bar","1404 Madison Avenue  ","New York","NY","10029","3","104.86","0.00","0.00","8.42","0.00","113.28","-15.72","-10.49","0.00","-4.05","0.00","-10.00","73.02"
"2026-02-16","3310146","3rd Ave","Fried Munchies Shack","1760 3rd Ave  ","New York","NY","10029","1","50.28","0.00","0.00","3.84","0.00","54.12","-7.54","-5.03","0.00","-1.74","0.00","-7.00","32.81"
"2026-01-26","823219",,"Priya's Indian Kitchen","716 10th Ave ","New York","NY","10019","1","25.98","0.00","0.00","1.86","0.00","27.84","-5.20","-2.60","0.00","-1.00","0.00","-5.00","14.04"
"2026-02-16","11798104","E Windmill Ln","Luigi's Pasta Ristorante","415 E Windmill Ln  ","Las Vegas","NV","89123","2","49.97","0.00","0.00","3.77","0.00","53.74","-7.50","-5.00","0.00","-2.09","-3.77","-5.00","30.38"
"2026-01-26","9815016","3907 Lee Hwy","Top Notch Sandwiches","3907 Lee Hwy  ","Arlington","VA","22207","1","25.57","0.00","0.00","1.35","0.00","26.92","-3.84","-2.56","0.00","-1.03","0.00","-3.00","16.49"
"2026-02-16","3310336","Sullivan St","Julia's Juice Shack","240 Sullivan St  ","New York","NY","10012","1","29.37","0.00","0.00","2.34","0.00","31.71","-4.41","-2.94","0.00","-1.18","0.00","-3.00","20.18"
"2026-02-09","2795077",,"Orange Chicken Snob","9737 Manchester Rd  ","St. Louis","MO","63119","1","60.93","0.00","0.00","2.15","0.00","63.08","-9.14","-6.09","0.00","-1.92","0.00","-10.00","35.93"
"2026-02-16","3310407","E Arapaho Rd #F","Master Yamamoto Ramen Bar","1401 E Arapaho Rd  ","Richardson","TX","75081","3","93.71","0.00","0.00","6.91","0.00","100.62","-14.06","-9.38","0.00","-3.66","0.00","-10.00","63.52"
"2026-02-16","4836096","197 Havemeyer St.","Twin Peaks Burger","197 Havemeyer St  ","Brooklyn","NY","11211","6","146.55","0.00","0.00","10.72","0.00","157.27","-22.22","-14.83","0.00","-5.85","0.00","-26.00","88.37"
"2026-01-26","2848423",,"Village Breakfast Snob (Bedford Ave)","265 Bedford Ave  ","Brooklyn","NY","11211","1","20.78","0.00","0.00","1.85","0.00","22.63","-3.12","-2.08","0.00","-0.99","0.00","0.00","16.44"
"2026-02-09","3310369","1st Avenue","High Life Coffee Shop","217 1st Ave.  ","New York","NY","10003","1","13.84","0.00","0.00","1.23","0.00","15.07","-2.08","-1.38","0.00","-0.76","0.00","0.00","10.85"
"2026-02-09","8566128",,"TacoTaste Mexican","4352 E Speedway Blvd  ","Tucson","AZ","85712","1","16.46","0.00","0.00","1.17","0.00","17.63","-2.47","-1.65","0.00","-0.75","0.00","-3.00","9.76"
"2026-02-09","3310403","W Indian School Rd","Nakamura Ramen House","400 W Indian School Rd  ","Phoenix","AZ","85013","3","51.04","0.00","0.00","4.65","0.00","55.69","-7.66","-5.11","0.00","-2.60","0.00","0.00","40.32"
"2026-02-02","2285322",,"The Pasta Slut","1338 Polk St  ","San Francisco","CA","94109","9","314.81","0.00","0.00","23.87","0.00","338.68","-47.23","-31.50","0.00","-11.87","0.00","-38.00","210.08"
"2026-02-02","11003712","Post Road","Luigi's Pasta Ristorante","751 Post Rd  ","Scarsdale","NY","10583","3","64.33","0.00","0.00","2.18","0.00","66.51","-8.91","-6.44","0.00","-2.63","0.00","-9.76","38.77"
"2026-02-02","10372072","E Speedway","Breakfast Burrito Joint","4352 E Speedway Blvd  ","Tucson","AZ","85712","4","68.30","0.00","0.00","4.89","0.00","73.19","-9.80","-6.84","0.00","-3.07","0.00","-12.00","41.48"
"2026-02-16","2964464",,"Day N Night Pancakes","240 Sullivan St  ","New York","NY","10012","2","49.98","0.00","0.00","3.82","0.00","53.80","-2.50","-7.50","0.00","-2.02","0.00","-7.00","34.78"
"2026-02-23","5040864","9061 Van Nuys Blvd","Casa Pasta Ristorante","9061 Van Nuys Blvd  ","Van Nuys","CA","91402","1","27.99","0.00","0.00","1.75","0.00","29.74","-4.20","-2.80","0.00","-0.90","0.00","-10.00","11.84"
"2026-02-02","3326295","1st Ave","Angelo's Wraps Shop","147 1st Ave.  ","New York","NY","10003","3","84.63","0.00","0.00","7.07","0.00","91.70","-12.70","-8.47","0.00","-3.54","0.00","-5.00","61.99"
"2026-02-02","3310812","Hillside Ave","Top Panini Shop","164-01 Hillside Avenue  ","Jamaica","NY","11432","2","54.85","0.00","0.00","2.20","0.00","57.05","-8.23","-5.49","0.00","-2.34","0.00","0.00","40.99"
"2026-02-02","3309881","Sullivan St","The Village Smoothie Spot","240 Sullivan St  ","New York","NY","10012","1","27.97","0.00","0.00","2.48","0.00","30.45","-4.20","-2.80","0.00","-1.23","0.00","0.00","22.22"
"2026-02-16","2344366",,"The Pancake Snob","217 1st Avenue  ","New York","NY","10003","2","38.25","0.00","0.00","2.96","0.00","41.21","-5.74","-3.83","0.00","-1.71","0.00","-5.00","24.93"
"2026-02-16","3310144","Lee Hwy","Martha's Breakfast Sandwiches","3907 Lee Hwy  ","Arlington","VA","22207","1","12.27","0.00","0.00","0.56","0.00","12.83","-1.84","-1.23","0.00","-0.60","0.00","-3.00","6.16"
"2026-02-09","10379328","South Bay","Charlie's Chicken Wings","1156 S Bay Rd  ","Dover","DE","19901","1","0.00","0.00","0.00","0.00","0.00","0.00","0.00","0.00","0.00","0.00","0.00","0.00","0.00"
"2026-02-09","3311052","Washington Blvd","India's Quick Bites","10700 Washington Blvd  ","Culver City","CA","90232","1","20.45","0.00","0.00","1.79","0.00","22.24","-3.07","-2.05","0.00","-0.89","0.00","-3.00","13.23"
"2026-02-09","2286300",,"Breakfast Burrito Snob","937 1st Avenue ","New York","NY","10022","1","16.08","0.00","0.00","1.43","0.00","17.51","-2.41","-1.61","0.00","-0.83","0.00","0.00","12.66"
"2026-01-26","9813432","6732 Crenshaw Blvd","Olivia's Breakfast Cafe","6732 Crenshaw Blvd  ","Los Angeles","CA","90043","1","15.39","0.00","0.00","1.06","0.00","16.45","-2.31","-1.54","0.00","-0.65","0.00","-5.00","6.95"
"2026-02-02","5044032","33757 Woodward Ave","Sizzlin' Hibachi","33757 Woodward Ave  ","Birmingham","MI","48009","1","55.96","0.00","0.00","3.18","0.00","59.14","-8.39","-5.60","0.00","-2.01","-3.18","-3.00","36.96"
"2026-01-26","11003712","Post Road","Luigi's Pasta Ristorante","751 Post Rd  ","Scarsdale","NY","10583","1","0.00","0.00","0.00","0.00","0.00","0.00","0.00","0.00","0.00","0.00","0.00","0.00","0.00"
"2026-02-23","5852272","Hillside Ave","NY Burrito Bar","26801 Hillside Avenue  ","Glen Oaks","NY","11004","1","19.78","0.00","0.00","1.76","0.00","21.54","-2.97","-1.98","0.00","-0.96","0.00","0.00","15.63"
"2026-02-02","2567535",,"The Acai Station","1424 Lexington Ave  ","New York","NY","10128","2","61.97","0.00","0.00","4.62","0.00","66.59","-9.30","-6.20","0.00","-2.32","0.00","-10.00","38.77"
"2026-02-09","5318408","Golden Restaurant and Bakery-1849 N Scottsdale Rd","Livia's Mediterranean Table","1849 N Scottsdale Rd  ","Tempe","AZ","85288","3","58.11","0.00","0.00","4.56","0.00","62.67","-8.72","-5.82","0.00","-2.56","0.00","-8.00","37.57"
"2026-02-02","4837576","319 Rogers Ave","The Loose Juice","319 Rogers Ave  ","Brooklyn","NY","11225","1","0.00","0.00","0.00","0.00","0.00","0.00","0.00","0.00","0.00","0.00","0.00","0.00","0.00"
"2026-02-09","9820960","370 Main St","FirstBite Breakfast Sandwiches","370 Main St  ","East Orange","NJ","07018","2","74.08","0.00","0.00","4.25","0.00","78.33","-11.11","-7.41","0.00","-2.69","0.00","-10.00","47.12"
"2026-02-09","3006904",,"The Pasta Co.","2909A Queens Plaza North  ","Long Island City","NY","11101","1","23.08","0.00","0.00","1.78","0.00","24.86","-3.46","-2.31","0.00","-0.97","0.00","-3.00","15.12"
"2026-02-02","2794832",,"Two Hand Burger","25-02 Queens Plaza S  ","Long Island City","NY","11101","1","28.66","0.00","0.00","1.03","0.00","29.69","-4.30","-2.87","0.00","-1.11","0.00","-3.00","18.41"
"2026-02-02","5397528","M&M Deli Café - 514 Main St","Taco Paradiso","514 Main St  ","New Rochelle","NY","10801","1","16.48","0.00","0.00","0.96","0.00","17.44","-2.47","-1.65","0.00","-0.68","0.00","-5.00","7.64"
"2026-02-02","9817944","38-01 Vernon Boulevard","Martha's Pancake Bar","38-01 Vernon Blvd  ","Long Island City","NY","11101","2","75.11","0.00","0.00","6.05","0.00","81.16","-15.76","-10.50","0.00","-3.86","0.00","-7.00","44.04"
"2026-01-26","9811896","Mission","Holly's Burger Bar","3349 Mission St  ","San Francisco","CA","94110","1","79.72","0.00","0.00","6.01","0.00","85.73","-11.96","-7.97","0.00","-2.61","0.00","-10.00","53.19"
"2026-02-16","11803352","St Marks Pl","Christina's Vegan Cafe","58 St Marks Pl  ","New York","NY","10003","1","29.98","0.00","0.00","2.40","0.00","32.38","-4.05","-3.00","0.00","-1.20","0.00","-3.00","21.13"
"2026-02-02","5028128","3907 Lee Hwy","Breakfast Burrito Joint","3907 Lee Hwy  ","Arlington","VA","22207","1","10.19","0.00","0.00","0.61","0.00","10.80","-1.53","-1.02","0.00","-0.63","0.00","0.00","7.62"
"2026-01-26","4512080","769 9th Ave #1","Glorious Panini Snob","769 9th Ave  ","New York","NY","10019","1","16.98","0.00","0.00","1.13","0.00","18.11","-2.55","-1.70","0.00","-0.72","0.00","-4.25","8.89"
"2026-02-02","2535778",,"The Pasta Story","1424 Lexington Ave ","New York","NY","10128","21","445.26","0.00","0.00","33.78","0.00","479.04","-71.47","-47.68","0.00","-19.66","0.00","-64.99","275.24"
"2026-02-16","10934896","E 8th St","Luca's Philly Cheesesteak","44 E 8th St  ","New York","NY","10003","1","18.18","0.00","0.00","0.00","0.00","18.18","-2.73","-1.82","0.00","-0.76","0.00","-3.00","9.87"
"2026-02-02","11804944","Ralph Ave","NY Smoothie Joint","104 Ralph Ave  ","Brooklyn","NY","11221","1","13.98","0.00","0.00","1.24","0.00","15.22","-2.10","-1.40","0.00","-0.76","0.00","0.00","10.96"
"2026-02-16","10936528","93 Ave A","The Bagel Savage","93 Avenue A  ","New York","NY","10009","1","8.06","0.00","0.00","0.72","0.00","8.78","-1.21","-0.81","0.00","-0.57","0.00","0.00","6.19"
"2026-02-02","3310119","E Arapaho Rd #F","Sizzlin' Hibachi","1401 E Arapaho Rd  ","Richardson","TX","75081","1","22.67","0.00","0.00","1.87","0.00","24.54","-3.40","-2.27","0.00","-1.05","0.00","0.00","17.82"
"2026-02-23","7104064","Pizza Zone","The Calzone Empire","3618 N Pennsylvania Ave  ","Oklahoma City","OK","73112","3","179.24","0.00","0.00","14.59","0.00","193.83","-26.89","-17.93","0.00","-6.51","-14.59","-10.00","117.91"
"2026-02-23","2509728",,"Badri's Biryani Bar","716 10th Ave ","New York","NY","10019","3","46.97","0.00","0.00","4.17","0.00","51.14","-7.05","-4.70","0.00","-2.16","0.00","0.00","37.23"
"2026-02-23","6156504","839 W University Dr","The Sandwich Vibe","839 W University Dr  ","Tempe","AZ","85281","1","16.89","0.00","0.00","1.37","0.00","18.26","-2.53","-1.69","0.00","-0.86","0.00","0.00","13.18"
"2026-02-23","4831632","1 Kedron Ave Unit 4","Stromboli House","1 Kedron Ave  ","Morton","PA","19070","1","50.55","0.00","0.00","3.03","0.00","53.58","-7.58","-5.06","0.00","-1.93","-3.03","0.00","35.98"
"2026-02-09","2796227",,"Midtown Quesadillas Snob (George St)","228 George St  ","New Brunswick","NJ","08901","2","64.02","0.00","0.00","3.58","0.00","67.60","-9.61","-6.41","0.00","-2.36","0.00","-10.00","39.22"
"2026-02-02","5929088","26801 Hillside Ave","Sip On Smoothie","26801 Hillside Avenue  ","Glen Oaks","NY","11004","1","14.97","0.00","0.00","1.33","0.00","16.30","-2.25","-1.50","0.00","-0.80","0.00","0.00","11.75"
"2026-02-09","2744794",,"Hero Sandwich Shop","1760 3rd Ave  ","New York","NY","10029","1","13.18","0.00","0.00","1.17","0.00","14.35","-1.98","-1.32","0.00","-0.74","0.00","0.00","10.31"
"2026-02-23","11798112","S Durango Dr","Italian Pasta Joint","3585 S Durango Dr  ","Las Vegas","NV","89147","2","55.98","0.00","0.00","4.69","0.00","60.67","-8.40","-5.60","0.00","-2.45","-4.69","0.00","39.53"
"2026-02-16","8563008",,"The Pasta Story","43 W Flagler St  ","Miami","FL","33130","4","164.42","0.00","0.00","9.55","0.00","173.97","-23.47","-16.44","0.00","-5.66","0.00","-28.00","100.40"
"2026-02-16","3310683","George St","The Dessert Dream","228 George St  ","New Brunswick","NJ","08901","1","23.47","0.00","0.00","1.36","0.00","24.83","-3.52","-2.35","0.00","-0.97","0.00","-3.00","14.99"
"2026-02-16","2741308",,"Nancy's Grilled Cheese","1760 3rd Ave  ","New York","NY","10029","18","269.60","0.00","0.00","21.00","0.00","290.60","-40.44","-26.99","0.00","-13.24","0.00","-33.00","176.93"
"2026-02-16","10078560","Broadway","Amanda's Breakfast Lounge","3661 Broadway  ","New York","NY","10031","1","0.00","0.00","0.00","0.00","0.00","0.00","0.00","0.00","0.00","0.00","0.00","0.00","0.00"
"2026-02-16","2741201",,"Healthy Salad Bar","1760 3rd Ave  ","New York","NY","10029","1","17.17","0.00","0.00","1.26","0.00","18.43","-2.58","-1.72","0.00","-0.77","0.00","-3.00","10.36"
"2026-02-16","5028264","600 Washington Ave","Crunchy Banh Mi","600 Washington Ave  ","Philadelphia","PA","19147","5","93.40","0.00","0.00","6.44","0.00","99.84","-15.92","-10.62","0.00","-4.56","-6.44","-13.00","49.30"
"2026-02-09","5024720","3907 Lee Hwy","First Light Breakfast Cafe","3907 Lee Hwy  ","Arlington","VA","22207","7","148.57","0.00","0.00","7.52","0.00","156.09","-23.14","-15.43","0.00","-6.35","0.00","-23.00","88.17"
"2026-02-16","9822552","168 Myrtle Ave","Stan's Burger Bar","168 Myrtle Ave  ","Brooklyn","NY","11201","1","36.36","0.00","0.00","2.96","0.00","39.32","-5.45","-3.64","0.00","-1.41","0.00","-3.00","25.82"
"2026-02-02","1967490",,"The Omelette Farm","589 1st Avenue ","New York","NY","10016","17","350.78","0.00","0.00","28.52","0.00","379.30","-52.60","-35.10","0.00","-15.72","0.00","-30.00","245.88"
"2026-02-09","6346664","The Slice Pizzeria - 7121 West US Highway 90","The Calzone Empire","7121 W US Hwy 90  ","San Antonio","TX","78227","2","85.03","0.00","0.00","6.19","0.00","91.22","-12.76","-8.51","0.00","-3.08","0.00","-10.00","56.87"
"2026-02-02","8569936",,"Original Burger Bar","309 7th Ave  ","Brooklyn","NY","11215","1","25.67","0.00","0.00","2.28","0.00","27.95","-3.85","-2.57","0.00","-1.15","0.00","0.00","20.38"
"2026-02-09","2732932",,"RJ's Philly Cheesesteaks (Gold St)","257 Gold St  ","New York","NY","10075","5","112.04","0.00","0.00","8.27","0.00","120.31","-16.81","-11.22","0.00","-4.58","0.00","-19.00","68.70"
"2026-01-26","7096928","Leo's Coney Island - 15198 E 13 Mile Rd","Italiano Mac's","15198 E Thirteen Mile Rd  ","Warren","MI","48088","1","14.39","0.00","0.00","0.68","0.00","15.07","-1.71","-1.44","0.00","-0.67","-0.68","-3.00","7.57"
"2026-02-23","10065536","Gold St","Mary's Chicken Sandwiches","257 Gold St  ","Brooklyn","NY","11201","1","23.78","0.00","0.00","1.76","0.00","25.54","-3.57","-2.38","0.00","-0.96","0.00","-4.00","14.63"
"2026-02-02","2406921",,"NY Breakfast Spot","1424 Lexington Ave ","New York","NY","10128","2","40.64","0.00","0.00","2.73","0.00","43.37","-6.10","-4.07","0.00","-1.62","0.00","-10.00","21.58"
"2026-02-09","6893800","Dream Gourmet Deli inc. - 111 East 161 Street","Prime Burger Lounge","111 E 161 St  ","Bronx","NY","10452","1","0.00","0.00","0.00","0.00","0.00","0.00","0.00","0.00","0.00","0.00","0.00","0.00","0.00"
"2026-02-16","3301276","7th Ave","Holy Grail Omelettes","154 7th Ave  ","New York","NY","10011","3","42.63","0.00","0.00","3.78","0.00","46.41","-6.40","-4.27","0.00","-2.02","0.00","0.00","33.72"
"2026-02-09","2816779",,"Justin's Juice Bar","257 Gold St  ","Brooklyn","NY","11201","1","17.89","0.00","0.00","1.32","0.00","19.21","-2.68","-1.79","0.00","-0.79","0.00","-3.00","10.95"
"2026-02-02","2030753",,"Fat Cheesesteaks","2624 Pico Blvd ","Santa Monica","CA","90405","7","218.44","0.00","0.00","18.60","0.00","237.04","-32.77","-21.86","0.00","-8.19","0.00","-37.00","137.22"
"2026-02-02","3310271","9th Ave","The Gourmet Burger","468 9th Ave  ","New York","NY","10018","1","17.98","0.00","0.00","1.60","0.00","19.58","-2.70","-1.80","0.00","-0.90","0.00","0.00","14.18"
"2026-02-23","10936528","93 Ave A","The Bagel Savage","93 Avenue A  ","New York","NY","10009","1","25.16","0.00","0.00","1.79","0.00","26.95","-3.77","-2.52","0.00","-0.97","0.00","-5.00","14.69"
"2026-02-23","3309868","South Bay Road","The Wings Express","1156 S Bay Rd  ","Dover","DE","19901","1","43.93","0.00","0.00","0.00","0.00","43.93","-6.59","-4.39","0.00","-1.49","0.00","-5.00","26.46"
"2026-02-02","2484502",,"Two Hand Burger","493 Old Hickory Blvd Ste 103  ","Brentwood","TN","37027","1","28.97","0.00","0.00","2.34","0.00","31.31","-4.35","-2.90","0.00","-1.10","0.00","-5.00","17.96"
"2026-02-09","9794768","18 S Abbott Ave","Dum Biryani Snob","18 S Abbott Ave  ","Milpitas","CA","95035","1","18.17","0.00","0.00","1.42","0.00","19.59","-2.28","-1.82","0.00","-0.81","0.00","-3.00","11.68"
"2026-02-09","2484502",,"Two Hand Burger","493 Old Hickory Blvd Ste 103  ","Brentwood","TN","37027","1","21.98","0.00","0.00","1.85","0.00","23.83","-3.30","-2.20","0.00","-0.94","0.00","-3.00","14.39"
"2026-02-09","9815128","Lake Mary","Japan's Bento Box","318 W Lake Mary Blvd  ","Sanford","FL","32773","1","10.48","0.00","0.00","0.73","0.00","11.21","-1.57","-1.05","0.00","-0.64","0.00","0.00","7.95"
"2026-02-16","9819592","28501 Hoover Rd","Bosscat breakfast","28501 Hoover Rd  ","Warren","MI","48093","1","21.07","0.00","0.00","1.26","0.00","22.33","-3.16","-2.11","0.00","-0.98","-1.26","0.00","14.82"
"2026-02-16","2382052",,"The Burrito Snob","4352 E Speedway Blvd ","Tucson","AZ","85712","1","18.96","0.00","0.00","1.65","0.00","20.61","-2.84","-1.90","0.00","-0.93","0.00","0.00","14.94"
"2026-02-02","9819608","18300 Vanowen St","K's Slice of Cake","18300 Vanowen St  ","Los Angeles","CA","91335","3","61.51","0.00","0.00","3.22","0.00","64.73","-8.78","-6.16","0.00","-2.64","0.00","-8.00","39.15"
"2026-02-16","6894736","Medina Halal Gril - 114 East Main Street","Ali's Mediterranean Sandwiches","114 E Main St  ","Richardson","TX","75081","3","57.76","0.00","0.00","4.27","0.00","62.03","-8.66","-5.78","0.00","-2.61","0.00","-6.00","38.98"
"2026-02-16","2900806",,"The Shawarma Bar (Polk St)","1338 Polk St  ","San Francisco","CA","94109","6","218.84","0.00","0.00","16.19","0.00","235.03","-32.84","-21.90","0.00","-8.02","0.00","-31.00","141.27"
"2026-02-02","3310144","Lee Hwy","Martha's Breakfast Sandwiches","3907 Lee Hwy  ","Arlington","VA","22207","3","44.59","0.00","0.00","2.14","0.00","46.73","-6.68","-4.47","0.00","-2.06","0.00","-9.00","24.52"
"2026-02-02","3310503","Broad Street Ext","Salvatore's Sicilian Pizza","709 Broad St Ext  ","Waterford","CT","06385","2","20.46","0.00","0.00","0.92","0.00","21.38","-3.07","-2.05","0.00","-0.77","-0.92","-6.00","8.57"
"2026-02-02","2930656",,"The Dessert Shack","1219 1st Ave  ","New York","NY","10065","2","14.18","0.00","0.00","1.26","0.00","15.44","-2.13","-1.42","0.00","-0.77","0.00","0.00","11.12"
"2026-02-16","2223864",,"Fiona's Pancake Bar","1404 Madison Avenue  ","New York","NY","10029","3","60.12","0.00","0.00","4.00","0.00","64.12","-9.01","-6.02","0.00","-2.40","0.00","-15.00","31.69"
"2026-02-23","3300572","W. 14th street","Marty's Wraps Shack","244 W 14th St  ","New York","NY","10011","1","33.58","0.00","0.00","2.72","0.00","36.30","-5.04","-3.36","0.00","-1.32","0.00","-3.00","23.58"
"2026-02-02","3312441","1st Avenue","Muf's Muffin Shop","937 1st Ave.  ","New York","NY","10022","3","111.83","0.00","0.00","8.60","0.00","120.43","-16.77","-11.18","0.00","-4.12","0.00","-15.00","73.36"
"2026-02-02","10936384","Michelson Dr","Doughboys Sandwiches","3161 Michelson Dr  ","Irvine","CA","92612","3","69.95","0.00","0.00","4.25","0.00","74.20","-11.02","-7.35","0.00","-2.82","0.00","-15.00","38.01"
"2026-02-09","10929168","Agnew Rd","Priya's Indian Kitchen","2026 Agnew Rd  ","Santa Clara","CA","95054","1","16.79","0.00","0.00","1.08","0.00","17.87","-1.77","-1.68","0.00","-0.69","0.00","-5.00","8.73"
"2026-02-09","9797968","4352 E Speedway Blvd","Antonio's Quesadilla Shack","4352 E Speedway Blvd  ","Tucson","AZ","85712","1","24.18","0.00","0.00","2.10","0.00","26.28","-3.63","-2.42","0.00","-1.10","0.00","0.00","19.13"
"2026-02-23","2285420",,"Taco Paradiso","1404 Madison Ave ","New York","NY","10029","1","31.90","0.00","0.00","2.83","0.00","34.73","-4.79","-3.19","0.00","-1.36","0.00","0.00","25.39"
"2026-02-02","2786448",,"The Sandwich Cafe","2841 E Anaheim St  ","Long Beach","CA","90804","1","23.78","0.00","0.00","1.97","0.00","25.75","-3.57","-2.38","0.00","-0.93","0.00","-5.00","13.87"
"2026-02-09","5024816","33757 Woodward Ave","Japanese Teriyaki House","33757 Woodward Ave  ","Birmingham","MI","48009","1","36.76","0.00","0.00","1.91","0.00","38.67","-8.05","-5.37","0.00","-1.87","-1.91","-5.00","16.47"
"2026-02-16","3310939","Crenshaw Blvd","Breakfast Burrito Floozy","6732 Crenshaw Blvd  ","Los Angeles","CA","90043","3","59.95","0.00","0.00","5.32","0.00","65.27","-8.99","-6.00","0.00","-2.65","0.00","-8.00","39.63"
"2026-02-02","2796118",,"The Dumpling Snob","9737 Manchester Rd  ","St. Louis","MO","63119","2","59.23","0.00","0.00","2.29","0.00","61.52","-8.89","-5.93","0.00","-2.33","0.00","-5.00","39.37"
"2026-02-02","2896704",,"Martha's Breakfast Sandwiches","1219 1st Ave  ","New York","NY","10065","1","11.38","0.00","0.00","1.01","0.00","12.39","-1.71","-1.14","0.00","-0.68","0.00","0.00","8.86"
"2026-02-23","3300974","W. 14th street","Lola's Smoothie Mix","244 W 14th St  ","New York","NY","10011","1","0.00","0.00","0.00","0.00","0.00","0.00","0.00","0.00","0.00","0.00","0.00","0.00","0.00"
"2026-02-16","3310093","1st Avenue","Fiona's French Toast","589 1st Ave.  ","New York","NY","10016","3","99.41","0.00","0.00","7.23","0.00","106.64","-14.92","-9.95","0.00","-3.60","0.00","-18.00","60.17"
"2026-02-16","2567535",,"The Acai Station","1424 Lexington Ave  ","New York","NY","10128","2","60.97","0.00","0.00","4.53","0.00","65.50","-9.15","-6.10","0.00","-2.29","0.00","-10.00","37.96"
"2026-02-09","3309093","Pico Blvd","Maria's Italian Meatballs","2624 Pico Blvd  ","Santa Monica","CA","90405","1","24.88","0.00","0.00","2.67","0.00","27.55","-3.73","-2.49","0.00","-1.14","0.00","0.00","20.19"
"2026-02-09","10491640","George St","Jacks Cheesesteaks","228 George St  ","New Brunswick","NJ","08901","1","23.47","0.00","0.00","1.56","0.00","25.03","-3.52","-2.35","0.00","-1.06","0.00","0.00","18.10"
"2026-01-26","3310093","1st Avenue","Fiona's French Toast","589 1st Ave.  ","New York","NY","10016","1","36.48","0.00","0.00","2.62","0.00","39.10","-5.47","-3.65","0.00","-1.28","0.00","-7.00","21.70"
"2026-01-26","3006703",,"The American Cheesesteaks","2909A Queens Plaza North  ","Long Island City","NY","11101","1","34.16","0.00","0.00","3.03","0.00","37.19","-5.12","-3.42","0.00","-1.43","0.00","0.00","27.22"
"2026-02-09","4831888","197 Havemeyer St.","Pita Sandwich Bite","197 Havemeyer St  ","Brooklyn","NY","11211","1","18.38","0.00","0.00","1.37","0.00","19.75","-2.76","-1.84","0.00","-0.81","0.00","-3.00","11.34"
"2026-02-09","9813512","W National","The Pasta Story","2138 W National Ave  ","Milwaukee","WI","53204","4","134.97","0.00","0.00","9.48","0.00","144.45","-20.24","-13.51","0.00","-5.16","-9.48","-15.00","81.06"
"2026-01-26","11801712","Thomas S Boyland St","Luke's Breakfast Club","116 Thomas S Boyland St  ","Brooklyn","NY","11233","1","20.26","0.00","0.00","1.80","0.00","22.06","-3.04","-2.03","0.00","-0.97","0.00","0.00","16.02"
"2026-02-02","4510320","1424 Lexington Ave","Hill Top Sandwich","1424 Lexington Ave  ","New York","NY","10128","1","24.98","0.00","0.00","1.77","0.00","26.75","-3.75","-2.50","0.00","-0.96","0.00","-5.00","14.54"
"2026-02-16","9815144","3rd","Mia's Quesadillas","296 3rd Ave  ","New York","NY","10010","1","23.08","0.00","0.00","2.05","0.00","25.13","-3.46","-2.31","0.00","-1.07","0.00","0.00","18.29"
"2026-02-09","6346712","Somos Familia Mexican Restaurant - 1268 W 86th St","Urban Vegetarian House","1268 W 86th St  ","Indianapolis","IN","46260","1","95.94","0.00","0.00","8.18","0.00","104.12","-14.39","-9.59","0.00","-3.32","-8.18","-5.00","63.64"
"2026-01-26","2116039",,"BBQ Ribs Co.","820 Pennsylvania Ave ","Pittsburgh","PA","15233","2","67.97","0.00","0.00","4.34","0.00","72.31","-10.20","-6.80","0.00","-2.63","-4.34","-6.00","42.34"
"2026-02-23","2773358",,"The Gourmet Burger (1st Ave)","1741 1st Avenue  ","New York","NY","10128","1","31.95","0.00","0.00","2.48","0.00","34.43","-4.79","-3.20","0.00","-1.23","0.00","-4.00","21.21"
"2026-02-02","6893792","Dream Gourmet Deli inc. - 111 East 161 Street","Amanda's Breakfast Lounge","111 E 161 St  ","Bronx","NY","10452","1","27.27","0.00","0.00","0.87","0.00","28.14","-4.09","-2.73","0.00","-0.99","0.00","-5.45","14.88"
"2026-02-23","4837568","319 Rogers Ave","Olivia's Breakfast Cafe","319 Rogers Ave  ","Brooklyn","NY","11225","2","32.74","0.00","0.00","2.64","0.00","35.38","-3.60","-3.28","0.00","0.00","0.00","-3.00","25.50"
"2026-02-16","3311034","Loudon Rd #960","Sam's Scrumptious Subs","800 Loudon Rd  ","Latham","NY","12110","1","19.78","0.00","0.00","1.58","0.00","21.36","-2.97","-1.98","0.00","-0.95","0.00","0.00","15.46"
"2026-02-16","3311137","Crenshaw Blvd","El Azul Tacos","6732 Crenshaw Blvd  ","Los Angeles","CA","90043","2","29.41","0.00","0.00","3.01","0.00","32.42","-4.41","-2.95","0.00","-1.59","0.00","0.00","23.47"
"2026-01-26","4831784","34-02 30th St","Lovin' Vegan Desserts","3402 30th St  ","Astoria","NY","11106","1","24.07","0.00","0.00","0.96","0.00","25.03","-2.65","-2.41","0.00","0.00","0.00","0.00","19.97"
"2026-02-16","5318704","Yue Bai Wei - 5874 Forbes Ave","The Chinese Noodle Palace","5874 Forbes Ave  ","Pittsburgh","PA","15217","1","55.96","0.00","0.00","3.64","0.00","59.60","-8.39","-5.60","0.00","-2.00","-3.64","-4.00","35.97"
"2026-02-16","3344337","301 W 96th St","Che Breakfast Cafe","301 W 96th St  ","New York","NY","10025","1","16.98","0.00","0.00","1.13","0.00","18.11","-2.55","-1.70","0.00","-0.72","0.00","-4.25","8.89"
"2026-02-23","5850512","Hillside Ave","Bosscat Wraps","26801 Hillside Avenue  ","Glen Oaks","NY","11004","1","21.99","0.00","0.00","1.69","0.00","23.68","-3.30","-2.20","0.00","-0.93","0.00","-3.00","14.25"
"2026-02-02","10930944","Mowry Ave","The Gyro Shop","3846 Mowry Ave  ","Fremont","CA","94538","1","20.28","0.00","0.00","2.18","0.00","22.46","-3.04","-2.03","0.00","-0.99","0.00","0.00","16.40"
"2026-02-09","2383189",,"Ben's Buffalo Wings","5155 3rd St ","San Francisco","CA","94124","1","24.43","0.00","0.00","2.11","0.00","26.54","-3.66","-2.44","0.00","-1.11","0.00","0.00","19.33"
"2026-02-16","9819608","18300 Vanowen St","K's Slice of Cake","18300 Vanowen St  ","Los Angeles","CA","91335","6","85.26","0.00","0.00","4.59","0.00","89.85","-12.35","-8.54","0.00","-4.28","0.00","-9.00","55.68"
"2026-01-26","3310669","Bedford Ave","Penny's Pancakes","265 Bedford Ave  ","Brooklyn","NY","11211","1","36.36","0.00","0.00","3.23","0.00","39.59","-5.45","-3.64","0.00","-1.51","0.00","0.00","28.99"
"2026-02-09","8563008",,"The Pasta Story","43 W Flagler St  ","Miami","FL","33130","2","44.07","0.00","0.00","2.74","0.00","46.81","-6.61","-4.41","0.00","-1.88","0.00","-5.00","28.91"
"2026-02-16","10559368","W 34th st","Fiona's Breakfast Burritos","433 W 34th St.  ","New York","NY","10001","8","159.32","0.00","0.00","12.36","0.00","171.68","-23.45","-15.95","0.00","-7.02","0.00","-20.00","105.26"
"2026-02-09","6891024","Caffe Venice - 596 3rd Ave","CJ's Breakfast Sandwich","596 3rd Ave  ","New York","NY","10016","7","94.45","0.00","0.00","7.48","0.00","101.93","-14.17","-9.46","0.00","-4.59","0.00","-10.00","63.71"
"2026-02-09","11796472","Castle Hill Ave","Christina's Vegan Cafe","1201 Castle Hill Ave  ","Bronx","NY","10462","1","0.00","0.00","0.00","0.00","0.00","0.00","0.00","0.00","0.00","0.00","0.00","0.00","0.00"
"2026-02-16","4837568","319 Rogers Ave","Olivia's Breakfast Cafe","319 Rogers Ave  ","Brooklyn","NY","11225","1","19.78","0.00","0.00","1.49","0.00","21.27","-2.18","-1.98","0.00","0.00","0.00","-3.00","14.11"
"2026-02-09","3310454","Fulton St","Mary's Waffle Bar","1237 Fulton St  ","Brooklyn","NY","11216","1","59.79","0.00","0.00","4.42","0.00","64.21","-8.97","-5.98","0.00","-1.95","0.00","-10.00","37.31"
"2026-02-16","3309965","Sullivan St","Grilled Cheese Ecstatic","240 Sullivan St  ","New York","NY","10012","5","87.50","0.00","0.00","7.42","0.00","94.92","-13.13","-8.76","0.00","-4.27","0.00","-4.00","64.76"
"2026-02-02","6891744","Wholesome Farms Market - 108 Jay St","Gloria's Favorite Greens","108 Jay St  ","Brooklyn","NY","11201","1","15.49","0.00","0.00","1.38","0.00","16.87","-2.32","-1.55","0.00","-0.81","0.00","0.00","12.19"
"2026-02-02","10935104","Agnew Rd","Village Wraps Snob","2026 Agnew Rd  ","Santa Clara","CA","95054","1","13.99","0.00","0.00","1.28","0.00","15.27","-2.10","-1.40","0.00","-0.77","0.00","0.00","11.00"
"2026-02-09","4512080","769 9th Ave #1","Glorious Panini Snob","769 9th Ave  ","New York","NY","10019","1","14.09","0.00","0.00","1.25","0.00","15.34","-2.11","-1.41","0.00","-0.77","0.00","0.00","11.05"
"2026-02-09","11798104","E Windmill Ln","Luigi's Pasta Ristorante","415 E Windmill Ln  ","Las Vegas","NV","89123","1","20.99","0.00","0.00","1.34","0.00","22.33","-2.40","-2.10","0.00","-0.83","-1.34","-5.00","10.66"
"2026-02-16","6891048","Caffe Venice - 596 3rd Ave","Smokin' Burger Grille","596 3rd Ave  ","New York","NY","10016","1","25.38","0.00","0.00","1.99","0.00","27.37","-3.81","-2.54","0.00","-1.04","0.00","-3.00","16.98"
"2026-02-16","3310503","Broad Street Ext","Salvatore's Sicilian Pizza","709 Broad St Ext  ","Waterford","CT","06385","1","30.52","0.00","0.00","1.62","0.00","32.14","-4.58","-3.05","0.00","-1.13","-1.62","-5.00","16.76"
"2026-02-16","10075344","E Arapaho Rd","Roll N Chop Sushi's","1401 E Arapaho Rd  ","Richardson","TX","75081","1","32.87","0.00","0.00","2.71","0.00","35.58","-4.93","-3.29","0.00","-1.39","0.00","0.00","25.97"
"2026-02-09","3310034","W Camelback Rd #103","Japanese Teriyaki House","3446 W Camelback Rd  ","Phoenix","AZ","85017","1","21.18","0.00","0.00","1.82","0.00","23.00","-3.18","-2.12","0.00","-1.00","0.00","0.00","16.70"
"2026-02-16","7332936","Millan's Pizzeria North Hollywood","Fine Line Desserts","12453 Oxnard St  ","Los Angeles","CA","91606","3","70.50","0.00","0.00","6.46","0.00","76.96","-10.58","-7.06","0.00","-2.97","0.00","-9.00","47.35"
"2026-02-16","1946630",,"Firenze Pasta Ristorante","59 4th Avenue  ","New York","NY","10003","1","21.99","0.00","0.00","1.95","0.00","23.94","-3.30","-2.20","0.00","-1.03","0.00","0.00","17.41"
"2026-02-23","2223864",,"Fiona's Pancake Bar","1404 Madison Avenue  ","New York","NY","10029","2","45.39","0.00","0.00","3.14","0.00","48.53","-6.81","-4.54","0.00","-1.78","0.00","-10.00","25.40"
"2026-02-09","10564904","W University Dr","Mary's Salad Co","839 W University Dr  ","Tempe","AZ","85281","1","13.99","0.00","0.00","1.20","0.00","15.19","-2.10","-1.40","0.00","-0.76","0.00","0.00","10.93"
"2026-01-26","4836152","4955 Voltaire St","Antonio's Quesadilla Shack","4955 Voltaire St  ","San Diego","CA","92107","1","16.78","0.00","0.00","1.07","0.00","17.85","-2.52","-1.68","0.00","-0.75","0.00","-3.00","9.90"
"2026-02-23","10363736","Polk St","Blake's Dessert Lounge","1338 Polk St  ","San Francisco","CA","94109","1","32.96","0.00","0.00","2.84","0.00","35.80","-4.94","-3.30","0.00","-1.39","0.00","0.00","26.17"
"2026-02-16","5850184","Vernon Boulevard","Penny's Pancakes","38-01 Vernon Blvd  ","Long Island City","NY","11101","1","24.16","0.00","0.00","2.15","0.00","26.31","-3.62","-2.42","0.00","-1.10","0.00","0.00","19.17"
"2026-02-16","2732932",,"RJ's Philly Cheesesteaks (Gold St)","257 Gold St  ","New York","NY","10075","6","207.62","0.00","0.00","15.78","0.00","223.40","-31.13","-20.77","0.00","-7.70","0.00","-30.00","133.80"
"2026-02-09","2509728",,"Badri's Biryani Bar","716 10th Ave ","New York","NY","10019","3","75.94","0.00","0.00","5.59","0.00","81.53","-11.40","-7.60","0.00","-3.00","0.00","-13.00","46.53"
"2026-02-02","10362136","Polk St","Fried Chicken Savage","1428 Polk St  ","San Francisco","CA","94109","1","63.95","0.00","0.00","4.91","0.00","68.86","-9.59","-6.40","0.00","-2.19","0.00","-7.00","43.68"
"2026-02-16","7323992","Midtown Bar and Grill - 415 W Gray St","Hyde's Grilled Cheese","415 W Gray St  ","Houston","TX","77019","2","37.76","0.00","0.00","2.87","0.00","40.63","-6.51","-4.34","0.00","-1.93","0.00","-3.00","24.85"
"2026-02-09","7100256","Leo's Coney Island - 15198 E 13 Mile Rd","The Scorchin' Burger","15198 E Thirteen Mile Rd  ","Warren","MI","48088","2","22.97","0.00","0.00","1.14","0.00","24.11","-3.44","-2.30","0.00","-1.21","-1.14","-4.00","12.02"
"2026-02-23","10357752","Polk St","Good Planet Vegan Burgers","1428 Polk St  ","San Francisco","CA","94109","1","31.96","0.00","0.00","2.50","0.00","34.46","-4.79","-3.20","0.00","-1.26","0.00","-3.00","22.21"
"2026-02-16","2786287",,"Philly Cheesesteak Artists (1st Ave)","217 1st Ave  ","New York","NY","10003","1","35.97","0.00","0.00","2.84","0.00","38.81","-5.40","-3.60","0.00","-1.36","0.00","-4.00","24.45"
"2026-02-23","3309662","W Peoria Ave #116","Nakamura Ramen House","8520 W Peoria Ave  ","Peoria","AZ","85345","1","53.85","0.00","0.00","4.73","0.00","58.58","-8.08","-5.39","0.00","-2.00","0.00","-3.00","40.11"
"2026-02-16","7097240","Jonny's Place - 370 Main St","Burritos to Bowls","370 Main St  ","East Orange","NJ","07018","1","47.98","0.00","0.00","2.85","0.00","50.83","-7.20","-4.80","0.00","-1.70","0.00","-5.00","32.13"
"2026-02-02","9815120","Hillside","The Burger Passion","164-01 Hillside Ave.  ","Jamaica","NY","11432","1","22.36","0.00","0.00","0.89","0.00","23.25","-3.35","-2.24","0.00","-1.01","0.00","0.00","16.65"
"2026-02-09","8568808",,"Sicily's Calzone House","9061 Van Nuys Blvd  ","Los Angeles","CA","91402","1","92.29","0.00","0.00","8.71","0.00","101.00","-13.84","-9.23","0.00","-3.29","0.00","-3.00","71.64"
"2026-02-16","4831784","34-02 30th St","Lovin' Vegan Desserts","3402 30th St  ","Astoria","NY","11106","1","50.85","0.00","0.00","2.03","0.00","52.88","-5.59","-5.09","0.00","0.00","0.00","0.00","42.20"
"2026-02-02","2964464",,"Day N Night Pancakes","240 Sullivan St  ","New York","NY","10012","4","64.24","0.00","0.00","4.64","0.00","68.88","-3.20","-9.64","0.00","-2.92","0.00","-12.00","41.12"
"2026-02-23","3310218","E Bell Rd #132","The Chinese Joint","4015 E Bell Rd  ","Phoenix","AZ","85032","4","74.83","0.00","0.00","6.26","0.00","81.09","-11.23","-7.49","0.00","-2.89","0.00","-6.00","53.48"
"2026-02-16","8569944",,"Top Panini Shop","1175 2nd Ave  ","New York","NY","10065","4","89.95","0.00","0.00","7.37","0.00","97.32","-13.50","-9.00","0.00","-3.96","0.00","-7.00","63.86"
"2026-02-23","4510336","937 1st Avenue","Jay's Breakfast Bar","937 1st Ave.  ","New York","NY","10022","3","62.10","0.00","0.00","4.63","0.00","66.73","-9.32","-6.22","0.00","-2.64","0.00","-10.00","38.55"
"2026-02-23","10498112","101st Ave","Top Notch Sandwiches","131-03 101st Ave  ","South Richmond","NY","11419","1","26.57","0.00","0.00","0.94","0.00","27.51","-3.99","-2.66","0.00","-1.05","0.00","-3.00","16.81"
"2026-02-16","11804968","Western Ave S","Addictive Fried Chicken","2103 Western Ave  ","Las Vegas","NV","89102","2","36.96","0.00","0.00","3.10","0.00","40.06","-5.54","-3.70","0.00","-1.52","-3.10","0.00","26.20"
"2026-02-09","9817992","Mowry","Vegan Falafel Joint","3846 Mowry Ave  ","Fremont","CA","94538","1","33.25","0.00","0.00","3.04","0.00","36.29","-4.99","-3.33","0.00","-1.25","0.00","-5.00","21.72"
"2026-02-23","3312441","1st Avenue","Muf's Muffin Shop","937 1st Ave.  ","New York","NY","10022","5","122.33","0.00","0.00","9.61","0.00","131.94","-18.36","-12.25","0.00","-5.10","0.00","-14.00","82.23"
"2026-01-26","2485324",,"Olivia's Breakfast Cafe","128 E 4th St ","New York","NY","10003","2","38.95","0.00","0.00","2.92","0.00","41.87","-5.84","-3.90","0.00","-1.70","0.00","-6.00","24.43"
"2026-02-23","9834512","501 Broadway St","NY Boba Bae","501 Broadway  ","San Francisco","CA","94133","2","0.00","0.00","0.00","0.00","0.00","0.00","0.00","0.00","0.00","0.00","0.00","0.00","0.00"
"2026-02-09","3311230","Loudon Rd #960","Italian Pasta Lounge","800 Loudon Rd  ","Latham","NY","12110","1","77.97","0.00","0.00","5.44","0.00","83.41","-11.70","-7.80","0.00","-2.54","0.00","-10.00","51.37"
"2026-02-16","3310756","N Broadway","London's Fish N Chips","854 N Broadway  ","White Plains","NY","10603","4","101.93","0.00","0.00","7.71","0.00","109.64","-15.29","-10.20","0.00","-3.94","0.00","-10.00","70.21"
"2026-02-16","3344616","501 Broadway St","Linh's Chinese Restaurant","501 Broadway  ","San Francisco","CA","94133","2","30.78","0.00","0.00","2.22","0.00","33.00","-4.62","-3.08","0.00","-1.15","0.00","-5.00","19.15"
"2026-02-23","3325823","30th St","Bagel Dynasty","34-02 30th St  ","Astoria","NY","11106","2","32.42","0.00","0.00","1.17","0.00","33.59","-4.86","-3.25","0.00","-1.54","0.00","-3.00","20.94"
"2026-02-16","5024688","296 3rd Ave","Savage Juice Bar","296 3rd Ave  ","New York","NY","10010","1","34.75","0.00","0.00","2.64","0.00","37.39","-5.21","-3.48","0.00","-1.29","0.00","-5.00","22.41"
"2026-02-23","9819568","2624 Pico Blvd","The Cali Calzone","2624 Pico Blvd  ","Santa Monica","CA","90405","1","22.39","0.00","0.00","1.99","0.00","24.38","-3.36","-2.24","0.00","-0.95","0.00","-3.00","14.83"
"2026-02-09","3300958","30th St","Sin City Burger Spot","34-02 30th St  ","Astoria","NY","11106","5","112.50","0.00","0.00","4.11","0.00","116.61","-16.87","-11.27","0.00","-4.75","0.00","-10.00","73.72"
"2026-02-09","2794878",,"The Chinese Noodle Palace","9737 Manchester Rd  ","St. Louis","MO","63119","1","31.17","0.00","0.00","1.11","0.00","32.28","-4.68","-3.12","0.00","-1.13","0.00","-5.00","18.35"
"2026-02-02","10078560","Broadway","Amanda's Breakfast Lounge","3661 Broadway  ","New York","NY","10031","1","17.48","0.00","0.00","1.55","0.00","19.03","-2.62","-1.75","0.00","-0.88","0.00","0.00","13.78"
"2026-02-23","7097584","Golden State Pizza & Grill - 3349 Mission St","Philly Cheesesteak Company","3349 Mission St  ","San Francisco","CA","94110","1","12.69","0.00","0.00","1.09","0.00","13.78","-1.90","-1.27","0.00","-0.72","0.00","0.00","9.89"
"2026-02-23","3311036","Crenshaw Blvd","High Life Breakfast Sandwiches","6732 Crenshaw Blvd  ","Los Angeles","CA","90043","1","11.29","0.00","0.00","1.16","0.00","12.45","-1.69","-1.13","0.00","-0.68","0.00","0.00","8.95"
"2026-02-16","9815064","2026 Agnew Rd","The Indian Spice Kitchen","2026 Agnew Rd  ","Santa Clara","CA","95054","1","16.79","0.00","0.00","1.53","0.00","18.32","-2.52","-1.68","0.00","-0.86","0.00","0.00","13.26"
"2026-02-02","3312244","32nd St","Fiona's Ultimate Wraps","590 32nd St  ","Union City","NJ","07087","1","0.00","0.00","0.00","0.00","0.00","0.00","0.00","0.00","0.00","0.00","0.00","0.00","0.00"
"2026-01-26","10372072","E Speedway","Breakfast Burrito Joint","4352 E Speedway Blvd  ","Tucson","AZ","85712","1","12.58","0.00","0.00","1.09","0.00","13.67","-1.89","-1.26","0.00","-0.72","0.00","0.00","9.80"
"2026-02-09","11789272","125th St","Hyde's Grilled Cheese","135 E 125th St  ","New York","NY","10035","1","8.39","0.00","0.00","0.48","0.00","8.87","-3.46","-2.31","0.00","-0.97","0.00","-3.00","-0.87"
"2026-02-16","9813432","6732 Crenshaw Blvd","Olivia's Breakfast Cafe","6732 Crenshaw Blvd  ","Los Angeles","CA","90043","1","15.39","0.00","0.00","1.27","0.00","16.66","-1.86","-1.54","0.00","-0.72","0.00","-3.00","9.54"
"2026-02-16","3309880","Sullivan St","Sunrise Breakfast Club","240 Sullivan St  ","New York","NY","10012","2","53.98","0.00","0.00","4.26","0.00","58.24","-8.09","-5.40","0.00","-2.20","0.00","-6.00","36.55"
"2026-02-02","2847792",,"Julia's Juice Shack (Bedford Ave)","265 Bedford Ave  ","NY","NY","11211","1","13.28","0.00","0.00","1.18","0.00","14.46","-1.99","-1.33","0.00","-0.74","0.00","0.00","10.40"
"2026-02-09","3343893","2755 Broadway","Panini's On Panini's","2755 Broadway  ","New York","NY","10025","2","33.87","0.00","0.00","3.01","0.00","36.88","-5.08","-3.39","0.00","-1.72","0.00","0.00","26.69"
"2026-01-26","2900806",,"The Shawarma Bar (Polk St)","1338 Polk St  ","San Francisco","CA","94109","1","16.99","0.00","0.00","1.03","0.00","18.02","-2.55","-1.70","0.00","-0.70","0.00","-5.00","8.07"
"2026-02-16","2410420",,"The Wings Express","1147 West Chester Pike ","West Chester","PA","19382","1","14.98","0.00","0.00","0.90","0.00","15.88","-2.25","-1.50","0.00","-0.78","-0.90","0.00","10.45"
"2026-02-09","3310894","Broad Street Ext","The Salad Prince","709 Broad St Ext  ","Waterford","CT","06385","1","0.00","0.00","0.00","0.00","0.00","0.00","0.00","0.00","0.00","0.00","0.00","0.00","0.00"
"2026-02-02","2900807",,"The Omelette Farm (1st Avenue)","1741 1st Avenue  ","New York","NY","10128","2","42.62","0.00","0.00","3.34","0.00","45.96","-6.40","-4.26","0.00","-1.85","0.00","-5.00","28.45"
"2026-02-09","6893832","Aroma Pizza & Pasta - 20491 Alton Pkwy","Firenze Pasta Ristorante","20491 Alton Pkwy  ","Lake Forest","CA","92610","2","68.68","0.00","0.00","3.70","0.00","72.38","-10.30","-6.87","0.00","-2.60","0.00","-7.00","45.61"
"2026-02-02","10934896","E 8th St","Luca's Philly Cheesesteak","44 E 8th St  ","New York","NY","10003","1","23.08","0.00","0.00","1.78","0.00","24.86","-3.46","-2.31","0.00","-0.97","0.00","-3.00","15.12"
"2026-02-23","9822624","30th","Pardon My Panini","34-02 30th St  ","Astoria","NY","11106","1","50.36","0.00","0.00","2.01","0.00","52.37","-7.55","-5.04","0.00","-1.90","0.00","0.00","37.88"
"2026-02-02","5289640","3846 Mowry Ave","Halal Chicken Gyros Co.","3846 Mowry Ave  ","Fremont","CA","94538","1","18.89","0.00","0.00","2.03","0.00","20.92","-2.83","-1.89","0.00","-0.94","0.00","0.00","15.26"
"2026-02-09","2344366",,"The Pancake Snob","217 1st Avenue  ","New York","NY","10003","3","43.76","0.00","0.00","3.00","0.00","46.76","-6.57","-4.38","0.00","-1.72","0.00","-10.00","24.09"
"2026-02-16","6538040","Not Just Pizza - 1715 Sicklerville Rd","Jim's House of Hoagies","1715 Sicklerville Rd  ","Gloucester Township","NJ","08081","1","18.19","0.00","0.00","1.01","0.00","19.20","-2.73","-1.82","0.00","-0.79","0.00","-3.00","10.86"
"2026-02-09","4839144","319 Rogers Ave","The Gyro Bar","319 Rogers Ave  ","Brooklyn","NY","11225","7","120.35","0.00","0.00","9.80","0.00","130.15","-15.43","-14.03","0.00","0.00","0.00","-10.00","90.69"
"2026-02-23","3310236","Queens Plaza S","The Pasta Story","25-02 Queens Plaza S  ","Queens","NY","11101","6","165.06","0.00","0.00","6.22","0.00","171.28","-24.75","-16.51","0.00","-6.72","0.00","-10.00","113.30"
"2026-02-02","2485324",,"Olivia's Breakfast Cafe","128 E 4th St ","New York","NY","10003","11","141.66","0.00","0.00","11.02","0.00","152.68","-21.25","-14.18","0.00","-6.83","0.00","-17.54","92.88"
"2026-02-23","3309965","Sullivan St","Grilled Cheese Ecstatic","240 Sullivan St  ","New York","NY","10012","7","138.56","0.00","0.00","11.68","0.00","150.24","-20.80","-13.87","0.00","-6.46","0.00","-7.00","102.11"
"2026-02-16","5853472","Metropolitan Ave","The Vegan Snob","488 Metropolitan Ave  ","Brooklyn","NY","11211","8","284.69","0.00","0.00","22.99","0.00","307.68","-42.71","-28.49","0.00","-10.99","0.00","-26.00","199.49"
"2026-02-23","1937273",,"Snobby Chicken Wings","937 1st Avenue ","New York","NY","10022","1","43.35","0.00","0.00","3.23","0.00","46.58","-6.50","-4.34","0.00","-1.51","0.00","-7.00","27.23"
"2026-02-16","6893800","Dream Gourmet Deli inc. - 111 East 161 Street","Prime Burger Lounge","111 E 161 St  ","Bronx","NY","10452","2","64.73","0.00","0.00","2.31","0.00","67.04","-9.71","-6.48","0.00","-2.43","0.00","-7.00","41.42"
"2026-02-09","2117009",,"Kelly's Pancake Bar","25-02 Queens Plaza S ","NY","NY","11101","1","20.97","0.00","0.00","0.72","0.00","21.69","-3.15","-2.10","0.00","-0.87","0.00","-3.00","12.57"
"2026-02-23","9816352","168 Myrtle Ave","Daybreak Breakfast Club","168 Myrtle Ave  ","Brooklyn","NY","11201","1","26.25","0.00","0.00","2.33","0.00","28.58","-3.94","-2.63","0.00","-1.17","0.00","0.00","20.84"
"2026-02-02","7749192","Sicilian Pizza - 2614 Lebanon Pike","Green Leaf Salads","2614 Lebanon Pike  ","Nashville","TN","37214","1","17.48","0.00","0.00","1.62","0.00","19.10","-2.62","-1.75","0.00","-0.88","0.00","0.00","13.85"
"2026-02-23","2642274",,"Smoothie and Dessert Bar","755 9th Ave  #1C","New York","NY","10019","1","0.00","0.00","0.00","0.00","0.00","0.00","0.00","0.00","0.00","0.00","0.00","0.00","0.00"
"2026-02-16","7097584","Golden State Pizza & Grill - 3349 Mission St","Philly Cheesesteak Company","3349 Mission St  ","San Francisco","CA","94110","2","55.23","0.00","0.00","4.76","0.00","59.99","-8.28","-5.52","0.00","-2.43","0.00","0.00","43.76"
"2026-01-26","3310939","Crenshaw Blvd","Breakfast Burrito Floozy","6732 Crenshaw Blvd  ","Los Angeles","CA","90043","2","106.08","0.00","0.00","10.26","0.00","116.34","-15.91","-10.61","0.00","-3.97","0.00","-6.00","79.85"
"2026-02-09","2900807",,"The Omelette Farm (1st Avenue)","1741 1st Avenue  ","New York","NY","10128","6","124.55","0.00","0.00","8.56","0.00","133.11","-18.70","-12.46","0.00","-5.01","0.00","-28.00","68.94"
"2026-01-26","2729151",,"Halal Lamb Gyro Spot","755 9th Ave  ","New York","NY","10019","1","12.69","0.00","0.00","1.13","0.00","13.82","-1.90","-1.27","0.00","-0.72","0.00","0.00","9.93"
"2026-02-23","5851928","1st Avenue","Sarah's Breakfast Bar","1741 1st Ave.  ","New York","NY","10128","1","13.45","0.00","0.00","1.19","0.00","14.64","-2.02","-1.35","0.00","-0.75","0.00","0.00","10.52"
"2026-02-02","3310395","9th Ave","Mufasa's Pancakes & French Toast","755 9th Ave  ","New York","NY","10019","4","112.22","0.00","0.00","9.97","0.00","122.19","-16.84","-11.23","0.00","-4.92","0.00","0.00","89.20"
"2026-02-09","2730399",,"Ali's Gyro Lab","1404 Madison Ave  ","New York","NY","10029","1","113.31","0.00","0.00","9.62","0.00","122.93","-17.00","-11.33","0.00","-3.90","0.00","-5.00","85.70"
"2026-02-23","3311345","Ave #35st","Nomad's Bagels","450 9th Ave  ","New York","NY","10018","1","39.98","0.00","0.00","3.55","0.00","43.53","-6.00","-4.00","0.00","-1.63","0.00","0.00","31.90"
"2026-02-02","1938953",,"Luigi's Pasta Ristorante","589 1st Avenue ","New York","NY","10016","1","33.98","0.00","0.00","2.66","0.00","36.64","-5.10","-3.40","0.00","-1.30","0.00","-4.00","22.84"
"2026-02-23","3310191","Dallas St","Luigi's Pasta Ristorante","9083 Dallas St  ","La Mesa","CA","91942","1","36.38","0.00","0.00","2.50","0.00","38.88","-5.46","-3.64","0.00","-1.27","0.00","-7.00","21.51"
"2026-02-23","10357744","1st Ave","Big Ease Smoothies","1219 1st Ave.  ","New York","NY","10065","2","36.31","0.00","0.00","3.23","0.00","39.54","-5.45","-3.63","0.00","-1.80","0.00","0.00","28.66"
"2026-02-02","3312349","Gold St","Doughboys Sandwiches","257 Gold St  ","Brooklyn","NY","11201","4","113.98","0.00","0.00","8.26","0.00","122.24","-17.10","-11.41","0.00","-4.30","0.00","-20.87","68.56"
"2026-02-16","10363728","Polk St","Breakfast Burrito Floozy","1428 Polk St  ","San Francisco","CA","94109","2","72.92","0.00","0.00","5.69","0.00","78.61","-10.94","-7.29","0.00","-2.78","0.00","-7.00","50.60"
"2026-02-16","6154848","11121 N Rodney Parham Rd Ste 36B","Palace Indo-Chnese Fusion","11121 N Rodney Parham Rd  ","Little Rock","AR","72212","1","63.66","0.00","0.00","5.49","0.00","69.15","-9.55","-6.37","0.00","-2.41","-5.49","0.00","45.33"
"2026-02-23","7746488","Havana Heights - 4083 Broadway","The Scorchin' Burger","4083 Broadway  ","New York","NY","10032","1","27.66","0.00","0.00","2.19","0.00","29.85","-4.15","-2.77","0.00","-1.12","0.00","-3.00","18.81"
"2026-02-02","3310939","Crenshaw Blvd","Breakfast Burrito Floozy","6732 Crenshaw Blvd  ","Los Angeles","CA","90043","2","48.05","0.00","0.00","4.52","0.00","52.57","-7.21","-4.81","0.00","-2.08","0.00","-4.00","34.47"
"2026-02-02","10938144","E Anaheim St","Sarah's Breakfast Bar","2841 E Anaheim St  ","Long Beach","CA","90804","1","0.00","0.00","0.00","0.00","0.00","0.00","-3.15","-2.10","0.00","-1.01","0.00","0.00","-6.26"
"2026-02-16","7749128","REAL JUICY BURGERS (RJ Burgers) - 8886 Knot Ave","Bosscat breakfast","8886 Knott Ave  ","Buena Park","CA","90620","1","47.98","0.00","0.00","3.85","0.00","51.83","-7.20","-4.80","0.00","-1.76","0.00","-4.00","34.07"
"2026-02-02","8568872",,"The Burrito Co","4352 E Speedway Blvd  ","Tucson","AZ","85712","1","33.98","0.00","0.00","2.52","0.00","36.50","-5.10","-3.40","0.00","-1.26","0.00","-5.00","21.74"
"2026-01-26","9797968","4352 E Speedway Blvd","Antonio's Quesadilla Shack","4352 E Speedway Blvd  ","Tucson","AZ","85712","1","23.78","0.00","0.00","2.07","0.00","25.85","-3.57","-2.38","0.00","-1.09","0.00","0.00","18.81"
"2026-02-02","3312896","Lexington Ave","Sip On Smoothie","1424 Lexington Ave  ","New York","NY","10128","3","32.04","0.00","0.00","2.85","0.00","34.89","-4.80","-3.21","0.00","-1.66","0.00","0.00","25.22"
"2026-02-23","2900417",,"Olivia's Breakfast Cafe","226 Newark Ave  ","Jersey City","NJ","07302","1","30.46","0.00","0.00","1.75","0.00","32.21","-4.57","-3.05","0.00","-1.16","0.00","-4.00","19.43"
"2026-02-09","3310745","Newport Blvd","Breakfast Burrito Joint","2400 Newport Blvd  ","Costa Mesa","CA","92627","2","65.48","0.00","0.00","4.69","0.00","70.17","-9.83","-6.55","0.00","-2.59","0.00","-5.00","46.20"
"2026-02-16","5320096","Yue Bai Wei - 5874 Forbes Ave","Xiu's Vegetarian Chinese","5874 Forbes Ave  ","Pittsburgh","PA","15217","2","45.98","0.00","0.00","2.80","0.00","48.78","-6.90","-4.60","0.00","-1.90","-2.80","-6.00","26.58"
"2026-02-02","4831888","197 Havemeyer St.","Pita Sandwich Bite","197 Havemeyer St  ","Brooklyn","NY","11211","1","43.76","0.00","0.00","3.89","0.00","47.65","-6.56","-4.38","0.00","-1.75","0.00","0.00","34.96"
"2026-02-16","2116039",,"BBQ Ribs Co.","820 Pennsylvania Ave ","Pittsburgh","PA","15233","4","171.83","0.00","0.00","11.20","0.00","183.03","-25.78","-17.19","0.00","-6.41","-11.20","-12.00","110.45"
"2026-02-23","2443867",,"Mary's Breakfast Burritos","59 4th Ave ","New York","NY","10003","1","38.95","0.00","0.00","3.46","0.00","42.41","-5.84","-3.90","0.00","-1.59","0.00","0.00","31.08"
"2026-02-02","5320096","Yue Bai Wei - 5874 Forbes Ave","Xiu's Vegetarian Chinese","5874 Forbes Ave  ","Pittsburgh","PA","15217","1","39.98","0.00","0.00","2.45","0.00","42.43","-6.00","-4.00","0.00","-1.44","-2.45","-5.00","23.54"
"2026-01-26","9813496","E 149th","Fresh N Fruity Smoothies","560 E 149th St  ","Bronx","NY","10455","2","0.00","0.00","0.00","0.00","0.00","0.00","0.00","0.00","0.00","0.00","0.00","0.00","0.00"
"2026-02-23","5021648","1 Kedron Ave Unit 4","Casa Pasta Ristorante","1 Kedron Ave  ","Morton","PA","19070","1","29.27","0.00","0.00","1.52","0.00","30.79","-4.39","-2.93","0.00","-1.12","-1.52","-4.00","16.83"
"2026-02-02","2776206",,"Frankie's Burger Bar","937 1st Avenue  ","New York","NY","10022","2","28.36","0.00","0.00","2.52","0.00","30.88","-4.25","-2.84","0.00","-1.54","0.00","0.00","22.25"
"2026-02-09","3301264","30th St","Viva Vegan Sandwiches","34-02 30th St  ","Astoria","NY","11106","1","41.96","0.00","0.00","2.81","0.00","44.77","-6.29","-4.20","0.00","-1.67","0.00","0.00","32.61"
"2026-02-23","3309846","Avenue A","City Light Wraps","93 Avenue A  ","New York","NY","10009","1","61.25","0.00","0.00","5.44","0.00","66.69","-9.19","-6.13","0.00","-2.33","0.00","0.00","49.04"
"2026-02-23","2030753",,"Fat Cheesesteaks","2624 Pico Blvd ","Santa Monica","CA","90405","4","73.85","0.00","0.00","7.57","0.00","81.42","-11.08","-7.39","0.00","-3.67","0.00","0.00","59.28"
"2026-02-23","3310297","W Peoria Ave #116","Kung Fu Chinese Kitchen","8520 W Peoria Ave  ","Peoria","AZ","85345","4","125.16","0.00","0.00","10.72","0.00","135.88","-18.77","-12.53","0.00","-5.05","0.00","-10.00","89.53"
"2026-02-23","2535778",,"The Pasta Story","1424 Lexington Ave ","New York","NY","10128","10","324.58","0.00","0.00","25.37","0.00","349.95","-51.05","-34.03","0.00","-13.02","0.00","-39.00","212.85"
"2026-02-09","8570072",,"Carmen's Breakfast Burritos","4352 E Speedway Blvd  ","Tucson","AZ","85712","5","89.90","0.00","0.00","6.52","0.00","96.42","-12.58","-9.00","0.00","-3.98","0.00","-15.00","55.86"
"2026-02-23","3006704",,"Big E's Wraps","2909A Queens Plaza North  ","Long Island City","NY","11101","1","16.09","0.00","0.00","1.07","0.00","17.16","-2.41","-1.61","0.00","-0.70","0.00","-4.00","8.44"
"2026-02-02","3310203","9th Ave","The Juice Empire","755 9th Ave  ","New York","NY","10019","3","104.07","0.00","0.00","9.25","0.00","113.32","-15.62","-10.41","0.00","-4.36","0.00","0.00","82.93"
"2026-02-23","3312236","4th Ave","Doughboys Sandwiches","59 4th Ave  ","New York","NY","10003","1","54.95","0.00","0.00","4.88","0.00","59.83","-8.24","-5.50","0.00","-2.12","0.00","0.00","43.97"
"2026-02-16","3309662","W Peoria Ave #116","Nakamura Ramen House","8520 W Peoria Ave  ","Peoria","AZ","85345","5","131.48","0.00","0.00","10.74","0.00","142.22","-19.73","-13.16","0.00","-5.35","0.00","-16.00","87.98"
"2026-02-16","7099080","Jonny's Place - 370 Main St","Jewel's Breakfast Joint","370 Main St  ","East Orange","NJ","07018","1","23.98","0.00","0.00","1.59","0.00","25.57","-3.60","-2.40","0.00","-1.08","0.00","0.00","18.49"
"2026-01-26","2730695",,"Charlie's Chicken Wings","1760 3rd Ave  ","New York","NY","10029","1","25.17","0.00","0.00","2.24","0.00","27.41","-3.78","-2.52","0.00","-1.14","0.00","0.00","19.97"
"2026-02-02","3311345","Ave #35st","Nomad's Bagels","450 9th Ave  ","New York","NY","10018","2","0.00","0.00","0.00","0.00","0.00","0.00","0.00","0.00","0.00","0.00","0.00","0.00","0.00"
"2026-02-23","3310266","3rd Ave","Mighty Grilled Cheese","1760 3rd Ave  ","New York","NY","10029","1","23.06","0.00","0.00","1.78","0.00","24.84","-3.46","-2.31","0.00","-0.97","0.00","-3.00","15.10"
"2026-02-23","3311350","N Broadway","Fried Chicken Savage","854 N Broadway  ","White Plains","NY","10603","1","35.97","0.00","0.00","3.01","0.00","38.98","-5.83","-3.89","0.00","-1.58","0.00","0.00","27.68"
"2026-01-26","4836096","197 Havemeyer St.","Twin Peaks Burger","197 Havemeyer St  ","Brooklyn","NY","11211","3","101.85","0.00","0.00","8.16","0.00","110.01","-15.28","-10.20","0.00","-3.95","0.00","-10.00","70.58"
"2026-02-02","3310190","32nd St","Prime Burger Lounge","590 32nd St  ","Union City","NJ","07087","1","0.00","0.00","0.00","0.00","0.00","0.00","0.00","0.00","0.00","0.00","0.00","0.00","0.00"
"2026-02-02","4831664","319 Rogers Ave","The Sandwich Vibe","319 Rogers Ave  ","Brooklyn","NY","11225","1","19.87","0.00","0.00","1.76","0.00","21.63","-2.98","-1.99","0.00","-0.96","0.00","0.00","15.70"
"2026-02-02","3311499","7th Ave","Alberto's Hero Sandwiches Spot","154 7th Ave  ","New York","NY","10011","1","11.29","0.00","0.00","1.00","0.00","12.29","-1.69","-1.13","0.00","-0.67","0.00","0.00","8.80"
"2026-02-23","11801712","Thomas S Boyland St","Luke's Breakfast Club","116 Thomas S Boyland St  ","Brooklyn","NY","11233","6","167.93","0.00","0.00","12.94","0.00","180.87","-26.32","-17.85","0.00","-6.98","0.00","-22.00","107.72"
"2026-02-23","9813512","W National","The Pasta Story","2138 W National Ave  ","Milwaukee","WI","53204","10","215.32","0.00","0.00","15.83","0.00","231.15","-32.31","-21.55","0.00","-9.59","-15.83","-15.00","136.87"
"2026-02-16","1968311",,"Penny's Pancakes","1237 Fulton Street  ","Brooklyn","NY","11216","2","47.93","0.00","0.00","4.26","0.00","52.19","-7.19","-4.80","0.00","-2.19","0.00","0.00","38.01"
"2026-02-02","3312817","Lexington Ave","Pressed On Panini's","1424 Lexington Ave  ","New York","NY","10128","2","63.96","0.00","0.00","5.15","0.00","69.11","-9.60","-6.40","0.00","-2.52","0.00","-6.00","44.59"
"2026-02-23","2391353",,"Famous Gyro Bar","244 W 14th St ","New York","NY","10011","1","16.79","0.00","0.00","1.22","0.00","18.01","-2.52","-1.68","0.00","-0.76","0.00","-3.00","10.05"
"2026-02-23","9819472","1368 N Arizona Ave","Fallen Angel Wings","1368 N Arizona Ave  ","Chandler","AZ","85225","2","106.30","0.00","0.00","7.75","0.00","114.05","-15.94","-10.64","0.00","-3.87","0.00","-7.00","76.60"
"2026-02-23","10078528","8th Ave","Fresh N Fruity Smoothies","382 8th Ave  ","New York","NY","10001","3","74.12","0.00","0.00","2.09","0.00","76.21","-10.67","-7.42","0.00","-2.94","0.00","-9.00","46.18"
"2026-02-02","4837568","319 Rogers Ave","Olivia's Breakfast Cafe","319 Rogers Ave  ","Brooklyn","NY","11225","1","18.56","0.00","0.00","1.24","0.00","19.80","-2.04","-1.86","0.00","0.00","0.00","-4.64","11.26"
"2026-02-09","3311071","Madison Ave","General's French Toast","1404 Madison Ave  ","New York","NY","10029","1","22.47","0.00","0.00","0.02","0.00","22.49","-3.37","-2.25","0.00","-0.86","0.00","-4.00","12.01"
"2026-02-23","9843248","277 Gold St","The Burger Hole","277 Gold St  ","Brooklyn","NY","11201","1","37.76","0.00","0.00","3.09","0.00","40.85","-5.66","-3.78","0.00","-1.45","0.00","-3.00","26.96"
"2026-02-02","9815016","3907 Lee Hwy","Top Notch Sandwiches","3907 Lee Hwy  ","Arlington","VA","22207","2","46.33","0.00","0.00","2.42","0.00","48.75","-6.95","-4.64","0.00","-1.91","0.00","-6.00","29.25"
"2026-01-26","6891024","Caffe Venice - 596 3rd Ave","CJ's Breakfast Sandwich","596 3rd Ave  ","New York","NY","10016","2","50.54","0.00","0.00","3.95","0.00","54.49","-7.58","-5.06","0.00","-2.08","0.00","-6.00","33.77"
"2026-01-26","5321760","Yue Bai Wei - 5874 Forbes Ave","The Stir Fry Bar","5874 Forbes Ave  ","Pittsburgh","PA","15217","2","73.52","0.00","0.00","4.72","0.00","78.24","-11.03","-7.35","0.00","-2.81","-4.72","-6.00","46.33"
"2026-02-09","9811888","Avenue A","Luke's Breakfast Wraps","93 Avenue A  ","New York","NY","10009","3","64.34","0.00","0.00","5.00","0.00","69.34","-9.65","-6.44","0.00","-2.76","0.00","-8.00","42.49"
"2026-02-23","8569872",,"Mighty Grilled Cheese","6600 W Sylvania Ave  ","Sylvania","OH","43560","1","30.56","0.00","0.00","2.14","0.00","32.70","-4.58","-3.06","0.00","-1.21","-2.14","-3.00","18.71"
"2026-02-16","10359464","1st Ave","The Pasta Brothers","589 1st Ave.  ","New York","NY","10016","5","211.88","0.00","0.00","16.41","0.00","228.29","-31.78","-21.20","0.00","-7.63","0.00","-27.00","140.68"
"2026-02-02","9819584","28501 Hoover Rd","The Farmers Salad","28501 Hoover Rd  ","Warren","MI","48093","1","16.78","0.00","0.00","1.01","0.00","17.79","-2.52","-1.68","0.00","-0.84","-1.01","0.00","11.74"
"2026-02-23","3310403","W Indian School Rd","Nakamura Ramen House","400 W Indian School Rd  ","Phoenix","AZ","85013","3","72.01","0.00","0.00","5.92","0.00","77.93","-10.80","-7.21","0.00","-3.07","0.00","-7.00","49.85"
"2026-02-16","10929056","Chestnut St","Charlie's Calzone Co","1929 Chestnut St  ","Philadelphia","PA","19103","2","44.86","0.00","0.00","3.11","0.00","47.97","-6.73","-4.49","0.00","-1.88","-3.11","-6.00","25.76"
"2026-02-02","3310580","George St","Sandwiches On Fleek","228 George St  ","New Brunswick","NJ","08901","1","21.57","0.00","0.00","1.43","0.00","23.00","-3.24","-2.16","0.00","-1.00","0.00","0.00","16.60"
"2026-02-02","9822568","57 sip ave","The Kabob Snob","57 Sip Ave  ","Jersey City","NJ","07306","2","43.36","0.00","0.00","2.54","0.00","45.90","-6.50","-4.34","0.00","-1.85","0.00","-5.00","28.21"
"2026-01-26","2460412",,"Breakfast Burrito Snob","488 Post St ","San Francisco","CA","94102","1","28.66","0.00","0.00","2.04","0.00","30.70","-4.30","-2.87","0.00","-1.08","0.00","-5.00","17.45"
"2026-02-16","8563056",,"Nomad's Bagels","433 W 34th St.  ","New York","NY","10001","2","17.98","0.00","0.00","1.60","0.00","19.58","-2.70","-1.80","0.00","-1.20","0.00","0.00","13.88"
"2026-02-16","5151472","Valentino's (1634 W High St)-","Stromboli House","1634 W High St  ","Pottstown","PA","19464","1","44.46","0.00","0.00","2.49","0.00","46.95","-6.67","-4.45","0.00","-1.64","-2.49","-3.00","28.70"
"2026-02-23","2900607",,"Princess Panini","589 1st Avenue  ","New York","NY","10016","1","22.99","0.00","0.00","2.04","0.00","25.03","-3.45","-2.30","0.00","-1.06","0.00","0.00","18.22"
"2026-02-02","10602440","Utica Ave","Mac's Cheese Factory","2102 Utica Ave  ","Brooklyn","NY","11234","1","19.29","0.00","0.00","1.45","0.00","20.74","-2.44","-1.93","0.00","-0.84","0.00","-3.00","12.53"
"2026-02-09","3309671","E Arapaho Rd #F","Chef Hanoka Sushi","1401 E Arapaho Rd  ","Richardson","TX","75081","2","45.16","0.00","0.00","3.07","0.00","48.23","-6.78","-4.52","0.00","-1.83","0.00","-8.00","27.10"
"2026-02-23","2776714",,"LV Taco Bar (1st Ave)","1741 1st Avenue  ","New York","NY","10128","1","19.78","0.00","0.00","1.49","0.00","21.27","-2.97","-1.98","0.00","-0.86","0.00","-3.00","12.46"
"2026-02-16","5314864","Golden Restaurant and Bakery-1849 N Scottsdale Rd","Mohamed's Pizza Flip","1849 N Scottsdale Rd  ","Scottsdale","AZ","85288","1","19.98","0.00","0.00","1.55","0.00","21.53","-3.00","-2.00","0.00","-0.87","0.00","-3.00","12.66"
"2026-02-02","4831784","34-02 30th St","Lovin' Vegan Desserts","3402 30th St  ","Astoria","NY","11106","3","64.44","0.00","0.00","2.59","0.00","67.03","-7.08","-6.45","0.00","0.00","0.00","0.00","53.50"
"2026-02-16","5037632","9061 Van Nuys Blvd","The Gourmet Burger","9061 Van Nuys Blvd  ","Los Angeles","CA","91402","2","60.16","0.00","0.00","5.29","0.00","65.45","-9.03","-6.02","0.00","-2.42","0.00","-6.00","41.98"
"2026-02-23","2848424",,"The Pasta Brothers (Bedford Ave)","265 Bedford Ave  ","Brooklyn","NY","11211","1","28.68","0.00","0.00","2.28","0.00","30.96","-4.30","-2.87","0.00","-1.15","0.00","-3.00","19.64"
"2026-02-16","10076952","Homestead Rd","Roman's Pizza Oven","2898 Homestead Rd  ","Santa Clara","CA","95051","1","16.78","0.00","0.00","1.57","0.00","18.35","-2.52","-1.68","0.00","-0.86","0.00","0.00","13.29"
"2026-02-23","6890824","Los barriles mexican restaurant -  6845 Doniphan Dr","The Breakfast Skillet","6845 Doniphan Dr  ","Canutillo","TX","79835","1","0.00","0.00","0.00","0.00","0.00","0.00","0.00","0.00","0.00","0.00","0.00","0.00","0.00"
"2026-02-02","3312267","Lexington Ave","Casa De Quesadilla","1424 Lexington Ave  ","New York","NY","10128","8","222.48","0.00","0.00","16.57","0.00","239.05","-33.37","-22.27","0.00","-8.62","0.00","-35.77","139.02"
"2026-02-09","10929056","Chestnut St","Charlie's Calzone Co","1929 Chestnut St  ","Philadelphia","PA","19103","3","61.96","0.00","0.00","4.24","0.00","66.20","-9.30","-6.20","0.00","-2.65","-4.24","-9.00","34.81"
"2026-02-16","10363736","Polk St","Blake's Dessert Lounge","1338 Polk St  ","San Francisco","CA","94109","3","107.90","0.00","0.00","8.19","0.00","116.09","-21.29","-14.19","0.00","-5.17","0.00","-13.00","62.44"
"2026-02-02","6891048","Caffe Venice - 596 3rd Ave","Smokin' Burger Grille","596 3rd Ave  ","New York","NY","10016","3","52.21","0.00","0.00","3.73","0.00","55.94","-8.16","-5.45","0.00","-2.37","0.00","-10.13","29.83"
"2026-02-09","1938271",,"Maria's Italian Meatballs","937 1st Avenue ","New York","NY","10022","1","32.87","0.00","0.00","2.47","0.00","35.34","-4.93","-3.29","0.00","-1.23","0.00","-5.00","20.89"
"2026-02-16","5037608","1 Kedron Ave Unit 4","Jim's House of Hoagies","1 Kedron Ave  ","Morton","PA","19070","2","41.23","0.00","0.00","2.30","0.00","43.53","-6.18","-4.13","0.00","-1.83","-2.30","-3.00","26.09"
"2026-02-09","3310025","10th Ave","Indian Biryani Snob","716 10th Ave ","New York","NY","10019","4","95.39","0.00","0.00","6.92","0.00","102.31","-14.31","-9.55","0.00","-3.79","0.00","-17.48","57.18"
"2026-02-02","5851864","Broadway","Aldo's Wraps Spot","689 Broadway  ","New York","NY","10012","1","32.17","0.00","0.00","2.59","0.00","34.76","-4.83","-3.22","0.00","-1.27","0.00","-3.00","22.44"
"2026-02-23","7325424","Del Rancho Mexican Grill - 5279 North Roxboro St","Mia's Breakfast Bar","5279 N Roxboro St  ","Durham","NC","27712","1","0.00","0.00","0.00","0.00","0.00","0.00","0.00","0.00","0.00","0.00","0.00","0.00","0.00"
"2026-02-16","10078552","E Apache Blvd","Chicken Sandwich Loft","2126 E Apache Blvd  ","Tempe","AZ","85281","1","19.58","0.00","0.00","1.38","0.00","20.96","-2.94","-1.96","0.00","-0.85","0.00","-3.00","12.21"
"2026-02-16","3301255","N Citrus Ave","Carmen's Breakfast Burritos","900 N Citrus Ave  ","Covina","CA","91722","1","36.36","0.00","0.00","3.41","0.00","39.77","-5.45","-3.64","0.00","-1.39","0.00","-4.00","25.29"
"2026-02-16","6891656","Wholesome Farms Market - 840 Fulton St","Olivia's Breakfast Cafe","840 Fulton St  ","Brooklyn","NY","11238","4","61.15","0.00","0.00","4.89","0.00","66.04","-10.13","-6.77","0.00","-3.25","0.00","-6.00","39.89"
"2026-02-02","10062104","8th Ave","Panini's On Panini's","382 8th Ave  ","New York","NY","10001","4","138.48","0.00","0.00","11.86","0.00","150.34","-20.78","-13.85","0.00","-5.33","0.00","-5.00","105.38"
"2026-02-02","3309992","1st Avenue","La Mexicana Quesadilla","217 1st Ave.  ","New York","NY","10003","2","53.95","0.00","0.00","4.79","0.00","58.74","-8.09","-5.40","0.00","-2.39","0.00","0.00","42.86"
"2026-02-09","823219",,"Priya's Indian Kitchen","716 10th Ave ","New York","NY","10019","3","80.93","0.00","0.00","6.30","0.00","87.23","-16.19","-8.10","0.00","-3.25","0.00","-10.00","49.69"
"2026-02-23","6890744","Wholesome Farms Market - 1306 Atlantic Ave","The Sandwich Vibe","1306 Atlantic Ave  ","Brooklyn","NY","11216","6","93.56","0.00","0.00","7.41","0.00","100.97","-15.72","-10.49","0.00","-4.94","0.00","-10.00","59.82"
"2026-02-02","3300958","30th St","Sin City Burger Spot","34-02 30th St  ","Astoria","NY","11106","4","119.55","0.00","0.00","4.59","0.00","124.14","-17.93","-11.96","0.00","-4.84","0.00","-5.00","84.41"
"2026-02-02","2795077",,"Orange Chicken Snob","9737 Manchester Rd  ","St. Louis","MO","63119","1","30.07","0.00","0.00","0.98","0.00","31.05","-4.51","-3.01","0.00","-1.03","0.00","-7.00","15.50"
"2026-02-02","10499904","1st Avenue","Lola's Smoothie Mix","937 1st Ave.  ","New York","NY","10022","8","270.53","0.00","0.00","21.54","0.00","292.07","-39.82","-27.07","0.00","-10.46","0.00","-28.00","186.72"
"2026-01-26","2489526",,"The Bagel Savage","1404 Madison Ave  ","New York","NY","10029","1","11.98","0.00","0.00","0.80","0.00","12.78","-3.15","-2.10","0.00","-0.90","0.00","-3.00","3.63"
"2026-02-23","3310455","Fulton St","The Pancake Flip","1237 Fulton St  ","Brooklyn","NY","11216","8","152.43","0.00","0.00","12.12","0.00","164.55","-21.68","-15.26","0.00","-6.63","0.00","-16.00","104.98"
"2026-02-23","2732932",,"RJ's Philly Cheesesteaks (Gold St)","257 Gold St  ","New York","NY","10075","8","240.27","0.00","0.00","18.96","0.00","259.23","-36.04","-24.04","0.00","-9.48","0.00","-27.00","162.67"
"2026-02-16","3300589","Federal Rd","Cheesin' with My Mac","401 Federal Rd  ","Brookfield","CT","06804","1","21.99","0.00","0.00","1.21","0.00","23.20","-3.30","-2.20","0.00","-0.92","-1.21","-3.00","12.57"
"2026-02-16","9815040","1424 Lexington Ave","House of Paninis","1424 Lexington Ave  ","New York","NY","10128","1","27.95","0.00","0.00","2.04","0.00","29.99","-4.19","-2.80","0.00","-1.06","0.00","-5.00","16.94"
"2026-02-09","3309272","Washington Blvd","Super Burrito Bar","109 Washington Blvd  ","Marina del Rey","CA","90292","1","6.69","0.00","0.00","0.70","0.00","7.39","-1.00","-0.67","0.00","-0.53","0.00","0.00","5.19"
"2026-02-23","7332904","Midtown Bar and Grill - 415 W Gray St","The Bagel Savage","415 W Gray St  ","Houston","TX","77019","4","56.80","0.00","0.00","4.28","0.00","61.08","-7.77","-5.69","0.00","-2.91","0.00","-5.00","39.71"
"2026-02-23","10491648","101st Ave","French Omelette Bar","131-03 101st Ave  ","South Richmond","NY","11419","1","0.00","0.00","0.00","0.00","0.00","0.00","0.00","0.00","0.00","0.00","0.00","0.00","0.00"
"2026-02-09","6891744","Wholesome Farms Market - 108 Jay St","Gloria's Favorite Greens","108 Jay St  ","Brooklyn","NY","11201","1","15.49","0.00","0.00","1.11","0.00","16.60","-2.32","-1.55","0.00","-0.71","0.00","-3.00","9.02"
"2026-02-09","8563120",,"Bonnie's Burgers","1634 W High St  ","Pottstown","PA","19464","1","32.98","0.00","0.00","1.74","0.00","34.72","-4.95","-3.30","0.00","-1.24","-1.74","-4.00","19.49"
"2026-02-16","3310782","22nd Ave","The Pasta Slut"," 329 Union St  ","Nashville","TN","37203","1","23.28","0.00","0.00","1.88","0.00","25.16","-3.49","-2.33","0.00","-0.98","0.00","-3.00","15.36"
"2026-01-26","9832880","205 22nd Ave N","Luigi's Pasta Ristorante","329 Union St  ","Nashville","TN","37201","1","20.28","0.00","0.00","1.41","0.00","21.69","-3.04","-2.03","0.00","-0.81","0.00","-5.00","10.81"
"2026-01-26","3310118","W Indian School Rd","Fried Rice Fanatic","400 W Indian School Rd  ","Phoenix","AZ","85013","1","23.07","0.00","0.00","1.83","0.00","24.90","-3.46","-2.31","0.00","-0.97","0.00","-3.00","15.16"
"2026-02-02","2795313",,"La Bella Italian Desserts","25-02 Queens Plaza S  ","Long Island City","NY","11101","2","34.05","0.00","0.00","1.24","0.00","35.29","-5.10","-3.41","0.00","-1.58","0.00","-3.00","22.20"
"2026-02-09","9819608","18300 Vanowen St","K's Slice of Cake","18300 Vanowen St  ","Los Angeles","CA","91335","2","23.76","0.00","0.00","1.43","0.00","25.19","-3.57","-2.38","0.00","-1.37","0.00","0.00","17.87"
"2026-02-09","5028128","3907 Lee Hwy","Breakfast Burrito Joint","3907 Lee Hwy  ","Arlington","VA","22207","1","10.19","0.00","0.00","0.31","0.00","10.50","-1.53","-1.02","0.00","-0.47","0.00","-5.00","2.48"
"2026-02-09","2896401",,"Glorious Panini Snob","1219 1st Ave  ","New York","NY","10065","1","14.97","0.00","0.00","1.33","0.00","16.30","-2.25","-1.50","0.00","-0.80","0.00","0.00","11.75"
"2026-02-16","3309585","Pico Blvd","Firenze Pasta Ristorante","2624 Pico Blvd  ","Santa Monica","CA","90405","3","96.71","0.00","0.00","9.43","0.00","106.14","-14.50","-9.68","0.00","-3.87","0.00","-9.00","69.09"
"2026-02-09","8569944",,"Top Panini Shop","1175 2nd Ave  ","New York","NY","10065","3","35.98","0.00","0.00","3.20","0.00","39.18","-5.40","-3.60","0.00","-1.80","0.00","0.00","28.38"
"2026-02-09","7749192","Sicilian Pizza - 2614 Lebanon Pike","Green Leaf Salads","2614 Lebanon Pike  ","Nashville","TN","37214","1","26.57","0.00","0.00","2.00","0.00","28.57","-3.99","-2.66","0.00","-1.02","0.00","-5.00","15.90"
"2026-02-02","2642274",,"Smoothie and Dessert Bar","755 9th Ave  #1C","New York","NY","10019","2","41.67","0.00","0.00","3.70","0.00","45.37","-6.25","-4.17","0.00","-1.98","0.00","0.00","32.97"
"2026-01-26","4839144","319 Rogers Ave","The Gyro Bar","319 Rogers Ave  ","Brooklyn","NY","11225","4","72.91","0.00","0.00","5.22","0.00","78.13","-8.03","-7.30","0.00","0.00","0.00","-14.20","48.60"
"2026-02-23","7323168","Del Rancho Mexican Grill - 5279 North Roxboro St","Veronica's Burrito Bar","5279 N Roxboro St  ","Durham","NC","27712","1","36.36","0.00","0.00","2.20","0.00","38.56","-5.45","-3.64","0.00","-1.26","-2.20","-7.00","19.01"
"2026-02-02","2900806",,"The Shawarma Bar (Polk St)","1338 Polk St  ","San Francisco","CA","94109","9","282.81","0.00","0.00","20.93","0.00","303.74","-42.44","-28.30","0.00","-10.75","0.00","-40.00","182.25"
"2026-02-23","2796313",,"Wonka's Smoothie Bar","59 4th Ave  ","New York","NY","10003","1","13.99","0.00","0.00","1.24","0.00","15.23","-2.10","-1.40","0.00","-0.76","0.00","0.00","10.97"
"2026-02-23","823219",,"Priya's Indian Kitchen","716 10th Ave ","New York","NY","10019","2","48.97","0.00","0.00","4.08","0.00","53.05","-9.80","-4.90","0.00","-2.13","0.00","-3.00","33.22"
"2026-02-23","7099080","Jonny's Place - 370 Main St","Jewel's Breakfast Joint","370 Main St  ","East Orange","NJ","07018","1","16.28","0.00","0.00","1.08","0.00","17.36","-2.44","-1.63","0.00","-0.83","0.00","0.00","12.46"
"2026-02-16","3310218","E Bell Rd #132","The Chinese Joint","4015 E Bell Rd  ","Phoenix","AZ","85032","3","43.06","0.00","0.00","3.92","0.00","46.98","-6.46","-4.31","0.00","-2.04","0.00","0.00","34.17"
"2026-02-02","5851848","Broadway","The Acai Dream","689 Broadway  ","New York","NY","10012","1","30.78","0.00","0.00","2.20","0.00","32.98","-4.62","-3.08","0.00","-1.12","0.00","-6.00","18.16"
"2026-02-16","3310395","9th Ave","Mufasa's Pancakes & French Toast","755 9th Ave  ","New York","NY","10019","3","52.34","0.00","0.00","4.39","0.00","56.73","-7.85","-5.24","0.00","-2.24","0.00","-3.00","38.40"
"2026-02-16","10491640","George St","Jacks Cheesesteaks","228 George St  ","New Brunswick","NJ","08901","1","18.58","0.00","0.00","1.23","0.00","19.81","-2.79","-1.86","0.00","-0.90","0.00","0.00","14.26"
"2026-02-02","6156496","839 W University Dr","Olivia's Omelettes","839 W University Dr  ","Tempe","AZ","85281","4","59.23","0.00","0.00","4.04","0.00","63.27","-10.74","-7.17","0.00","-3.18","0.00","-12.00","30.18"
"2026-02-02","2489526",,"The Bagel Savage","1404 Madison Ave  ","New York","NY","10029","2","21.98","0.00","0.00","1.95","0.00","23.93","-3.30","-2.20","0.00","-1.33","0.00","0.00","17.10"
"2026-02-02","2460412",,"Breakfast Burrito Snob","488 Post St ","San Francisco","CA","94102","3","81.12","0.00","0.00","5.70","0.00","86.82","-12.17","-8.12","0.00","-3.09","0.00","-15.00","48.44"
"2026-02-23","3300657","30th St","Big Ease Smoothies","34-02 30th St  ","Astoria","NY","11106","1","0.00","0.00","0.00","0.00","0.00","0.00","-1.53","-1.02","0.00","-0.62","0.00","0.00","-3.17"
"2026-02-16","10334552","N Arizona Ave","Little Italy's Calzones","1368 N Arizona Ave  ","Chandler","AZ","85225","3","94.33","0.00","0.00","7.04","0.00","101.37","-14.15","-9.44","0.00","-3.87","0.00","-4.00","69.91"
"2026-02-23","5850184","Vernon Boulevard","Penny's Pancakes","38-01 Vernon Blvd  ","Long Island City","NY","11101","1","34.14","0.00","0.00","3.03","0.00","37.17","-5.12","-3.41","0.00","-1.43","0.00","0.00","27.21"
"2026-02-09","5850184","Vernon Boulevard","Penny's Pancakes","38-01 Vernon Blvd  ","Long Island City","NY","11101","1","24.16","0.00","0.00","1.70","0.00","25.86","-3.62","-2.42","0.00","-0.94","0.00","-5.00","13.88"
"2026-02-16","9821064","Broadway","Two Hand Burger","4083 Broadway  ","New York","NY","10032","4","65.69","0.00","0.00","5.56","0.00","71.25","-12.56","-8.68","0.00","-3.98","0.00","-3.00","43.03"
"2026-01-26","8567328",,"Addictive Burger Bar","711 E Blithedale Ave  ","Mill Valley","CA","94941","1","55.95","0.00","0.00","5.18","0.00","61.13","-8.39","-5.60","0.00","-2.16","0.00","0.00","44.98"
"2026-02-09","3326398","W 34th st","Heaven's Burgers","433 W 34th St  ","New York","NY","10001","1","30.37","0.00","0.00","2.25","0.00","32.62","-4.56","-3.04","0.00","-1.14","0.00","-5.00","18.88"
"2026-02-02","6892128","Dream Gourmet Deli inc. - 111 East 161 Street","Golden Bear Sandwiches","111 E 161 St  ","Bronx","NY","10452","1","11.89","0.00","0.00","0.48","0.00","12.37","-1.78","-1.19","0.00","-0.68","0.00","0.00","8.72"
"2026-02-02","2773358",,"The Gourmet Burger (1st Ave)","1741 1st Avenue  ","New York","NY","10128","1","16.98","0.00","0.00","1.51","0.00","18.49","-2.55","-1.70","0.00","-0.86","0.00","0.00","13.38"
"2026-02-23","9794808","1401 E Arapaho Rd #F","Ryu's Ramen Bar","1401 E Arapaho Rd  ","Richardson","TX","75081","1","35.28","0.00","0.00","2.50","0.00","37.78","-5.29","-3.53","0.00","-1.30","0.00","-5.00","22.66"
"2026-02-23","7097528","East Side Deli","Sunrise Coffee Express","1424 Lexington Ave  ","New York","NY","10128","5","41.90","0.00","0.00","3.45","0.00","45.35","-5.85","-4.20","0.00","-2.79","0.00","-3.00","29.51"
"2026-02-09","3310407","E Arapaho Rd #F","Master Yamamoto Ramen Bar","1401 E Arapaho Rd  ","Richardson","TX","75081","1","58.05","0.00","0.00","4.38","0.00","62.43","-8.71","-5.81","0.00","-2.05","0.00","-5.00","40.86"
"2026-02-16","11804944","Ralph Ave","NY Smoothie Joint","104 Ralph Ave  ","Brooklyn","NY","11221","2","29.97","0.00","0.00","2.39","0.00","32.36","-4.50","-3.00","0.00","-1.49","0.00","-3.00","20.37"
"2026-02-16","8566136",,"Luna's Loaded Fries","4352 E Speedway Blvd  ","Tucson","AZ","85712","3","57.33","0.00","0.00","4.37","0.00","61.70","-8.16","-5.74","0.00","-2.58","0.00","-7.00","38.22"
"2026-02-16","2847690",,"Greek Gyro Spot (Bedford Ave)","265 Bedford Ave  ","New York","NY","11211","2","42.77","0.00","0.00","3.53","0.00","46.30","-6.41","-4.28","0.00","-1.92","0.00","-3.00","30.69"
"2026-02-09","7097528","East Side Deli","Sunrise Coffee Express","1424 Lexington Ave  ","New York","NY","10128","3","59.40","0.00","0.00","4.30","0.00","63.70","-8.46","-5.95","0.00","-2.51","0.00","-11.00","35.78"
"2026-02-09","3310235","Queens Plaza S","Slapjack Pancakes","25-02 Queens Plaza S  ","Queens","NY","11101","4","70.82","0.00","0.00","2.42","0.00","73.24","-10.63","-7.08","0.00","-3.13","0.00","-10.00","42.40"
"2026-02-09","2444528",,"Breakfast Burrito Snob","25-02 Queens Plaza S ","Long Island City","NY","11101","1","25.47","0.00","0.00","0.82","0.00","26.29","-3.82","-2.55","0.00","-0.95","0.00","-5.00","13.97"
"2026-02-23","3310939","Crenshaw Blvd","Breakfast Burrito Floozy","6732 Crenshaw Blvd  ","Los Angeles","CA","90043","1","24.16","0.00","0.00","2.48","0.00","26.64","-3.62","-2.42","0.00","-1.11","0.00","0.00","19.49"
