Store Name,Shop ID,Store ID,Order Count,Count of Misc payment,Sales (excl. tax),Tax on Sales,Sales (incl. tax),Order Error Adjustments,Tax on Order Error Adjustments,Order Error Adjustments (incl. tax),Price adjustments (excl. tax),Tax on Price Adjustments,Price Adjustments (incl. tax),Offers on items (incl. tax),Tax On Offers on items,Delivery Offer Redemptions (incl. tax),Tax On Delivery Offer Redemptions,Offer Redemption Fee,Marketing Adjustment,Bag Fee,Marketplace Fee,Tax on Marketplace Fee,Delivery Network Fee,Tax on Delivery Network Fee,Order Processing Fee,Total Sales after Adjustments (incl tax),Capital payments,Container Deposit Fee,Other payments,Marketplace Facilitator Tax Adjustment,Marketplace Facilitator Tax,Backup Withholding Tax,Total payout ,Payout Date,Payout reference ID
Halal Gyro Lab,403b0e11-d8de-4f6f-bdb9-200a551a09d9,403b0e11-d8de-4f6f-bdb9-200a551a09d9,1,0,16.98,1.51,18.49,0,0,0,0,0,0,-3.7,-0.3,0,0,0,0,0,-3.4,0,0,0,0,14.79,0,0,0,0,0,0,11.39,2/2/26,GRK6K1M41JYM8CJ
Halal Gyro Lab,403b0e11-d8de-4f6f-bdb9-200a551a09d9,403b0e11-d8de-4f6f-bdb9-200a551a09d9,1,0,15.58,1.38,16.96,0,0,0,0,0,0,-3.39,-0.27,0,0,0,0,0,-3.12,0,0,0,0,13.57,0,0,0,0,0,0,10.45,2/17/26,HEV94B7OE83D9B1
Wonderland Wraps  (3846 Mowry Ave),86ba25df-0077-56d1-abbe-d1da568f820b,,5,10,104.03,10.66,114.69,0,0,0,0,0,0,-22.94,-2.14,0,0,0,0,0,-22.07,0,0,0,0,91.75,0,0,-18.5,0,-8.52,0,42.66,2/2/26,ZTX4JALF5FVP9AG
Wonderland Wraps  (3846 Mowry Ave),86ba25df-0077-56d1-abbe-d1da568f820b,,3,5,61.21,6.28,67.49,0,0,0,0,0,0,0,0,0,0,0,0,0,-15.34,0,0,0,0,67.49,0,0,-6.24,0,-6.28,0,39.63,2/9/26,S24JUEF8GULRD8G
Wonderland Wraps  (3846 Mowry Ave),86ba25df-0077-56d1-abbe-d1da568f820b,,1,5,67.13,6.3,73.43,0,0,0,0,0,0,0,0,0,0,0,0,0,-20.14,0,0,0,0,73.43,0,0,-5.29,0,-6.3,0,41.7,2/17/26,O7A8U847S2CVDMB
Bosscat Wings (226 1/2 Newark Ave),bb1a086d-fd4f-52fa-9e6d-0f92d6255657,3016fce9-6e51-4163-bba0-6b4712961367,1,0,18.99,1.26,20.25,0,0,0,0,0,0,-4.05,-0.25,0,0,0,0,0,-4.56,0,0,0,0,16.2,0,0,0,0,-1.01,0,10.63,2/17/26,1HLFZ9ITI777H36
NY Boba Bae (501 Broadway St),4f2b43e1-4d0d-5138-8e64-800a9618d0d8,,1,0,40.57,3.5,44.07,0,0,0,0,0,0,0,0,0,0,0,0,0,-12.17,0,0,0,0,44.07,0,0,0,0,-3.5,0,28.4,2/9/26,Z4UZDUPITXZ5U0C
NY Boba Bae (501 Broadway St),4f2b43e1-4d0d-5138-8e64-800a9618d0d8,,1,0,18.18,1.57,19.75,0,0,0,0,0,0,0,0,0,0,0,0,0,-5.45,0,0,0,0,19.75,0,0,0,0,-1.57,0,12.73,2/17/26,1QDXHEYMNUSED1F
The Farmers Salad (28501 Hoover Rd),c6068464-1818-595f-81b8-236c34e4a370,,6,0,204.6,12.27,216.87,-13.42,-0.81,-14.23,0,0,0,-41.06,-2.32,0,0,0,0,0,-49.76,0,0,0,0,175.81,0,0,0,0,-9.14,0,102.68,2/2/26,TFPX1QP7IC9YNLP
The Farmers Salad (28501 Hoover Rd),c6068464-1818-595f-81b8-236c34e4a370,,5,0,107.73,6.47,114.2,0,0,0,0,0,0,-16.97,-0.96,0,0,0,0,0,-27.51,0,0,0,0,97.23,0,0,0,0,-5.51,0,64.21,2/9/26,O0M95T44UI9AABJ
The Farmers Salad (28501 Hoover Rd),c6068464-1818-595f-81b8-236c34e4a370,,8,0,193,11.57,204.57,0,0,0,0,0,0,-37.84,-2.13,0,0,0,0,0,-47.2,0,0,0,0,166.73,0,0,0,0,-9.44,0,110.09,2/17/26,9WGN7VYBC3WQESU
The Farmers Salad (28501 Hoover Rd),c6068464-1818-595f-81b8-236c34e4a370,,2,0,56.01,3.36,59.37,0,0,0,0,0,0,-11.87,-0.67,0,0,0,0,0,-13.44,0,0,0,0,47.5,0,0,0,0,-2.69,0,31.37,2/23/26,1MNRJCBRQ0AHLXH
Seth's Sandwiches (4083 Broadway),f0d63a28-5d16-5032-b842-3484f845259e,,1,0,23.07,2.05,25.12,0,0,0,0,0,0,-5.02,-0.41,0,0,-0.99,0,0,-5.54,0,0,0,0,20.1,0,0,0,0,0,0,13.57,2/2/26,IH09JQ6GBZ4XJ2C
Seth's Sandwiches (4083 Broadway),f0d63a28-5d16-5032-b842-3484f845259e,,1,0,16.08,1.43,17.51,0,0,0,0,0,0,-3.51,-0.29,0,0,-0.99,0,0,-3.86,0,0,0,0,14,0,0,0,0,0,0,9.15,2/9/26,X6IID1ZLU4ZXN95
Seth's Sandwiches (4083 Broadway),f0d63a28-5d16-5032-b842-3484f845259e,,1,0,10.48,0.93,11.41,0,0,0,0,0,0,0,0,0,0,0,0,0,-3.14,0,0,0,0,11.41,0,0,0,0,0,0,8.27,2/23/26,B2V8IX7J2LDG0GI
Stella's Slammin' Burgers (303 East 9th Street),923ff513-e667-5834-89a2-aafee9087bf7,9184853a-7e26-477b-af82-377d0b332f1c,6,0,203.5,18.06,221.56,-55.93,-4.96,-60.89,0,0,0,-39.23,-3.24,0,0,-5.94,0,0,-13.39,0,0,0,0,182.33,0,0,0,0,0,0,142.07,2/2/26,R4B1XEEQD2L2BUS
Stella's Slammin' Burgers (303 East 9th Street),923ff513-e667-5834-89a2-aafee9087bf7,9184853a-7e26-477b-af82-377d0b332f1c,6,0,114.67,10.19,124.86,-45.86,-4.07,-49.93,0,0,0,-25.05,-2.1,0,0,-5.94,0,0,-7.32,0,0,0,0,99.81,0,0,0,0,0,0,65.73,2/9/26,SWCJWXQAXBG30Z1
Casa De Quesadilla (4352 E Speedway Blvd),d9d6bc70-6518-5686-a84b-12f5f02edd0c,78c29df2-bc59-49a9-be7c-a2b9bfa17786,1,0,53.41,4.65,58.06,0,0,0,0,0,0,-9.79,-0.79,0,0,0,0,0,-13.32,0,0,0,0,48.27,0,0,0,0,0,0,34.95,2/2/26,11F4C49SWDCKBKV
Casa De Quesadilla (4352 E Speedway Blvd),d9d6bc70-6518-5686-a84b-12f5f02edd0c,78c29df2-bc59-49a9-be7c-a2b9bfa17786,1,0,27.94,2.43,30.37,0,0,0,0,0,0,-6.08,-0.49,0,0,0,0,0,-6.71,0,0,0,0,24.29,0,0,0,0,0,0,17.58,2/17/26,NYW9D9RXU332329
Casa De Quesadilla (4352 E Speedway Blvd),d9d6bc70-6518-5686-a84b-12f5f02edd0c,78c29df2-bc59-49a9-be7c-a2b9bfa17786,1,0,29.48,2.56,32.04,0,0,0,0,0,0,-6.41,-0.51,0,0,0,0,0,-7.07,0,0,0,0,25.63,0,0,0,0,0,0,18.56,2/23/26,WYXP7YA5V0IJUNE
Kelly's Pancake Bar,efaa8059-bafb-4d09-b1e8-c51e82ebcf9d,efaa8059-bafb-4d09-b1e8-c51e82ebcf9d,2,0,68.71,2.75,71.46,0,0,0,0,0,0,-7.85,-0.3,0,0,0,0,0,-18.35,0,0,0,0,63.61,0,0,0,0,0,0,45.26,2/2/26,8F1BKBZEV51BPEJ
Kelly's Pancake Bar,efaa8059-bafb-4d09-b1e8-c51e82ebcf9d,efaa8059-bafb-4d09-b1e8-c51e82ebcf9d,1,0,15.37,0.61,15.98,0,0,0,0,0,0,-3.19,-0.12,0,0,0,0,0,-3.69,0,0,0,0,12.79,0,0,0,0,0,0,9.1,2/9/26,IQ5Y9PV77AKXE7E
Kelly's Pancake Bar,efaa8059-bafb-4d09-b1e8-c51e82ebcf9d,efaa8059-bafb-4d09-b1e8-c51e82ebcf9d,2,0,49.85,1.99,51.84,0,0,0,0,0,0,-10.36,-0.39,0,0,0,0,0,-11.97,0,0,0,0,41.48,0,0,0,0,0,0,29.51,2/17/26,RBBQCO9OSMVO2QQ
Kelly's Pancake Bar,efaa8059-bafb-4d09-b1e8-c51e82ebcf9d,efaa8059-bafb-4d09-b1e8-c51e82ebcf9d,3,0,81.5,3.27,84.77,0,0,0,0,0,0,-16.1,-0.62,0,0,0,0,0,-19.8,0,0,0,0,68.67,0,0,0,0,0,0,48.87,2/23/26,SMB43UUA0D084GT
FirstBite Breakfast Sandwiches (370 Main St),25f4ceb6-d6ba-56df-8961-6a8c9051442f,,2,7,50.01,3.3,53.31,0,0,0,0,0,0,-10.65,-0.65,0,0,0,0,0,-12.01,0,0,0,0,42.66,0,0,-19.88,0,-2.65,0,8.12,2/2/26,GLXVLC3Y6JD0L8S
FirstBite Breakfast Sandwiches (370 Main St),25f4ceb6-d6ba-56df-8961-6a8c9051442f,,5,8,142.63,9.44,152.07,0,0,0,0,0,0,-28.52,-1.77,0,0,0,0,0,-34.77,0,0,0,0,123.55,0,0,-20.81,0,-7.67,0,60.3,2/9/26,R1ZPM2V2AUMOKLS
FirstBite Breakfast Sandwiches (370 Main St),25f4ceb6-d6ba-56df-8961-6a8c9051442f,,2,7,47.56,3.15,50.71,0,0,0,0,0,0,-8.27,-0.51,0,0,-0.99,0,0,-11.94,0,0,0,0,42.44,0,0,-22.12,0,-2.64,0,4.75,2/17/26,SIETYO3B7PX4FD7
FirstBite Breakfast Sandwiches (370 Main St),25f4ceb6-d6ba-56df-8961-6a8c9051442f,,4,7,107.68,7.14,114.82,0,0,0,0,0,0,-16.67,-1.05,0,0,-0.99,0,0,-27.61,0,0,0,0,98.15,0,0,-18.04,0,-6.09,0,45.42,2/23/26,ZD1KE1SRUMI0HPV
Breakfast Burrito Joint (4352 E Speedway Blvd),a5039c87-bd5f-5993-8edd-8ee6922b7298,,1,0,17.55,1.53,19.08,0,0,0,0,0,0,-3.82,-0.31,0,0,0,0,0,-4.21,0,0,0,0,15.26,0,0,0,0,0,0,11.05,2/2/26,9B2C5TIZ6UHA0MF
Breakfast Burrito Joint (4352 E Speedway Blvd),a5039c87-bd5f-5993-8edd-8ee6922b7298,,2,0,39.9,3.48,43.38,0,0,0,0,0,0,-5.99,-0.48,0,0,0,0,0,-10.32,0,0,0,0,37.39,0,0,0,0,0,0,27.07,2/17/26,AWWMUTMMX4CG0VP
Breakfast Burrito Joint (4352 E Speedway Blvd),a5039c87-bd5f-5993-8edd-8ee6922b7298,,2,0,31.43,2.74,34.17,0,0,0,0,0,0,-6.84,-0.55,0,0,0,0,0,-7.54,0,0,0,0,27.33,0,0,0,0,0,0,19.79,2/23/26,CQ35PDGWS0XDFCU
High Life Breakfast Sandwiches (440 10th Ave),e268c2c8-17f9-56ca-96cf-e486d397ea4d,,4,0,334.62,29.73,364.35,-48.33,-4.29,-52.62,0,0,0,-17.56,-1.46,0,0,-1.98,0,0,-95.56,0,0,0,0,346.79,0,0,0,0,0,0,196.63,2/2/26,E2BBM58OOTRS2YM
High Life Breakfast Sandwiches (440 10th Ave),e268c2c8-17f9-56ca-96cf-e486d397ea4d,,2,0,67.94,6.03,73.97,0,0,0,0,0,0,-14.79,-1.2,0,0,-1.98,0,0,-16.3,0,0,0,0,59.18,0,0,0,0,0,0,40.9,2/9/26,IKNK6FAY1R72F6E
High Life Breakfast Sandwiches (440 10th Ave),e268c2c8-17f9-56ca-96cf-e486d397ea4d,,1,0,30.98,2.75,33.73,0,0,0,0,0,0,-6.75,-0.55,0,0,-0.99,0,0,-7.43,0,0,0,0,26.98,0,0,0,0,0,0,18.56,2/17/26,YTM5G20KAAMBYL3
Aldo's Wraps Spot,a6458ce4-8e5a-5915-a979-30e5f365e618,,2,0,30.76,2.72,33.48,0,0,0,0,0,0,-6.7,-0.54,0,0,0,0,0,0,0,0,0,0,26.78,0,0,0,0,0,0,26.78,2/9/26,4QE6QT6FT2N8M5F
Aldo's Wraps Spot,a6458ce4-8e5a-5915-a979-30e5f365e618,,2,0,43.37,3.85,47.22,0,0,0,0,0,0,-8.58,-0.7,0,0,0,0,0,-0.72,0,0,0,0,38.64,0,0,0,0,0,0,37.92,2/17/26,QCXBNY1O13N4ACQ
Pancake House  (7701 Garrison Rd),512fc888-c0cd-567e-bd79-92e063cc326a,512fc888-c0cd-567e-bd79-92e063cc326a,14,0,418.81,26.61,445.42,-3.79,-0.23,-4.02,0,0,0,-10.6,-0.6,0,0,0,0,0,-108.73,0,0,0,0,434.82,0,0,0,0,-25.78,0,296.29,2/2/26,HC7YC0H7SRWJALN
Pancake House  (7701 Garrison Rd),512fc888-c0cd-567e-bd79-92e063cc326a,512fc888-c0cd-567e-bd79-92e063cc326a,41,0,1131.89,75.9,1207.79,-14.27,-0.86,-15.13,0,0,0,-10.8,-0.8,0,0,0,0,0,-294.2,0,0,0,0,1196.99,0,0,0,0,-74.24,0,813.42,2/9/26,JC3JHH1AW6PF1S1
Pancake House  (7701 Garrison Rd),512fc888-c0cd-567e-bd79-92e063cc326a,512fc888-c0cd-567e-bd79-92e063cc326a,44,0,1094.43,70.78,1165.21,-7.59,-1.09,-8.68,0,0,0,-5.3,-0.3,0,0,0,0,0,-313.37,0,0,0,0,1159.91,0,0,0,0,-69.39,0,768.47,2/17/26,IYL0N5X8IDJ7QGM
Pancake House  (7701 Garrison Rd),512fc888-c0cd-567e-bd79-92e063cc326a,512fc888-c0cd-567e-bd79-92e063cc326a,41,0,1006.66,64.28,1070.94,-1.89,-1.21,-3.1,0,0,0,-5.3,-0.3,0,0,0,0,0,-262.9,0,0,0,0,1065.64,0,0,0,0,-62.77,0,736.87,2/23/26,1RQKQUQYQT2OE1Y
Stan's Burger Bar (168 Myrtle Ave),53d22e86-8d53-57f8-99e1-8ecd572e9086,f2f36f9a-0e38-41b9-afa7-7f41995538ca,1,0,44.76,3.97,48.73,0,0,0,0,0,0,-9.74,-0.79,0,0,0,0,0,-10.74,0,0,0,0,38.99,0,0,0,0,0,0,28.25,2/2/26,QYZV0F8JUSDA7WC
Stan's Burger Bar (168 Myrtle Ave),53d22e86-8d53-57f8-99e1-8ecd572e9086,f2f36f9a-0e38-41b9-afa7-7f41995538ca,1,0,26.57,2.36,28.93,0,0,0,0,0,0,-5.78,-0.47,0,0,0,0,0,-6.38,0,0,0,0,23.15,0,0,0,0,0,0,16.77,2/23/26,DODUAS2RSWJ5EY5
Chelsea's Breakfast Bar,cc376637-50e4-4038-96d0-c4752a3d990d,cc376637-50e4-4038-96d0-c4752a3d990d,1,0,33.57,2.98,36.55,0,0,0,0,0,0,-7.31,-0.6,0,0,0,0,0,-8.06,0,0,0,0,29.24,0,0,0,0,0,0,21.18,2/2/26,4NRV2KWM0HW190X
Chelsea's Breakfast Bar,cc376637-50e4-4038-96d0-c4752a3d990d,cc376637-50e4-4038-96d0-c4752a3d990d,1,0,48.25,4.28,52.53,0,0,0,0,0,0,-9.8,-0.8,0,0,0,0,0,-11.78,0,0,0,0,42.73,0,0,0,0,0,0,30.95,2/9/26,96MS09SBK3QM50J
Chelsea's Breakfast Bar,cc376637-50e4-4038-96d0-c4752a3d990d,cc376637-50e4-4038-96d0-c4752a3d990d,2,0,49.64,4.41,54.05,0,0,0,0,0,0,-3.51,-0.29,0,0,0,0,0,-13.93,0,0,0,0,50.54,0,0,0,0,0,0,36.61,2/23/26,H7Q62J8QXFZJG9I
Salad Kreation (5993 Broadway),21c1925c-5bef-5519-a310-4b8094eff600,,1,0,13.99,1.24,15.23,0,0,0,0,0,0,0,0,0,0,0,0,0,-4.2,0,0,0,0,15.23,0,0,0,0,0,0,11.03,2/9/26,MEHMMZZM6SIX5UQ
Salad Kreation (5993 Broadway),21c1925c-5bef-5519-a310-4b8094eff600,,3,0,61.52,5.46,66.98,0,0,0,0,0,0,-13.39,-1.09,0,0,-2.97,0,0,-14.77,0,0,0,0,53.59,0,0,0,0,0,0,35.85,2/23/26,LY2Y7IKN1DVASQ7
Fat Cheesesteaks,4f9682eb-1aab-44a0-87c4-0dfa0f886ae7,f0dd712f-f0dd-44a9-8c7f-5e4687f6f90e,21,13,577.8,59.36,637.16,0,0,0,0,0,0,-118.28,-11.04,0,0,0,0,0,-133.68,0,0,0,0,518.88,0,0,-32.82,0,-48.32,0,304.06,2/2/26,GS6A1O061CUIE64
Fat Cheesesteaks,4f9682eb-1aab-44a0-87c4-0dfa0f886ae7,f0dd712f-f0dd-44a9-8c7f-5e4687f6f90e,24,15,675.74,68.78,744.52,0,0,0,0,0,0,-136.21,-12.59,0,0,0,0,0,-160.89,0,0,0,0,608.31,0,0,-39.18,0,-56.19,0,352.05,2/9/26,DRCOO8QF9F3DB1B
Fat Cheesesteaks,4f9682eb-1aab-44a0-87c4-0dfa0f886ae7,f0dd712f-f0dd-44a9-8c7f-5e4687f6f90e,23,12,554.54,56.49,611.03,0,0,0,0,0,0,-123.7,-11.41,0,0,0,0,0,-128.54,0,0,0,0,487.33,0,0,-31.92,0,-45.08,0,281.79,2/17/26,NCG52FNQ1XLGN7R
Fat Cheesesteaks,4f9682eb-1aab-44a0-87c4-0dfa0f886ae7,f0dd712f-f0dd-44a9-8c7f-5e4687f6f90e,22,11,578.44,57.99,636.43,0,0,0,0,0,0,-123.22,-11.13,0,0,-0.99,0,0,-133.77,0,0,0,0,513.21,0,0,-33.33,0,-46.86,0,298.26,2/23/26,OTOEEX9MSUU1WD8
Anne's Artisan Coffee,4b812f15-01b7-58e0-a670-0ac3ebd145ad,2ffc373c-4d10-404e-bcc7-a64d0285677b,1,0,27.94,2.48,30.42,0,0,0,0,0,0,-6.09,-0.5,0,0,-0.99,0,0,0,0,0,0,0,24.33,0,0,0,0,0,0,23.34,2/2/26,TQTOB07PRMOKQ5K
The Calzone Empire (2511 Washington Blvd),ef3eb5e0-92ea-5bcd-9672-25f910659849,,1,0,87.49,5.25,92.74,0,0,0,0,0,0,-9.54,-0.54,0,0,0,0,0,-23.55,0,0,0,0,83.2,0,0,0,0,-4.71,0,54.94,2/9/26,8S19LBTUVYWIV0Y
Sun's Up Breakfast Wraps (257 Water Street),3b26d419-1aac-5123-b76d-52c91b68b668,0b3241a5-1a65-44a6-86ff-32c3b1a159bc,1,0,13.27,1.18,14.45,0,0,0,0,0,0,0,0,0,0,0,0,0,-3.98,0,0,0,0,14.45,0,0,0,0,0,0,10.47,2/17/26,9TJ8SF2BINURJN1
The Pancake Snob - 1741 1st Avenue,00eeb433-f2e9-49dd-953f-c00327dc385c,00eeb433-f2e9-49dd-953f-c00327dc385c,24,12,764.07,67.82,831.89,0,0,0,0,0,0,-138.73,-11.31,0,0,-20.79,0,0,-187.79,0,0,0,0,693.16,0,0,-101.87,0,0,0,382.71,2/2/26,I4BLCN3FRQZ1LV4
The Pancake Snob - 1741 1st Avenue,00eeb433-f2e9-49dd-953f-c00327dc385c,00eeb433-f2e9-49dd-953f-c00327dc385c,15,11,309.72,27.47,337.19,-2.4,-0.21,-2.61,0,0,0,-63.29,-5.15,0,0,-13.86,0,0,-71.84,0,0,0,0,273.9,0,0,-88.84,0,0,0,96.75,2/9/26,UOX99BXMFNRBD9J
The Pancake Snob - 1741 1st Avenue,00eeb433-f2e9-49dd-953f-c00327dc385c,00eeb433-f2e9-49dd-953f-c00327dc385c,29,10,717.53,63.7,781.23,-11.66,-1.04,-12.7,0,0,0,-145.14,-11.86,0,0,-25.74,0,0,-166.1,0,0,0,0,636.09,0,0,-54.69,0,0,0,376.86,2/17/26,XN8PNC3UCJ2VGOD
The Pancake Snob - 1741 1st Avenue,00eeb433-f2e9-49dd-953f-c00327dc385c,00eeb433-f2e9-49dd-953f-c00327dc385c,35,10,985.72,87.5,1073.22,0.72,0.07,0.79,0,0,0,-199.24,-16.25,0,0,-30.69,0,0,-235.82,0,0,0,0,873.98,0,0,-148.72,0,0,0,459.54,2/24/26,45Q7HXYZEWVW25V
Bun Works Burgers (257 Water Street),77f74331-ab9d-5d43-b911-47e6d5afaff0,,1,0,40.56,3.59,44.15,0,0,0,0,0,0,-8.83,-0.72,0,0,0,0,0,-2.6,0,0,0,0,35.32,0,0,0,0,0,0,41.6,2/2/26,0OKWQ649EPQW3A1
Bun Works Burgers (257 Water Street),77f74331-ab9d-5d43-b911-47e6d5afaff0,,2,0,68.52,6.09,74.61,-14.54,-1.29,-15.83,0,0,0,-13.78,-1.14,0,0,0,0,0,-4.47,0,0,0,0,60.83,0,0,0,0,0,0,56.89,2/9/26,KX72R0BJ68U7MAX
Two Hand Burger (769 9th Ave #1),7664d13a-613e-51d1-9530-76b9357234ce,7664d13a-613e-51d1-9530-76b9357234ce,1,0,17.07,1.51,18.58,0,0,0,0,0,0,-3.71,-0.3,0,0,0,0,0,-2.73,0,0,0,0,14.87,0,0,0,0,0,0,12.14,2/2/26,62BZZVEDIJAH6EE
Two Hand Burger (769 9th Ave #1),7664d13a-613e-51d1-9530-76b9357234ce,7664d13a-613e-51d1-9530-76b9357234ce,1,0,10.59,0.94,11.53,0,0,0,0,0,0,0,0,0,0,0,0,0,-2.12,0,0,0,0,11.53,0,0,0,0,0,0,9.41,2/23/26,W2Z4TJNSRON44KZ
Fry Bird Sandwiches (370 Main St),1dfe6e38-ef09-5b8e-8890-3792a7c2e415,,2,0,43.83,2.9,46.73,0,0,0,0,0,0,-9.35,-0.58,0,0,-1.98,0,0,-10.52,0,0,0,0,37.38,0,0,0,0,-2.32,0,22.56,2/9/26,73YHJT83AUT6FZN
Fry Bird Sandwiches (370 Main St),1dfe6e38-ef09-5b8e-8890-3792a7c2e415,,1,0,23.77,1.57,25.34,0,0,0,0,0,0,-5.06,-0.31,0,0,-0.99,0,0,-5.71,0,0,0,0,20.28,0,0,0,0,-1.26,0,12.32,2/17/26,58U232TZ6Z2TA8E
Fry Bird Sandwiches (370 Main St),1dfe6e38-ef09-5b8e-8890-3792a7c2e415,,1,0,14.68,0.97,15.65,0,0,0,0,0,0,0,0,0,0,0,0,0,-4.4,0,0,0,0,15.65,0,0,0,0,-0.97,0,10.28,2/23/26,OIY86GVNUNDDSFH
High Life Pizzas (2614 Lebanon Pike),678193be-2f62-59de-8798-e29a70d02abb,04045c8f-47da-405b-ad47-ddf419aed35a,1,5,36.76,3.58,40.34,0,0,0,0,0,0,-8.06,-0.71,0,0,0,0,0,-8.82,0,0,0,0,32.28,0,0,-3.35,0,0,0,20.11,2/2/26,0QGMXSKYSKJ01DY
Chicken Sandwich Loft (440 10th Ave),eafac61c-7ce6-56f5-8b75-acc175ce7f45,,1,0,36.98,3.28,40.26,0,0,0,0,0,0,-8.05,-0.65,0,0,-0.99,0,0,-8.87,0,0,0,0,32.21,0,0,0,0,0,0,22.35,2/2/26,Q1Y1Y9L1OMLHDR6
Chicken Sandwich Loft (440 10th Ave),eafac61c-7ce6-56f5-8b75-acc175ce7f45,,1,0,40.98,3.64,44.62,0,0,0,0,0,0,-8.93,-0.73,0,0,-0.99,0,0,-9.83,0,0,0,0,35.69,0,0,0,0,0,0,24.87,2/23/26,M4BV8VDPCZKGZCK
Bri's Breakfast Bar,bd19f35a-8a49-5da3-b874-6a548e1df0fa,efbe81af-9fbe-4bc4-81b9-95d53a969688,2,0,54.57,4.84,59.41,0,0,0,0,0,0,-11.89,-0.97,0,0,0,0,0,0,0,0,0,0,47.52,0,0,0,0,0,0,47.52,2/9/26,J84DUKU1CM8CJGS
Kevins Cheesesteaks (1428 Polk St),e8bc3906-291a-538b-b6e5-a0865cd9f3c4,,1,0,17.99,1.56,19.55,0,0,0,0,0,0,-3.92,-0.32,0,0,0,0,0,-4.32,0,0,0,0,15.63,0,0,0,0,-1.24,0,10.07,2/23/26,RPSJTBX5DJE31VU
Linh's Chinese Restaurant (2711 La Frontera Blvd #260),60ae3406-424e-5aa4-925c-1b2b24356dfb,60ae3406-424e-5aa4-925c-1b2b24356dfb,1,0,33.48,2.76,36.24,0,0,0,0,0,0,-7.25,-0.55,0,0,-0.99,0,0,-8.03,-0.53,0,0,0,28.99,0,0,0,0,0,0,19.44,2/23/26,EUC2Y9BA9ENKAIS
NextBagel (1225 Amsterdam Ave),98af1534-99b7-5cd0-be6f-94a1c4515ad1,,4,0,73.28,6.5,79.78,0,0,0,0,0,0,-15.92,-1.28,0,0,0,0,0,-17.59,0,0,0,0,63.86,0,0,0,0,0,0,46.27,2/2/26,RZY9R79CJUIY11X
NextBagel (1225 Amsterdam Ave),98af1534-99b7-5cd0-be6f-94a1c4515ad1,,2,0,31.66,2.81,34.47,0,0,0,0,0,0,-3.68,-0.3,0,0,0,0,0,-4.94,0,0,0,0,30.79,0,0,0,0,0,0,25.85,2/9/26,KG2N316877YJUPR
NextBagel (1225 Amsterdam Ave),98af1534-99b7-5cd0-be6f-94a1c4515ad1,,3,0,41.15,3.65,44.8,0,0,0,0,0,0,-6.01,-0.49,0,0,0,0,0,-10.69,0,0,0,0,38.79,0,0,0,0,0,0,28.1,2/17/26,8UYSYMBYB2CPHR4
NextBagel (1225 Amsterdam Ave),98af1534-99b7-5cd0-be6f-94a1c4515ad1,,3,0,56.93,5.05,61.98,0,0,0,0,0,0,-9.48,-0.77,0,0,0,0,0,-14.46,0,0,0,0,52.5,0,0,0,0,0,0,38.04,2/23/26,UYYUYY4UHIGZYLQ
The Craft Pizza (804 Parsons Ave),a74acd2f-4e30-535c-8181-166f803de15e,832695a4-7e20-4b8d-aa22-92c8b554de8f,1,0,30.37,0,30.37,0,0,0,0,0,0,-6.07,0,0,0,0,0,0,-7.29,0,0,0,0,24.3,0,0,0,0,0,0,17.01,2/2/26,9F3V3LRADNU2RVQ
The Craft Pizza (804 Parsons Ave),a74acd2f-4e30-535c-8181-166f803de15e,832695a4-7e20-4b8d-aa22-92c8b554de8f,1,0,37.46,0,37.46,0,0,0,0,0,0,-7.49,0,0,0,0,0,0,-8.99,0,0,0,0,29.97,0,0,0,0,0,0,20.98,2/9/26,6AA258C1WCK1EQZ
The Craft Pizza (804 Parsons Ave),a74acd2f-4e30-535c-8181-166f803de15e,832695a4-7e20-4b8d-aa22-92c8b554de8f,3,0,91.41,0,91.41,0,0,0,0,0,0,-18.29,0,0,0,0,0,0,-21.94,0,0,0,0,73.12,0,0,0,0,0,0,51.18,2/17/26,M1HOE81CIMELO57
The Craft Pizza (804 Parsons Ave),a74acd2f-4e30-535c-8181-166f803de15e,832695a4-7e20-4b8d-aa22-92c8b554de8f,4,0,109.49,0,109.49,0,0,0,0,0,0,-21.89,0,0,0,0,0,0,-26.28,0,0,0,0,87.6,0,0,0,0,0,0,61.32,2/23/26,X6DCPY76XDBQWMR
Luke's Breakfast Club (7825 EASTERN AVE),510670f0-7637-5b40-a4a0-e8e5a76c6c76,,1,0,13.99,1.4,15.39,0,0,0,0,0,0,0,0,0,0,0,0,0,-4.2,0,0,0,0,15.39,0,0,0,0,-1.4,0,9.79,2/9/26,BMJRH5ZUS7YSG08
Two Hand Burger,894bfa24-4091-4857-99c5-88908f762313,894bfa24-4091-4857-99c5-88908f762313,1,22,70.89,6.91,77.8,0,0,0,0,0,0,-9.88,-0.88,0,0,0,0,0,-18.57,0,0,0,0,67.92,0,0,-19.01,0,0,0,30.34,2/2/26,P1BESL6YFZ3ULLQ
Curry Curry Curry,9da34ccc-c4a6-4f70-aabc-cf0d85e704e4,9da34ccc-c4a6-4f70-aabc-cf0d85e704e4,9,26,296.39,28.47,324.86,0,0,0,0,0,0,-55.04,-4.89,0,0,0,0,0,-69.98,0,0,0,0,269.82,0,0,-63.33,0,-23.58,0,112.93,2/9/26,V68ZFJYIGHA8ZDI
Curry Curry Curry,9da34ccc-c4a6-4f70-aabc-cf0d85e704e4,9da34ccc-c4a6-4f70-aabc-cf0d85e704e4,3,9,65.04,6.35,71.39,0,0,0,0,0,0,-14.29,-1.28,0,0,0,0,0,-12.11,0,0,0,0,57.1,0,0,-19.85,0,-5.07,0,20.07,2/17/26,R3TJGFK76OCGEVK
Curry Curry Curry,9da34ccc-c4a6-4f70-aabc-cf0d85e704e4,9da34ccc-c4a6-4f70-aabc-cf0d85e704e4,6,8,129.24,12.73,141.97,0,0,0,0,0,0,-28.4,-2.55,0,0,0,0,0,-31.02,0,0,0,0,113.57,0,0,-21.04,0,-10.18,0,51.33,2/23/26,XL49BQ4DWYLBU4U
Mighty Grilled Cheese (1760 3rd Ave),7bc944c2-63bd-5787-9f8c-25d654e331e9,7bc944c2-63bd-5787-9f8c-25d654e331e9,1,0,18.87,1.67,20.54,0,0,0,0,0,0,-4.1,-0.33,0,0,0,0,0,-4.53,0,0,0,0,16.44,0,0,0,0,0,0,11.91,2/17/26,1WV2HYT2HFDETSE
Carmen's Breakfast Burritos (4352 E Speedway Blvd),2778e246-3b40-535d-ab97-ef9e93dbdfac,2c98555c-14b7-4c34-a880-e5df21c7c895,7,0,163.35,14.21,177.56,0,0,0,0,0,0,-32.38,-2.59,0,0,-5.94,0,0,-40.06,0,0,0,0,145.18,0,0,0,0,0,0,99.18,2/2/26,RYQCDYDUM7UGIGP
Carmen's Breakfast Burritos (4352 E Speedway Blvd),2778e246-3b40-535d-ab97-ef9e93dbdfac,2c98555c-14b7-4c34-a880-e5df21c7c895,3,0,95.36,8.3,103.66,0,0,0,0,0,0,-19.24,-1.54,0,0,-1.98,0,0,-23.3,0,0,0,0,84.42,0,0,0,0,0,0,59.14,2/9/26,QSP30UXWYSI8EXX
Carmen's Breakfast Burritos (4352 E Speedway Blvd),2778e246-3b40-535d-ab97-ef9e93dbdfac,2c98555c-14b7-4c34-a880-e5df21c7c895,2,0,35.96,3.12,39.08,0,0,0,0,0,0,-7.81,-0.61,0,0,-1.98,0,0,-8.62,0,0,0,0,31.27,0,0,0,0,0,0,20.67,2/17/26,7VHC72K3ST5QZA7
Addictive Burger Bar (689 Broadway),d280ca5c-8df2-5901-ac6b-34fe4421dca6,d280ca5c-8df2-5901-ac6b-34fe4421dca6,1,0,16.08,1.43,17.51,0,0,0,0,0,0,-3.51,-0.29,0,0,0,0,0,-0.77,0,0,0,0,14,0,0,0,0,0,0,13.23,2/2/26,05QDATRSH1UZ929
Addictive Burger Bar (689 Broadway),d280ca5c-8df2-5901-ac6b-34fe4421dca6,d280ca5c-8df2-5901-ac6b-34fe4421dca6,1,0,16.08,1.43,17.51,0,0,0,0,0,0,-3.51,-0.29,0,0,0,0,0,-3.86,0,0,0,0,14,0,0,0,0,0,0,10.14,2/9/26,2XHRWBY8AYFCKMV
Addictive Burger Bar (689 Broadway),d280ca5c-8df2-5901-ac6b-34fe4421dca6,d280ca5c-8df2-5901-ac6b-34fe4421dca6,1,0,16.08,1.43,17.51,0,0,0,0,0,0,-3.51,-0.29,0,0,0,0,0,-3.86,0,0,0,0,14,0,0,0,0,0,0,10.14,2/17/26,68G6785VVUN58ZV
Addictive Burger Bar (689 Broadway),d280ca5c-8df2-5901-ac6b-34fe4421dca6,d280ca5c-8df2-5901-ac6b-34fe4421dca6,1,0,22.38,1.99,24.37,0,0,0,0,0,0,-4.88,-0.4,0,0,0,0,0,-5.37,0,0,0,0,19.49,0,0,0,0,0,0,14.12,2/23/26,QUBG11X5HVK4S5F
Sheila's Satisfying Salads (916 Hempstead Turnpike),0c71fd94-5728-5afb-9109-448942f91a9f,372b1c72-1257-447a-b01f-693b56e09ec5,1,0,44.06,3.8,47.86,0,0,0,0,0,0,-9.57,-0.76,0,0,0,0,0,-10.58,0,0,0,0,38.29,0,0,0,0,0,0,27.71,2/2/26,6E0XGJBP7GFH258
Sheila's Satisfying Salads (916 Hempstead Turnpike),0c71fd94-5728-5afb-9109-448942f91a9f,372b1c72-1257-447a-b01f-693b56e09ec5,1,0,49.45,4.27,53.72,0,0,0,0,0,0,-9.78,-0.78,0,0,0,0,0,-12.14,0,0,0,0,43.94,0,0,0,0,0,0,31.8,2/23/26,6Y779HEGYWWZOZ3
The Pasta Story (2138 W National Ave),a418dd9a-3524-5605-9471-542cc809e9b4,,7,15,132.19,10.3,142.49,-20.46,-1.31,-21.77,0,0,0,-28.57,-2.13,0,0,0,0,0,-31.73,0,0,0,0,113.92,0,0,-35.82,0,-6.86,0,17.74,2/9/26,RXCGREBOSPVX2TE
The Pasta Story (2138 W National Ave),a418dd9a-3524-5605-9471-542cc809e9b4,,1,7,17.88,1.51,19.39,20.46,0,20.46,0,0,0,-3.89,-0.31,0,0,0,0,0,-4.29,0,0,0,0,15.5,0,0,-17.82,0,-1.2,0,12.65,2/17/26,SS06BQKVL503NI0
The Pasta Story (2138 W National Ave),a418dd9a-3524-5605-9471-542cc809e9b4,,5,6,102.72,8.14,110.86,0,0,0,0,0,0,-22.24,-1.68,0,0,0,0,0,-24.65,0,0,0,0,88.62,0,0,-17.01,0,-6.46,0,40.5,2/23/26,8FX3AOCQ2YEGHHB
The Salad Dream (1368 N Arizona Ave),d20984b7-0778-530c-94c0-69d887a28e9f,d20984b7-0778-530c-94c0-69d887a28e9f,3,0,107.1,8.68,115.78,0,0,0,0,0,0,0,0,0,0,0,0,0,-32.13,0,0,0,0,115.78,0,0,0,0,0,0,83.65,2/2/26,BBD03P0GLO3C1PE
The Salad Dream (1368 N Arizona Ave),d20984b7-0778-530c-94c0-69d887a28e9f,d20984b7-0778-530c-94c0-69d887a28e9f,2,0,80.8,6.55,87.35,-10.19,-0.83,-11.02,0,0,0,0,0,0,0,0,0,0,-24.24,0,0,0,0,87.35,0,0,0,0,0,0,52.09,2/9/26,YDJWW7F85VJIFIH
The Salad Dream (1368 N Arizona Ave),d20984b7-0778-530c-94c0-69d887a28e9f,d20984b7-0778-530c-94c0-69d887a28e9f,2,0,26.58,2.16,28.74,0,0,0,0,0,0,0,0,0,0,0,0,0,-7.98,0,0,0,0,28.74,0,0,0,0,0,0,20.76,2/17/26,IOZLMUIB4DUH5ZM
The Salad Dream (1368 N Arizona Ave),d20984b7-0778-530c-94c0-69d887a28e9f,d20984b7-0778-530c-94c0-69d887a28e9f,1,0,10.49,0.85,11.34,0,0,0,0,0,0,0,0,0,0,0,0,0,-3.15,0,0,0,0,11.34,0,0,0,0,0,0,8.19,2/23/26,XZNE0WJUCTAIXPW
Bart's Breakfast Sandwiches (1219 1st Avenue),d4cd8313-177f-517f-95c9-08833f18ce4f,,1,0,9.09,0.81,9.9,0,0,0,0,0,0,0,0,0,0,0,0,0,-2.73,0,0,0,0,9.9,0,0,0,0,0,0,7.17,2/2/26,JTOZ108KCKH2RQ4
Bart's Breakfast Sandwiches (1219 1st Avenue),d4cd8313-177f-517f-95c9-08833f18ce4f,,1,0,22.06,1.96,24.02,0,0,0,0,0,0,-4.8,-0.39,0,0,0,0,0,-5.3,0,0,0,0,19.22,0,0,0,0,0,0,13.92,2/17/26,USA8YOIKZA1JQGR
Vegetarian Pizza Empire (1368 N Arizona Ave),f6ac3225-68db-55e2-be2f-c40a59d86c81,efa72be2-e191-4901-a3b5-3e5641269450,1,0,19.29,1.56,20.85,0,0,0,0,0,0,-4.17,-0.31,0,0,0,0,0,-4.63,0,0,0,0,16.68,0,0,0,0,0,0,12.05,2/2/26,WU6FZPENWGMRU0B
Vegetarian Pizza Empire (1368 N Arizona Ave),f6ac3225-68db-55e2-be2f-c40a59d86c81,efa72be2-e191-4901-a3b5-3e5641269450,1,0,30.48,2.47,32.95,0,0,0,0,0,0,-6.6,-0.5,0,0,0,0,0,-1.46,0,0,0,0,26.35,0,0,0,0,0,0,24.89,2/17/26,GLCH8OFUDN8ZTYT
Jen's Burger Blaze (2560 West Chester Pike),e762437a-f68b-5780-875c-7e44142a92c9,,1,0,50.95,3.05,54,0,0,0,0,0,0,-9.54,-0.54,0,0,0,0,0,-12.59,0,0,0,0,44.46,0,0,0,0,-2.51,0,29.36,2/2/26,8OHYID93W6XTV00
Jen's Burger Blaze (2560 West Chester Pike),e762437a-f68b-5780-875c-7e44142a92c9,,1,0,29.35,1.76,31.11,0,0,0,0,0,0,-6.22,-0.35,0,0,0,0,0,-7.04,0,0,0,0,24.89,0,0,0,0,-1.41,0,16.44,2/17/26,AU8QYK9OYGB3KIY
Chicken Sandwich Loft (196 1st Ave),c21fb6e8-4266-5f02-8f2c-cf2ec82e9b34,7c57439d-b6c7-4a85-8125-17501f4289e4,1,0,33.57,2.98,36.55,0,0,0,0,0,0,-7.31,-0.6,0,0,0,0,0,-2.15,0,0,0,0,29.24,0,0,0,0,0,0,28.73,2/2/26,J1U0MM2NI4774IF
Scotty's Bagel Express (1174 Chapel St),462849fa-1b67-5994-be61-be79c16c908e,,2,0,44.75,3.29,48.04,0,0,0,0,0,0,-9.61,-0.66,0,0,0,0,0,-6.98,0,0,0,0,38.43,0,0,0,0,-2.63,0,28.82,2/17/26,W06X0MRVPRINP3O
Scotty's Bagel Express (1174 Chapel St),462849fa-1b67-5994-be61-be79c16c908e,,3,0,111.88,8.23,120.11,0,0,0,0,0,0,-21.08,-1.45,0,0,0,0,0,-27.68,0,0,0,0,99.03,0,0,0,0,-6.78,0,64.57,2/23/26,50O329IEV754JJ5
The Dessert Shack (4352 E Speedway Blvd),ece40145-17b8-54ac-a084-c7b1b6156f24,4d47ca19-62a2-47a9-aa71-b9e1284a4dd6,2,0,31.95,2.78,34.73,0,0,0,0,0,0,-4.55,-0.36,0,0,-0.99,0,0,-8.32,0,0,0,0,30.18,0,0,0,0,0,0,20.87,2/9/26,8C2AZM7CG62T4VA
The Dessert Shack (4352 E Speedway Blvd),ece40145-17b8-54ac-a084-c7b1b6156f24,4d47ca19-62a2-47a9-aa71-b9e1284a4dd6,2,0,53.94,4.69,58.63,0,0,0,0,0,0,-11.71,-0.93,0,0,-1.98,0,0,-12.94,0,0,0,0,46.92,0,0,0,0,0,0,32,2/17/26,A9IYPP32QE5HYRP
The Dessert Shack (4352 E Speedway Blvd),ece40145-17b8-54ac-a084-c7b1b6156f24,4d47ca19-62a2-47a9-aa71-b9e1284a4dd6,2,0,40.42,3.52,43.94,0,0,0,0,0,0,-8.79,-0.71,0,0,-1.98,0,0,-9.7,0,0,0,0,35.15,0,0,0,0,0,0,23.47,2/23/26,EKBMTHUHVEJLE1X
Grillside Burgers (751 Post Road),32e8e340-a05f-5770-bf10-e20445fcc889,f51cb48d-f959-43d9-a799-351adfb5ecf6,1,0,36.97,3.1,40.07,0,0,0,0,0,0,-8.01,-0.62,0,0,0,0,0,-8.87,0,0,0,0,32.06,0,0,0,0,0,0,23.19,2/17/26,GIVJEBSZVOON81Q
The Cheeseburger Paradise (5993 Broadway),517b2aaa-c213-5dd4-92c0-6e3b55b3e5ba,517b2aaa-c213-5dd4-92c0-6e3b55b3e5ba,2,0,44.75,3.97,48.72,0,0,0,0,0,0,-9.74,-0.79,0,0,-1.98,0,0,-7.16,0,0,0,0,38.98,0,0,0,0,0,0,29.84,2/2/26,YRL4FJ4PGHAN7GF
The Cheeseburger Paradise (5993 Broadway),517b2aaa-c213-5dd4-92c0-6e3b55b3e5ba,517b2aaa-c213-5dd4-92c0-6e3b55b3e5ba,1,0,15.37,1.36,16.73,0,0,0,0,0,0,-3.34,-0.27,0,0,-0.99,0,0,-2.46,0,0,0,0,13.39,0,0,0,0,0,0,9.94,2/9/26,Z0L9TYTRXFX0W4P
Bosscat Burgers (370 Main St),34b9433f-4bf2-58c0-b80c-13f9e28ae99c,3e906bb9-25c0-444a-b44d-576efc256b16,3,0,79.69,5.27,84.96,0,0,0,0,0,0,-16.26,-1.02,0,0,0,0,0,-19.34,0,0,0,0,68.7,0,0,0,0,-4.25,0,45.11,2/17/26,KD3UISDLNQJECLV
Allan's Cheesesteaks,a901539f-9193-4d33-80e8-1ac30394085d,,5,35,159.51,11.16,170.67,0,0,0,0,0,0,-34.12,-2.2,0,0,0,0,0,-38.27,0,0,0,0,136.55,0,0,-79.96,0,-8.96,0,9.36,2/2/26,OBEYJ64KB1WE11I
Brooks Ice Cream Parlor,66187d11-3630-4ee2-b6ec-277b2971a9eb,66187d11-3630-4ee2-b6ec-277b2971a9eb,2,22,32.13,1.47,33.6,0,0,0,0,0,0,-6.71,-0.29,0,0,-1.98,0,0,-7.71,0,0,0,0,26.89,0,0,-14.55,0,-1.18,0,1.47,2/17/26,W7YX4LVOQAQZM7A
Brooks Ice Cream Parlor,66187d11-3630-4ee2-b6ec-277b2971a9eb,66187d11-3630-4ee2-b6ec-277b2971a9eb,3,4,47.89,2.28,50.17,-14.18,-1.22,-15.4,0,0,0,-6.95,-0.21,0,0,-1.98,0,0,-12.35,0,0,0,0,43.22,0,0,-5.11,0,-0.85,0,7.53,2/23/26,X7J7ONOG5DZQ447
High Life Breakfast Sandwiches (11925 S Inglewood Ave),c006793e-cf12-52e8-b89f-dfd58a3d29b4,7c8263f2-3433-493a-a7e9-ba34f1b76db7,1,0,32.47,3.16,35.63,0,0,0,0,0,0,-7.11,-0.62,0,0,0,0,0,-7.79,0,0,0,0,28.52,0,0,0,0,-2.54,0,18.19,2/2/26,11SHZZI4Q7T6LLW
High Life Breakfast Sandwiches (11925 S Inglewood Ave),c006793e-cf12-52e8-b89f-dfd58a3d29b4,7c8263f2-3433-493a-a7e9-ba34f1b76db7,1,0,121.9,11.89,133.79,0,0,0,0,0,0,-9.88,-0.88,0,0,0,0,0,-33.87,0,0,0,0,123.91,0,0,0,0,-11.01,0,79.03,2/17/26,TBPPXU8OQ25OGU6
The Salad Snob- Fremont,6755d2ca-23ee-4f58-8704-7a56ad9b08e1,6755d2ca-23ee-4f58-8704-7a56ad9b08e1,7,10,137.71,14.33,152.04,0,0,0,0,0,0,-27.41,-2.62,0,0,0,0,0,-30.39,0,0,0,0,124.63,0,0,-11.54,0,-11.71,0,70.99,2/2/26,IXYO2XSTMVQN61W
The Salad Snob- Fremont,6755d2ca-23ee-4f58-8704-7a56ad9b08e1,6755d2ca-23ee-4f58-8704-7a56ad9b08e1,8,8,162.21,16.74,178.95,0,0,0,0,0,0,-21.38,-1.99,0,0,0,0,0,-39.66,0,0,0,0,157.57,0,0,-7.77,0,-14.75,0,95.39,2/9/26,ZR5XD04MRAL6OR5
The Salad Snob- Fremont,6755d2ca-23ee-4f58-8704-7a56ad9b08e1,6755d2ca-23ee-4f58-8704-7a56ad9b08e1,1,7,24.46,2.51,26.97,0,0,0,0,0,0,0,0,0,0,0,0,0,-7.34,0,0,0,0,26.97,0,0,-6.64,0,-2.51,0,10.48,2/17/26,QZJAMKXVK4DJWLR
The Salad Snob- Fremont,6755d2ca-23ee-4f58-8704-7a56ad9b08e1,6755d2ca-23ee-4f58-8704-7a56ad9b08e1,11,8,197.85,20.62,218.47,0,0,0,0,0,0,0,0,0,0,0,0,0,-59.36,0,0,0,0,218.47,0,0,-11.42,0,-20.62,0,127.07,2/23/26,HOMPORQNSO8T2UO
The Mexican Cocina,0736df7e-82a7-4faf-b37a-bbdab42a5460,78cb0a92-4cdc-4c45-82d1-871781dc1e23,5,0,148.87,13.21,162.08,-6.16,-0.54,-6.7,0,0,0,-14.53,-1.19,0,0,-2.97,0,0,-35.93,0,0,0,0,147.55,0,0,0,0,0,0,101.95,2/2/26,TKKCO4CG9745N1G
The Mexican Cocina,0736df7e-82a7-4faf-b37a-bbdab42a5460,78cb0a92-4cdc-4c45-82d1-871781dc1e23,6,0,627.51,55.7,683.21,0,0,0,0,0,0,-39.05,-3.2,0,0,-5.94,0,0,-177.5,0,0,0,0,644.16,0,0,0,0,0,0,460.72,2/9/26,SS8VNPLXDN9L3LC
The Mexican Cocina,0736df7e-82a7-4faf-b37a-bbdab42a5460,78cb0a92-4cdc-4c45-82d1-871781dc1e23,4,0,104.37,9.26,113.63,0,0,0,0,0,0,-22.73,-1.85,0,0,-3.96,0,0,-25.05,0,0,0,0,90.9,0,0,0,0,0,0,61.89,2/17/26,GFTXG91XMTRWP4X
The Mexican Cocina,0736df7e-82a7-4faf-b37a-bbdab42a5460,78cb0a92-4cdc-4c45-82d1-871781dc1e23,3,0,51.64,4.58,56.22,0,0,0,0,0,0,-11.26,-0.92,0,0,-2.97,0,0,-12.39,0,0,0,0,44.96,0,0,0,0,0,0,29.6,2/23/26,PJUEOWEIS61PY22
Kevins Cheesesteaks,99f27383-e58c-5e4b-a158-29fb40928aa1,99f27383-e58c-5e4b-a158-29fb40928aa1,1,0,35.96,3.19,39.15,0,0,0,0,0,0,-7.83,-0.64,0,0,0,0,0,-5.75,0,0,0,0,31.32,0,0,0,0,0,0,25.57,2/17/26,3CT1F31BNHFIFI6
Two Hand Burger (6600 W Sylvania Ave),5466882e-1503-5556-a5f7-a4a474af1b30,,1,0,40.33,0,40.33,0,0,0,0,0,0,-8.07,0,0,0,-0.99,0,0,-9.68,0,0,0,0,32.26,0,0,0,0,0,0,21.59,2/17/26,A0GUMSFL79MECBH
Two Hand Burger (6600 W Sylvania Ave),5466882e-1503-5556-a5f7-a4a474af1b30,,1,0,29.46,0,29.46,0,0,0,0,0,0,-5.89,0,0,0,-0.99,0,0,-7.07,0,0,0,0,23.57,0,0,0,0,0,0,15.51,2/23/26,BXHKY0O2EZI1FIQ
Julia's Juice Shack,cbfa37af-09b1-4c83-b7ce-d2831a135be1,cbfa37af-09b1-4c83-b7ce-d2831a135be1,2,2,40.46,3.59,44.05,0,0,0,0,0,0,-8.82,-0.72,0,0,0,0,0,-9.7,0,0,0,0,35.23,0,0,-1.64,0,0,0,23.89,2/2/26,YP6PV444EY0J0CR
Julia's Juice Shack,cbfa37af-09b1-4c83-b7ce-d2831a135be1,cbfa37af-09b1-4c83-b7ce-d2831a135be1,4,1,91.91,8.16,100.07,0,0,0,0,0,0,-20.03,-1.64,0,0,0,0,0,-22.04,0,0,0,0,80.04,0,0,-0.48,0,0,0,57.52,2/9/26,OP0NVE5I2ZITBIL
Julia's Juice Shack,cbfa37af-09b1-4c83-b7ce-d2831a135be1,cbfa37af-09b1-4c83-b7ce-d2831a135be1,4,2,61.94,5.51,67.45,0,0,0,0,0,0,-9.16,-0.76,0,0,0,0,0,-16.06,0,0,0,0,58.29,0,0,-0.68,0,0,0,41.55,2/17/26,92ZALEWQYEASKNF
Palm Tree Juice Bar,952d124d-6487-555d-bf71-03fa8dc9e277,,4,0,74.88,6.64,81.52,0,0,0,0,0,0,-16.02,-1.29,0,0,-3.96,0,0,-0.55,0,0,0,0,65.5,0,0,0,0,0,0,60.99,2/2/26,PYLVLK4DBYOLLPY
Palm Tree Juice Bar,952d124d-6487-555d-bf71-03fa8dc9e277,,2,0,62.9,5.58,68.48,0,0,0,0,0,0,-13.69,-1.11,0,0,-1.98,0,0,0,0,0,0,0,54.79,0,0,0,0,0,0,52.81,2/9/26,NZPICYRFKZOMI66
Palm Tree Juice Bar,952d124d-6487-555d-bf71-03fa8dc9e277,,6,0,237.76,21.11,258.87,0,0,0,0,0,0,-41.17,-3.36,0,0,-5.94,0,0,0,0,0,0,0,217.7,0,0,0,0,0,0,211.76,2/17/26,TD3ZOXPU1ZQKAVZ
Palm Tree Juice Bar,952d124d-6487-555d-bf71-03fa8dc9e277,,3,0,61.51,5.47,66.98,0,0,0,0,0,0,-6.4,-0.53,0,0,-0.99,0,0,0,0,0,0,0,60.58,0,0,0,0,0,0,59.59,2/23/26,DVY67T9DVZG2RZA
Penny's Pancakes - 1237 Fulton St,ba41eb75-89a7-43bc-9f80-ff46d2c9369e,ba41eb75-89a7-43bc-9f80-ff46d2c9369e,13,9,242.96,21.54,264.5,0,0,0,0,0,0,-49.77,-4.01,0,0,0,0,0,-49.15,0,0,0,0,214.73,0,0,-17.54,0,-17.53,0,130.51,2/2/26,5NZ7NG0JR3OXPQ1
Penny's Pancakes - 1237 Fulton St,ba41eb75-89a7-43bc-9f80-ff46d2c9369e,ba41eb75-89a7-43bc-9f80-ff46d2c9369e,17,10,321.98,28.5,350.48,-4.79,-0.43,-5.22,0,0,0,-65.7,-5.24,0,0,0,0,0,-72.85,0,0,0,0,284.78,0,0,-24.53,0,-22.83,0,159.35,2/9/26,QUBZXDUPGHOM5L1
Penny's Pancakes - 1237 Fulton St,ba41eb75-89a7-43bc-9f80-ff46d2c9369e,ba41eb75-89a7-43bc-9f80-ff46d2c9369e,11,8,234.66,20.79,255.45,4.79,0,4.79,0,0,0,-48.62,-3.94,0,0,0,0,0,-54.31,0,0,0,0,206.83,0,0,-25.06,0,-16.85,0,115.4,2/17/26,LH03QYH1ZMF0IMN
Penny's Pancakes - 1237 Fulton St,ba41eb75-89a7-43bc-9f80-ff46d2c9369e,ba41eb75-89a7-43bc-9f80-ff46d2c9369e,19,9,337.55,29.89,367.44,0,0,0,0,0,0,-65.05,-5.21,0,0,0,0,0,-78.8,0,0,0,0,302.39,0,0,-30.64,0,-24.68,0,168.27,2/23/26,ULTWAMDA1ICVULQ
Selena's Torta Shack (415 E Windmill Ln),bd529c43-94df-5628-8d18-e8ca5a1487b3,,1,0,23.76,1.99,25.75,0,0,0,0,0,0,-5.15,-0.4,0,0,-0.99,0,0,-5.7,0,0,0,0,20.6,0,0,0,0,-1.59,0,12.32,2/9/26,9FTA3DF63U8ZBY6
Selena's Torta Shack (415 E Windmill Ln),bd529c43-94df-5628-8d18-e8ca5a1487b3,,2,0,87.77,7.35,95.12,0,-0.87,-0.87,0,0,0,-19.03,-1.47,0,0,-1.98,0,0,-21.06,0,0,0,0,76.09,0,0,0,0,-5.01,0,47.17,2/17/26,A5U74ZIBECSR6YV
Selena's Torta Shack (415 E Windmill Ln),bd529c43-94df-5628-8d18-e8ca5a1487b3,,1,0,13.37,1.12,14.49,0,0,0,0,0,0,-2.89,-0.22,0,0,-0.99,0,0,-3.21,0,0,0,0,11.6,0,0,0,0,-0.9,0,6.5,2/23/26,QU6ENDPYEOW95WU
The Pizza Flip (1275 Milby St),d7a129a2-e0ac-5cf7-8fa6-7a1598b97680,d7a129a2-e0ac-5cf7-8fa6-7a1598b97680,2,17,82.52,6.82,89.34,0,0,0,0,0,0,-14.25,-1.08,0,0,0,0,0,-20.81,-1.36,0,0,0,75.09,0,0,-14.26,0,0,0,38.66,2/23/26,SHZNF7LF8N04R9H
Hyde's Grilled Cheese (415 W Gray St),e17ef87c-443a-54e3-a7ee-57dabe2b92b9,7bf70a77-034a-4173-87a3-c99ce1b57662,5,0,107.66,8.86,116.52,0,0,0,0,0,0,-23.28,-1.75,0,0,0,0,0,-25.84,-1.71,0,0,0,93.24,0,0,0,0,0,0,65.69,2/2/26,TI9PF19TITNPJOO
Hyde's Grilled Cheese (415 W Gray St),e17ef87c-443a-54e3-a7ee-57dabe2b92b9,7bf70a77-034a-4173-87a3-c99ce1b57662,7,0,111.17,9.17,120.34,0,0,0,0,0,0,-17.69,-1.33,0,0,0,0,0,-28.45,-1.85,0,0,0,102.65,0,0,0,0,0,0,72.35,2/9/26,H1P6412ZDRG7SIY
Hyde's Grilled Cheese (415 W Gray St),e17ef87c-443a-54e3-a7ee-57dabe2b92b9,7bf70a77-034a-4173-87a3-c99ce1b57662,11,0,181.09,14.92,196.01,0,0,0,0,0,0,-32.85,-2.49,0,0,0,0,0,-45.22,-2.99,0,0,0,163.16,0,0,0,0,0,0,114.95,2/17/26,AM871VV1XUHHM3Q
Hyde's Grilled Cheese (415 W Gray St),e17ef87c-443a-54e3-a7ee-57dabe2b92b9,7bf70a77-034a-4173-87a3-c99ce1b57662,6,0,123.04,10.17,133.21,0,0,0,0,0,0,-27.51,-2.1,0,0,0,0,0,-29.29,-1.91,0,0,0,105.7,0,0,0,0,0,0,74.5,2/23/26,0CE2Z7OKVJPBV36
Mexican Omelette Bar,bf1eda79-b3cf-47c8-b601-5189d01ab278,bf1eda79-b3cf-47c8-b601-5189d01ab278,1,0,21.49,1.56,23.05,0,0,0,0,0,0,-4.61,-0.31,0,0,-0.99,0,0,-5.16,0,0,0,0,18.44,0,0,0,0,-1.25,0,11.04,2/9/26,MTEB4L1HTCHXUBU
Mexican Omelette Bar,bf1eda79-b3cf-47c8-b601-5189d01ab278,bf1eda79-b3cf-47c8-b601-5189d01ab278,1,0,43.44,3.15,46.59,0,0,0,0,0,0,-9.32,-0.63,0,0,-0.99,0,0,-10.43,0,0,0,0,37.27,0,0,0,0,-2.52,0,23.33,2/17/26,BWPGAR2NZQX744W
Brooks Fried Chicken,e1653f62-71ab-4870-9ca7-8db7e6140f85,e1653f62-71ab-4870-9ca7-8db7e6140f85,1,0,27.44,2.44,29.88,0,0,0,0,0,0,-5.98,-0.49,0,0,0,0,0,-6.59,0,0,0,0,23.9,0,0,0,0,0,0,17.31,2/9/26,EM87AL11BPFS4FZ
Brooks Fried Chicken,e1653f62-71ab-4870-9ca7-8db7e6140f85,e1653f62-71ab-4870-9ca7-8db7e6140f85,1,0,23.87,2.12,25.99,0,0,0,0,0,0,-5.19,-0.42,0,0,0,0,0,-5.73,0,0,0,0,20.8,0,0,0,0,0,0,15.07,2/23/26,GALSUHVXRQWL40T
Burritos to Bowls (370 Main St),2bc3e9d4-79d5-5539-80f6-4e70ab6c4224,c1b72657-b084-4984-a90f-25910bf5b23c,2,0,55.97,3.71,59.68,-17.59,-1.17,-18.76,0,0,0,-11.95,-0.75,0,0,-1.98,0,0,-13.43,0,0,0,0,47.73,0,0,0,0,-1.79,0,11.77,2/9/26,4JS1GC5J5D5XVDV
Burritos to Bowls (370 Main St),2bc3e9d4-79d5-5539-80f6-4e70ab6c4224,c1b72657-b084-4984-a90f-25910bf5b23c,1,0,21.99,1.46,23.45,0,0,0,0,0,0,-4.69,-0.29,0,0,-0.99,0,0,-5.28,0,0,0,0,18.76,0,0,0,0,-1.17,0,11.32,2/17/26,GNDGPCCLJ0DELXS
Burritos to Bowls (370 Main St),2bc3e9d4-79d5-5539-80f6-4e70ab6c4224,c1b72657-b084-4984-a90f-25910bf5b23c,1,0,23.99,1.59,25.58,0,0,0,0,0,0,-5.12,-0.32,0,0,-0.99,0,0,-5.76,0,0,0,0,20.46,0,0,0,0,-1.27,0,12.44,2/23/26,57KVTMPYCV8NBW7
Savage Juice Bar (769 9th Ave #1),0434400b-b52b-5f78-b0e8-a131aae23c45,0434400b-b52b-5f78-b0e8-a131aae23c45,2,0,31.43,2.79,34.22,0,0,0,0,0,0,-6.84,-0.56,0,0,-1.98,0,0,-5.03,0,0,0,0,27.38,0,0,0,0,0,0,20.37,2/2/26,8IA7XY1LD2J3OLI
Savage Juice Bar (769 9th Ave #1),0434400b-b52b-5f78-b0e8-a131aae23c45,0434400b-b52b-5f78-b0e8-a131aae23c45,2,0,46.22,4.1,50.32,0,0,0,0,0,0,-7.29,-0.6,0,0,-0.99,0,0,-7.91,0,0,0,0,43.03,0,0,0,0,0,0,34.13,2/9/26,69VYH39TRC604LL
Savage Juice Bar (769 9th Ave #1),0434400b-b52b-5f78-b0e8-a131aae23c45,0434400b-b52b-5f78-b0e8-a131aae23c45,2,0,48.93,4.34,53.27,0,0,0,0,0,0,-10.65,-0.87,0,0,-1.98,0,0,-7.83,0,0,0,0,42.62,0,0,0,0,0,0,32.81,2/17/26,FLNSHTMLHKNNMZ1
Savage Juice Bar (769 9th Ave #1),0434400b-b52b-5f78-b0e8-a131aae23c45,0434400b-b52b-5f78-b0e8-a131aae23c45,1,0,12.78,1.13,13.91,0,0,0,0,0,0,0,0,0,0,0,0,0,-2.56,0,0,0,0,13.91,0,0,0,0,0,0,11.35,2/23/26,9595V8VWZ0WMX7I
The Smoothie Squeeze (501 Broadway St),e715275e-17cd-5a31-bd0e-a0ba0c9d0272,e715275e-17cd-5a31-bd0e-a0ba0c9d0272,2,0,69.12,5.96,75.08,0,0,0,0,0,0,0,0,0,0,0,0,0,-20.74,0,0,0,0,75.08,0,0,0,0,-5.96,0,48.38,2/2/26,EXQU27EZ0LQFE40
The Smoothie Squeeze (501 Broadway St),e715275e-17cd-5a31-bd0e-a0ba0c9d0272,e715275e-17cd-5a31-bd0e-a0ba0c9d0272,1,0,26.67,2.3,28.97,0,0,0,0,0,0,0,0,0,0,0,0,0,-8,0,0,0,0,28.97,0,0,0,0,-2.3,0,18.67,2/9/26,P8E2RSBCEPZZXWY
Prima Panini Bar (2755 Broadway),91b23f64-2651-5fc1-9b06-92ba84442104,,1,0,20.28,1.8,22.08,0,0,0,0,0,0,-4.42,-0.36,0,0,0,0,0,-0.97,0,0,0,0,17.66,0,0,0,0,0,0,16.69,2/2/26,H4ELKEXMZ9SH69B
Prima Panini Bar (2755 Broadway),91b23f64-2651-5fc1-9b06-92ba84442104,,2,0,48.23,4.28,52.51,0,0,0,0,0,0,-11.53,-0.94,0,0,0,0,0,-11.29,0,0,0,0,40.98,0,0,0,0,0,0,29.69,2/9/26,41W4EKNCI54DMEY
Prima Panini Bar (2755 Broadway),91b23f64-2651-5fc1-9b06-92ba84442104,,1,0,16.08,1.43,17.51,0,0,0,0,0,0,-3.51,-0.29,0,0,0,0,0,-3.86,0,0,0,0,14,0,0,0,0,0,0,10.14,2/17/26,0FRWAX8RCOBU01V
Doughboys Sandwiches (101 Guyon Ave),685be89d-d648-5498-bea7-c5d4e8414113,b54faebc-cab6-4a16-8edf-da316bf76d8a,3,7,109.25,9.7,118.95,0,0,0,0,0,0,-21.25,-1.73,0,0,0,0,0,-26.92,0,0,0,0,97.7,0,0,-7.1,0,0,0,63.68,2/2/26,6UNCDL4C4MB87EA
Doughboys Sandwiches (101 Guyon Ave),685be89d-d648-5498-bea7-c5d4e8414113,b54faebc-cab6-4a16-8edf-da316bf76d8a,7,7,235.24,20.88,256.12,-7.42,-0.66,-8.08,0,0,0,-49.99,-4.08,0,0,0,0,0,-56.8,0,0,0,0,206.13,0,0,-6.7,0,0,0,134.55,2/9/26,6QQA8O099V5I8ED
Doughboys Sandwiches (101 Guyon Ave),685be89d-d648-5498-bea7-c5d4e8414113,b54faebc-cab6-4a16-8edf-da316bf76d8a,3,7,71.31,6.33,77.64,7.42,0.66,8.08,0,0,0,-15.53,-1.27,0,0,0,0,0,-17.11,0,0,0,0,62.11,0,0,-7.28,0,0,0,45.8,2/17/26,L7ZFYQ07RN0WH9D
Doughboys Sandwiches (101 Guyon Ave),685be89d-d648-5498-bea7-c5d4e8414113,b54faebc-cab6-4a16-8edf-da316bf76d8a,6,6,95.06,8.45,103.51,0,0,0,0,0,0,-15.47,-1.26,0,0,0,0,0,-24.24,0,0,0,0,88.04,0,0,-6.43,0,0,0,57.37,2/23/26,P7SVPJHRPQQ8A4M
Casa De Quesadilla (1424 Lexington Ave),eb8a2773-10ae-5241-af12-33c0496c113b,eb8a2773-10ae-5241-af12-33c0496c113b,1,0,14.88,1.32,16.2,0,0,0,0,0,0,-2.18,-0.18,0,0,0,0,0,-2.58,0,0,0,0,14.02,0,0,0,0,0,0,11.44,2/9/26,HGFYSHEUIE14CMH
JavaFlip Pancakes & More (382 8th Ave),66648c58-bb18-5b13-8244-480f33819b47,,3,3,97.86,8.68,106.54,0,0,0,0,0,0,-23.25,-1.89,0,0,0,0,0,-22.96,0,0,0,0,83.29,0,0,-2.75,0,0,0,57.58,2/2/26,X8BECIOT4ZAZUWN
JavaFlip Pancakes & More (382 8th Ave),66648c58-bb18-5b13-8244-480f33819b47,,3,7,86.62,7.69,94.31,-13.99,-1.24,-15.23,0,0,0,-18.86,-1.54,0,0,0,0,0,-20.79,0,0,0,0,75.45,0,0,-3.83,0,0,0,35.6,2/9/26,AL4ZVNUZ8NIWZY0
JavaFlip Pancakes & More (382 8th Ave),66648c58-bb18-5b13-8244-480f33819b47,,10,7,209.58,18.6,228.18,-6.69,-0.59,-7.28,0,0,0,-39.68,-3.23,0,0,-0.99,0,0,-51.94,0,0,0,0,188.5,0,0,-7.02,0,0,0,121.27,2/17/26,DGVA6D8QAH9AA7H
JavaFlip Pancakes & More (382 8th Ave),66648c58-bb18-5b13-8244-480f33819b47,,11,5,212.34,18.85,231.19,20.68,1.83,22.51,0,0,0,-48.18,-3.94,0,0,0,0,0,-50.45,0,0,0,0,183.01,0,0,-4.49,0,0,0,150.58,2/23/26,SRVB3SCE081EEED
Village Wraps Snob (4234 Broadway),e02eacc3-b3df-5cb9-a11c-fcc0812516eb,,1,8,15.38,1.36,16.74,0,0,0,0,0,0,-3.35,-0.27,0,0,0,0,0,-3.69,0,0,0,0,13.39,0,0,-6.8,0,0,0,2.9,2/2/26,Q23QP0UB5P5XDUZ
Village Wraps Snob (4234 Broadway),e02eacc3-b3df-5cb9-a11c-fcc0812516eb,,4,9,100.09,8.88,108.97,0,0,0,0,0,0,-21.79,-1.77,0,0,0,0,0,-24.03,0,0,0,0,87.18,0,0,-6.6,0,0,0,56.55,2/9/26,OD0TB6AB10Q3CRS
Village Wraps Snob (4234 Broadway),e02eacc3-b3df-5cb9-a11c-fcc0812516eb,,4,7,70.01,6.21,76.22,0,0,0,0,0,0,-12.8,-1.04,0,0,0,0,0,-17.48,0,0,0,0,63.42,0,0,-7.15,0,0,0,38.79,2/17/26,TML191PFE5JKSAN
Village Wraps Snob (4234 Broadway),e02eacc3-b3df-5cb9-a11c-fcc0812516eb,,1,7,19.58,1.74,21.32,0,0,0,0,0,0,-4.27,-0.35,0,0,0,0,0,-4.7,0,0,0,0,17.05,0,0,-6.93,0,0,0,5.42,2/23/26,YPVJ1PARCTFJV3F
Mighty Grilled Cheese (1225 Amsterdam Ave),9e99877a-749e-5150-a3e9-03f111967cbe,,1,0,42.76,3.79,46.55,0,0,0,0,0,0,-9.3,-0.75,0,0,-0.99,0,0,-10.26,0,0,0,0,37.25,0,0,0,0,0,0,26,2/17/26,CQ3IFXP789P5PM1
Mighty Grilled Cheese (1225 Amsterdam Ave),9e99877a-749e-5150-a3e9-03f111967cbe,,3,0,68.94,6.12,75.06,0,0,0,0,0,0,-15.02,-1.22,0,0,-2.97,0,0,-16.55,0,0,0,0,60.04,0,0,0,0,0,0,40.52,2/23/26,SU1AH4WEJ09WA4O
Golden Bear Sandwiches (111 E 161 St),1d0943c6-a463-50eb-aeab-0239d59d9ac8,907b1d4e-f49c-453c-9a2a-3fe895c71876,1,0,11.89,1.06,12.95,0,0,0,0,0,0,0,0,0,0,0,0,0,-3.57,0,0,0,0,12.95,0,0,0,0,0,0,9.38,2/2/26,G6SAB4PR4PQPR7C
Golden Bear Sandwiches (111 E 161 St),1d0943c6-a463-50eb-aeab-0239d59d9ac8,907b1d4e-f49c-453c-9a2a-3fe895c71876,2,0,52.54,4.67,57.21,0,0,0,0,0,0,-11.44,-0.94,0,0,0,0,0,-12.61,0,0,0,0,45.77,0,0,0,0,0,0,33.16,2/9/26,7JJCTQLYJ58C8G1
Golden Bear Sandwiches (111 E 161 St),1d0943c6-a463-50eb-aeab-0239d59d9ac8,907b1d4e-f49c-453c-9a2a-3fe895c71876,4,0,97.39,8.65,106.04,0,0,0,0,0,0,-21.21,-1.74,0,0,0,0,0,-23.38,0,0,0,0,84.83,0,0,0,0,0,0,61.45,2/17/26,8CT3F8W78YQ09DL
Farmer Girl Salad (111 E 161 St),bc0dd211-30c1-5ef5-b596-62facccce07f,7ad0a13f-be1c-4eb2-8765-2feb61652c78,1,0,17.99,1.6,19.59,0,0,0,0,0,0,-3.92,-0.32,0,0,0,0,0,-4.32,0,0,0,0,15.67,0,0,0,0,0,0,11.35,2/2/26,8IB8W6G4WEBD59M
Farmer Girl Salad (111 E 161 St),bc0dd211-30c1-5ef5-b596-62facccce07f,7ad0a13f-be1c-4eb2-8765-2feb61652c78,1,0,22.99,2.04,25.03,0,0,0,0,0,0,-5.01,-0.41,0,0,0,0,0,-5.52,0,0,0,0,20.02,0,0,0,0,0,0,14.5,2/9/26,GQRS1WRPA0S14C1
Farmer Girl Salad (111 E 161 St),bc0dd211-30c1-5ef5-b596-62facccce07f,7ad0a13f-be1c-4eb2-8765-2feb61652c78,5,0,97.24,8.64,105.88,0,0,0,0,0,0,-21.19,-1.73,0,0,0,0,0,-19.7,0,0,0,0,84.69,0,0,0,0,0,0,64.99,2/17/26,8S6AAJRRGKUE7UW
Farmer Girl Salad (111 E 161 St),bc0dd211-30c1-5ef5-b596-62facccce07f,7ad0a13f-be1c-4eb2-8765-2feb61652c78,2,0,44.56,3.96,48.52,0,0,0,0,0,0,-9.7,-0.79,0,0,0,0,0,-10.7,0,0,0,0,38.82,0,0,0,0,0,0,28.12,2/24/26,WLTWGH7NY36GPYG
Phillz Cheesesteaks (382 8th Ave),962b8da4-8b21-55be-920f-518de301504b,,1,0,22.76,2.02,24.78,0,0,0,0,0,0,-4.95,-0.4,0,0,0,0,0,-5.46,0,0,0,0,19.83,0,0,0,0,0,0,14.37,2/23/26,7II2RX231H1WLCT
Toss N' Chop Salad Bar - San Jose,84b27d27-6a19-50f9-8632-eb1a1d5254bd,84b27d27-6a19-50f9-8632-eb1a1d5254bd,1,0,21.57,2.03,23.6,0,0,0,0,0,0,-4.72,-0.41,0,0,0,0,0,-4.32,0,0,0,0,18.88,0,0,0,0,-1.62,0,12.94,2/9/26,11E10D2AVDH7SSB
Toss N' Chop Salad Bar - San Jose,84b27d27-6a19-50f9-8632-eb1a1d5254bd,84b27d27-6a19-50f9-8632-eb1a1d5254bd,1,0,30.06,2.75,32.81,0,0,0,0,0,0,0,0,0,0,0,0,0,-7.52,0,0,0,0,32.81,0,0,0,0,-2.75,0,22.54,2/17/26,GNSBOJMGS2EORLI
TacoTaste Mexican (4352 E Speedway Blvd),62b161c8-3e31-5df9-979b-ee30305a0c26,8e7dee4b-3cbd-4d65-bbb8-f38985a1aa29,1,0,70.38,6.12,76.5,0,0,0,0,0,0,-9.78,-0.78,0,0,-0.99,0,0,-18.41,0,0,0,0,66.72,0,0,0,0,0,0,47.32,2/2/26,CH8IJV65BV701H0
TacoTaste Mexican (4352 E Speedway Blvd),62b161c8-3e31-5df9-979b-ee30305a0c26,8e7dee4b-3cbd-4d65-bbb8-f38985a1aa29,2,0,34.91,3.04,37.95,0,0,0,0,0,0,-4.99,-0.4,0,0,-0.99,0,0,-9.1,0,0,0,0,32.96,0,0,0,0,0,0,22.87,2/17/26,8JB69HS2STUN3KV
TacoTaste Mexican (4352 E Speedway Blvd),62b161c8-3e31-5df9-979b-ee30305a0c26,8e7dee4b-3cbd-4d65-bbb8-f38985a1aa29,2,0,28.94,2.52,31.46,-3.45,-0.3,-3.75,0,0,0,-8.79,-0.7,0,0,-0.99,0,0,-6.25,0,0,0,0,22.67,0,0,0,0,0,0,11.68,2/23/26,T0IPADJSV47LMLM
Local Breakfast Spot,490e68c6-122a-4e05-9b46-5b62c3196374,490e68c6-122a-4e05-9b46-5b62c3196374,9,7,178.93,15.57,194.5,0,0,0,0,0,0,-35.9,-2.87,0,0,-7.92,0,0,-32.92,0,0,0,0,158.6,0,0,-12.11,0,0,0,105.65,2/2/26,J9K98LIHV28TM01
Local Breakfast Spot,490e68c6-122a-4e05-9b46-5b62c3196374,490e68c6-122a-4e05-9b46-5b62c3196374,4,8,78.26,6.93,85.19,0,0,0,0,0,0,-17.02,-1.37,0,0,-3.96,0,0,-14.59,0,0,0,0,68.17,0,0,-14.09,0,0,0,35.53,2/9/26,W4XXLDQOQL9YUEQ
Local Breakfast Spot,490e68c6-122a-4e05-9b46-5b62c3196374,490e68c6-122a-4e05-9b46-5b62c3196374,12,7,226.82,19.21,246.03,-6.7,-0.59,-7.29,0,0,0,-45.62,-3.57,0,0,-10.89,0,0,-50.41,0,0,0,0,200.41,0,0,-14.73,0,0,0,117.09,2/17/26,V7UC29U5BUHI684
Local Breakfast Spot,490e68c6-122a-4e05-9b46-5b62c3196374,490e68c6-122a-4e05-9b46-5b62c3196374,13,9,380.47,33.15,413.62,6.7,0.59,7.29,0,0,0,-71.48,-5.71,0,0,-11.88,0,0,-90.37,0,0,0,0,342.14,0,0,-13.78,0,0,0,233.4,2/23/26,C2JGMJU95P4Z376
Carmen's Breakfast Burritos (1201 Randall Avenue),883fd8f0-d437-588a-8479-81ee78a29242,3245bb0d-c768-4f25-a1f5-b94a9fd66c3f,1,0,36.36,3.23,39.59,0,0,0,0,0,0,-7.92,-0.65,0,0,0,0,0,-8.73,0,0,0,0,31.67,0,0,0,0,0,0,22.94,2/2/26,AFAWCX1A9KUXJCH
Carmen's Breakfast Burritos (1201 Randall Avenue),883fd8f0-d437-588a-8479-81ee78a29242,3245bb0d-c768-4f25-a1f5-b94a9fd66c3f,1,0,17.48,1.55,19.03,0,0,0,0,0,0,-3.81,-0.31,0,0,0,0,0,-4.19,0,0,0,0,15.22,0,0,0,0,0,0,11.03,2/9/26,W1EIGYJ1GC1PW46
Carmen's Breakfast Burritos (1201 Randall Avenue),883fd8f0-d437-588a-8479-81ee78a29242,3245bb0d-c768-4f25-a1f5-b94a9fd66c3f,2,0,46.85,4.16,51.01,0,0,0,0,0,0,-10.2,-0.83,0,0,0,0,0,-11.25,0,0,0,0,40.81,0,0,0,0,0,0,29.56,2/17/26,MRTT61KJ2MH3VZM
Beeman's Burger Bar (93 Avenue A),b699d1fc-aec6-51a9-b00e-5b2035daa559,,1,0,88.96,7.9,96.86,0,0,0,0,0,0,-9.8,-0.8,0,0,0,0,0,-4.8,0,0,0,0,87.06,0,0,0,0,0,0,82.26,2/2/26,IOKIT5CHMMG5US6
Beeman's Burger Bar (93 Avenue A),b699d1fc-aec6-51a9-b00e-5b2035daa559,,1,0,21.99,1.95,23.94,0,0,0,0,0,0,-4.79,-0.39,0,0,0,0,0,-5.28,0,0,0,0,19.15,0,0,0,0,0,0,13.87,2/23/26,B87KU6RC9QR5EHY
NY Breakfast Spot,bc51d43c-87f8-41b5-9ae8-e15be11f4c80,bc51d43c-87f8-41b5-9ae8-e15be11f4c80,18,10,405.96,36.02,441.98,0,0,0,0,0,0,-85.02,-6.9,0,0,0,0,0,-92.56,0,0,0,0,356.96,0,0,-24.21,0,0,0,240.19,2/2/26,SJPCICUH3FGXP2P
NY Breakfast Spot,bc51d43c-87f8-41b5-9ae8-e15be11f4c80,bc51d43c-87f8-41b5-9ae8-e15be11f4c80,17,11,297.2,26.37,323.57,0,0,0,0,0,0,-55.99,-4.54,0,0,0,0,0,-62.34,0,0,0,0,267.58,0,0,-17.8,0,0,0,187.44,2/9/26,I9FF9VGAI4Y3MAK
NY Breakfast Spot,bc51d43c-87f8-41b5-9ae8-e15be11f4c80,bc51d43c-87f8-41b5-9ae8-e15be11f4c80,12,12,216.43,19.21,235.64,0,0,0,0,0,0,-43.09,-3.5,0,0,0,0,0,-49.1,0,0,0,0,192.55,0,0,-22.55,0,0,0,120.9,2/17/26,5BQO1LD1XB18O8R
NY Breakfast Spot,bc51d43c-87f8-41b5-9ae8-e15be11f4c80,bc51d43c-87f8-41b5-9ae8-e15be11f4c80,8,11,144.95,12.85,157.8,0,0,0,0,0,0,-30.64,-2.49,0,0,0,0,0,-35.05,0,0,0,0,127.16,0,0,-31.63,0,0,0,60.48,2/24/26,5RVBI5VW2ZLH9II
The Acai Dream (217 1st Avenue),44304c1b-0b6f-5587-9bc7-518c9c2bd7b7,44304c1b-0b6f-5587-9bc7-518c9c2bd7b7,1,0,15.99,1.42,17.41,0,0,0,0,0,0,-3.48,-0.28,0,0,0,0,0,-3.84,0,0,0,0,13.93,0,0,0,0,0,0,10.09,2/9/26,RTVUZ9JKDXQUO8Q
The Fried Chicken Crave (1338 Polk St),3c2ea295-d95c-54a7-8f40-891b02ef54d2,44c3cdb7-9029-49de-989e-b2161af1e3bc,1,0,29.96,2.59,32.55,0,0,0,0,0,0,-6.5,-0.51,0,0,-0.99,0,0,-1.44,0,0,0,0,26.05,0,0,0,0,-2.08,0,21.54,2/2/26,H7OQAVK72UEDKTV
The Fried Chicken Crave (1338 Polk St),3c2ea295-d95c-54a7-8f40-891b02ef54d2,44c3cdb7-9029-49de-989e-b2161af1e3bc,2,0,64.95,5.61,70.56,0,0,0,0,0,0,-14.12,-1.13,0,0,-1.98,0,0,-15.58,0,0,0,0,56.44,0,0,0,0,-4.48,0,34.4,2/9/26,TMQWBFV07GFKC07
The Fried Chicken Crave (1338 Polk St),3c2ea295-d95c-54a7-8f40-891b02ef54d2,44c3cdb7-9029-49de-989e-b2161af1e3bc,1,0,26.97,2.33,29.3,0,0,0,0,0,0,-5.85,-0.46,0,0,-0.99,0,0,-6.47,0,0,0,0,23.45,0,0,0,0,-1.87,0,14.12,2/23/26,TKHL08SROKDCX0X
The Mac and Cheese Co (2102 Utica Ave),ff9aff1e-acef-523d-a423-9cf483fa1114,,3,18,144.7,12.84,157.54,0,0,0,0,0,0,-23.8,-1.94,0,0,0,0,0,-36.86,0,0,0,0,133.74,0,0,-27.93,0,0,0,68.95,2/2/26,EPYK8SE247GYWC4
The Mac and Cheese Co (2102 Utica Ave),ff9aff1e-acef-523d-a423-9cf483fa1114,,2,26,150.21,13.33,163.54,0,0,0,0,0,0,-18.57,-1.51,0,0,0,0,0,-32.21,0,0,0,0,144.97,0,0,-41.45,0,0,0,71.31,2/23/26,CQUE2EDFIT8R4B2
NY Burger Spot - 171 West 23rd Street,6e180a1a-c6e9-47cd-966c-0c2a4b278755,6e180a1a-c6e9-47cd-966c-0c2a4b278755,1,0,47.97,0,47.97,0,0,0,0,0,0,0,0,0,0,0,0,0,-14.39,0,0,0,0,47.97,0,0,0,0,0,0,33.58,2/9/26,7YIS6QMS6ETF1TZ
Ming's Fried Chicken,7033b632-924c-4018-a9dc-c771f1a55bd2,7033b632-924c-4018-a9dc-c771f1a55bd2,2,0,64.45,5.56,70.01,0,0,0,0,0,0,-6.52,-0.52,0,0,0,0,0,-9.37,0,0,0,0,63.49,0,0,0,0,-5.04,0,49.08,2/2/26,BRV6A8RIXEUA1A0
Ming's Fried Chicken,7033b632-924c-4018-a9dc-c771f1a55bd2,7033b632-924c-4018-a9dc-c771f1a55bd2,1,0,25.98,2.26,28.24,-10.39,-0.9,-11.29,0,0,0,-5.67,-0.47,0,0,0,0,0,-4.78,0,0,0,0,22.57,0,0,0,0,-0.89,0,5.61,2/23/26,EAE8Q79GWYGHXF5
First Light Breakfast Cafe (115-20 Queens Blvd),b025974d-952e-592b-adbd-c0ba10ded1ff,01360a14-dad8-47a1-9285-d639f2257517,1,0,34.57,3.07,37.64,0,0,0,0,0,0,-7.53,-0.62,0,0,0,0,0,-8.3,0,0,0,0,30.11,0,0,0,0,0,0,21.81,2/9/26,ZZASAC8MR4LTJDQ
First Light Breakfast Cafe (115-20 Queens Blvd),b025974d-952e-592b-adbd-c0ba10ded1ff,01360a14-dad8-47a1-9285-d639f2257517,1,0,17.28,1.53,18.81,-7.59,-0.67,-8.26,0,0,0,-3.76,-0.3,0,0,0,0,0,-4.15,0,0,0,0,15.05,0,0,0,0,0,0,2.64,2/23/26,Q5V9E6NRWPOEFD6
Amore Pasta Ristorante (2624 Pico Blvd),1462021d-2b8b-513b-80d2-6ec8fe1b0983,,3,0,110.51,10.78,121.29,0,0,0,0,0,0,-23.38,-2.07,0,0,0,0,0,-26.76,0,0,0,0,97.91,0,0,0,0,-8.71,0,62.44,2/9/26,BT3VVCZBDD9AZKB
Amore Pasta Ristorante (2624 Pico Blvd),1462021d-2b8b-513b-80d2-6ec8fe1b0983,,1,0,43.38,4.67,48.05,0,0,0,0,0,0,-9.63,-0.95,0,0,0,0,0,-10.41,0,0,0,0,38.42,0,0,0,0,-3.72,0,24.29,2/17/26,CE9Y7Z4MGSP4PON
Amore Pasta Ristorante (2624 Pico Blvd),1462021d-2b8b-513b-80d2-6ec8fe1b0983,,2,0,82.25,8.31,90.56,0,0,0,0,0,0,-16.02,-1.48,0,0,0,0,0,-20.31,0,0,0,0,74.54,0,0,0,0,-6.83,0,47.4,2/23/26,WDGIMSZM4DCOYIR
Sip On Smoothie (154 7th Ave),bef1d9e9-98dd-5544-8ea7-610a6699230e,,2,0,35.31,3.14,38.45,0,0,0,0,0,0,-7.69,-0.63,0,0,0,0,0,-5.46,0,0,0,0,30.76,0,0,0,0,0,0,25.3,2/23/26,2SXXO7BBMLL6WJ9
Big Ease Smoothies (2051 Frederick Douglass Blvd),964ab056-9bc7-50cb-82e7-5b2b60f94a74,,6,0,104.17,9.25,113.42,0,0,0,0,0,0,-14.92,-1.22,0,0,0,0,0,-27.13,0,0,0,0,98.5,0,0,0,0,0,0,71.37,2/2/26,FPWFNDJWX6WKH2Q
Big Ease Smoothies (2051 Frederick Douglass Blvd),964ab056-9bc7-50cb-82e7-5b2b60f94a74,,3,0,57.33,5.09,62.42,0,0,0,0,0,0,-9.74,-0.79,0,0,0,0,0,-14.51,0,0,0,0,52.68,0,0,0,0,0,0,38.17,2/9/26,VL4TA4W5PPDQBMB
Big Ease Smoothies (2051 Frederick Douglass Blvd),964ab056-9bc7-50cb-82e7-5b2b60f94a74,,2,0,51.74,4.6,56.34,0,0,0,0,0,0,-8.53,-0.7,0,0,0,0,0,-13.17,0,0,0,0,47.81,0,0,0,0,0,0,34.64,2/17/26,A5NE454HZIWS3B5
Big Ease Smoothies (2051 Frederick Douglass Blvd),964ab056-9bc7-50cb-82e7-5b2b60f94a74,,3,0,58.7,5.21,63.91,-5.59,-0.5,-6.09,0,0,0,-12.78,-1.04,0,0,0,0,0,-14.09,0,0,0,0,51.13,0,0,0,0,0,0,30.95,2/24/26,MS8KZPDVR2QYHCP
Breakfast N Vibe (4234 Broadway),48759b81-ff3d-5b88-bd05-1b56823ac204,,3,8,70.3,6.24,76.54,0,0,0,0,0,0,-5.02,-0.41,0,0,0,0,0,-19.71,0,0,0,0,71.52,0,0,-6.64,0,0,0,45.17,2/2/26,3CQZDH6YE0170AL
Breakfast N Vibe (4234 Broadway),48759b81-ff3d-5b88-bd05-1b56823ac204,,1,7,15.38,1.36,16.74,0,0,0,0,0,0,-3.35,-0.27,0,0,0,0,0,-3.69,0,0,0,0,13.39,0,0,-6.75,0,0,0,2.95,2/9/26,6ZL7VJBYDMTICVQ
Breakfast N Vibe (4234 Broadway),48759b81-ff3d-5b88-bd05-1b56823ac204,,2,7,53.22,4.73,57.95,0,0,0,0,0,0,-11.59,-0.95,0,0,0,0,0,-8.47,0,0,0,0,46.36,0,0,-6.46,0,0,0,31.43,2/17/26,1DURCU93JJHHRA1
Breakfast N Vibe (4234 Broadway),48759b81-ff3d-5b88-bd05-1b56823ac204,,2,8,40.64,3.61,44.25,-15.42,-1.37,-16.79,0,0,0,-8.84,-0.72,0,0,0,0,0,-9.76,0,0,0,0,35.41,0,0,-7.36,0,0,0,1.5,2/23/26,7KE1M4LAKEBLDDY
Get Grilled Cheesin' (1147 West Chester Pike),81c94e29-d427-5a28-925d-2bbb62e698a0,81c94e29-d427-5a28-925d-2bbb62e698a0,1,0,29.97,1.8,31.77,0,0,0,0,0,0,-6.34,-0.35,0,0,0,0,0,-7.19,0,0,0,0,25.43,0,0,0,0,-1.45,0,16.79,2/23/26,34TUX4199HZAGN1
Roman's Pizza Oven (751 Post Road),bf1a9784-9dd4-5dce-8970-6d1c8e29a1d3,,2,0,45.95,3.85,49.8,0,0,0,0,0,0,-9.96,-0.77,0,0,0,0,0,-11.03,0,0,0,0,39.84,0,0,0,0,0,0,28.81,2/9/26,LRTJPO7B7YERSAF
Roman's Pizza Oven (751 Post Road),bf1a9784-9dd4-5dce-8970-6d1c8e29a1d3,,1,0,19.08,1.6,20.68,0,0,0,0,0,0,-4.14,-0.32,0,0,0,0,0,-4.58,0,0,0,0,16.54,0,0,0,0,0,0,11.96,2/23/26,5HW9L19KLDPM9TG
The Bagel Savage (415 W Gray St),8123dbd6-3f65-537f-9a1f-40cc3256dd0a,e58cb865-df00-4abe-9eab-f15996b0947d,13,0,258.13,21.33,279.46,0,0,0,0,0,0,-39.09,-2.96,0,0,0,0,0,-66.59,-4.35,0,0,0,240.37,0,0,0,0,0,0,169.43,2/2/26,RTRIX277RO81NZP
The Bagel Savage (415 W Gray St),8123dbd6-3f65-537f-9a1f-40cc3256dd0a,e58cb865-df00-4abe-9eab-f15996b0947d,7,0,168.46,13.93,182.39,0,0,0,0,0,0,-26.45,-2,0,0,0,0,0,-43.21,-2.8,0,0,0,155.94,0,0,0,0,0,0,109.93,2/9/26,K4JWMMXHMHY3AW2
The Bagel Savage (415 W Gray St),8123dbd6-3f65-537f-9a1f-40cc3256dd0a,e58cb865-df00-4abe-9eab-f15996b0947d,10,0,253.1,20.93,274.03,0,0,0,0,0,0,-49.33,-3.79,0,0,0,0,0,-62.27,-4.08,0,0,0,224.7,0,0,0,0,0,0,158.35,2/17/26,ARZ5RQQ5N1EKS0A
The Bagel Savage (415 W Gray St),8123dbd6-3f65-537f-9a1f-40cc3256dd0a,e58cb865-df00-4abe-9eab-f15996b0947d,7,0,167.49,13.79,181.28,0,0,0,0,0,0,-20.21,-1.51,0,0,0,0,0,-44.63,-2.95,0,0,0,161.07,0,0,0,0,0,0,113.49,2/23/26,K1MR39HPK4KROQW
Sip On Smoothie (560 E 149th St),c6ab80ac-e192-58b8-b71e-7980fb18d4af,c6ab80ac-e192-58b8-b71e-7980fb18d4af,1,0,23.75,2.11,25.86,0,0,0,0,0,0,-5.17,-0.42,0,0,-0.99,0,0,-3.8,0,0,0,0,20.69,0,0,0,0,0,0,15.9,2/17/26,F3RVS4YY666G3HM
Sip On Smoothie (560 E 149th St),c6ab80ac-e192-58b8-b71e-7980fb18d4af,c6ab80ac-e192-58b8-b71e-7980fb18d4af,1,0,25.56,2.27,27.83,0,0,0,0,0,0,-5.57,-0.46,0,0,-0.99,0,0,-4.09,0,0,0,0,22.26,0,0,0,0,0,0,17.18,2/23/26,NYBT8UYQ73Z4TFE
Locals Breakfast Snob,75122eef-96b9-4c0d-a602-a76427698ed1,75122eef-96b9-4c0d-a602-a76427698ed1,6,0,189.73,15.89,205.62,0,0,0,0,0,0,-35.94,-2.78,0,0,0,0,0,-46.96,0,0,0,0,169.68,0,0,0,0,0,0,122.72,2/2/26,V4QJQPRQP3OSQAS
Locals Breakfast Snob,75122eef-96b9-4c0d-a602-a76427698ed1,75122eef-96b9-4c0d-a602-a76427698ed1,6,0,140.8,11.79,152.59,0,0,0,0,0,0,-30.51,-2.35,0,0,0,0,0,-33.78,0,0,0,0,122.08,0,0,0,0,0,0,88.3,2/9/26,DQFD49IQODGVZ6M
Locals Breakfast Snob,75122eef-96b9-4c0d-a602-a76427698ed1,75122eef-96b9-4c0d-a602-a76427698ed1,2,0,44.93,3.76,48.69,0,0,0,0,0,0,-9.74,-0.75,0,0,0,0,0,-10.78,0,0,0,0,38.95,0,0,0,0,0,0,28.17,2/17/26,NQ9S08GV34PBPZ2
Locals Breakfast Snob,75122eef-96b9-4c0d-a602-a76427698ed1,75122eef-96b9-4c0d-a602-a76427698ed1,3,0,116.85,9.79,126.64,0,0,0,0,0,0,-22.3,-1.72,0,0,0,0,0,-28.88,0,0,0,0,104.34,0,0,0,0,0,0,75.46,2/23/26,FDE5V3XIWHXMMIF
Queen's Quesadillas,c87020bf-39a4-52e6-8775-14011a794d0d,f3e0390d-581f-47f6-b8c4-0d5541f103c4,1,0,19.77,1.75,21.52,0,0,0,0,0,0,-4.3,-0.35,0,0,0,0,0,0,0,0,0,0,17.22,0,0,0,0,0,0,17.22,2/17/26,MJATHE76JANX52A
Queen's Quesadillas,c87020bf-39a4-52e6-8775-14011a794d0d,f3e0390d-581f-47f6-b8c4-0d5541f103c4,3,0,57.69,5.13,62.82,0,0,0,0,0,0,-13.93,-1.15,0,0,0,0,0,0,0,0,0,0,48.89,0,0,0,0,0,0,48.89,2/23/26,J87C2ZH4F6TRG11
Luna's Loaded Fries (226 1/2 Newark Ave),6474dd6c-4330-5404-990e-40792ff616e5,44c8e545-8a77-4469-9067-c974d24b7c51,1,0,80.61,5.34,85.95,0,0,0,0,0,0,-9.6,-0.6,0,0,0,0,0,-21.48,0,0,0,0,76.35,0,0,0,0,-4.74,0,50.13,2/17/26,BI9MVE1I9BA4V38
The Smoothie Squeeze (296 3rd Ave),08a408d1-8286-5119-9580-dedf51392f7b,,1,0,11.19,0.99,12.18,0,0,0,0,0,0,0,0,0,0,0,0,0,-3.36,0,0,0,0,12.18,0,0,0,0,0,0,8.82,2/2/26,U4WNKJ1E3BUUD02
The Smoothie Squeeze (296 3rd Ave),08a408d1-8286-5119-9580-dedf51392f7b,,2,0,34.96,3.11,38.07,0,0,0,0,0,0,-4.88,-0.4,0,0,0,0,0,-9.14,0,0,0,0,33.19,0,0,0,0,0,0,24.05,2/17/26,M1FALUGI8QZKJ38
The Smoothie Squeeze (296 3rd Ave),08a408d1-8286-5119-9580-dedf51392f7b,,1,0,12.58,1.12,13.7,0,0,0,0,0,0,0,0,0,0,0,0,0,-3.77,0,0,0,0,13.7,0,0,0,0,0,0,9.93,2/23/26,X95X2KNDGUPDWTU
Leon's Legendary Pizza (243 S Beverly Dr),1553d934-093b-5b7a-bbb2-51d2566dcb54,,1,0,39.97,3.9,43.87,0,0,0,0,0,0,0,0,0,0,0,0,0,-11.99,0,0,0,0,43.87,0,0,0,0,-3.9,0,27.98,2/2/26,L71ZAJV9Q57Z67F
Che Breakfast Cafe (301 W 96th St),8c76ccdb-af68-5c1c-96e8-de10cac770af,8c76ccdb-af68-5c1c-96e8-de10cac770af,6,0,165.38,14.67,180.05,0,0,0,0,0,0,-32,-2.6,0,0,0,0,0,-27.2,0,0,0,0,148.05,0,0,0,0,0,0,120.85,2/2/26,NH4EFPORHJX23O6
Che Breakfast Cafe (301 W 96th St),8c76ccdb-af68-5c1c-96e8-de10cac770af,8c76ccdb-af68-5c1c-96e8-de10cac770af,6,0,123.76,10.98,134.74,0,0,0,0,0,0,-23.6,-1.92,0,0,0,0,0,-20.42,0,0,0,0,111.14,0,0,0,0,0,0,90.72,2/9/26,MP6J04U4VWL2UD8
Che Breakfast Cafe (301 W 96th St),8c76ccdb-af68-5c1c-96e8-de10cac770af,8c76ccdb-af68-5c1c-96e8-de10cac770af,2,0,25.38,2.26,27.64,0,0,0,0,0,0,-2.18,-0.18,0,0,0,0,0,-4.68,0,0,0,0,25.46,0,0,0,0,0,0,20.78,2/17/26,R76J52R3IRXHPJL
Che Breakfast Cafe (301 W 96th St),8c76ccdb-af68-5c1c-96e8-de10cac770af,8c76ccdb-af68-5c1c-96e8-de10cac770af,8,0,229.14,20.34,249.48,0,0,0,0,0,0,-19.05,-1.55,0,0,0,0,0,-42.32,0,0,0,0,230.43,0,0,0,0,0,0,188.11,2/23/26,8YXKW4R6XXD4BQF
General's French Toast (1147 West Chester Pike),d4cad5fa-9774-5a78-b8ad-a3b072f55233,d4cad5fa-9774-5a78-b8ad-a3b072f55233,1,0,19.47,1.17,20.64,0,0,0,0,0,0,-4.13,-0.24,0,0,0,0,0,-4.67,0,0,0,0,16.51,0,0,0,0,-0.93,0,10.91,2/2/26,ZAWZZEPC0FEBCNT
General's French Toast (1147 West Chester Pike),d4cad5fa-9774-5a78-b8ad-a3b072f55233,d4cad5fa-9774-5a78-b8ad-a3b072f55233,1,0,22.57,1.34,23.91,0,0,0,0,0,0,-4.77,-0.26,0,0,0,0,0,-5.42,0,0,0,0,19.14,0,0,0,0,-1.08,0,12.64,2/17/26,M7399MHCE3QOQCF
General's French Toast (1147 West Chester Pike),d4cad5fa-9774-5a78-b8ad-a3b072f55233,d4cad5fa-9774-5a78-b8ad-a3b072f55233,1,0,18.47,1.12,19.59,-2.32,-0.14,-2.46,0,0,0,-3.92,-0.23,0,0,0,0,0,-4.43,0,0,0,0,15.67,0,0,0,0,-0.75,0,8.03,2/23/26,1L6RY43IL4PGEN5
The Pancake Snob - 1147 West Chester Pike,1c117e42-5427-413f-95cb-a4d6cdbf7eff,1c117e42-5427-413f-95cb-a4d6cdbf7eff,14,0,466.43,27.87,494.3,0,0,0,0,0,0,-87.73,-4.79,0,0,0,0,0,-115.03,0,0,0,0,406.57,0,0,0,0,-23.08,0,268.46,2/2/26,YQUO379GNRS1YYT
The Pancake Snob - 1147 West Chester Pike,1c117e42-5427-413f-95cb-a4d6cdbf7eff,1c117e42-5427-413f-95cb-a4d6cdbf7eff,5,0,168.79,10.08,178.87,-15.14,-0.91,-16.05,0,0,0,-32.26,-1.79,0,0,0,0,0,-41.51,0,0,0,0,146.61,0,0,0,0,-7.38,0,81.67,2/9/26,WYD1VVTA7KZSK50
The Pancake Snob - 1147 West Chester Pike,1c117e42-5427-413f-95cb-a4d6cdbf7eff,1c117e42-5427-413f-95cb-a4d6cdbf7eff,3,0,114.4,6.85,121.25,15.14,0,15.14,0,0,0,-19.9,-1.1,0,0,0,0,0,-28.67,0,0,0,0,101.35,0,0,0,0,-5.75,0,82.07,2/17/26,Y8GGX8WC58II6FX
The Pancake Snob - 1147 West Chester Pike,1c117e42-5427-413f-95cb-a4d6cdbf7eff,1c117e42-5427-413f-95cb-a4d6cdbf7eff,8,0,214.08,12.8,226.88,0,0,0,0,0,0,-39.96,-2.2,0,0,0,0,0,-49.04,0,0,0,0,186.92,0,0,0,0,-10.6,0,127.28,2/23/26,CMZ7GCZD7X0VN9S
Harry's Sandwich House (1424 Lexington Ave),947ea98a-c8ca-578f-ba18-f3aa2bbb477a,,2,0,42.64,3.78,46.42,0,0,0,0,0,0,-9.28,-0.75,0,0,0,0,0,-10.23,0,0,0,0,37.14,0,0,0,0,0,0,26.91,2/2/26,H3QM7Y1E7RKGXSY
Harry's Sandwich House (1424 Lexington Ave),947ea98a-c8ca-578f-ba18-f3aa2bbb477a,,1,0,21.68,1.92,23.6,0,0,0,0,0,0,-5.44,-0.44,0,0,0,0,0,-5,0,0,0,0,18.16,0,0,0,0,0,0,13.16,2/9/26,H031OOUVIBZU7F5
Harry's Sandwich House (1424 Lexington Ave),947ea98a-c8ca-578f-ba18-f3aa2bbb477a,,1,0,22.37,1.99,24.36,0,0,0,0,0,0,-4.87,-0.4,0,0,0,0,0,-5.37,0,0,0,0,19.49,0,0,0,0,0,0,14.12,2/23/26,EFVPWAECOFR41SE
Lettuce N Greens (257 Water Street),219314a0-33ec-5a32-a6d0-24e7246e79fd,,1,0,20.98,1.87,22.85,0,0,0,0,0,0,-4.59,-0.39,0,0,0,0,0,-1.34,0,0,0,0,18.26,0,0,0,0,0,0,18.56,2/17/26,A2MSOVD2Q0GW9JP
Priyanka's Vegan Indian (254 South B Street),72b1b801-7dcf-5cc3-b566-1b6cdee996bf,d2affeef-1b2a-4d1b-a3f4-44fb97154331,2,8,88.44,8.37,96.81,0,0,0,0,0,0,-16.19,-1.41,0,0,0,0,0,-22.1,0,0,0,0,80.62,0,0,-6.91,0,-6.96,0,44.65,2/2/26,LY1PFA9UTJ2OT0E
Priyanka's Vegan Indian (254 South B Street),72b1b801-7dcf-5cc3-b566-1b6cdee996bf,d2affeef-1b2a-4d1b-a3f4-44fb97154331,2,7,33.96,3.28,37.24,0,0,0,0,0,0,-7.46,-0.66,0,0,0,0,0,-8.14,0,0,0,0,29.78,0,0,-6.69,0,-2.62,0,12.33,2/9/26,6D52YHLIVEO1CPE
Priyanka's Vegan Indian (254 South B Street),72b1b801-7dcf-5cc3-b566-1b6cdee996bf,d2affeef-1b2a-4d1b-a3f4-44fb97154331,2,8,62.86,6.05,68.91,0,0,0,0,0,0,-13.59,-1.19,0,0,0,0,0,-15.13,0,0,0,0,55.32,0,0,-7.24,0,-4.86,0,28.09,2/17/26,SKQIKK0INXBFWBI
The Pasta Twins - 493 Old Hickory Blvd,81a647f1-ae68-4a7d-a036-c4cf8a922626,81a647f1-ae68-4a7d-a036-c4cf8a922626,2,0,43.98,4.28,48.26,0,0,0,0,0,0,-9.64,-0.84,0,0,0,0,0,-10.56,0,0,0,0,38.62,0,0,0,0,0,0,28.06,2/2/26,MUBHE0P5ZI7K8T9
The Pasta Twins - 493 Old Hickory Blvd,81a647f1-ae68-4a7d-a036-c4cf8a922626,81a647f1-ae68-4a7d-a036-c4cf8a922626,2,0,66.96,6.53,73.49,0,0,0,0,0,0,-14.49,-1.29,0,0,0,0,0,-16.13,0,0,0,0,59,0,0,0,0,0,0,42.87,2/9/26,PT5G0638YGSCQO9
The Pasta Twins - 493 Old Hickory Blvd,81a647f1-ae68-4a7d-a036-c4cf8a922626,81a647f1-ae68-4a7d-a036-c4cf8a922626,2,0,105.92,10.33,116.25,0,0,0,0,0,0,-19.09,-1.7,0,0,0,0,0,-26.56,0,0,0,0,97.16,0,0,0,0,0,0,70.6,2/17/26,17SDAIH37Z97S4D
The Pasta Twins - 493 Old Hickory Blvd,81a647f1-ae68-4a7d-a036-c4cf8a922626,81a647f1-ae68-4a7d-a036-c4cf8a922626,1,0,34.97,3.41,38.38,0,0,0,0,0,0,-7.67,-0.68,0,0,0,0,0,-8.39,0,0,0,0,30.71,0,0,0,0,0,0,22.32,2/23/26,XH1R6W2W4I2V8EP
Holly's Burger Bar (3349 Mission St),90470027-c4fb-56b6-b769-61e8bf64530f,,1,0,34.97,3.02,37.99,0,0,0,0,0,0,-7.59,-0.6,0,0,0,0,0,-8.39,0,0,0,0,30.4,0,0,0,0,-2.42,0,19.59,2/23/26,F8Z2JSL8KXLG9CI
Farmer's Village Breakfast (34-02 30th St),fc3519cd-068d-590b-9d01-e0d12978f8b6,fc3519cd-068d-590b-9d01-e0d12978f8b6,2,0,65.02,5.78,70.8,0,0,0,0,0,0,-9.29,-0.76,0,0,0,0,0,-11.29,0,0,0,0,61.51,0,0,0,0,0,0,50.22,2/2/26,QWYZNF1LLCSR8CU
Farmer's Village Breakfast (34-02 30th St),fc3519cd-068d-590b-9d01-e0d12978f8b6,fc3519cd-068d-590b-9d01-e0d12978f8b6,1,0,21.67,1.92,23.59,0,0,0,0,0,0,-4.71,-0.38,0,0,0,0,0,-3.47,0,0,0,0,18.88,0,0,0,0,0,0,15.41,2/9/26,I00PSH6VBLGMPYK
Farmer's Village Breakfast (34-02 30th St),fc3519cd-068d-590b-9d01-e0d12978f8b6,fc3519cd-068d-590b-9d01-e0d12978f8b6,2,0,37.75,3.35,41.1,0,0,0,0,0,0,-9.41,-0.77,0,0,0,0,0,-5.82,0,0,0,0,31.69,0,0,0,0,0,0,25.87,2/23/26,WUQQFUI00NEG4NI
Luke's Breakfast Wraps (93 Avenue A),7dc3af66-7b62-54ca-9343-c0193d858897,,1,0,19.57,1.74,21.31,0,0,0,0,0,0,-4.26,-0.35,0,0,0,0,0,-4.7,0,0,0,0,17.05,0,0,0,0,0,0,12.35,2/2/26,TWMJFFMQWUSAM2X
Luke's Breakfast Wraps (93 Avenue A),7dc3af66-7b62-54ca-9343-c0193d858897,,1,0,13.99,1.24,15.23,0,0,0,0,0,0,0,0,0,0,0,0,0,-4.2,0,0,0,0,15.23,0,0,0,0,0,0,11.03,2/24/26,AQ52MCV61G869QC
Danny's Desserts (4352 E Speedway Blvd),b51d4edf-8b89-5d34-b99c-4770348e80c1,,1,0,20.54,1.79,22.33,0,0,0,0,0,0,-4.47,-0.36,0,0,0,0,0,-4.93,0,0,0,0,17.86,0,0,0,0,0,0,12.93,2/2/26,UX4QZXERUQ1P6EE
Danny's Desserts (4352 E Speedway Blvd),b51d4edf-8b89-5d34-b99c-4770348e80c1,,3,0,45.63,3.97,49.6,0,0,0,0,0,0,-7.69,-0.62,0,0,0,0,0,-11.56,0,0,0,0,41.91,0,0,0,0,0,0,30.35,2/9/26,4IVSUYBNV2SF0XO
Danny's Desserts (4352 E Speedway Blvd),b51d4edf-8b89-5d34-b99c-4770348e80c1,,1,0,17.17,1.49,18.66,0,0,0,0,0,0,-3.72,-0.29,0,0,0,0,0,-0.82,0,0,0,0,14.94,0,0,0,0,0,0,14.12,2/23/26,Z8VWK20LED01BV1
Mexican Tostadas Shack (916 Hempstead Turnpike),8c32a23b-18e7-5be3-bfd6-f0642f0dec99,8c32a23b-18e7-5be3-bfd6-f0642f0dec99,3,0,57.21,4.94,62.15,0,0,0,0,0,0,-9.78,-0.77,0,0,0,0,0,-14.46,0,0,0,0,52.37,0,0,0,0,0,0,37.91,2/2/26,78329HE0D52AB2T
Mexican Tostadas Shack (916 Hempstead Turnpike),8c32a23b-18e7-5be3-bfd6-f0642f0dec99,8c32a23b-18e7-5be3-bfd6-f0642f0dec99,1,0,30.85,2.66,33.51,0,0,0,0,0,0,-6.7,-0.53,0,0,0,0,0,-7.4,0,0,0,0,26.81,0,0,0,0,0,0,19.41,2/17/26,MVYN5FF97D0DAD2
Mexican Tostadas Shack (916 Hempstead Turnpike),8c32a23b-18e7-5be3-bfd6-f0642f0dec99,8c32a23b-18e7-5be3-bfd6-f0642f0dec99,2,0,54.02,4.66,58.68,0,0,0,0,0,0,-11.73,-0.93,0,0,0,0,0,-12.96,0,0,0,0,46.95,0,0,0,0,0,0,33.99,2/24/26,JOWVTDS0ZE5ANE6
1st Ave Gourmet Deli (1741 1st Ave),b08bf20d-ca1e-5a71-bc03-a6a170623539,8af7a9ae-a53d-401f-b91a-1c3f8ac9b66c,11,0,217.2,19.27,236.47,-3.48,-0.31,-3.79,0,0,0,-29.02,-2.36,0,0,0,0,0,-29.75,0,0,0,0,207.45,0,0,0,0,0,0,173.91,2/2/26,NA9XWGE9G8H6H1X
1st Ave Gourmet Deli (1741 1st Ave),b08bf20d-ca1e-5a71-bc03-a6a170623539,8af7a9ae-a53d-401f-b91a-1c3f8ac9b66c,8,0,141.17,12.54,153.71,0,0,0,0,0,0,-9.25,-0.75,0,0,0,0,0,-27.03,0,0,0,0,144.46,0,0,0,0,0,0,117.43,2/9/26,O82NOUJG86L41R9
1st Ave Gourmet Deli (1741 1st Ave),b08bf20d-ca1e-5a71-bc03-a6a170623539,8af7a9ae-a53d-401f-b91a-1c3f8ac9b66c,6,0,92.36,8.19,100.55,0,0,0,0,0,0,-15.54,-1.26,0,0,0,0,0,-11.77,0,0,0,0,85.01,0,0,0,0,0,0,73.24,2/17/26,ZF3ZFTM8P8IW2KG
1st Ave Gourmet Deli (1741 1st Ave),b08bf20d-ca1e-5a71-bc03-a6a170623539,8af7a9ae-a53d-401f-b91a-1c3f8ac9b66c,5,0,69.34,6.16,75.5,0,0,0,0,0,0,-9.34,-0.76,0,0,0,0,0,-12,0,0,0,0,66.16,0,0,0,0,0,0,54.16,2/23/26,ALCSBTXBOQNTH1J
Carmen's Breakfast Burritos (3917 4th Ave),e5633565-b94e-5060-b61a-c918c467aa2c,56cddd24-0656-4ded-857c-64b1a4c90852,1,0,17.48,1.55,19.03,0,0,0,0,0,0,0,0,0,0,0,0,0,-5.24,0,0,0,0,19.03,0,0,0,0,0,0,13.79,2/2/26,O5O7GRG2ZHPK3B7
The Cali Calzone (2624 Pico Blvd),5e89e31c-a3a1-504c-b7ae-752f1b38b838,,1,0,22.39,2.17,24.56,0,0,0,0,0,0,-4.9,-0.42,0,0,-0.99,0,0,-5.37,0,0,0,0,19.66,0,0,0,0,-1.75,0,11.55,2/9/26,IQW9WKY1I6WLYQS
The Cali Calzone (2624 Pico Blvd),5e89e31c-a3a1-504c-b7ae-752f1b38b838,,1,0,22.39,2.17,24.56,0,0,0,0,0,0,-4.9,-0.42,0,0,-0.99,0,0,-5.37,0,0,0,0,19.66,0,0,0,0,-1.75,0,11.55,2/23/26,P2F8N2R14OINUWE
The Pizza Flip (115-20 Queens Blvd),d9d41357-169e-5b3e-8b2e-d9400542654c,eb7d14c5-63f4-4a28-b99e-5fe74fa8ae17,1,0,27.98,2.48,30.46,0,0,0,0,0,0,-6.09,-0.49,0,0,0,0,0,-6.71,0,0,0,0,24.37,0,0,0,0,0,0,17.66,2/2/26,1ETRMYZWWLYAGD8
The Pizza Flip (115-20 Queens Blvd),d9d41357-169e-5b3e-8b2e-d9400542654c,eb7d14c5-63f4-4a28-b99e-5fe74fa8ae17,1,0,30.78,2.73,33.51,0,0,0,0,0,0,0,0,0,0,0,0,0,-9.23,0,0,0,0,33.51,0,0,0,0,0,0,24.28,2/9/26,S1QHBYLV21IYGKB
The Pizza Flip (115-20 Queens Blvd),d9d41357-169e-5b3e-8b2e-d9400542654c,eb7d14c5-63f4-4a28-b99e-5fe74fa8ae17,1,0,16.77,1.49,18.26,0,0,0,0,0,0,-3.65,-0.3,0,0,0,0,0,-4.03,0,0,0,0,14.61,0,0,0,0,0,0,10.58,2/17/26,4UB8OCH2UB3COJP
Breakfast Burrito Joint (128 East 4th Street),4f53798f-76c7-55e0-9fe8-5e26976e79b3,,4,7,93.13,8.28,101.41,0,0,0,0,0,0,-20.27,-1.67,0,0,0,0,0,-19.06,0,0,0,0,81.14,0,0,-6.92,0,0,0,55.16,2/2/26,YALFXT6YTXH8SB7
Breakfast Burrito Joint (128 East 4th Street),4f53798f-76c7-55e0-9fe8-5e26976e79b3,,1,7,21.87,1.94,23.81,0,0,0,0,0,0,-4.76,-0.39,0,0,0,0,0,-5.25,0,0,0,0,19.05,0,0,-5.53,0,0,0,8.27,2/9/26,YVXWFQAP03ZWCYX
Top Panini Shop (1175 2nd Ave),1f2ea41d-702a-52d1-a7dc-39f8e7d84f10,1f2ea41d-702a-52d1-a7dc-39f8e7d84f10,2,0,63.96,5.67,69.63,0,0,0,0,0,0,-7.84,-0.64,0,0,0,0,0,-11.36,0,0,0,0,61.79,0,0,0,0,0,0,50.43,2/2/26,MWWMGBVRO9T5H3N
Top Panini Shop (1175 2nd Ave),1f2ea41d-702a-52d1-a7dc-39f8e7d84f10,1f2ea41d-702a-52d1-a7dc-39f8e7d84f10,2,0,43.97,3.91,47.88,0,0,0,0,0,0,-9.59,-0.79,0,0,0,0,0,-7.04,0,0,0,0,38.29,0,0,0,0,0,0,31.25,2/17/26,NCOG16C1RMU9IKS
Top Panini Shop (1175 2nd Ave),1f2ea41d-702a-52d1-a7dc-39f8e7d84f10,1f2ea41d-702a-52d1-a7dc-39f8e7d84f10,1,0,22.97,2.04,25.01,0,0,0,0,0,0,-5,-0.41,0,0,0,0,0,-3.68,0,0,0,0,20.01,0,0,0,0,0,0,16.33,2/23/26,PSBONQH2PGHLYKG
Plaza Market Queens (25-02 Queens Plaza S),da8d9397-6ed8-546d-9abf-235d7891108e,da8d9397-6ed8-546d-9abf-235d7891108e,8,7,181.77,16.13,197.9,0,0,0,0,0,0,-39.57,-3.22,0,0,0,0,0,-34.59,0,0,0,0,158.33,0,0,-12.02,0,0,0,111.72,2/2/26,9T3Y9UZM5TEXVKY
Plaza Market Queens (25-02 Queens Plaza S),da8d9397-6ed8-546d-9abf-235d7891108e,da8d9397-6ed8-546d-9abf-235d7891108e,7,7,157.81,14,171.81,-19.17,-1.7,-20.87,0,0,0,-30.46,-2.47,0,0,0,0,0,-35.67,0,0,0,0,141.35,0,0,-11.55,0,0,0,73.26,2/9/26,NA6YZ6UL5OVTI6X
Plaza Market Queens (25-02 Queens Plaza S),da8d9397-6ed8-546d-9abf-235d7891108e,da8d9397-6ed8-546d-9abf-235d7891108e,6,7,114.9,10.21,125.11,0,0,0,0,0,0,-25.04,-2.04,0,0,0,0,0,-27.56,0,0,0,0,100.07,0,0,-13.57,0,0,0,58.94,2/17/26,SXTXI0GSFQKIV6A
Plaza Market Queens (25-02 Queens Plaza S),da8d9397-6ed8-546d-9abf-235d7891108e,da8d9397-6ed8-546d-9abf-235d7891108e,8,6,180.83,16.05,196.88,0,0,0,0,0,0,-39.38,-3.21,0,0,0,0,0,-43.38,0,0,0,0,157.5,0,0,-15.4,0,0,0,98.72,2/23/26,SNYVENVI2B66VYC
Allan's Cheesesteaks (1338 Polk St),8b4b26af-4911-5d61-ae57-ed15d4041c80,63aa5687-e22b-451a-bdfc-ca16178d8903,7,7,169.85,14.7,184.55,-15.99,-1.38,-17.37,0,0,0,-36.95,-2.97,0,0,0,0,0,-33.27,0,0,0,0,147.6,0,0,-13.92,0,-10.35,0,72.69,2/2/26,L2WAJXLOQKV0NB9
Allan's Cheesesteaks (1338 Polk St),8b4b26af-4911-5d61-ae57-ed15d4041c80,63aa5687-e22b-451a-bdfc-ca16178d8903,2,10,53.97,4.67,58.64,0,0,0,0,0,0,-11.75,-0.95,0,0,0,0,0,-12.95,0,0,0,0,46.89,0,0,-16.19,0,-3.72,0,14.03,2/9/26,JRS1OLQLUGNO3MN
Allan's Cheesesteaks (1338 Polk St),8b4b26af-4911-5d61-ae57-ed15d4041c80,63aa5687-e22b-451a-bdfc-ca16178d8903,3,7,88.92,7.69,96.61,0,0,0,0,0,0,-19.33,-1.55,0,0,0,0,0,-21.33,0,0,0,0,77.28,0,0,-14.88,0,-6.14,0,34.93,2/17/26,INPWLFP4FRBM4VG
Allan's Cheesesteaks (1338 Polk St),8b4b26af-4911-5d61-ae57-ed15d4041c80,63aa5687-e22b-451a-bdfc-ca16178d8903,3,6,72.93,6.32,79.25,0,0,0,0,0,0,-16.74,-1.35,0,0,0,0,0,-17.25,0,0,0,0,62.51,0,0,-11.55,0,-4.97,0,28.74,2/23/26,0A4OIEE9B8GCC6X
The Burger Blade (4234 Broadway),396e14dd-c724-50aa-ad1e-a7e82ecc67bc,,13,8,330.98,29.39,360.37,-8.39,-0.74,-9.13,0,0,0,-56.48,-4.62,0,0,0,0,0,-80.64,0,0,0,0,303.89,0,0,-25.88,0,0,0,188.24,2/2/26,IAI0YW8J7K36CP6
The Burger Blade (4234 Broadway),396e14dd-c724-50aa-ad1e-a7e82ecc67bc,,16,10,381.44,33.86,415.3,0,0,0,0,0,0,-62.73,-5.12,0,0,0,0,0,-86.06,0,0,0,0,352.57,0,0,-27.87,0,0,0,238.64,2/9/26,AXKPS89ZFZOPW9J
The Burger Blade (4234 Broadway),396e14dd-c724-50aa-ad1e-a7e82ecc67bc,,16,8,343.36,30.48,373.84,0,0,0,0,0,0,-49.61,-4.05,0,0,0,0,0,-89.34,0,0,0,0,324.23,0,0,-27.88,0,0,0,207.01,2/17/26,XUHGMYHRBQTKKEQ
The Gyro Shop - 1117 Broadway,2821be0b-5537-4380-9269-7dac9da47878,,2,0,87.44,7.76,95.2,0,0,0,0,0,0,-16.5,-1.34,0,0,-1.98,0,0,-21.69,0,0,0,0,78.7,0,0,0,0,0,0,55.03,2/9/26,575ZTCNLYAYFMMM
The Gyro Shop - 1117 Broadway,2821be0b-5537-4380-9269-7dac9da47878,,1,0,30.78,2.73,33.51,0,0,0,0,0,0,-6.7,-0.54,0,0,-0.99,0,0,-7.39,0,0,0,0,26.81,0,0,0,0,0,0,18.43,2/23/26,YEW3JWVNTOU9898
Smoothie And Dessert Bar,c2071e86-d394-4d03-93f7-24a837c90507,c2071e86-d394-4d03-93f7-24a837c90507,4,0,64.15,5.7,69.85,0,0,0,0,0,0,-13.97,-1.13,0,0,-3.96,0,0,-15.4,0,0,0,0,55.88,0,0,0,0,0,0,36.52,2/2/26,Z5YPJMP7WUOA0CM
Smoothie And Dessert Bar,c2071e86-d394-4d03-93f7-24a837c90507,c2071e86-d394-4d03-93f7-24a837c90507,3,0,68.14,6.05,74.19,0,0,0,0,0,0,-14.84,-1.21,0,0,-2.97,0,0,-16.36,0,0,0,0,59.35,0,0,0,0,0,0,40.02,2/9/26,QQZO2E97T0J3T1Y
Smoothie And Dessert Bar,c2071e86-d394-4d03-93f7-24a837c90507,c2071e86-d394-4d03-93f7-24a837c90507,3,0,48.86,4.34,53.2,0,0,0,0,0,0,-12.1,-0.98,0,0,-1.98,0,0,-11.32,0,0,0,0,41.1,0,0,0,0,0,0,27.8,2/17/26,1ODMRVHXA0JG22N
Smoothie And Dessert Bar,c2071e86-d394-4d03-93f7-24a837c90507,c2071e86-d394-4d03-93f7-24a837c90507,1,0,17.98,1.6,19.58,0,0,0,0,0,0,-3.92,-0.32,0,0,-0.99,0,0,-4.31,0,0,0,0,15.66,0,0,0,0,0,0,10.36,2/23/26,3LPJ5KI6O4VL80C
Molly's Chicken Wings,1f18a2b0-e110-4a42-94cc-a083744199cb,1f18a2b0-e110-4a42-94cc-a083744199cb,1,0,16.37,0.65,17.02,0,0,0,0,0,0,-3.4,-0.13,0,0,0,0,0,-3.93,0,0,0,0,13.62,0,0,0,0,0,0,9.69,2/2/26,JOHF2L3AEMAHUNN
Molly's Chicken Wings,1f18a2b0-e110-4a42-94cc-a083744199cb,1f18a2b0-e110-4a42-94cc-a083744199cb,1,0,17.68,0.71,18.39,0,0,0,0,0,0,-3.68,-0.14,0,0,0,0,0,-4.24,0,0,0,0,14.71,0,0,0,0,0,0,10.47,2/17/26,47IPTAAF7Y4MHLU
Molly's Chicken Wings,1f18a2b0-e110-4a42-94cc-a083744199cb,1f18a2b0-e110-4a42-94cc-a083744199cb,1,0,26.96,1.08,28.04,0,0,0,0,0,0,-5.61,-0.22,0,0,0,0,0,-6.47,0,0,0,0,22.43,0,0,0,0,0,0,15.96,2/23/26,HW9I6IJ1YL3H8AO
Wonka's Smoothie Bar (169-03 Jamaica Ave),2e8bbe03-fb9c-5674-86d7-cf0061f58f83,,2,0,41.93,3.72,45.65,0,0,0,0,0,0,-9.13,-0.74,0,0,0,0,0,-10.07,0,0,0,0,36.52,0,0,0,0,0,0,26.45,2/9/26,1DA8KLTNJG0IL7G
Wonka's Smoothie Bar (169-03 Jamaica Ave),2e8bbe03-fb9c-5674-86d7-cf0061f58f83,,1,0,16.78,1.49,18.27,0,0,0,0,0,0,-3.66,-0.3,0,0,0,0,0,-4.03,0,0,0,0,14.61,0,0,0,0,0,0,10.58,2/17/26,K4S2W4SLZKYAYMX
Wonka's Smoothie Bar (169-03 Jamaica Ave),2e8bbe03-fb9c-5674-86d7-cf0061f58f83,,2,0,32.16,2.85,35.01,0,0,0,0,0,0,-7.01,-0.57,0,0,0,0,0,-7.72,0,0,0,0,28,0,0,0,0,0,0,20.28,2/23/26,ABFRYEKEGB8H3SX
Dimora Ristorante & Bar (100 Piermont Rd),fb192a20-10db-5e33-b88c-cbaa14939ea6,fb192a20-10db-5e33-b88c-cbaa14939ea6,22,0,1517.4,105.28,1622.68,0,0,0,0,0,0,-192.43,-12.63,0,0,-16.83,0,0,-401.28,0,0,0,0,1430.25,0,0,0,0,-92.65,0,919.49,2/2/26,2JWNBQGSC1F72JX
Dimora Ristorante & Bar (100 Piermont Rd),fb192a20-10db-5e33-b88c-cbaa14939ea6,fb192a20-10db-5e33-b88c-cbaa14939ea6,19,0,1483.45,100.96,1584.41,0,0,0,0,0,0,-154.09,-9.69,0,0,-13.86,0,0,-379.04,0,0,0,0,1430.32,0,0,0,0,-91.27,0,946.15,2/9/26,S0TZAR5X431XBL6
Dimora Ristorante & Bar (100 Piermont Rd),fb192a20-10db-5e33-b88c-cbaa14939ea6,fb192a20-10db-5e33-b88c-cbaa14939ea6,17,0,1222.54,81.4,1303.94,0,0,0,0,0,0,-119.94,-7.55,0,0,-10.89,0,0,-305.94,0,0,0,0,1184,0,0,0,0,-73.85,0,793.32,2/17/26,M7HPMAAHWUD2N5J
Dimora Ristorante & Bar (100 Piermont Rd),fb192a20-10db-5e33-b88c-cbaa14939ea6,fb192a20-10db-5e33-b88c-cbaa14939ea6,23,0,1586.38,106.64,1693.02,0,0,0,5,0.33,5.33,-209.3,-13.3,0,0,-19.8,0,0,-410.95,0,0,0,0,1489.05,0,0,0,0,-93.67,0,964.63,2/23/26,3885BCG10MQ9RKT
Mia's Quesadillas (296 3rd Ave),c0de612a-627e-5930-ac2c-39f420a6d629,,1,0,18.19,1.61,19.8,0,0,0,0,0,0,-3.96,-0.32,0,0,-0.99,0,0,-4.37,0,0,0,0,15.84,0,0,0,0,0,0,10.48,2/9/26,CO40KXSZ0FN6X1X
Sizzlin' Omelette Cafe,a0e5e18e-9370-5403-bafc-064ec3076451,3f98c7a7-fcde-41d1-b6ef-a03c0c0d1981,5,0,116.24,10.31,126.55,0,0,0,0,0,0,-27.07,-2.21,0,0,0,0,0,-27.41,0,0,0,0,99.48,0,0,0,0,0,0,72.07,2/2/26,MG2KHVSK4GN6J8D
Sizzlin' Omelette Cafe,a0e5e18e-9370-5403-bafc-064ec3076451,3f98c7a7-fcde-41d1-b6ef-a03c0c0d1981,2,0,50.15,4.45,54.6,0,0,0,0,0,0,-8.15,-0.66,0,0,0,0,0,-12.8,0,0,0,0,46.45,0,0,0,0,0,0,33.65,2/9/26,VHJK9HHMMNBSJUV
Sizzlin' Omelette Cafe,a0e5e18e-9370-5403-bafc-064ec3076451,3f98c7a7-fcde-41d1-b6ef-a03c0c0d1981,5,0,106.44,9.45,115.89,0,0,0,0,0,0,-24.8,-2.04,0,0,-0.99,0,0,-25.11,0,0,0,0,91.09,0,0,0,0,0,0,64.99,2/17/26,A1Q1R6IREV8MTQH
Sizzlin' Omelette Cafe,a0e5e18e-9370-5403-bafc-064ec3076451,3f98c7a7-fcde-41d1-b6ef-a03c0c0d1981,3,0,53.61,4.76,58.37,0,0,0,0,0,0,-15.3,-1.25,0,0,0,0,0,-11.86,0,0,0,0,43.07,0,0,0,0,0,0,31.21,2/23/26,DSKRKM3ZLN1R4GL
Luca's Philly Cheesesteak (315 Walter E Foran Blvd Ste 314),18de090f-5f5b-5f6d-8147-9342f37078a1,18de090f-5f5b-5f6d-8147-9342f37078a1,1,0,30.64,2.03,32.67,0,0,0,0,0,0,-3.2,-0.2,0,0,0,0,0,-8.29,0,0,0,0,29.47,0,0,0,0,-1.83,0,19.35,2/2/26,2DA6ASA9JTIOIU6
Home Run Paninis,93f82b60-a54b-5702-b6ca-98cb844345d2,,1,0,14.09,1.25,15.34,0,0,0,0,0,0,0,0,0,0,0,0,0,-0.85,0,0,0,0,15.34,0,0,0,0,0,0,14.49,2/9/26,AO0A3BPRKUJJRGC
Home Run Paninis,93f82b60-a54b-5702-b6ca-98cb844345d2,,1,0,14.09,1.25,15.34,0,0,0,0,0,0,0,0,0,0,0,0,0,-0.85,0,0,0,0,15.34,0,0,0,0,0,0,14.49,2/17/26,ZEJJ4PDIT3RZAD1
Home Run Paninis,93f82b60-a54b-5702-b6ca-98cb844345d2,,2,0,31.16,2.76,33.92,0,0,0,0,0,0,-6.78,-0.54,0,0,0,0,0,0,0,0,0,0,27.14,0,0,0,0,0,0,27.14,2/23/26,LOWYE4QT4Y2KECV
The Minister Wraps (1219 1st Avenue),bfd457d4-7716-5fbf-ba0f-f11b15c61fcb,,1,0,18.17,1.61,19.78,0,0,0,0,0,0,-3.95,-0.32,0,0,0,0,0,-0.87,0,0,0,0,15.83,0,0,0,0,0,0,14.96,2/17/26,PTP9P6SB8756PGK
The Minister Wraps (1219 1st Avenue),bfd457d4-7716-5fbf-ba0f-f11b15c61fcb,,1,0,30.76,2.73,33.49,0,0,0,0,0,0,-6.7,-0.55,0,0,0,0,0,-7.38,0,0,0,0,26.79,0,0,0,0,0,0,19.41,2/23/26,25F8QLWK7WD8GI2
Halal Chicken Gyros Co.,c694839f-1ef7-4a5c-a83a-99970eeb9ed4,,4,0,72.05,7.41,79.46,0,0,0,0,0,0,-15.86,-1.44,0,0,-3.96,0,0,-17.29,0,0,0,0,63.6,0,0,0,0,-5.97,0,36.38,2/2/26,C7P5JWY4BCQ8MVN
Halal Chicken Gyros Co.,c694839f-1ef7-4a5c-a83a-99970eeb9ed4,,3,0,161.55,17.14,178.69,0,0,0,0,0,0,-6.04,-0.59,0,0,-0.99,0,0,-35.75,0,0,0,0,172.65,0,0,0,0,-16.55,0,119.36,2/9/26,82KK1AG0YJLOFC6
Halal Chicken Gyros Co.,c694839f-1ef7-4a5c-a83a-99970eeb9ed4,,1,0,37.76,3.87,41.63,0,0,0,0,0,0,0,0,0,0,0,0,0,-11.33,0,0,0,0,41.63,0,0,0,0,-3.87,0,26.43,2/17/26,QUEJRM1OH94NXL3
Burning Burger Stack (1541 Glenn School Rd suite 17),f15ffdc3-97d9-5d21-bf1a-41471a267db2,,1,0,65.73,4.93,70.66,0,0,0,0,0,0,0,0,0,0,0,0,0,-9.86,0,0,0,0,70.66,0,0,0,0,-4.93,0,55.87,2/2/26,K2FXG1ISWRXWXGZ
Fire House Quesadillas (411 S High St),b234e60e-6d72-5af1-8367-0d121b5a8635,3b12adda-e931-4eaa-b61d-3f9dc161193d,1,0,38.77,2.33,41.1,0,0,0,0,0,0,0,0,0,0,0,0,0,-11.63,0,0,0,0,41.1,0,0,0,0,-2.33,0,27.14,2/2/26,CKEN9MLTNIKB9WL
Fire House Quesadillas (411 S High St),b234e60e-6d72-5af1-8367-0d121b5a8635,3b12adda-e931-4eaa-b61d-3f9dc161193d,1,0,28.18,1.69,29.87,0,0,0,0,0,0,-5.98,-0.34,0,0,-0.99,0,0,-6.76,0,0,0,0,23.89,0,0,0,0,-1.35,0,14.79,2/9/26,U8IBLOT5IM5P1Y8
Jen's Burger Blaze (18300 Vanowen Street Suite 3),73f25fd8-209f-5304-a9ec-9de4b11994f0,98d3eaa7-4fc6-4cb3-bdf5-31486fabe6d0,1,0,19.59,1.92,21.51,0,0,0,0,0,0,-4.3,-0.38,0,0,0,0,0,-4.7,0,0,0,0,17.21,0,0,0,0,-1.54,0,10.97,2/2/26,A99VO7ZBOC1SYVG
Jen's Burger Blaze (18300 Vanowen Street Suite 3),73f25fd8-209f-5304-a9ec-9de4b11994f0,98d3eaa7-4fc6-4cb3-bdf5-31486fabe6d0,1,0,19.58,1.92,21.5,0,0,0,0,0,0,-4.3,-0.38,0,0,0,0,0,-4.7,0,0,0,0,17.2,0,0,0,0,-1.54,0,10.96,2/17/26,FK0ON280F9VAYSO
Mufasa's Pancakes & French Toast,dfe0445f-c47f-5c3a-967f-78a067f37767,dfe0445f-c47f-5c3a-967f-78a067f37767,2,0,34.53,3.06,37.59,0,0,0,0,0,0,-7.51,-0.61,0,0,0,0,0,-8.29,0,0,0,0,30.08,0,0,0,0,0,0,21.79,2/2/26,501HTIP2M502G53
Mufasa's Pancakes & French Toast,dfe0445f-c47f-5c3a-967f-78a067f37767,dfe0445f-c47f-5c3a-967f-78a067f37767,1,0,9.98,0.89,10.87,0,0,0,0,0,0,0,0,0,0,0,0,0,-2.99,0,0,0,0,10.87,0,0,0,0,0,0,7.88,2/9/26,W0XPHBO3GRIASEI
Mufasa's Pancakes & French Toast,dfe0445f-c47f-5c3a-967f-78a067f37767,dfe0445f-c47f-5c3a-967f-78a067f37767,1,0,17.16,1.52,18.68,0,0,0,0,0,0,-3.73,-0.3,0,0,0,0,0,-4.12,0,0,0,0,14.95,0,0,0,0,0,0,10.83,2/23/26,DQN2VWFLT6XG66X
Fierce Chicken Sandwich (3955 Bronxwood Ave),4ba78b35-bf5b-5923-a741-2b0dcc75761f,4ba78b35-bf5b-5923-a741-2b0dcc75761f,1,0,40.04,3.55,43.59,0,0,0,0,0,0,-8.72,-0.71,0,0,-0.99,0,0,-1.92,0,0,0,0,34.87,0,0,0,0,0,0,31.96,2/2/26,MOFI135Y37BMP94
Xiu's Vegetarian Chinese (501 Broadway St),8afaf79e-7622-5088-9248-399ba4cb77a9,8afaf79e-7622-5088-9248-399ba4cb77a9,2,0,124.52,10.75,135.27,0,0,0,0,0,0,-17.09,-1.37,0,0,0,0,0,-32.64,0,0,0,0,118.18,0,0,0,0,-9.38,0,76.16,2/23/26,JDRNB55FNKN2HWD
Indian Pizza Snob,4f522751-f0aa-45f4-bbcb-49ce7781f27c,4f522751-f0aa-45f4-bbcb-49ce7781f27c,2,0,36.67,3.35,40.02,0,0,0,0,0,0,-8,-0.66,0,0,0,0,0,-4.74,0,0,0,0,32.02,0,0,0,0,-2.69,0,24.59,2/2/26,W2337JA7AGY2NGI
Indian Pizza Snob,4f522751-f0aa-45f4-bbcb-49ce7781f27c,4f522751-f0aa-45f4-bbcb-49ce7781f27c,2,0,69.14,6.31,75.45,0,0,0,0,0,0,-15.09,-1.26,0,0,0,0,0,-3.32,0,0,0,0,60.36,0,0,0,0,-5.05,0,51.99,2/9/26,8FFEKA2WXPB85VI
Indian Pizza Snob,4f522751-f0aa-45f4-bbcb-49ce7781f27c,4f522751-f0aa-45f4-bbcb-49ce7781f27c,4,0,114.57,10.46,125.03,0,0,0,0,0,0,-22.05,-1.85,0,0,0,0,0,-9.86,0,0,0,0,102.98,0,0,0,0,-8.61,0,84.51,2/17/26,S3E67Z62HJIHHAJ
Indian Pizza Snob,4f522751-f0aa-45f4-bbcb-49ce7781f27c,4f522751-f0aa-45f4-bbcb-49ce7781f27c,1,0,15.49,1.42,16.91,0,0,0,0,0,0,-3.38,-0.28,0,0,0,0,0,-3.72,0,0,0,0,13.53,0,0,0,0,-1.14,0,8.67,2/23/26,YS57RW3R90V00GJ
Nomad's Bagels (5701 Executive Center Dr),5350447a-cb2b-5b8f-a9da-6213416c9f79,85f49981-b1a6-49eb-a14d-d7dce2472ca5,1,0,15.17,1.26,16.43,0,0,0,0,0,0,-3.29,-0.26,0,0,-0.99,0,0,-3.64,0,0,0,0,13.14,0,0,0,0,-1,0,7.51,2/9/26,ZUJ6WN499ESNWMG
Bosscat Breakfast (8886 Knott Ave),40f688ec-bd7e-5abe-89a7-ac636ca52935,2c59871d-1a94-42e7-98b1-0ca01baeb726,3,0,187.88,15.55,203.43,0,0,0,0,0,0,-27.14,-2.14,0,0,0,0,0,-48.86,0,0,0,0,176.29,0,0,0,0,-13.41,0,114.02,2/2/26,VNXGF4F6PNHCOQX
Bosscat Breakfast (8886 Knott Ave),40f688ec-bd7e-5abe-89a7-ac636ca52935,2c59871d-1a94-42e7-98b1-0ca01baeb726,8,0,350.21,30.05,380.26,0,0,0,0,0,0,-60.17,-4.71,0,0,0,0,0,-88.42,0,0,0,0,320.09,0,0,0,0,-25.34,0,206.33,2/9/26,HYCZLIR0WU5O7N4
Bosscat Breakfast (8886 Knott Ave),40f688ec-bd7e-5abe-89a7-ac636ca52935,2c59871d-1a94-42e7-98b1-0ca01baeb726,9,0,402.73,35.94,438.67,0,0,0,0,0,0,-62.6,-5.01,0,0,0,0,0,-103.54,0,0,0,0,376.07,0,0,0,0,-30.93,0,241.6,2/17/26,YPS0783TTB6PAWM
Bosscat Breakfast (8886 Knott Ave),40f688ec-bd7e-5abe-89a7-ac636ca52935,2c59871d-1a94-42e7-98b1-0ca01baeb726,4,0,130.42,10.6,141.02,0,0,0,0,0,0,-25.52,-1.92,0,0,0,0,0,-32.06,0,0,0,0,115.5,0,0,0,0,-8.68,0,74.76,2/23/26,2775ANS4WIG84L1
Fresh Seafood House (226 Newark Ave),a4629426-413f-5515-809e-113bcb2c68ae,a4629426-413f-5515-809e-113bcb2c68ae,1,0,17.59,1.17,18.76,0,0,0,0,0,0,-3.76,-0.24,0,0,0,0,0,-2.11,0,0,0,0,15,0,0,0,0,-0.93,0,11.96,2/2/26,QVLWS7ZZKA6DOLM
Fresh Seafood House (226 Newark Ave),a4629426-413f-5515-809e-113bcb2c68ae,a4629426-413f-5515-809e-113bcb2c68ae,1,0,16.58,1.1,17.68,0,0,0,0,0,0,-3.54,-0.22,0,0,0,0,0,-1.99,0,0,0,0,14.14,0,0,0,0,-0.88,0,11.27,2/9/26,JHXA8BM9NWMCK6S
Fresh Seafood House (226 Newark Ave),a4629426-413f-5515-809e-113bcb2c68ae,a4629426-413f-5515-809e-113bcb2c68ae,1,0,28.88,1.91,30.79,0,0,0,0,0,0,-6.16,-0.38,0,0,0,0,0,-3.47,0,0,0,0,24.63,0,0,0,0,-1.53,0,19.63,2/17/26,3U5YXVSRGSRNQSL
Fresh Seafood House (226 Newark Ave),a4629426-413f-5515-809e-113bcb2c68ae,a4629426-413f-5515-809e-113bcb2c68ae,3,0,80.25,5.32,85.57,0,0,0,0,0,0,-17.13,-1.07,0,0,0,0,0,-9.63,0,0,0,0,68.44,0,0,0,0,-4.25,0,54.56,2/23/26,85UVNOBO2OIAGPS
Bart's Burger Bar (3661 Broadway),035b706a-b8cb-567f-93ec-24537d361ab4,,1,0,11.19,0.99,12.18,0,0,0,0,0,0,0,0,0,0,0,0,0,-3.36,0,0,0,0,12.18,0,0,0,0,0,0,8.82,2/2/26,PMOCPKOOZZYIEBV
Bart's Burger Bar (3661 Broadway),035b706a-b8cb-567f-93ec-24537d361ab4,,7,0,147,13.05,160.05,0,0,0,0,0,0,-32.01,-2.61,0,0,0,0,0,-35.28,0,0,0,0,128.04,0,0,0,0,0,0,92.76,2/9/26,6U7H2AJES8ZYS44
Ava's Fried Chicken,d19c45d6-f26e-4c17-9cc7-c05caae6dffb,d19c45d6-f26e-4c17-9cc7-c05caae6dffb,3,0,62.89,4.44,67.33,0,0,0,0,0,0,-13.46,-0.89,0,0,0,0,0,-15.09,0,0,0,0,53.87,0,0,0,0,-3.55,0,35.23,2/2/26,PMI0V7U0P4O4E8J
Ava's Fried Chicken,d19c45d6-f26e-4c17-9cc7-c05caae6dffb,d19c45d6-f26e-4c17-9cc7-c05caae6dffb,3,0,99.88,7.01,106.89,0,0,0,0,0,0,-19.92,-1.32,0,0,0,0,0,-24.38,0,0,0,0,86.97,0,0,0,0,-5.69,0,56.9,2/9/26,M0VPSHYZT6Y4X8D
Ava's Fried Chicken,d19c45d6-f26e-4c17-9cc7-c05caae6dffb,d19c45d6-f26e-4c17-9cc7-c05caae6dffb,2,0,61.92,4.36,66.28,0,0,0,0,0,0,-13.25,-0.87,0,0,0,0,0,-14.86,0,0,0,0,53.03,0,0,0,0,-3.49,0,34.68,2/17/26,ZOE9Q9A5RJASA46
Ava's Fried Chicken,d19c45d6-f26e-4c17-9cc7-c05caae6dffb,d19c45d6-f26e-4c17-9cc7-c05caae6dffb,2,0,58.96,4.16,63.12,0,0,0,0,0,0,-12.64,-0.85,0,0,0,0,0,-14.15,0,0,0,0,50.48,0,0,0,0,-3.31,0,33.02,2/23/26,2VGZ70E68A6GQCB
Leon's Legendary Pizza (1595 Seminole Blvd),fc6cfe90-2b95-5fce-8a04-c6b7cac82bb6,,1,0,16.79,1.18,17.97,0,0,0,0,0,0,-3.59,-0.23,0,0,0,0,0,-4.03,0,0,0,0,14.38,0,0,0,0,-0.95,0,9.4,2/2/26,XXS1G4QMZG7PQYN
Leon's Legendary Pizza (1595 Seminole Blvd),fc6cfe90-2b95-5fce-8a04-c6b7cac82bb6,,1,0,20.99,1.47,22.46,0,0,0,0,0,0,-4.49,-0.29,0,0,0,0,0,-5.04,0,0,0,0,17.97,0,0,0,0,-1.18,0,11.75,2/9/26,HYCAC3ONW190LQZ
Leon's Legendary Pizza (1595 Seminole Blvd),fc6cfe90-2b95-5fce-8a04-c6b7cac82bb6,,1,0,37.78,2.65,40.43,0,0,0,0,0,0,-8.09,-0.53,0,0,0,0,0,-9.07,0,0,0,0,32.34,0,0,0,0,-2.12,0,21.15,2/24/26,8CKK474I2XCCOZB
Big Belly Paninis (382 8th Ave),a55f6837-6a70-5aae-b129-34f8c7812aff,,3,0,58.82,5.23,64.05,0,0,0,0,0,0,-12.81,-1.05,0,0,0,0,0,-10.7,0,0,0,0,51.24,0,0,0,0,0,0,40.54,2/17/26,YKWVEQQTWLC3ALL
Big Belly Paninis (382 8th Ave),a55f6837-6a70-5aae-b129-34f8c7812aff,,3,0,45.16,4,49.16,0,0,0,0,0,0,-7.1,-0.58,0,0,0,0,0,-4.55,0,0,0,0,42.06,0,0,0,0,0,0,37.51,2/23/26,I8BSHT73A56LELK
Fat Cheesesteaks (1634 W High St),0c74d1d2-823d-5d94-8505-903358228d3c,0c74d1d2-823d-5d94-8505-903358228d3c,1,0,23.98,1.44,25.42,0,0,0,0,0,0,-5.09,-0.29,0,0,0,0,0,-5.75,0,0,0,0,20.33,0,0,0,0,-1.15,0,13.43,2/2/26,65EBTY8MXMS1SIO
Slapjack Pancakes (1174 Chapel St),aaf3d4cb-a6a6-50f4-9949-b21a98e5f744,,7,7,201.28,14.79,216.07,0,0,0,0,0,0,-35.8,-2.46,0,0,0,0,0,-50.37,0,0,0,0,180.27,0,0,-21.67,0,-12.33,0,95.9,2/2/26,ETLY37MTMADG8B6
Slapjack Pancakes (1174 Chapel St),aaf3d4cb-a6a6-50f4-9949-b21a98e5f744,,10,7,242.55,17.8,260.35,-3.06,-0.22,-3.28,0,0,0,-40.3,-2.77,0,0,-0.99,0,0,-61.5,0,0,0,0,220.05,0,0,-19.87,0,-14.81,0,119.6,2/9/26,RZKOTTHRLXE0GPT
Slapjack Pancakes (1174 Chapel St),aaf3d4cb-a6a6-50f4-9949-b21a98e5f744,,8,7,191.52,14.06,205.58,-20.14,-1.48,-21.62,0,0,0,-37.52,-2.57,0,0,0,0,0,-41.87,0,0,0,0,168.06,0,0,-19.96,0,-10.01,0,74.6,2/17/26,JSNK8U9AKOSPBJG
Slapjack Pancakes (1174 Chapel St),aaf3d4cb-a6a6-50f4-9949-b21a98e5f744,,9,7,318.06,23.37,341.43,20.14,0,20.14,0,0,0,-49.49,-3.38,0,0,0,0,0,-81.59,0,0,0,0,291.94,0,0,-21.38,0,-19.99,0,189.12,2/23/26,CXV1QD40HN2HA78
Olivia's Omelettes (839 W University Dr),550a422f-ffa1-59ca-a6f8-be472d1895da,550a422f-ffa1-59ca-a6f8-be472d1895da,1,0,12.09,0.98,13.07,0,0,0,0,0,0,0,0,0,0,0,0,0,-3.63,0,0,0,0,13.07,0,0,0,0,0,0,9.44,2/9/26,DAQBUTUP38EMSA0
Olivia's Omelettes (839 W University Dr),550a422f-ffa1-59ca-a6f8-be472d1895da,550a422f-ffa1-59ca-a6f8-be472d1895da,2,0,43.46,3.52,46.98,0,0,0,0,0,0,-6.78,-0.51,0,0,0,0,0,-11.16,0,0,0,0,40.2,0,0,0,0,0,0,29.04,2/23/26,JHQ256BE543U9VR
The Kabob Snob (57 sip ave),2ba532c2-e8ba-530b-b8cb-c33f9e379676,,1,0,26.96,1.79,28.75,0,0,0,0,0,0,-5.75,-0.36,0,0,-0.99,0,0,-6.47,0,0,0,0,23,0,0,0,0,-1.43,0,14.11,2/9/26,V51SMBUTUJJFPR6
The Kabob Snob (57 sip ave),2ba532c2-e8ba-530b-b8cb-c33f9e379676,,1,0,26.96,1.79,28.75,0,0,0,0,0,0,-5.75,-0.36,0,0,-0.99,0,0,-6.47,0,0,0,0,23,0,0,0,0,-1.43,0,14.11,2/17/26,JT4QKG58RCFKHYW
Mexiq Tacos (1268 W 86th St),d7d794cd-d0cc-570f-8164-bfc8582b7c7c,68ae44c2-5350-4c11-800a-a14a058bf22d,2,0,61.95,5.56,67.51,0,0,0,0,0,0,-13.39,-1.09,0,0,-1.98,0,0,-6.14,0,0,0,0,54.12,0,0,0,0,-4.47,0,41.53,2/2/26,40THHEJO6DHZ8WJ
K's Slice of Cake (26801 Hillside Ave),cdde6bd4-eb72-57fb-b002-7a1993498741,9b4b1cfa-b064-471f-bab4-abce1214b977,1,0,21.27,1.89,23.16,0,0,0,0,0,0,-4.63,-0.38,0,0,0,0,0,-5.11,0,0,0,0,18.53,0,0,0,0,0,0,13.42,2/2/26,B5C83UCXM6QUBUY
The Village Smoothie Spot (382 8th Ave),aa6b0262-40b5-583f-b5cf-666f019965ab,,2,0,30.64,2.72,33.36,-7.09,-0.63,-7.72,0,0,0,-4.34,-0.35,0,0,0,0,0,-7.99,0,0,0,0,29.02,0,0,0,0,0,0,13.31,2/2/26,003C3WC8WKUOMQE
The Village Smoothie Spot (382 8th Ave),aa6b0262-40b5-583f-b5cf-666f019965ab,,7,0,137.87,12.22,150.09,-4.63,-0.41,-5.04,0,0,0,-25.66,-2.08,0,0,0,0,0,-34.29,0,0,0,0,124.43,0,0,0,0,0,0,85.1,2/9/26,3OGAZLVVQ2QKJGS
The Village Smoothie Spot (382 8th Ave),aa6b0262-40b5-583f-b5cf-666f019965ab,,6,0,115.29,10.23,125.52,0,0,0,0,0,0,-19.36,-1.58,0,0,0,0,0,-29.24,0,0,0,0,106.16,0,0,0,0,0,0,76.92,2/17/26,OXH40XLI9CMYB5M
The Village Smoothie Spot (382 8th Ave),aa6b0262-40b5-583f-b5cf-666f019965ab,,3,0,61.28,5.44,66.72,0,0,0,0,0,0,-13.33,-1.08,0,0,0,0,0,-14.71,0,0,0,0,53.39,0,0,0,0,0,0,38.68,2/23/26,ZROURFUC8ZQ5E6S
Top Notch Sandwiches (9061 Van Nuys Blvd),faab2002-e954-5dc8-93fc-776b9a57b29c,90f80d2e-66fd-4e58-ac3e-bfa673cb17a7,9,11,324.54,31.65,356.19,0,0,0,0,0,0,-67.36,-5.99,0,0,0,0,0,-78.96,0,0,0,0,288.83,0,0,-19.5,0,-25.66,0,164.71,2/2/26,M8FCFI8POO6A9YE
Top Notch Sandwiches (9061 Van Nuys Blvd),faab2002-e954-5dc8-93fc-776b9a57b29c,90f80d2e-66fd-4e58-ac3e-bfa673cb17a7,3,26,127.24,12.39,139.63,0,0,0,0,0,0,-24.87,-2.17,0,0,0,0,0,-31.36,0,0,0,0,114.76,0,0,-42.29,0,-10.22,0,30.89,2/17/26,LQF8UGGMC4O05ZL
Amanda's Breakfast Lounge (111 E 161 St),f240d3a5-c6e6-539d-a813-ecb08ccb1585,d58170c8-822b-4670-8669-0a9013006263,29,0,890.93,79.1,970.03,-38.66,-3.43,-42.09,0,0,0,-174.6,-14.23,0,0,0,0,0,-219.19,0,0,0,0,795.43,0,0,0,0,0,0,534.15,2/2/26,FEI0ONUULY3ML8I
Amanda's Breakfast Lounge (111 E 161 St),f240d3a5-c6e6-539d-a813-ecb08ccb1585,d58170c8-822b-4670-8669-0a9013006263,16,0,345.53,30.68,376.21,-1.99,-0.18,-2.17,0,0,0,-67.49,-5.51,0,0,0,0,0,-85.07,0,0,0,0,308.72,0,0,0,0,0,0,221.48,2/9/26,IOJO6YBPTKQKL3S
Amanda's Breakfast Lounge (111 E 161 St),f240d3a5-c6e6-539d-a813-ecb08ccb1585,d58170c8-822b-4670-8669-0a9013006263,18,0,503.9,44.74,548.64,-6.16,-0.55,-6.71,0,0,0,-107.87,-8.8,0,0,0,0,0,-117.23,0,0,0,0,440.77,0,0,0,0,0,0,316.83,2/17/26,EWVR6CE6NS30ZWC
Amanda's Breakfast Lounge (111 E 161 St),f240d3a5-c6e6-539d-a813-ecb08ccb1585,d58170c8-822b-4670-8669-0a9013006263,17,0,410.41,36.44,446.85,-0.55,-0.05,-0.6,0,0,0,-81.65,-6.66,0,0,0,0,0,-100.63,0,0,0,0,365.2,0,0,0,0,0,0,263.97,2/23/26,JM1JWIBG36LVMS5
Mary's Salad Co (839 W University Dr),53b2da8c-4170-5c3d-b5e8-01bb144f1c71,,1,0,15.08,1.22,16.3,0,0,0,0,0,0,-3.26,-0.24,0,0,0,0,0,-3.62,0,0,0,0,13.04,0,0,0,0,0,0,9.42,2/9/26,WN8RI83G3BPK4HY
Local Breakfast Spot (2126 E Apache Blvd),d9735ae6-8f18-5c1c-a4e5-b98df2cf7c39,,1,0,19.57,1.59,21.16,0,0,0,0,0,0,-4.23,-0.32,0,0,0,0,0,-0.94,0,0,0,0,16.93,0,0,0,0,0,0,15.99,2/9/26,BHNFKT2FX4K2OB6
Local Breakfast Spot (2126 E Apache Blvd),d9735ae6-8f18-5c1c-a4e5-b98df2cf7c39,,2,0,41.95,3.4,45.35,0,0,0,0,0,0,-9.08,-0.69,0,0,0,0,0,-2.01,0,0,0,0,36.27,0,0,0,0,0,0,34.26,2/17/26,902WXLIZ29FYDDH
Local Breakfast Spot (2126 E Apache Blvd),d9735ae6-8f18-5c1c-a4e5-b98df2cf7c39,,1,0,21.67,1.76,23.43,0,0,0,0,0,0,-4.69,-0.36,0,0,0,0,0,-1.04,0,0,0,0,18.74,0,0,0,0,0,0,17.7,2/23/26,3WWBX50VWRV6OG5
Danny's Desserts (9061 Van Nuys Blvd),3babe60f-90c2-5160-93ca-d317ab88ff03,3babe60f-90c2-5160-93ca-d317ab88ff03,1,0,25.96,2.54,28.5,0,0,0,0,0,0,-5.71,-0.52,0,0,0,0,0,-6.23,0,0,0,0,22.79,0,0,0,0,-2.02,0,14.54,2/2/26,8UQK6BIB1YUZXET
Danny's Desserts (9061 Van Nuys Blvd),3babe60f-90c2-5160-93ca-d317ab88ff03,3babe60f-90c2-5160-93ca-d317ab88ff03,1,0,20.97,2.05,23.02,0,0,0,0,0,0,-4.61,-0.42,0,0,0,0,0,-5.03,0,0,0,0,18.41,0,0,0,0,-1.63,0,11.75,2/17/26,7LT2ST8YGST3PST
Danny's Desserts (9061 Van Nuys Blvd),3babe60f-90c2-5160-93ca-d317ab88ff03,3babe60f-90c2-5160-93ca-d317ab88ff03,2,0,39.15,3.82,42.97,0,0,0,0,0,0,-7.06,-0.63,0,0,0,0,0,-9.82,0,0,0,0,35.91,0,0,0,0,-3.19,0,22.9,2/23/26,SMS5SC38JJ3JEJ0
Coffee Crema Snob (1706 Sheepshead Bay Rd),c06e210b-b3f5-5204-98bb-e1647afefc18,c06e210b-b3f5-5204-98bb-e1647afefc18,2,0,43.09,3.82,46.91,0,0,0,0,0,0,-10.97,-0.89,0,0,0,0,0,-6.6,0,0,0,0,35.94,0,0,0,0,0,0,29.34,2/2/26,6SP6GPIHIGZVF6W
Coffee Crema Snob (1706 Sheepshead Bay Rd),c06e210b-b3f5-5204-98bb-e1647afefc18,c06e210b-b3f5-5204-98bb-e1647afefc18,1,0,20.06,1.78,21.84,0,0,0,0,0,0,-4.37,-0.36,0,0,0,0,0,-3.21,0,0,0,0,17.47,0,0,0,0,0,0,14.26,2/23/26,5RHWDL7GLKY0UPZ
The Breakfast Skillet (28501 Hoover Rd),339803ab-c252-5240-b7d7-a40fd04fa3bd,,1,0,33.35,2,35.35,0,0,0,0,0,0,-7.07,-0.4,0,0,-0.99,0,0,-8,0,0,0,0,28.28,0,0,0,0,-1.6,0,17.69,2/2/26,VXHBN5S1MPJB9NJ
The Breakfast Skillet (28501 Hoover Rd),339803ab-c252-5240-b7d7-a40fd04fa3bd,,1,0,25.57,1.53,27.1,0,0,0,0,0,0,-5.41,-0.3,0,0,-0.99,0,0,-6.14,0,0,0,0,21.69,0,0,0,0,-1.23,0,13.33,2/9/26,H2Z3A4AQNNWV67M
The Breakfast Skillet (28501 Hoover Rd),339803ab-c252-5240-b7d7-a40fd04fa3bd,,1,0,35.46,2.13,37.59,0,0,0,0,0,0,-7.52,-0.43,0,0,-0.99,0,0,-8.51,0,0,0,0,30.07,0,0,0,0,-1.7,0,18.87,2/17/26,GKM5LINY3TR8UGY
Gourmet Omelette Bar (226 1/2 Newark Ave),395953f3-9754-5fc3-8386-b41ade80bd6f,395953f3-9754-5fc3-8386-b41ade80bd6f,3,0,88.15,5.85,94,0,0,0,0,0,0,-18.83,-1.19,0,0,0,0,0,-10.58,0,0,0,0,75.17,0,0,0,0,-4.66,0,59.93,2/2/26,JR6FF3GV16KZYF8
Gourmet Omelette Bar (226 1/2 Newark Ave),395953f3-9754-5fc3-8386-b41ade80bd6f,395953f3-9754-5fc3-8386-b41ade80bd6f,1,0,35.96,2.38,38.34,0,0,0,0,0,0,-7.66,-0.47,0,0,0,0,0,-4.32,0,0,0,0,30.68,0,0,0,0,-1.91,0,24.45,2/9/26,H3HIGRBG0EL9QH2
Gourmet Omelette Bar (226 1/2 Newark Ave),395953f3-9754-5fc3-8386-b41ade80bd6f,395953f3-9754-5fc3-8386-b41ade80bd6f,1,0,18.28,1.21,19.49,0,0,0,0,0,0,-3.9,-0.24,0,0,0,0,0,-2.19,0,0,0,0,15.59,0,0,0,0,-0.97,0,12.43,2/17/26,TA914RM23Q3W7Z9
Francesco Pasta Ristorante (2898 Homestead Rd),cf3fcc1c-96b6-5ad6-a5d0-6d756934285e,,1,0,40.57,3.7,44.27,0,0,0,0,0,0,-8.85,-0.74,0,0,-0.99,0,0,-9.74,0,0,0,0,35.42,0,0,0,0,-2.96,0,21.73,2/2/26,QFQIHKAD7KP3MI7
Francesco Pasta Ristorante (2898 Homestead Rd),cf3fcc1c-96b6-5ad6-a5d0-6d756934285e,,1,0,57.34,5.24,62.58,0,0,0,0,0,0,-9.83,-0.83,0,0,-0.99,0,0,-14.5,0,0,0,0,52.75,0,0,0,0,-4.41,0,32.85,2/9/26,3G0MOJWUXTFMI3Z
The Pasta Story (43 W Flagler St),a21f3f75-c60d-5e47-8028-9ec0ee2171cc,,3,0,75.55,5.28,80.83,0,0,0,0,0,0,-9.64,-0.64,0,0,0,0,0,-19.97,0,0,0,0,71.19,0,0,0,0,-4.64,0,46.58,2/2/26,AXRO0EFP8WX55BA
The Pasta Story (43 W Flagler St),a21f3f75-c60d-5e47-8028-9ec0ee2171cc,,5,0,102.83,7.2,110.03,0,0,0,0,0,0,-12.84,-0.84,0,0,0,0,0,-27.25,0,0,0,0,97.19,0,0,0,0,-6.36,0,63.58,2/9/26,OH6LQHER2MXT3SN
The Pasta Story (43 W Flagler St),a21f3f75-c60d-5e47-8028-9ec0ee2171cc,,3,0,73.44,5.14,78.58,0,0,0,0,0,0,-11.77,-0.77,0,0,0,0,0,-18.73,0,0,0,0,66.81,0,0,0,0,-4.37,0,43.71,2/17/26,G6V5AGM2V9IBNEJ
The Pasta Story (43 W Flagler St),a21f3f75-c60d-5e47-8028-9ec0ee2171cc,,3,0,115.79,8.1,123.89,0,0,0,0,0,0,-9.62,-0.62,0,0,0,0,0,-32.04,0,0,0,0,114.27,0,0,0,0,-7.48,0,74.75,2/23/26,H3X7JTP0RG2OHNS
The Breakfast Dream,5afed9d2-f16f-4f16-9b80-35a490672eda,5afed9d2-f16f-4f16-9b80-35a490672eda,7,0,198.27,17.58,215.85,0,0,0,0,0,0,-41.54,-3.37,0,0,0,0,0,-48.05,0,0,0,0,174.31,0,0,0,0,0,0,126.26,2/2/26,YE3Q7F5JHOP8KXW
The Breakfast Dream,5afed9d2-f16f-4f16-9b80-35a490672eda,5afed9d2-f16f-4f16-9b80-35a490672eda,1,0,19.18,1.7,20.88,0,0,0,0,0,0,-4.18,-0.34,0,0,0,0,0,-4.6,0,0,0,0,16.7,0,0,0,0,0,0,12.1,2/9/26,X0ZZB66LBE01OU7
The Breakfast Dream,5afed9d2-f16f-4f16-9b80-35a490672eda,5afed9d2-f16f-4f16-9b80-35a490672eda,3,0,95.83,8.51,104.34,0,0,0,0,0,0,-20.88,-1.71,0,0,0,0,0,-23,0,0,0,0,83.46,0,0,0,0,0,0,60.46,2/17/26,FXIZJQNY7OSQZIC
The Breakfast Dream,5afed9d2-f16f-4f16-9b80-35a490672eda,5afed9d2-f16f-4f16-9b80-35a490672eda,5,0,104.83,9.3,114.13,0,0,0,0,0,0,-22.04,-1.79,0,0,0,0,0,-25.39,0,0,0,0,92.09,0,0,0,0,0,0,66.7,2/24/26,Q9Z00EVLRZL06SL
Fried Chicken Savage (1428 Polk St),5abf087a-6413-5924-b57a-2496789fc27e,,1,0,30.98,2.68,33.66,0,0,0,0,0,0,-6.74,-0.54,0,0,0,0,0,-7.43,0,0,0,0,26.92,0,0,0,0,-2.14,0,17.35,2/2/26,DYMJNDO6QV4B400
Fried Chicken Savage (1428 Polk St),5abf087a-6413-5924-b57a-2496789fc27e,,1,0,46.96,4.06,51.02,0,0,0,0,0,0,-9.78,-0.78,0,0,0,0,0,-11.39,0,0,0,0,41.24,0,0,0,0,-3.28,0,26.57,2/9/26,K9OQXXOP5EUZJJR
The Sandwich Slut - 1969 Bronxdale Ave,9c193ee8-8765-4509-9b01-4b923e8e8cfa,9c193ee8-8765-4509-9b01-4b923e8e8cfa,2,0,47.96,4.26,52.22,0,0,0,0,0,0,-10.46,-0.86,0,0,0,0,0,-5.75,0,0,0,0,41.76,0,0,0,0,0,0,36.01,2/2/26,5SQ6FMV5QG4GZ62
The Sandwich Slut - 1969 Bronxdale Ave,9c193ee8-8765-4509-9b01-4b923e8e8cfa,9c193ee8-8765-4509-9b01-4b923e8e8cfa,2,0,47.96,4.26,52.22,0,0,0,0,0,0,-10.46,-0.86,0,0,0,0,0,-11.5,0,0,0,0,41.76,0,0,0,0,0,0,30.26,2/23/26,0XWETYA3AUT2MFY
Top Notch Sandwiches (3907 Lee Hwy),e00dd4dc-c8be-5086-a31b-96df372f9a5f,0deb79ab-815c-4023-868b-e7db98f318b7,1,0,33.66,3.7,37.36,0,0,0,0,0,0,-7.46,-0.73,0,0,0,0,0,-8.08,0,0,0,0,29.9,0,0,0,0,-1.62,0,20.2,2/9/26,VUYYPZVFTGX0D6U
Top Notch Sandwiches (3907 Lee Hwy),e00dd4dc-c8be-5086-a31b-96df372f9a5f,0deb79ab-815c-4023-868b-e7db98f318b7,3,0,67.03,7.38,74.41,0,0,0,0,0,0,-14.87,-1.46,0,0,0,0,0,-16.09,0,0,0,0,59.54,0,0,0,0,-3.23,0,40.22,2/17/26,0J4M14P9UADZTDO
Wonka's Smoothie Bar (433 W 34th st),21f21df0-3538-5a5d-8d92-5e0822935449,,3,0,90.86,8.07,98.93,0,0,0,0,0,0,-19.77,-1.61,0,0,0,0,0,-21.81,0,0,0,0,79.16,0,0,0,0,0,0,57.35,2/2/26,A626ZY3MOS1FAO1
Wonka's Smoothie Bar (433 W 34th st),21f21df0-3538-5a5d-8d92-5e0822935449,,4,0,148.23,13.15,161.38,0,0,0,0,0,0,-30.2,-2.46,0,0,0,0,0,-36.15,0,0,0,0,131.18,0,0,0,0,0,0,95.03,2/17/26,YZFF70ISI7XCIN4
Wonka's Smoothie Bar (433 W 34th st),21f21df0-3538-5a5d-8d92-5e0822935449,,2,0,75.5,6.7,82.2,0,0,0,0,0,0,-13.15,-1.07,0,0,0,0,0,-19.03,0,0,0,0,69.05,0,0,0,0,0,0,50.02,2/23/26,QSQRQM34XGWW8S9
Celines Salad Bar (839 W University Dr),050418c8-e5f3-5181-8746-90500ab90dbb,050418c8-e5f3-5181-8746-90500ab90dbb,1,0,47.44,3.84,51.28,0,0,0,0,0,0,-9.73,-0.73,0,0,0,0,0,-11.53,0,0,0,0,41.55,0,0,0,0,0,0,30.02,2/23/26,Y4UGCG0KFFZOMIP
The Fried Chicken Crave (1741 1st Avenue),0d2329a2-02a7-52df-9ee0-ea31d63eb07a,1e20e6a8-428a-4b6f-afed-5670ec29e0e0,1,0,21.67,1.92,23.59,0,0,0,0,0,0,-4.71,-0.38,0,0,0,0,0,-5.2,0,0,0,0,18.88,0,0,0,0,0,0,13.68,2/17/26,MTLIRZ6WTSO6IK7
John's Pizza Den (493 Old Hickory Blvd),eab02e5c-f821-5ed7-9aa2-53edf6b45af4,,1,0,122.39,11.93,134.32,0,0,0,0,0,0,-9.87,-0.87,0,0,0,0,0,-34.02,0,0,0,0,124.45,0,0,0,0,0,0,90.43,2/9/26,PPPD1IR6DCJA09P
John's Pizza Den (493 Old Hickory Blvd),eab02e5c-f821-5ed7-9aa2-53edf6b45af4,,1,0,37.77,3.68,41.45,0,0,0,0,0,0,-8.28,-0.73,0,0,0,0,0,-9.07,0,0,0,0,33.17,0,0,0,0,0,0,24.1,2/17/26,0U7ABUKTINO71TS
Toast N Roast Breakfast Sandwiches (6732 Crenshaw Blvd Ste 10),b513ba8a-8020-5683-8820-b2af9906b063,a1d8fbb9-a9c6-42ff-8f0a-463f68f6d22f,5,0,127.26,12.5,139.76,0,0,0,0,0,0,-27.96,-2.5,0,0,-4.95,0,0,-30.55,0,0,0,0,111.8,0,0,0,0,-10,0,66.3,2/2/26,VC6NDTED0AUMNJW
Toast N Roast Breakfast Sandwiches (6732 Crenshaw Blvd Ste 10),b513ba8a-8020-5683-8820-b2af9906b063,a1d8fbb9-a9c6-42ff-8f0a-463f68f6d22f,3,0,49.65,4.98,54.63,0,0,0,0,0,0,-7.68,-0.68,0,0,-1.98,0,0,-12.79,0,0,0,0,46.95,0,0,0,0,-4.3,0,27.88,2/9/26,UWRLPKYJIP4DB9A
Toast N Roast Breakfast Sandwiches (6732 Crenshaw Blvd Ste 10),b513ba8a-8020-5683-8820-b2af9906b063,a1d8fbb9-a9c6-42ff-8f0a-463f68f6d22f,1,0,27.97,2.87,30.84,-10.07,-1.03,-11.1,0,0,0,-6.17,-0.58,0,0,-0.99,0,0,-6.71,0,0,0,0,24.67,0,0,0,0,-1.26,0,4.61,2/17/26,QOURSI0V1DNVDJQ
Toast N Roast Breakfast Sandwiches (6732 Crenshaw Blvd Ste 10),b513ba8a-8020-5683-8820-b2af9906b063,a1d8fbb9-a9c6-42ff-8f0a-463f68f6d22f,1,0,41.96,4.1,46.06,10.07,0,10.07,0,0,0,-9.21,-0.82,0,0,-0.99,0,0,-10.07,0,0,0,0,36.85,0,0,0,0,-3.28,0,32.58,2/23/26,YH5UMKQ12OMB2EA
Breakfast Burrito Floozy - 2841 E Anaheim St,ae2f1caf-c383-4b0e-8dcc-76e6c2ad93d6,ae2f1caf-c383-4b0e-8dcc-76e6c2ad93d6,5,52,100.7,9.65,110.35,0,0,0,0,0,0,-22.13,-1.98,0,0,0,0,0,-12.07,0,0,0,0,88.22,0,0,-52.18,0,-7.67,0,16.3,2/2/26,2L9X6ZQJ89N0DE0
Breakfast Burrito Floozy - 2841 E Anaheim St,ae2f1caf-c383-4b0e-8dcc-76e6c2ad93d6,ae2f1caf-c383-4b0e-8dcc-76e6c2ad93d6,2,12,56.63,5.59,62.22,0,0,0,0,0,0,-12.43,-1.11,0,0,0,0,0,-6.8,0,0,0,0,49.79,0,0,-9.68,0,-4.48,0,28.83,2/9/26,RBC13Y5AG71R7NR
Aldo's Wraps Spot (53 2nd Ave),7bda74d1-c251-5485-a9c7-f374101a70fb,,1,0,32.67,2.9,35.57,0,0,0,0,0,0,-7.11,-0.58,0,0,0,0,0,-7.84,0,0,0,0,28.46,0,0,0,0,0,0,20.62,2/9/26,L95O4W8QE0HNT9M
Amores Taqueria (382 8th Ave),0c5dc27e-efe3-59e0-89cd-33a615bbf69b,,1,0,40.55,3.6,44.15,0,0,0,0,0,0,-8.83,-0.72,0,0,0,0,0,-9.73,0,0,0,0,35.32,0,0,0,0,0,0,25.59,2/2/26,Y4TVPKNFAAGWCC6
Amores Taqueria (382 8th Ave),0c5dc27e-efe3-59e0-89cd-33a615bbf69b,,3,0,135.73,12.05,147.78,0,0,0,0,0,0,-18.64,-1.52,0,0,0,0,0,-35.58,0,0,0,0,129.14,0,0,0,0,0,0,93.56,2/9/26,04SC7OFBZT3BHR7
Amores Taqueria (382 8th Ave),0c5dc27e-efe3-59e0-89cd-33a615bbf69b,,1,0,27.27,2.42,29.69,0,0,0,0,0,0,-5.93,-0.48,0,0,0,0,0,-1.31,0,0,0,0,23.76,0,0,0,0,0,0,22.45,2/17/26,CCO4X0NVIOEGQGB
The Pasta Co. (493 Old Hickory Blvd),40363d0b-a636-58d0-9c19-b0c71577f2de,,1,0,27.98,2.73,30.71,0,0,0,0,0,0,-6.15,-0.55,0,0,0,0,0,-6.71,0,0,0,0,24.56,0,0,0,0,0,0,17.85,2/17/26,LKISRH16ZNRTNIV
Sizzlin' Omelette Cafe (257 Gold St),f4046121-208b-5155-9fc4-9b8656928fae,,2,6,48.26,4.28,52.54,0,0,0,0,0,0,-10.51,-0.85,0,0,0,0,0,-11.58,0,0,0,0,42.03,0,0,-7.22,0,0,0,23.23,2/2/26,WPDH0KUSVJNDADG
City Light Wraps (5701 Executive Center Dr),09dd94fe-5c9d-594a-936a-47b31d2dc3fb,83c8c76d-b044-4f36-b65e-16c828f4306f,1,0,16.78,1.4,18.18,0,0,0,0,0,0,-3.65,-0.29,0,0,-0.99,0,0,-4.03,0,0,0,0,14.53,0,0,0,0,-1.11,0,8.4,2/23/26,A0ZWGNE6LU1JU2R
The Burger Blade - 755 9th Ave,836679b4-aa97-434f-bfe0-2348679cbb80,836679b4-aa97-434f-bfe0-2348679cbb80,1,0,18.88,1.68,20.56,0,0,0,0,0,0,-4.12,-0.34,0,0,0,0,0,-4.53,0,0,0,0,16.44,0,0,0,0,0,0,11.91,2/23/26,3ZTJPUT7NZ9OVAH
Greens Salad God (493 Old Hickory Blvd),a4810add-e3e7-5269-b879-a589b0c797c4,,1,0,19.58,1.91,21.49,-7.83,-0.76,-8.59,0,0,0,-4.3,-0.38,0,0,0,0,0,-4.7,0,0,0,0,17.19,0,0,0,0,0,0,3.9,2/23/26,U4ODFN7BSITNJTX
Charlie's Chicken Wings,0bc68c2b-b6a0-4666-ba20-09a422e52cc3,0bc68c2b-b6a0-4666-ba20-09a422e52cc3,5,5,174.87,17.93,192.8,0,0,0,0,0,0,-35.28,-3.29,0,0,0,0,0,-42.85,0,0,0,0,157.52,0,0,-18.44,0,0,0,96.23,2/2/26,JIJMPX7M0QJ19HS
Charlie's Chicken Wings,0bc68c2b-b6a0-4666-ba20-09a422e52cc3,0bc68c2b-b6a0-4666-ba20-09a422e52cc3,7,8,609.52,62.47,671.99,0,0,0,0,0,0,-52.44,-4.87,0,0,0,0,0,-168.58,0,0,0,0,619.55,0,0,-21.29,0,0,0,429.68,2/9/26,R5MJJNCH2Z5TZQ4
Charlie's Chicken Wings,0bc68c2b-b6a0-4666-ba20-09a422e52cc3,0bc68c2b-b6a0-4666-ba20-09a422e52cc3,8,7,274.77,28.16,302.93,0,0,0,0,0,0,-55.32,-5.15,0,0,0,0,0,-67.37,0,0,0,0,247.61,0,0,-20.99,0,0,0,159.25,2/17/26,O7U6DY16DH1P7NG
Charlie's Chicken Wings,0bc68c2b-b6a0-4666-ba20-09a422e52cc3,0bc68c2b-b6a0-4666-ba20-09a422e52cc3,10,7,361.72,37.06,398.78,-5.59,-0.57,-6.16,0,0,0,-64.78,-6.01,0,0,0,0,0,-90.86,0,0,0,0,334,0,0,-20.39,0,0,0,216.59,2/23/26,VHVUIXO9WV2344Y
Jewel's Breakfast Joint (370 Main St),d376d0fe-111a-57b7-9f7b-8b0a7a71fb64,ea388be6-909f-4f0c-b0f6-3466a4b64a13,3,0,72.9,4.83,77.73,-8.61,-0.57,-9.18,0,0,0,-12.36,-0.76,0,0,0,0,0,-18.39,0,0,0,0,65.37,0,0,0,0,-3.5,0,34.3,2/2/26,5UPD8YAQFACZPHT
Jewel's Breakfast Joint (370 Main St),d376d0fe-111a-57b7-9f7b-8b0a7a71fb64,ea388be6-909f-4f0c-b0f6-3466a4b64a13,5,0,108.38,7.19,115.57,0,0,0,0,0,0,-19.09,-1.2,0,0,0,0,0,-27.15,0,0,0,0,96.48,0,0,0,0,-5.99,0,63.34,2/9/26,HNY5OT7BCGMF3GV
Jewel's Breakfast Joint (370 Main St),d376d0fe-111a-57b7-9f7b-8b0a7a71fb64,ea388be6-909f-4f0c-b0f6-3466a4b64a13,5,0,125.45,8.31,133.76,0,0,0,0,0,0,-23.75,-1.48,0,0,0,0,0,-30.95,0,0,0,0,110.01,0,0,0,0,-6.83,0,72.23,2/17/26,SL18YABJXR2UJ4S
Jewel's Breakfast Joint (370 Main St),d376d0fe-111a-57b7-9f7b-8b0a7a71fb64,ea388be6-909f-4f0c-b0f6-3466a4b64a13,5,0,151.23,10,161.23,0,0,0,0,0,0,-32.21,-1.97,0,0,0,0,0,-36.29,0,0,0,0,129.02,0,0,0,0,-8.03,0,84.7,2/23/26,BW4BGK7HB20VGT6
Mac N' Cheez Hut (3955 Bronxwood Ave),02fc913e-4bdc-5c46-a95a-c2ea10a44034,02fc913e-4bdc-5c46-a95a-c2ea10a44034,1,0,22.57,2,24.57,0,0,0,0,0,0,-4.91,-0.4,0,0,-0.99,0,0,-5.42,0,0,0,0,19.66,0,0,0,0,0,0,13.25,2/2/26,R305R6B6LSMTOEZ
Mac N' Cheez Hut (3955 Bronxwood Ave),02fc913e-4bdc-5c46-a95a-c2ea10a44034,02fc913e-4bdc-5c46-a95a-c2ea10a44034,1,0,23.97,2.13,26.1,0,0,0,0,0,0,-5.22,-0.43,0,0,-0.99,0,0,-5.75,0,0,0,0,20.88,0,0,0,0,0,0,14.14,2/17/26,KGO8WZRAKOQ136S
Mac N' Cheez Hut (3955 Bronxwood Ave),02fc913e-4bdc-5c46-a95a-c2ea10a44034,02fc913e-4bdc-5c46-a95a-c2ea10a44034,1,0,23.67,2.1,25.77,0,0,0,0,0,0,-5.15,-0.42,0,0,-0.99,0,0,-5.68,0,0,0,0,20.62,0,0,0,0,0,0,13.95,2/23/26,6YSVEUT0Y07NKKT
Fresh N Fruity Smoothies (560 E 149th St),4efe2f89-79fe-514e-a858-415566f0fee5,3802b83c-56ed-431a-bd20-f07f30348e30,1,0,25.87,2.3,28.17,0,0,0,0,0,0,-5.63,-0.46,0,0,-0.99,0,0,-6.21,0,0,0,0,22.54,0,0,0,0,0,0,15.34,2/9/26,VPFYQ70N69HAW60
Fresh N Fruity Smoothies (560 E 149th St),4efe2f89-79fe-514e-a858-415566f0fee5,3802b83c-56ed-431a-bd20-f07f30348e30,1,0,10.48,0.93,11.41,0,0,0,0,0,0,0,0,0,0,0,0,0,-3.14,0,0,0,0,11.41,0,0,0,0,0,0,8.27,2/23/26,7E37RCYU8W7T8NJ
Green Vibes Salad (303 East 9th Street),63a04770-df9b-54a2-94cd-131aff784a33,29fe1601-47de-49e9-b2af-d0bf96cb6e15,3,0,58.67,5.21,63.88,-34.63,-3.08,-37.71,0,0,0,-12.78,-1.04,0,0,0,0,0,-3.75,0,0,0,0,51.1,0,0,0,0,0,0,22.54,2/2/26,3QYYUU6QRFH07M4
Green Vibes Salad (303 East 9th Street),63a04770-df9b-54a2-94cd-131aff784a33,29fe1601-47de-49e9-b2af-d0bf96cb6e15,1,0,22.3,1.97,24.27,-17.84,-1.58,-19.42,0,0,0,-4.84,-0.38,0,0,0,0,0,-1.43,0,0,0,0,19.43,0,0,0,0,0,0,5.16,2/17/26,N7ZJCLZ5CU9U50H
Green Vibes Salad (303 East 9th Street),63a04770-df9b-54a2-94cd-131aff784a33,29fe1601-47de-49e9-b2af-d0bf96cb6e15,1,0,27.95,2.47,30.42,-22.36,-1.98,-24.34,0,0,0,-6.08,-0.49,0,0,0,0,0,-1.79,0,0,0,0,24.34,0,0,0,0,0,0,5.93,2/23/26,U0I5MLN58AWH4TB
Lucy's Pancake Bar (5993 Broadway),79896e0f-e2c6-5cf5-8884-95543d1cb7f4,79896e0f-e2c6-5cf5-8884-95543d1cb7f4,3,0,60.07,5.33,65.4,-6.71,-0.6,-7.31,0,0,0,-9.74,-0.8,0,0,-1.98,0,0,-10.22,0,0,0,0,55.66,0,0,0,0,0,0,36.15,2/2/26,7HOQ9DIADPJ339D
Lucy's Pancake Bar (5993 Broadway),79896e0f-e2c6-5cf5-8884-95543d1cb7f4,79896e0f-e2c6-5cf5-8884-95543d1cb7f4,1,0,46.14,4.09,50.23,0,0,0,0,0,0,-9.79,-0.79,0,0,-0.99,0,0,-7.43,0,0,0,0,40.44,0,0,0,0,0,0,32.02,2/17/26,9FWUOLQB7HVQCGU
Lucy's Pancake Bar (5993 Broadway),79896e0f-e2c6-5cf5-8884-95543d1cb7f4,79896e0f-e2c6-5cf5-8884-95543d1cb7f4,1,0,16.06,1.43,17.49,0,0,0,0,0,0,-3.5,-0.29,0,0,-0.99,0,0,-2.57,0,0,0,0,13.99,0,0,0,0,0,0,10.43,2/23/26,IUTEU3ZZ1RYLJYL
The Cheeseburger Paradise (468 9th Ave),d3d33853-f1ce-5a6f-99b5-afe21587da8b,,1,0,20.28,1.8,22.08,0,0,0,0,0,0,-4.42,-0.36,0,0,-0.99,0,0,-4.87,0,0,0,0,17.66,0,0,0,0,0,-2.49,9.31,2/9/26,99SRML1ERHRFAO0
The Cheeseburger Paradise (468 9th Ave),d3d33853-f1ce-5a6f-99b5-afe21587da8b,,1,0,31.93,2.83,34.76,0,0,0,0,0,0,-6.95,-0.56,0,0,-0.99,0,0,-7.66,0,0,0,0,27.81,0,0,0,0,0,-4.05,15.11,2/17/26,Y0R4VDHRPG15GML
Penny's Pancakes,bf731c1d-33d1-53d6-ad54-e3ed0ee4890b,,1,0,52.39,4.65,57.04,-9.49,-0.84,-10.33,0,0,0,-9.8,-0.8,0,0,-0.99,0,0,0,0,0,0,0,47.24,0,0,0,0,0,0,35.92,2/9/26,KYRC6754RTFAB4H
Penny's Pancakes,bf731c1d-33d1-53d6-ad54-e3ed0ee4890b,,0,0,0,0,0,9.49,0.84,10.33,0,0,0,0,0,0,0,0,0,0,0,0,0,0,0,0,0,0,0,0,0,0,10.33,2/17/26,256MAR1HP5QJY5Q
Penny's Pancakes,bf731c1d-33d1-53d6-ad54-e3ed0ee4890b,,2,0,54.39,4.83,59.22,0,0,0,0,0,0,-11.85,-0.97,0,0,-1.98,0,0,0,0,0,0,0,47.37,0,0,0,0,0,0,45.39,2/23/26,S4VJQ9TF74XELZM
Urban Vegetarian House (1268 W 86th St),e14f4b14-2d8f-5d98-a127-b3504635624a,,1,0,32.48,2.92,35.4,0,0,0,0,0,0,-7.08,-0.58,0,0,-0.99,0,0,-7.79,0,0,0,0,28.32,0,0,0,0,-2.34,0,17.2,2/2/26,PLOBKU96QFCFS9I
Flavor of Greek (783 Hillside Avenue),77bacaf3-53b2-55aa-9bfb-c46fb46f57c3,77bacaf3-53b2-55aa-9bfb-c46fb46f57c3,1,0,54.53,4.7,59.23,0,0,0,0,0,0,-9.77,-0.77,0,0,0,0,0,-13.66,0,0,0,0,49.46,0,0,0,0,0,0,35.8,2/9/26,OZ0R3J3SUA9Z535
Flavor of Greek (783 Hillside Avenue),77bacaf3-53b2-55aa-9bfb-c46fb46f57c3,77bacaf3-53b2-55aa-9bfb-c46fb46f57c3,1,0,18.29,1.58,19.87,0,0,0,0,0,0,-3.98,-0.32,0,0,0,0,0,-4.39,0,0,0,0,15.89,0,0,0,0,0,0,11.5,2/24/26,TVC651KT5M043SK
Luke's Breakfast Club (2126-2130 Caton Ave),bf426140-1a10-5a32-a80d-1a5fbd2259c2,,3,6,72.31,6.41,78.72,0,0,0,0,0,0,-12.51,-1.01,0,0,0,0,0,-18.24,0,0,0,0,66.21,0,0,-5.39,0,0,0,42.58,2/17/26,8J4JX04R4NJAGZN
Luke's Breakfast Club (2126-2130 Caton Ave),bf426140-1a10-5a32-a80d-1a5fbd2259c2,,6,5,131.5,11.67,143.17,-2.79,-0.25,-3.04,0,0,0,-25.66,-2.09,0,0,0,0,0,-32.38,0,0,0,0,117.51,0,0,-4.53,0,0,0,77.56,2/23/26,3LOVNDTJZOPZCZZ
Sung's Korean Kitchen (2521 Durant Ave Suite D),d34f6d9d-e688-5bbf-ae75-33b4c36507c9,8645a028-1dfa-4805-b659-e02e64c92d90,1,0,23.58,2.42,26,0,0,0,0,0,0,-5.21,-0.49,0,0,0,0,0,-5.66,0,0,0,0,20.79,0,0,0,0,-1.93,0,13.2,2/2/26,351454J8FO5CL64
EZ Cheesesteaks (3846 Mowry Ave),653dfb3b-f287-5e7a-bd6a-380d55595699,,2,0,58.22,6.11,64.33,-13.5,-1.45,-14.95,0,0,0,-12.84,-1.2,0,0,0,0,0,-13.97,0,0,0,0,51.49,0,0,0,0,-3.46,0,19.11,2/2/26,3ACTRM8DJDMJHO8
EZ Cheesesteaks (3846 Mowry Ave),653dfb3b-f287-5e7a-bd6a-380d55595699,,1,0,14.38,1.55,15.93,0,0,0,0,0,0,0,0,0,0,0,0,0,-4.31,0,0,0,0,15.93,0,0,0,0,-1.55,0,10.07,2/23/26,P525E3CB8R3HDB8
C's Greens Salad (7300 Sunset Blvd),f44160cb-55c5-5da6-8e6f-8b7d12d8bb08,3330df2e-8583-42b3-9112-2b2a9e8a7eaf,2,0,58.96,5.99,64.95,-15.99,-1.56,-17.55,0,0,0,-13.02,-1.22,0,0,0,0,0,-14.14,0,0,0,0,51.93,0,0,0,0,-3.21,0,17.03,2/23/26,10D0LK3HSCMIAC1
Mason's Burger Bar (3955 Bronxwood Ave),15383ff3-0f83-54a4-98b3-fac765b385b1,15383ff3-0f83-54a4-98b3-fac765b385b1,1,0,50.97,4.52,55.49,0,0,0,0,0,0,-9.8,-0.8,0,0,0,0,0,-12.59,0,0,0,0,45.69,0,0,0,0,0,0,33.1,2/2/26,QITADWC3MBFMRNQ
Mason's Burger Bar (3955 Bronxwood Ave),15383ff3-0f83-54a4-98b3-fac765b385b1,15383ff3-0f83-54a4-98b3-fac765b385b1,1,0,28.98,2.57,31.55,0,0,0,0,0,0,-6.31,-0.51,0,0,0,0,0,-6.95,0,0,0,0,25.24,0,0,0,0,0,0,18.29,2/9/26,9HBULVSKTTPXL02
Jen's Burger Blaze (433 W 34th st),e53d27c7-5e6b-5d71-9c56-0e8a5130aa91,e53d27c7-5e6b-5d71-9c56-0e8a5130aa91,1,0,33.98,3.02,37,0,0,0,0,0,0,-7.41,-0.61,0,0,-0.99,0,0,-5.44,0,0,0,0,29.59,0,0,0,0,0,0,23.16,2/2/26,GZB7ZLK1KJQBLS8
Jen's Burger Blaze (433 W 34th st),e53d27c7-5e6b-5d71-9c56-0e8a5130aa91,e53d27c7-5e6b-5d71-9c56-0e8a5130aa91,1,0,22.47,1.99,24.46,0,0,0,0,0,0,-4.88,-0.39,0,0,-0.99,0,0,-3.6,0,0,0,0,19.58,0,0,0,0,0,0,14.99,2/9/26,SB4P08Y10JTZIMZ
Vegan Pizzas Snob (2017 University Ave),f0b0df98-95ba-5f70-b49c-2b04f1c14b00,f0b0df98-95ba-5f70-b49c-2b04f1c14b00,2,0,106.11,11.42,117.53,0,0,0,0,0,0,-15.91,-1.55,0,0,0,0,0,-13.76,0,0,0,0,101.62,0,0,0,0,-9.87,0,77.99,2/2/26,4K76L2N0BUNX88G
Vegan Pizzas Snob (2017 University Ave),f0b0df98-95ba-5f70-b49c-2b04f1c14b00,f0b0df98-95ba-5f70-b49c-2b04f1c14b00,1,0,17.98,1.85,19.83,0,0,0,0,0,0,-3.98,-0.38,0,0,0,0,0,-2.16,0,0,0,0,15.85,0,0,0,0,-1.47,0,12.22,2/9/26,G7BZ8ACO7H42RFV
Vegan Pizzas Snob (2017 University Ave),f0b0df98-95ba-5f70-b49c-2b04f1c14b00,f0b0df98-95ba-5f70-b49c-2b04f1c14b00,2,0,51.3,5.52,56.82,0,0,0,0,0,0,-3.74,-0.36,0,0,0,0,0,-7.19,0,0,0,0,53.08,0,0,0,0,-5.16,0,40.73,2/17/26,PSZIL5MK5F2SDJ9
Vegan Pizzas Snob (2017 University Ave),f0b0df98-95ba-5f70-b49c-2b04f1c14b00,f0b0df98-95ba-5f70-b49c-2b04f1c14b00,1,0,23.98,2.46,26.44,0,0,0,0,0,0,0,0,0,0,0,0,0,-3.6,0,0,0,0,26.44,0,0,0,0,-2.46,0,20.38,2/23/26,MVEF3HDQVDWGWP9
High Life Pizzas,d62628f4-9b10-4099-aed0-69f904a3a91e,d62628f4-9b10-4099-aed0-69f904a3a91e,1,0,19.67,1.31,20.98,0,0,0,0,0,0,-4.19,-0.26,0,0,0,0,0,-4.72,0,0,0,0,16.79,0,0,0,0,-1.05,0,11.02,2/2/26,JA9OHZK8P7YL0SB
High Life Pizzas,d62628f4-9b10-4099-aed0-69f904a3a91e,d62628f4-9b10-4099-aed0-69f904a3a91e,1,0,31.67,2.1,33.77,0,0,0,0,0,0,-6.75,-0.42,0,0,0,0,0,-7.6,0,0,0,0,27.02,0,0,0,0,-1.68,0,17.74,2/23/26,SZPHPLPTY7S0NN1
The Omelette Farm,a87a165d-d7ac-4a7a-bba3-4a58a4762721,a87a165d-d7ac-4a7a-bba3-4a58a4762721,61,10,1781.08,157.15,1938.23,-13.57,-1.2,-14.77,0,0,0,-350.58,-28.48,0,0,-57.42,0,0,-422.75,0,0,0,0,1587.65,0,0,-55.86,0,0,0,1036.85,2/2/26,S2PEMUN2GN2RSX8
The Omelette Farm,a87a165d-d7ac-4a7a-bba3-4a58a4762721,a87a165d-d7ac-4a7a-bba3-4a58a4762721,31,10,973.96,86.46,1060.42,0,0,0,0,0,0,-205.4,-16.74,0,0,-29.7,0,0,-227.85,0,0,0,0,855.02,0,0,-40.68,0,0,0,556.79,2/9/26,YFKLZILX58YM1V5
The Omelette Farm,a87a165d-d7ac-4a7a-bba3-4a58a4762721,a87a165d-d7ac-4a7a-bba3-4a58a4762721,36,8,1019.27,90.43,1109.7,0,0,0,0,0,0,-203.75,-16.57,0,0,-32.67,0,0,-248.86,0,0,0,0,905.95,0,0,-32.87,0,0,0,591.55,2/17/26,LZRB7EEFCF67K14
The Omelette Farm,a87a165d-d7ac-4a7a-bba3-4a58a4762721,a87a165d-d7ac-4a7a-bba3-4a58a4762721,47,7,1274.19,113.03,1387.22,0,0,0,0,0,0,-258.52,-21,0,0,-42.57,0,0,-308.53,0,0,0,0,1128.7,0,0,-46.14,0,0,0,731.46,2/23/26,U702B5HX7B4DXY3
Philly Cheesesteak Company (3349 Mission St),b7f45ebf-8765-5212-ba11-35c967cbb296,b7f45ebf-8765-5212-ba11-35c967cbb296,1,0,18.38,1.58,19.96,0,0,0,0,0,0,-4,-0.32,0,0,0,0,0,-4.41,0,0,0,0,15.96,0,0,0,0,-1.26,0,10.29,2/2/26,CMD61N50RCSTKW7
Philly Cheesesteak Company (3349 Mission St),b7f45ebf-8765-5212-ba11-35c967cbb296,b7f45ebf-8765-5212-ba11-35c967cbb296,2,0,45.16,3.91,49.07,0,0,0,0,0,0,-9.82,-0.78,0,0,0,0,0,-10.84,0,0,0,0,39.25,0,0,0,0,-3.13,0,25.28,2/9/26,07RH8S7DP8ZGZ66
Philly Cheesesteak Company (3349 Mission St),b7f45ebf-8765-5212-ba11-35c967cbb296,b7f45ebf-8765-5212-ba11-35c967cbb296,1,0,50.94,5.04,55.98,0,0,0,0,0,0,-9.89,-0.89,0,0,0,0,0,-12.58,0,0,0,0,46.09,0,0,0,0,-4.15,0,29.36,2/17/26,Q8MEVTQGM677TR2
Famous Gyro Bar,040d6ebc-54f1-407c-988d-40aae720614f,040d6ebc-54f1-407c-988d-40aae720614f,2,0,52.44,4.66,57.1,0,0,0,0,0,0,-11.43,-0.94,0,0,0,0,0,-9.37,0,0,0,0,45.67,0,0,0,0,0,0,36.3,2/2/26,WPN8DOW4E6J80TM
Famous Gyro Bar,040d6ebc-54f1-407c-988d-40aae720614f,040d6ebc-54f1-407c-988d-40aae720614f,1,0,26.58,2.36,28.94,0,0,0,0,0,0,-5.79,-0.47,0,0,0,0,0,-6.38,0,0,0,0,23.15,0,0,0,0,0,0,16.77,2/9/26,T65CAMH8AGWSJVS
Famous Gyro Bar,040d6ebc-54f1-407c-988d-40aae720614f,040d6ebc-54f1-407c-988d-40aae720614f,2,0,27.36,2.43,29.79,0,0,0,0,0,0,-5.63,-0.46,0,0,0,0,0,-1.11,0,0,0,0,24.16,0,0,0,0,0,0,23.05,2/17/26,7XP6RYSF6UQW9SZ
Famous Gyro Bar,040d6ebc-54f1-407c-988d-40aae720614f,040d6ebc-54f1-407c-988d-40aae720614f,7,0,81.69,7.25,88.94,0,0,0,0,0,0,-13.81,-1.13,0,0,0,0,0,-13.5,0,0,0,0,75.13,0,0,0,0,0,0,61.63,2/23/26,FG6TKFBYBT3YU9X
Coffee Crema Snob (769 9th Ave #1),199c4363-6972-5229-af94-7b28f0a86af1,199c4363-6972-5229-af94-7b28f0a86af1,1,0,16.77,1.49,18.26,0,0,0,0,0,0,-3.65,-0.3,0,0,0,0,0,-2.68,0,0,0,0,14.61,0,0,0,0,0,0,11.93,2/2/26,XD608W5RGGLU47C
Coffee Crema Snob (769 9th Ave #1),199c4363-6972-5229-af94-7b28f0a86af1,199c4363-6972-5229-af94-7b28f0a86af1,1,0,8.38,0.74,9.12,0,0,0,0,0,0,0,0,0,0,0,0,0,-1.68,0,0,0,0,9.12,0,0,0,0,0,0,7.44,2/9/26,9VCN3IE9NV71B7R
Leon's Legendary Pizza (3349 Mission St),4fe2a1b6-206d-5610-8310-fd494075af53,,1,0,39.17,3.38,42.55,0,0,0,0,0,0,-8.51,-0.68,0,0,0,0,0,-1.88,0,0,0,0,34.04,0,0,0,0,-2.7,0,29.46,2/2/26,TYDNMTNU2JKM6II
Leon's Legendary Pizza (3349 Mission St),4fe2a1b6-206d-5610-8310-fd494075af53,,1,0,29.38,2.53,31.91,0,0,0,0,0,0,-6.38,-0.5,0,0,0,0,0,-1.41,0,0,0,0,25.53,0,0,0,0,-2.03,0,22.09,2/23/26,W26K0DUVQB4E7Q7
Evan's Burger Empire (226 Newark Ave),9aa889ba-61a9-5143-8783-13daf4a98c68,9aa889ba-61a9-5143-8783-13daf4a98c68,2,0,87.93,5.83,93.76,0,0,0,0,0,0,-13.02,-0.82,0,0,0,0,0,-11.36,0,0,0,0,80.74,0,0,0,0,-5.01,0,64.37,2/2/26,GG76V5NF37MVLL9
Evan's Burger Empire (226 Newark Ave),9aa889ba-61a9-5143-8783-13daf4a98c68,9aa889ba-61a9-5143-8783-13daf4a98c68,1,0,22.49,1.49,23.98,0,0,0,0,0,0,-4.8,-0.3,0,0,0,0,0,-2.7,0,0,0,0,19.18,0,0,0,0,-1.19,0,15.29,2/9/26,XO7GWTHEDGS59OO
Jane's Juice Bar,a8926385-2385-56bd-8318-61b345eb045f,,2,0,79.91,7.09,87,0,0,0,0,0,0,-14.14,-1.15,0,0,-1.98,0,0,0,0,0,0,0,72.86,0,0,0,0,0,0,70.88,2/2/26,VKAQYEHYLNOFQOC
Mary's Omelette Bar - 300 8th Ave,7399f6c1-e1c8-4e42-8d02-736349edfccb,7399f6c1-e1c8-4e42-8d02-736349edfccb,1,2,16.87,1.5,18.37,0,0,0,0,0,0,-3.67,-0.3,0,0,0,0,0,-4.05,0,0,0,0,14.7,0,0,-0.69,0,0,0,9.96,2/2/26,IFMGAR33IJZDV2M
Mary's Omelette Bar - 300 8th Ave,7399f6c1-e1c8-4e42-8d02-736349edfccb,7399f6c1-e1c8-4e42-8d02-736349edfccb,1,2,50.62,4.49,55.11,0,0,0,0,0,0,-9.8,-0.8,0,0,0,0,0,-8.32,0,0,0,0,45.31,0,0,-1.96,0,0,0,35.03,2/9/26,45W324MS1Y1B77C
Mary's Omelette Bar - 300 8th Ave,7399f6c1-e1c8-4e42-8d02-736349edfccb,7399f6c1-e1c8-4e42-8d02-736349edfccb,4,3,100.27,8.91,109.18,0,0,0,0,0,0,-18.83,-1.55,0,0,0,0,0,-24.91,0,0,0,0,90.35,0,0,-1.22,0,0,0,64.22,2/17/26,V44440GGGJIL06Q
Mary's Omelette Bar - 300 8th Ave,7399f6c1-e1c8-4e42-8d02-736349edfccb,7399f6c1-e1c8-4e42-8d02-736349edfccb,2,5,45.66,4.06,49.72,0,0,0,0,0,0,-9.96,-0.82,0,0,0,0,0,-7.39,0,0,0,0,39.76,0,0,-2.68,0,0,0,29.69,2/23/26,RSC3UKBPF5IOUK9
Livia's Mediterranean Table (1849 N Scottsdale Rd),742c53cc-8405-57a4-8813-0b34d87f0030,742c53cc-8405-57a4-8813-0b34d87f0030,5,0,149.07,12.07,161.14,0,0,0,0,0,0,-32.24,-2.42,0,0,0,0,0,-35.77,0,0,0,0,128.9,0,0,0,0,0,0,93.13,2/2/26,YKQUUAXDEEMZHFY
Livia's Mediterranean Table (1849 N Scottsdale Rd),742c53cc-8405-57a4-8813-0b34d87f0030,742c53cc-8405-57a4-8813-0b34d87f0030,6,0,170.36,13.79,184.15,-10.05,-0.81,-10.86,0,0,0,-36.84,-2.76,0,0,0,0,0,-40.89,0,0,0,0,147.31,0,0,0,0,0,0,95.56,2/9/26,1XP83CAMBW7B58P
Livia's Mediterranean Table (1849 N Scottsdale Rd),742c53cc-8405-57a4-8813-0b34d87f0030,742c53cc-8405-57a4-8813-0b34d87f0030,4,0,134.33,10.88,145.21,10.05,0.81,10.86,0,0,0,-28.41,-2.13,0,0,0,0,0,-32.42,0,0,0,0,116.8,0,0,0,0,0,0,95.24,2/17/26,UITV2LXMRM7SQ6K
Livia's Mediterranean Table (1849 N Scottsdale Rd),742c53cc-8405-57a4-8813-0b34d87f0030,742c53cc-8405-57a4-8813-0b34d87f0030,3,0,129.75,10.51,140.26,0,0,0,0,0,0,-23.97,-1.8,0,0,0,0,0,-32.28,0,0,0,0,116.29,0,0,0,0,0,0,84.01,2/23/26,2YCE4JIKNK4WCAJ
Cheesecake And Dessert Bar,26921c28-1956-416f-908b-88cad6bdc6ce,26921c28-1956-416f-908b-88cad6bdc6ce,5,25,116.47,10.32,126.79,-23.02,-2.04,-25.06,0,0,0,-21.2,-1.71,0,0,0,0,0,-29.09,0,0,0,0,105.59,0,0,-26.81,0,0,0,24.63,2/9/26,XFP10GKUYJKATMU
Cheesecake And Dessert Bar,26921c28-1956-416f-908b-88cad6bdc6ce,26921c28-1956-416f-908b-88cad6bdc6ce,3,7,42.96,3.8,46.76,0,0,0,0,0,0,-6.3,-0.5,0,0,0,0,0,-11.15,0,0,0,0,40.46,0,0,-6.56,0,0,0,22.75,2/17/26,DNKZOXTSQKTLW5Q
Cheesecake And Dessert Bar,26921c28-1956-416f-908b-88cad6bdc6ce,26921c28-1956-416f-908b-88cad6bdc6ce,3,6,35.97,3.18,39.15,0,0,0,0,0,0,0,0,0,0,0,0,0,-10.8,0,0,0,0,39.15,0,0,-3.58,0,0,0,24.77,2/23/26,7TDA75PQEA8S4BL
The Burger Project (888 Maple Ave),2356edb6-d85a-546b-ac8e-a874b00ff9c7,,1,0,33.97,2.5,36.47,0,0,0,0,0,0,0,0,0,0,0,0,0,-10.19,0,0,0,0,36.47,0,0,0,0,-2.5,0,23.78,2/9/26,UMK1DU1KD1D7NXJ
Fiona's Ultimate Wraps (226 1/2 Newark Ave),3cbc9c83-0e7d-5a3c-9f7f-b0eb572f72b0,3cbc9c83-0e7d-5a3c-9f7f-b0eb572f72b0,2,0,48.24,3.2,51.44,0,0,0,0,0,0,-10.28,-0.64,0,0,0,0,0,-5.8,0,0,0,0,41.16,0,0,0,0,-2.56,0,32.8,2/9/26,E8AST2KQ8E39CEF
Fiona's Ultimate Wraps (226 1/2 Newark Ave),3cbc9c83-0e7d-5a3c-9f7f-b0eb572f72b0,3cbc9c83-0e7d-5a3c-9f7f-b0eb572f72b0,1,0,16.48,1.09,17.57,0,0,0,0,0,0,-3.52,-0.22,0,0,0,0,0,-1.98,0,0,0,0,14.05,0,0,0,0,-0.87,0,11.2,2/23/26,CNPZL7DZK6SJCWV
Ice Cream Snob,23b50a43-0eb0-4d24-93e1-187805fb9e02,23b50a43-0eb0-4d24-93e1-187805fb9e02,3,0,97.92,3.28,101.2,0,0,0,0,0,0,-20.24,-0.66,0,0,-2.97,0,0,-23.49,0,0,0,0,80.96,0,0,0,0,-2.62,0,51.88,2/2/26,QHXWRD4TO1GCUVV
Ice Cream Snob,23b50a43-0eb0-4d24-93e1-187805fb9e02,23b50a43-0eb0-4d24-93e1-187805fb9e02,1,0,10.99,0.95,11.94,0,0,0,0,0,0,0,0,0,0,0,0,0,-2.75,0,0,0,0,11.94,0,0,0,0,-0.95,0,8.24,2/9/26,1ALJ71WGQRI2MCT
Ice Cream Snob,23b50a43-0eb0-4d24-93e1-187805fb9e02,23b50a43-0eb0-4d24-93e1-187805fb9e02,3,0,65.94,5.7,71.64,0,0,0,0,0,0,-14.36,-1.16,0,0,-2.97,0,0,-15.81,0,0,0,0,57.28,0,0,0,0,-4.54,0,33.96,2/17/26,PXG7IFJ1YXL9FAX
Ice Cream Snob,23b50a43-0eb0-4d24-93e1-187805fb9e02,23b50a43-0eb0-4d24-93e1-187805fb9e02,1,0,119.91,1.91,121.82,0,0,0,0,0,0,-9.15,-0.15,0,0,-0.99,0,0,-33.27,0,0,0,0,112.67,0,0,0,0,-1.76,0,76.65,2/23/26,28RO9DDNI8GYIWZ
Empire State Panini (689 Broadway),aba82937-cb5d-5d08-859f-222390cda30c,,2,0,43.36,3.84,47.2,0,0,0,0,0,0,-9.44,-0.76,0,0,0,0,0,-5.03,0,0,0,0,37.76,0,0,0,0,0,0,32.73,2/17/26,6FCUR0HDV2BJ6O9
The Gourmet Burger (5225 Lankershim Blvd),e36fdc8e-401f-5abd-9499-8de913690c04,a87366dc-0e41-4347-bc93-c4fda103b912,1,0,51.77,5.45,57.22,0,0,0,0,0,0,-9.96,-0.96,0,0,0,0,0,-12.83,0,0,0,0,47.26,0,0,0,0,-4.49,0,29.94,2/2/26,MELOU8ACT9HWPT0
The Gourmet Burger (5225 Lankershim Blvd),e36fdc8e-401f-5abd-9499-8de913690c04,a87366dc-0e41-4347-bc93-c4fda103b912,2,0,104.92,10.79,115.71,0,0,0,0,0,0,-16.54,-1.53,0,0,0,0,0,-26.98,0,0,0,0,99.17,0,0,0,0,-9.26,0,62.93,2/17/26,68NTBS1DMNVUZBQ
The Sandwich Cafe (57 sip ave),e3c99e7f-dbb0-54d6-870b-5a9879b9d971,e3c99e7f-dbb0-54d6-870b-5a9879b9d971,1,0,24.98,1.66,26.64,0,0,0,0,0,0,-5.34,-0.34,0,0,-0.99,0,0,-3,0,0,0,0,21.3,0,0,0,0,-1.32,0,15.99,2/2/26,2CPFWFAWGJKH858
The Halal Indian Kitchen,e7ae094b-ff7f-40b2-b13b-4acf08982475,e7ae094b-ff7f-40b2-b13b-4acf08982475,18,6,637.92,56.35,694.27,0,0,0,0,0,0,-107.56,-8.78,0,0,-14.85,0,0,-112.87,0,0,0,0,586.71,0,0,-10.96,0,0,0,448.03,2/2/26,IK5R4J5EJ113221
The Halal Indian Kitchen,e7ae094b-ff7f-40b2-b13b-4acf08982475,e7ae094b-ff7f-40b2-b13b-4acf08982475,9,7,330.73,29.34,360.07,0,0,0,0,0,0,-61.49,-5,0,0,-8.91,0,0,-60.34,0,0,0,0,298.58,0,0,-17.14,0,0,0,212.19,2/9/26,1YYU1FBZV67VGCS
The Halal Indian Kitchen,e7ae094b-ff7f-40b2-b13b-4acf08982475,e7ae094b-ff7f-40b2-b13b-4acf08982475,16,7,381.16,33.83,414.99,-18.39,-1.63,-20.02,0,0,0,-74.24,-6.06,0,0,-12.87,0,0,-68.86,0,0,0,0,340.75,0,0,-23.18,0,0,0,215.82,2/17/26,SHI5LDX0YKDEW5B
The Halal Indian Kitchen,e7ae094b-ff7f-40b2-b13b-4acf08982475,e7ae094b-ff7f-40b2-b13b-4acf08982475,15,9,477.09,42.33,519.42,18.39,1.63,20.02,0,0,0,-94.45,-7.7,0,0,-13.86,0,0,-85.89,0,0,0,0,424.97,0,0,-24.39,0,0,0,320.85,2/23/26,5Z4T8G9GBE9KUUO
Casa Pasta Ristorante (9061 Van Nuys Blvd),71ef6973-7fca-5e5a-bf34-9ebb226686f1,008c4f72-50cf-489f-8e1d-a1b1b4c4a792,1,0,36.38,3.54,39.92,0,0,0,0,0,0,-7.97,-0.69,0,0,0,0,0,-8.73,0,0,0,0,31.95,0,0,0,0,-2.85,0,20.37,2/17/26,YOO947RW716V4EA
Casa Pasta Ristorante (9061 Van Nuys Blvd),71ef6973-7fca-5e5a-bf34-9ebb226686f1,008c4f72-50cf-489f-8e1d-a1b1b4c4a792,2,0,117.54,11.46,129,0,0,0,0,0,0,-19.75,-1.75,0,0,0,0,0,-29.86,0,0,0,0,109.25,0,0,0,0,-9.71,0,69.68,2/23/26,TFZY4FKW2K0Q1NK
Big Ease Smoothies (1219 1st Avenue),d94ad7ce-8f42-5a3b-b636-b3b935b1b865,,1,0,26.56,2.36,28.92,0,0,0,0,0,0,-5.78,-0.47,0,0,0,0,0,-6.38,0,0,0,0,23.14,0,0,0,0,0,0,16.76,2/9/26,DN4YBB8645UD7XP
Big Ease Smoothies (1219 1st Avenue),d94ad7ce-8f42-5a3b-b636-b3b935b1b865,,1,0,19.56,1.74,21.3,0,0,0,0,0,0,-4.26,-0.35,0,0,0,0,0,-0.94,0,0,0,0,17.04,0,0,0,0,0,0,16.1,2/17/26,910H932I2HR26FV
Angelino's Breakfast Snob (53 2nd Ave),6f061c75-56f6-51d0-a531-5b2befb4960e,,1,0,46.25,4.1,50.35,0,0,0,0,0,0,-9.79,-0.79,0,0,0,0,0,-2.24,0,0,0,0,40.56,0,0,0,0,0,0,38.32,2/2/26,2TFX4VJB7RQXKQ8
Angelino's Breakfast Snob (53 2nd Ave),6f061c75-56f6-51d0-a531-5b2befb4960e,,1,0,26.28,2.33,28.61,0,0,0,0,0,0,-5.72,-0.46,0,0,0,0,0,-6.31,0,0,0,0,22.89,0,0,0,0,0,0,16.58,2/9/26,RIFJEMQ2ZA9GF18
Ali's Mediterranean Sandwiches (114 East Main Street),fedeaf21-586b-5a13-97f0-294c87939614,f3b9fd27-ad15-42c4-90fd-d33eea1e5092,3,0,101.97,8.4,110.37,-8.48,-0.7,-9.18,0,0,0,-18.31,-1.4,0,0,0,0,0,-25.52,-1.7,0,0,0,92.06,0,0,0,0,0,0,55.66,2/2/26,KI5H0GVIMU5D370
Ali's Mediterranean Sandwiches (114 East Main Street),fedeaf21-586b-5a13-97f0-294c87939614,f3b9fd27-ad15-42c4-90fd-d33eea1e5092,2,0,56.63,4.67,61.3,0,0,0,0,0,0,-12.26,-0.94,0,0,0,0,0,-13.59,-0.9,0,0,0,49.04,0,0,0,0,0,0,34.55,2/9/26,J3T2WVRWMZFBJ5S
Ali's Mediterranean Sandwiches (114 East Main Street),fedeaf21-586b-5a13-97f0-294c87939614,f3b9fd27-ad15-42c4-90fd-d33eea1e5092,2,0,37.55,3.09,40.64,0,0,0,0,0,0,-8.12,-0.61,0,0,0,0,0,-9.01,-0.59,0,0,0,32.52,0,0,0,0,0,0,22.92,2/17/26,9KX9BZG6CMQ2R7H
Ali's Mediterranean Sandwiches (114 East Main Street),fedeaf21-586b-5a13-97f0-294c87939614,f3b9fd27-ad15-42c4-90fd-d33eea1e5092,1,0,16.37,1.35,17.72,0,0,0,0,0,0,-3.54,-0.27,0,0,0,0,0,-3.93,-0.26,0,0,0,14.18,0,0,0,0,0,0,9.99,2/23/26,LYNXXW3KIG44H1C
Daybreak Breakfast Club (168 Myrtle Ave),fae030fc-7aa1-5653-9aa7-c5ac2d866d78,,2,0,35.65,3.16,38.81,0,0,0,0,0,0,-5.17,-0.42,0,0,0,0,0,-9.27,0,0,0,0,33.64,0,0,0,0,0,0,24.37,2/2/26,1DM32XQUH78T0GA
Daybreak Breakfast Club (168 Myrtle Ave),fae030fc-7aa1-5653-9aa7-c5ac2d866d78,,5,0,131.56,11.68,143.24,0,0,0,0,0,0,-28.55,-2.33,0,0,0,0,0,-31.62,0,0,0,0,114.69,0,0,0,0,0,0,83.07,2/9/26,JV2E2NFRZ1VCJCT
Daybreak Breakfast Club (168 Myrtle Ave),fae030fc-7aa1-5653-9aa7-c5ac2d866d78,,1,0,20.27,1.8,22.07,0,0,0,0,0,0,-4.41,-0.36,0,0,0,0,0,-4.87,0,0,0,0,17.66,0,0,0,0,0,0,12.79,2/17/26,ITMSJGFFKM7XASG
Daybreak Breakfast Club (168 Myrtle Ave),fae030fc-7aa1-5653-9aa7-c5ac2d866d78,,1,0,18.55,1.65,20.2,0,0,0,0,0,0,-5.45,-0.45,0,0,0,0,0,-4.07,0,0,0,0,14.75,0,0,0,0,0,0,10.68,2/23/26,RVSLOAJENVQBLXQ
BigLeaf Salads (18300 Vanowen Street Suite 3),c47a5d62-2706-581f-87bc-4c890a86147e,dd0dabb5-67db-4504-830e-96b8c5363366,6,11,197.95,19.31,217.26,0,0,0,0,0,0,-39.19,-3.47,0,0,0,0,0,-35.38,0,0,0,0,178.07,0,0,-21.63,0,-15.84,0,105.22,2/2/26,K6MR68VC67CK4C4
BigLeaf Salads (18300 Vanowen Street Suite 3),c47a5d62-2706-581f-87bc-4c890a86147e,dd0dabb5-67db-4504-830e-96b8c5363366,5,13,197.25,19.25,216.5,0,0,0,0,0,0,-34.66,-3.09,0,0,0,0,0,-49.71,0,0,0,0,181.84,0,0,-15.5,0,-16.16,0,100.47,2/9/26,KOMHQW9WNNYDK60
BigLeaf Salads (18300 Vanowen Street Suite 3),c47a5d62-2706-581f-87bc-4c890a86147e,dd0dabb5-67db-4504-830e-96b8c5363366,5,11,176.24,17.19,193.43,0,0,0,0,0,0,-34.15,-3.05,0,0,0,0,0,-43.55,0,0,0,0,159.28,0,0,-11.36,0,-14.14,0,90.23,2/17/26,0BONGRG6FC0CO52
BigLeaf Salads (18300 Vanowen Street Suite 3),c47a5d62-2706-581f-87bc-4c890a86147e,dd0dabb5-67db-4504-830e-96b8c5363366,4,13,125.91,12.26,138.17,0,0,0,0,0,0,-20.26,-1.78,0,0,0,0,0,-32.23,0,0,0,0,117.91,0,0,-20,0,-10.48,0,55.2,2/23/26,Y3XUV7IAS0MEVI4
El Azul Tacos (4249 Washington St),f4f549ca-e31d-507c-bce3-42ded245a469,f4f549ca-e31d-507c-bce3-42ded245a469,2,0,37.06,2.59,39.65,0,0,0,0,0,0,-7.92,-0.51,0,0,-1.98,0,0,-8.9,0,0,0,0,31.73,0,0,0,0,0,0,20.85,2/9/26,ROWA46RYM6QNTMQ
El Azul Tacos (4249 Washington St),f4f549ca-e31d-507c-bce3-42ded245a469,f4f549ca-e31d-507c-bce3-42ded245a469,1,0,14.18,0.99,15.17,0,0,0,0,0,0,0,0,0,0,0,0,0,-4.25,0,0,0,0,15.17,0,0,0,0,0,0,10.92,2/17/26,1FHF1F7CX1USBCE
The Pasta Twins - 205 22nd Ave N,f77f3ab3-aef3-47ee-9459-cba124b098e8,f77f3ab3-aef3-47ee-9459-cba124b098e8,1,5,76.47,7.84,84.31,0,0,0,0,0,0,-11.03,-1.03,0,0,-0.99,0,0,-19.94,0,0,0,0,73.28,0,0,-18.75,0,0,0,33.6,2/2/26,20OJL2RQ5KU8RLW
The Pasta Twins - 205 22nd Ave N,f77f3ab3-aef3-47ee-9459-cba124b098e8,f77f3ab3-aef3-47ee-9459-cba124b098e8,3,15,137.89,14.13,152.02,0,0,0,0,0,0,-27.12,-2.52,0,0,-1.98,0,0,-33.98,0,0,0,0,124.9,0,0,-41.65,0,0,0,47.29,2/17/26,IV4VQUI9U5AZX26
The Calzone Empire (7121 West US Highway 90 Suite #210),6fcec244-f478-515c-8327-4ada2bbfe37e,,1,0,32.57,2.69,35.26,0,0,0,0,0,0,-7.05,-0.54,0,0,0,0,0,-7.82,-0.52,0,0,0,28.21,0,0,0,0,0,0,19.87,2/23/26,WF4CUGIW0PXT66Z
Wonderland Wraps (415 E Windmill Lane),5b733f43-aee5-53f0-8300-0c3b4f3048de,89659fb4-da81-448d-a801-e3cbc78976d3,1,0,38.47,3.22,41.69,0,0,0,0,0,0,-8.33,-0.64,0,0,0,0,0,-9.23,0,0,0,0,33.36,0,0,0,0,-2.58,0,21.55,2/2/26,8N67EWDL0VLOPH0
Heavenly Market  (440 10th Avenue),598a8ae9-bcca-55fa-be00-b951f2bf2141,598a8ae9-bcca-55fa-be00-b951f2bf2141,1,0,27.97,2.48,30.45,0,0,0,0,0,0,0,0,0,0,0,0,0,-8.39,0,0,0,0,30.45,0,0,0,0,0,0,22.06,2/2/26,HEVD7BLKRKWAHGP
Heavenly Market  (440 10th Avenue),598a8ae9-bcca-55fa-be00-b951f2bf2141,598a8ae9-bcca-55fa-be00-b951f2bf2141,1,0,20.98,1.86,22.84,0,0,0,0,0,0,0,0,0,0,0,0,0,-1.26,0,0,0,0,22.84,0,0,0,0,0,0,21.58,2/9/26,62A6LW5DP6PSA8G
Heavenly Market  (440 10th Avenue),598a8ae9-bcca-55fa-be00-b951f2bf2141,598a8ae9-bcca-55fa-be00-b951f2bf2141,2,0,28.97,2.57,31.54,0,0,0,0,0,0,0,0,0,0,0,0,0,-4.86,0,0,0,0,31.54,0,0,0,0,0,0,26.68,2/23/26,DIXK4186S01A36T
The Dessert Dream (245 E Houston St),b75d2545-fdc4-5467-b466-114979d5e4f5,,5,0,158.76,14.09,172.85,-19.02,-1.69,-20.71,0,0,0,-34.57,-2.81,0,0,0,0,0,-38.11,0,0,0,0,138.28,0,0,0,0,0,0,79.46,2/2/26,XIMY7LCD50YESZ1
The Dessert Dream (245 E Houston St),b75d2545-fdc4-5467-b466-114979d5e4f5,,1,0,27.98,2.48,30.46,0,0,0,0,0,0,-6.09,-0.49,0,0,0,0,0,-6.71,0,0,0,0,24.37,0,0,0,0,0,0,17.66,2/9/26,ZREG351LN7DM6V8
The Dessert Dream (245 E Houston St),b75d2545-fdc4-5467-b466-114979d5e4f5,,2,0,50.36,4.47,54.83,0,0,0,0,0,0,-8.22,-0.67,0,0,0,0,0,-12.85,0,0,0,0,46.61,0,0,0,0,0,0,33.76,2/17/26,XET2PNDKI9W1B98
The Dessert Dream (245 E Houston St),b75d2545-fdc4-5467-b466-114979d5e4f5,,2,0,54.55,4.84,59.39,0,0,0,0,0,0,-11.88,-0.97,0,0,0,0,0,-13.09,0,0,0,0,47.51,0,0,0,0,0,0,34.42,2/23/26,L6RQTWXIFJ8PCFV
Jay's Breakfast Bar,c4e2c7e0-4408-4298-8df3-3c4b4cd104b4,c4e2c7e0-4408-4298-8df3-3c4b4cd104b4,4,12,105.01,10.48,115.49,0,0,0,0,0,0,-23.07,-2.08,0,0,0,0,0,-25.22,0,0,0,0,92.42,0,0,-11.71,0,-8.4,0,47.09,2/2/26,8SRAZXBGX39O1OA
Fallon's Fried Chicken (327 Union St),d0d3443c-3271-5868-ad86-d0c852f944dd,,1,0,22.37,2.29,24.66,0,0,0,0,0,0,-4.93,-0.46,0,0,-0.99,0,0,-5.37,0,0,0,0,19.73,0,0,0,0,0,0,13.37,2/17/26,YB7J4U7GIJMV8FY
The Bagel Savage,2eb86432-5509-4fd6-a69f-cc29c10c282f,2eb86432-5509-4fd6-a69f-cc29c10c282f,3,7,59.94,5.33,65.27,0,0,0,0,0,0,-13.08,-1.08,0,0,0,0,0,-14.37,0,0,0,0,52.19,0,0,-13.89,0,0,0,23.93,2/2/26,CUDKU7XLA5YPP8N
The Bagel Savage,2eb86432-5509-4fd6-a69f-cc29c10c282f,2eb86432-5509-4fd6-a69f-cc29c10c282f,1,0,25.98,2.31,28.29,0,0,0,0,0,0,-5.67,-0.47,0,0,0,0,0,-6.23,0,0,0,0,22.62,0,0,0,0,0,0,16.39,2/17/26,Q0BACTZS85ZB9B8
The Bagel Savage,2eb86432-5509-4fd6-a69f-cc29c10c282f,2eb86432-5509-4fd6-a69f-cc29c10c282f,2,0,33.95,3.02,36.97,0,0,0,0,0,0,-7.4,-0.61,0,0,0,0,0,-6.71,0,0,0,0,29.57,0,0,0,0,0,0,22.86,2/23/26,Y6E7PXYUWXE9JH8
The Village Smoothie Spot (1175 2nd Ave),cffeb11d-8cf9-56db-b0bf-d4da828b24e0,cffeb11d-8cf9-56db-b0bf-d4da828b24e0,2,0,48.94,4.35,53.29,0,0,0,0,0,0,-10.67,-0.88,0,0,0,0,0,-7.83,0,0,0,0,42.62,0,0,0,0,0,0,34.79,2/2/26,2GT2NKTU0057AYZ
The Village Smoothie Spot (1175 2nd Ave),cffeb11d-8cf9-56db-b0bf-d4da828b24e0,cffeb11d-8cf9-56db-b0bf-d4da828b24e0,1,0,27.98,2.48,30.46,0,0,0,0,0,0,-6.09,-0.49,0,0,0,0,0,-4.48,0,0,0,0,24.37,0,0,0,0,0,0,19.89,2/9/26,DB7WQRI5TTRLEAY
The Village Smoothie Spot (1175 2nd Ave),cffeb11d-8cf9-56db-b0bf-d4da828b24e0,cffeb11d-8cf9-56db-b0bf-d4da828b24e0,4,0,111.87,9.93,121.8,0,0,0,0,0,0,-24.36,-1.99,0,0,0,0,0,-17.9,0,0,0,0,97.44,0,0,0,0,0,0,79.54,2/17/26,6SL3Q77IF29MQWR
The Village Smoothie Spot (1175 2nd Ave),cffeb11d-8cf9-56db-b0bf-d4da828b24e0,cffeb11d-8cf9-56db-b0bf-d4da828b24e0,2,0,60.93,5.41,66.34,0,0,0,0,0,0,-9.79,-0.8,0,0,0,0,0,-10.39,0,0,0,0,56.55,0,0,0,0,0,0,46.16,2/23/26,WKPRN0KIUKNK4RJ
Chris's Chicken Tenders - 5155 3rd St,6ad9adbc-aac0-4796-89da-03ca8dfdd12f,6ad9adbc-aac0-4796-89da-03ca8dfdd12f,1,0,38.42,3.32,41.74,0,0,0,0,0,0,-8.35,-0.67,0,0,-0.99,0,0,-9.22,0,0,0,0,33.39,0,0,0,0,-2.65,0,20.53,2/2/26,L16RV6V0D7G2N1G
Chris's Chicken Tenders - 5155 3rd St,6ad9adbc-aac0-4796-89da-03ca8dfdd12f,6ad9adbc-aac0-4796-89da-03ca8dfdd12f,3,0,76.15,6.57,82.72,0,0,0,0,0,0,-16.54,-1.31,0,0,-2.97,0,0,-18.28,0,0,0,0,66.18,0,0,0,0,-5.26,0,39.67,2/9/26,BSAAW714EZT7VKP
Chris's Chicken Tenders - 5155 3rd St,6ad9adbc-aac0-4796-89da-03ca8dfdd12f,6ad9adbc-aac0-4796-89da-03ca8dfdd12f,3,0,68.49,6.37,74.86,0,0,0,0,0,0,-12.25,-1.07,0,0,-1.98,0,0,-17.2,0,0,0,0,62.61,0,0,0,0,-5.3,0,38.13,2/17/26,7B3YF0FHX78BVK0
Vegetarian Indian Cafe (11121 N Rodney Parham Rd Ste 36B),de512e2a-d82b-51d7-8940-9482e54d398d,,1,0,26.55,2.82,29.37,0,0,0,0,0,0,-5.87,-0.56,0,0,0,0,0,-6.37,0,0,0,0,23.5,0,0,0,0,-1.83,0,15.3,2/2/26,QZ2PG6NEODMHVL7
The Pasta Brothers (589 1st Avenue),a3955bb0-8e35-5ad5-9bea-1e48ec6c0c09,,1,0,77.97,6.92,84.89,0,0,0,0,0,0,-9.8,-0.8,0,0,-0.99,0,0,-20.69,0,0,0,0,75.09,0,0,0,0,0,0,53.41,2/2/26,4UI6ARSWU2PS441
The Pasta Brothers (589 1st Avenue),a3955bb0-8e35-5ad5-9bea-1e48ec6c0c09,,1,0,67.96,6.03,73.99,0,0,0,0,0,0,-9.8,-0.8,0,0,-0.99,0,0,-17.69,0,0,0,0,64.19,0,0,0,0,0,0,45.51,2/17/26,QPSW57I119Q2OIS
The Pasta Twins (1929 Chestnut St),9a2e23e8-f895-5c1f-a640-3efee55a3ccb,1e8455b4-4626-4aa7-900b-4e26523fe887,1,0,48.97,3.93,52.9,0,0,0,0,0,0,-9.74,-0.74,0,0,0,0,0,-11.99,0,0,0,0,43.16,0,0,0,0,-3.19,0,27.98,2/9/26,GO0TAX469W93WJM
The Pasta Twins (1929 Chestnut St),9a2e23e8-f895-5c1f-a640-3efee55a3ccb,1e8455b4-4626-4aa7-900b-4e26523fe887,5,0,223.35,17.89,241.24,0,0,0,0,0,0,-39.81,-2.96,0,0,0,0,0,-55.96,0,0,0,0,201.43,0,0,0,0,-14.93,0,130.54,2/17/26,M8SA4BI7X7D6WZG
The Pasta Twins (1929 Chestnut St),9a2e23e8-f895-5c1f-a640-3efee55a3ccb,1e8455b4-4626-4aa7-900b-4e26523fe887,1,0,26.58,2.12,28.7,0,0,0,0,0,0,-5.75,-0.43,0,0,0,0,0,-6.38,0,0,0,0,22.95,0,0,0,0,-1.69,0,14.88,2/24/26,L01D260TUGWGGQ0
The Sandwich Vibe (839 W University Dr),b16aa2a3-6fd6-5c92-8053-3bf1009cb23f,b16aa2a3-6fd6-5c92-8053-3bf1009cb23f,1,0,45.83,3.71,49.54,0,0,0,0,0,0,-9.73,-0.73,0,0,0,0,0,-11.05,0,0,0,0,39.81,0,0,0,0,0,0,28.76,2/9/26,SYYKQJMXJK6NAEE
The Sandwich Vibe (839 W University Dr),b16aa2a3-6fd6-5c92-8053-3bf1009cb23f,b16aa2a3-6fd6-5c92-8053-3bf1009cb23f,1,0,46.62,3.78,50.4,-16.44,-1.33,-17.77,0,0,0,-9.73,-0.73,0,0,0,0,0,-11.29,0,0,0,0,40.67,0,0,0,0,0,0,11.61,2/23/26,W5CSWCW5Q3KTOKK
Fiona's Breakfast Burritos (433 W 34th st),25ff4a63-f610-5cc2-8856-82fead0f29fe,,2,0,45.92,4.08,50,0,0,0,0,0,0,-6.87,-0.56,0,0,0,0,0,-11.88,0,0,0,0,43.13,0,0,0,0,0,0,31.25,2/2/26,Z3NZ889WEY05963
Fiona's Breakfast Burritos (433 W 34th st),25ff4a63-f610-5cc2-8856-82fead0f29fe,,4,0,77.09,6.83,83.92,0,0,0,0,0,0,-16.79,-1.36,0,0,0,0,0,-18.5,0,0,0,0,67.13,0,0,0,0,0,0,48.63,2/9/26,7GW14IB60PPFLC3
The Vegetarian Cafe (154 7th Ave),ab5efe8b-998a-5484-8562-d7021c0f5e1a,ab5efe8b-998a-5484-8562-d7021c0f5e1a,1,0,22.98,2.04,25.02,0,0,0,0,0,0,-5.01,-0.41,0,0,0,0,0,-3.68,0,0,0,0,20.01,0,0,0,0,0,0,16.33,2/2/26,A1OQM59V03H0OGP
NY Burrito Bar,ef9471f5-c7a4-59d0-a42e-eb55c68da981,00b89902-c1a9-495d-bfa0-8d3219953c2b,1,0,27.96,2.48,30.44,0,0,0,0,0,0,-6.08,-0.49,0,0,-0.99,0,0,-6.71,0,0,0,0,24.36,0,0,0,0,0,0,16.66,2/17/26,IA5FHM0MDREV6OV
Anne's Artisan Coffee (31-00 47th Ave),16625749-afde-526b-ae72-62afb92ee5e0,,1,0,11.47,1.02,12.49,0,0,0,0,0,0,0,0,0,0,0,0,0,-3.44,0,0,0,0,12.49,0,0,0,0,0,0,9.05,2/2/26,G6L9NQISPSWOXFO
Flowers Bouquet Shop (171 Bleecker St),23f304db-f057-57cb-b64d-1babaab7ed00,23f304db-f057-57cb-b64d-1babaab7ed00,2,0,143,12.69,155.69,0,0,0,0,0,0,-21.77,-1.77,0,0,-1.98,0,0,-24.6,0,0,0,0,133.92,0,0,0,0,0,0,107.34,2/9/26,BFRGGFGTYKXTRY4
Flowers Bouquet Shop (171 Bleecker St),23f304db-f057-57cb-b64d-1babaab7ed00,23f304db-f057-57cb-b64d-1babaab7ed00,10,0,864.99,76.77,941.76,0,0,0,0,0,0,-106.69,-8.69,0,0,-7.92,0,0,-153.4,0,0,0,0,835.07,0,0,0,0,0,0,673.75,2/17/26,DVDC5ADD4STC925
Flowers Bouquet Shop (171 Bleecker St),23f304db-f057-57cb-b64d-1babaab7ed00,23f304db-f057-57cb-b64d-1babaab7ed00,3,0,253.99,22.54,276.53,-77.99,-6.92,-84.91,0,0,0,-32.66,-2.66,0,0,-2.97,0,0,-44.8,0,0,0,0,243.87,0,0,0,0,0,0,111.19,2/23/26,PHQS3P3NXNNN6IT
The Salad Snob (1268 W 86th St),95752eb5-2105-53fc-83bf-47090f4ec8b0,3abfbbcc-2c05-418b-8231-004a7a5fec7d,1,0,13.99,1.26,15.25,0,0,0,0,0,0,0,0,0,0,0,0,0,-4.2,0,0,0,0,15.25,0,0,0,0,-1.26,0,9.79,2/9/26,4OT5GLCSSC4XQHM
The Salad Snob (1268 W 86th St),95752eb5-2105-53fc-83bf-47090f4ec8b0,3abfbbcc-2c05-418b-8231-004a7a5fec7d,1,0,16.79,1.51,18.3,0,0,0,0,0,0,-3.66,-0.3,0,0,-0.99,0,0,-4.03,0,0,0,0,14.64,0,0,0,0,-1.21,0,8.41,2/17/26,970HR4TD2GCLPFH
Dad's Flamin' Quesadillas (916 Hempstead Turnpike),2409fccb-b7cc-5d88-a156-7a6210dfc1c6,df8425da-7dd4-4777-aef1-5c9bdd354dc3,1,0,30.77,2.65,33.42,-4.47,-0.39,-4.86,0,0,0,-6.68,-0.53,0,0,0,0,0,-7.39,0,0,0,0,26.74,0,0,0,0,0,0,14.49,2/2/26,YEI70GQLMUCOJVH
Dad's Flamin' Quesadillas (916 Hempstead Turnpike),2409fccb-b7cc-5d88-a156-7a6210dfc1c6,df8425da-7dd4-4777-aef1-5c9bdd354dc3,2,0,54.55,4.7,59.25,0,0,0,0,0,0,-11.84,-0.93,0,0,0,0,0,-13.09,0,0,0,0,47.41,0,0,0,0,0,0,34.32,2/9/26,1EAGQGXU0RRIVAD
Seema's Indian Bar (11121 N Rodney Parham Rd Ste 36B),ff572e1f-294e-57bd-acfb-c29e8a0dec95,,1,0,19.59,2.08,21.67,0,0,0,0,0,0,-4.34,-0.42,0,0,0,0,0,-4.7,0,0,0,0,17.33,0,0,0,0,-1.35,0,11.28,2/9/26,7QZTHQCO0CMXNAT
Strictly Vegetarian Sandwich,84461b5b-df71-5538-b9b8-f1fbed3e3734,,8,0,168.37,14.94,183.31,0,0,0,0,0,0,-32.32,-2.63,0,0,0,0,0,-34.69,0,0,0,0,150.99,0,0,0,0,0,0,116.3,2/17/26,F24S9AFSND8IEQT
Bobby's Caribbean Grill (2102 Utica Ave),79771a1c-60b6-585d-9c5b-2850999be803,,1,0,38.58,3.42,42,0,0,0,0,0,0,-8.4,-0.68,0,0,0,0,0,-9.26,0,0,0,0,33.6,0,0,0,0,0,0,24.34,2/2/26,0R4VS1A3SW63WSW
John's Pizza Den (3402 Tulane Ave),c6037e35-6dc7-5dcc-a986-74012b9a1706,,1,0,22.09,2.37,24.46,0,0,0,0,0,0,-4.89,-0.47,0,0,0,0,0,-5.3,0,0,0,0,19.57,0,0,0,0,0,0,14.27,2/2/26,PS8YOFDKW3WSNWH
John's Pizza Den (3402 Tulane Ave),c6037e35-6dc7-5dcc-a986-74012b9a1706,,1,0,40.06,4.31,44.37,-5.91,-0.64,-6.55,0,0,0,-8.87,-0.86,0,0,0,0,0,-9.62,0,0,0,0,35.5,0,0,0,0,0,0,19.33,2/17/26,79AS6B5B7SNKS78
John's Pizza Den (3402 Tulane Ave),c6037e35-6dc7-5dcc-a986-74012b9a1706,,0,0,0,0,0,5.91,0.64,6.55,0,0,0,0,0,0,0,0,0,0,0,0,0,0,0,0,0,0,0,0,0,0,6.55,2/23/26,9KGVIVVW5OAQE8J
The Burger Co - 3846 Mowry Ave,318f192f-7e36-47db-8953-bb12d4cb41d4,318f192f-7e36-47db-8953-bb12d4cb41d4,1,0,18.97,1.95,20.92,0,0,0,0,0,0,-4.17,-0.38,0,0,-0.99,0,0,-4.55,0,0,0,0,16.75,0,0,0,0,-1.57,0,9.64,2/9/26,06TSZC0VE15V9KH
The Burger Co - 3846 Mowry Ave,318f192f-7e36-47db-8953-bb12d4cb41d4,318f192f-7e36-47db-8953-bb12d4cb41d4,1,0,23.97,2.46,26.43,0,0,0,0,0,0,0,0,0,0,0,0,0,-7.19,0,0,0,0,26.43,0,0,0,0,-2.46,0,16.78,2/17/26,I1H1WFSUHL9V8M8
The Burger Co - 3846 Mowry Ave,318f192f-7e36-47db-8953-bb12d4cb41d4,318f192f-7e36-47db-8953-bb12d4cb41d4,2,0,98.9,10.15,109.05,0,0,0,0,0,0,0,0,0,0,0,0,0,-29.67,0,0,0,0,109.05,0,0,0,0,-10.15,0,69.23,2/23/26,TPDOX3V1Z3250NO
Sam's Sandwich Spot (493 Old Hickory Blvd),eb813b4d-f567-5f15-87b4-a571a1e81f2f,,2,0,92.31,9,101.31,0,0,0,0,0,0,-19.09,-1.7,0,0,0,0,0,-22.48,0,0,0,0,82.22,0,0,0,0,0,0,59.74,2/9/26,FYLRU0ZMBKMJ861
Bagel Dynasty (7701 Garrison Road),894cf585-f4f0-502d-8555-ec991f39efe7,894cf585-f4f0-502d-8555-ec991f39efe7,1,0,15.08,0.9,15.98,0,0,0,0,0,0,-3.2,-0.18,0,0,0,0,0,-3.62,0,0,0,0,12.78,0,0,0,0,-0.72,0,8.44,2/9/26,Z0ZZ5JE47Q4ZLLP
Bagel Dynasty (7701 Garrison Road),894cf585-f4f0-502d-8555-ec991f39efe7,894cf585-f4f0-502d-8555-ec991f39efe7,1,0,17.96,1.08,19.04,0,0,0,0,0,0,-3.81,-0.22,0,0,0,0,0,-4.31,0,0,0,0,15.23,0,0,0,0,-0.86,0,10.06,2/23/26,4HGBZK9P37K62ST
Japan's Bento Box (318 W Lake Mary Blvd),b761cffb-3dff-55c4-83cf-96e49b21d626,,2,30,194.27,13.62,207.89,0,0,0,0,0,0,-19.28,-1.28,0,0,0,0,0,-52.89,0,0,0,0,188.61,0,0,-30.32,0,-12.34,0,93.06,2/24/26,Y42TQMNR8B28EBZ
The Pancake Spot - 300 8th Ave,38fa2f52-8b71-41cb-9bf0-31d44895d3b9,,1,0,13.99,1.24,15.23,0,0,0,0,0,0,0,0,0,0,0,0,0,-4.2,0,0,0,0,15.23,0,0,0,0,0,0,11.03,2/2/26,3JOWXO2X4RTHPYU
The Pancake Spot - 300 8th Ave,38fa2f52-8b71-41cb-9bf0-31d44895d3b9,,1,0,29.98,2.66,32.64,0,0,0,0,0,0,-6.53,-0.53,0,0,-0.99,0,0,-7.19,0,0,0,0,26.11,0,0,0,0,0,0,17.93,2/23/26,5PUIFA1ZQFHFF7B
Nico's Italian Ristorante,e520ab02-6ec1-4fdf-b810-0d1b74fc719c,e520ab02-6ec1-4fdf-b810-0d1b74fc719c,4,30,109.79,7.67,117.46,0,0,0,0,0,0,-22.93,-1.48,0,0,0,0,0,-26.51,0,0,0,0,94.53,0,0,-43.5,0,-6.19,0,18.33,2/17/26,7B3Q2O58OGCN87E
Green Vibes Salad,576c70a8-3471-521e-aa0c-19cbbe2eb01a,,1,0,25.98,2.31,28.29,0,0,0,0,0,0,-5.67,-0.47,0,0,0,0,0,0,0,0,0,0,22.62,0,0,0,0,0,0,22.62,2/2/26,OXMH2RMHHUOD1XM
Amanda's Breakfast Lounge (44 E 8th St),f608b7b1-b99b-5e49-b564-66c5a0dd3403,,1,0,19.26,1.71,20.97,0,0,0,0,0,0,-4.19,-0.34,0,0,-0.99,0,0,-0.92,0,0,0,0,16.78,0,0,0,0,0,0,14.87,2/9/26,H7MUJYQYZJGWVND
Bosscat Breakfast,6311f6f4-b5ce-5147-8437-4a5c6ef13b91,,1,0,30.23,3.17,33.4,0,0,0,0,0,0,-6.68,-0.63,0,0,-0.99,0,0,-3.63,0,0,0,0,26.72,0,0,0,0,-2.54,0,27.14,2/2/26,0XWNYXXFELFN4XF
Smokin' Burger Grille (2450 Music Valley Dr),3b5d5783-f584-51bf-9186-f7e8373134aa,3b5d5783-f584-51bf-9186-f7e8373134aa,1,0,25.98,2.53,28.51,0,0,0,0,0,0,0,0,0,0,0,0,0,-7.79,0,0,0,0,28.51,0,0,0,0,0,0,20.72,2/23/26,WBFU1SCVCADD7E5
Heavens Chicken Wings,348c2d64-ed39-4a64-9035-0e7168086782,,9,0,303.94,26.99,330.93,-45.57,-4.05,-49.62,0,0,0,-60.55,-4.93,0,0,-8.91,0,0,-74.5,0,0,0,0,270.38,0,0,0,0,0,0,137.35,2/2/26,0U2GACKF4N5R2X8
Heavens Chicken Wings,348c2d64-ed39-4a64-9035-0e7168086782,,3,0,157.94,14.02,171.96,0,0,0,0,0,0,-22.49,-1.83,0,0,-2.97,0,0,-41.18,0,0,0,0,149.47,0,0,0,0,0,0,105.32,2/9/26,SWGLFOFYH7HBRTT
Heavens Chicken Wings,348c2d64-ed39-4a64-9035-0e7168086782,,1,0,28.97,2.57,31.54,0,0,0,0,0,0,-6.3,-0.51,0,0,-0.99,0,0,-6.95,0,0,0,0,25.24,0,0,0,0,0,0,17.3,2/23/26,2KVAJRY8KH5E7SX
Blanca's Breakfast Bites (4083 Broadway),3bdc760d-388a-5bab-a2e4-6d7690655d49,,1,0,15.39,1.37,16.76,0,0,0,0,0,0,-3.36,-0.28,0,0,-0.99,0,0,-3.69,0,0,0,0,13.4,0,0,0,0,0,0,8.72,2/2/26,PEN7G2VPB0JHRMJ
Sandwich On Fleek (278 N Brewster Rd),b5f801bb-ebd2-5ede-b020-f03a1bf56be6,,1,0,20.38,1.71,22.09,0,0,0,0,0,0,-4.42,-0.34,0,0,-0.99,0,0,-4.89,0,0,0,0,17.67,0,0,0,0,0,0,11.79,2/17/26,A4NMSC839TTIIEJ
Indian Chicken Co. (18 S Abbott Ave),f4606928-2cfa-5337-9ab0-214b93decebe,f4606928-2cfa-5337-9ab0-214b93decebe,1,0,27.98,2.87,30.85,0,0,0,0,0,0,-6.19,-0.59,0,0,0,0,0,-4.03,0,0,0,0,24.66,0,0,0,0,-2.28,0,18.35,2/2/26,NLKAJ6ZCXE7WKA1
Chanel's Coffee House (2051 Frederick Douglass Blvd),1886de6a-a0a4-5740-991e-81840e69d60d,,3,7,28.63,2.54,31.17,0,0,0,0,0,0,-3.95,-0.32,0,0,0,0,0,-4.02,0,0,0,0,27.22,0,0,-6.33,0,0,0,16.87,2/2/26,ZMVD85KUEV1GM1I
Chanel's Coffee House (2051 Frederick Douglass Blvd),1886de6a-a0a4-5740-991e-81840e69d60d,,4,10,36.72,3.26,39.98,-4.89,-0.43,-5.32,0,0,0,0,0,0,0,0,0,0,-11.02,0,0,0,0,39.98,0,0,-9.21,0,0,0,14.43,2/9/26,C69RP9JZ8BLQ7BM
Chanel's Coffee House (2051 Frederick Douglass Blvd),1886de6a-a0a4-5740-991e-81840e69d60d,,3,9,56.3,5,61.3,4.89,0.43,5.32,0,0,0,-10.59,-0.87,0,0,0,0,0,-13.98,0,0,0,0,50.71,0,0,-13.12,0,0,0,28.93,2/17/26,130JVZYCS3399WA
Luigi's Pasta Ristorante,10529223-8f08-4969-9338-60dda2e57289,10529223-8f08-4969-9338-60dda2e57289,1,0,38.98,3.46,42.44,0,0,0,0,0,0,-8.49,-0.69,0,0,-0.99,0,0,-9.35,0,0,0,0,33.95,0,0,0,0,0,0,23.61,2/2/26,6XE3AGAZ5DT2X7Z
The Hot Dog Village,0add529a-0d79-5076-ad40-345159161a14,099e3e7d-8a7d-4bb7-808d-20f080d7aacd,2,0,59.41,6.21,65.62,0,0,0,0,0,0,-9.41,-0.84,0,0,-0.99,0,0,-7.63,0,0,0,0,56.21,0,0,0,0,-5.37,0,52.11,2/9/26,Z3BNP84YHI7P89A
Bri's Breakfast Bar (4083 Broadway),8ac08fb4-3f19-5052-9b04-e1ba46a46e4b,,2,7,49.45,4.39,53.84,0,0,0,0,0,0,-10.77,-0.88,0,0,0,0,0,-11.87,0,0,0,0,43.07,0,0,-13.58,0,0,0,17.62,2/2/26,BG0KNSF9G1R5XNI
Bri's Breakfast Bar (4083 Broadway),8ac08fb4-3f19-5052-9b04-e1ba46a46e4b,,2,7,35.27,3.13,38.4,0,0,0,0,0,0,-7.69,-0.63,0,0,0,0,0,-8.47,0,0,0,0,30.71,0,0,-13.05,0,0,0,9.19,2/9/26,KAFRTCFSXON42HF
Bri's Breakfast Bar (4083 Broadway),8ac08fb4-3f19-5052-9b04-e1ba46a46e4b,,4,7,73.79,6.54,80.33,0,0,0,0,0,0,-16.07,-1.31,0,0,0,0,0,-17.71,0,0,0,0,64.26,0,0,-14.75,0,0,0,31.8,2/17/26,HDSEWDO18PLAPRL
Times Square Pizza Boy,a59d7491-4d32-4246-b205-37638f7199e3,a59d7491-4d32-4246-b205-37638f7199e3,5,5,58.92,5.23,64.15,0,0,0,0,0,0,-5.45,-0.45,0,0,0,0,0,-16.17,0,0,0,0,58.7,0,0,-11.73,0,0,0,30.8,2/2/26,1E9DUT5ZREZU6A7
Times Square Pizza Boy,a59d7491-4d32-4246-b205-37638f7199e3,a59d7491-4d32-4246-b205-37638f7199e3,3,2,73.87,6.55,80.42,0,0,0,0,0,0,-13.04,-1.06,0,0,0,0,0,-18.57,0,0,0,0,67.38,0,0,-5.29,0,0,0,43.52,2/9/26,6EK3OCZ84CDNW0F
Times Square Pizza Boy,a59d7491-4d32-4246-b205-37638f7199e3,a59d7491-4d32-4246-b205-37638f7199e3,4,4,76.93,6.82,83.75,0,0,0,0,0,0,-13.05,-1.05,0,0,0,0,0,-19.49,0,0,0,0,70.7,0,0,-6.07,0,0,0,45.14,2/17/26,KFLYMMLPRLC07NH
Veronica's Burrito Bar (4955 Voltaire St),ae95986f-5ad4-5f7b-9806-75f3daefa3da,ae95986f-5ad4-5f7b-9806-75f3daefa3da,1,0,15.39,1.19,16.58,0,0,0,0,0,0,-3.31,-0.23,0,0,0,0,0,-3.69,0,0,0,0,13.27,0,0,0,0,-0.96,0,8.62,2/9/26,1HSCXJ102QPKA1G
Veronica's Burrito Bar (4955 Voltaire St),ae95986f-5ad4-5f7b-9806-75f3daefa3da,ae95986f-5ad4-5f7b-9806-75f3daefa3da,2,0,36.37,2.82,39.19,0,0,0,0,0,0,-7.84,-0.56,0,0,0,0,0,-8.72,0,0,0,0,31.35,0,0,0,0,-2.26,0,20.37,2/17/26,CC7SP049PXSNHS8
Veronica's Burrito Bar (4955 Voltaire St),ae95986f-5ad4-5f7b-9806-75f3daefa3da,ae95986f-5ad4-5f7b-9806-75f3daefa3da,1,0,15.39,1.19,16.58,0,0,0,0,0,0,-3.31,-0.23,0,0,0,0,0,-3.69,0,0,0,0,13.27,0,0,0,0,-0.96,0,8.62,2/23/26,0VQKCBEL346ZCMF
Oasis Kitchen (344 Grand Ave),4d44cc31-904e-4dc4-83e0-cdc13dbcc20b,4d44cc31-904e-4dc4-83e0-cdc13dbcc20b,7,0,193.84,20.24,214.08,0,0,0,0,0,0,0,0,0,0,0,0,0,-58.14,0,0,0,0,214.08,0,0,0,0,-20.24,0,135.7,2/2/26,CAJT7SE1P6DD6ZV
Oasis Kitchen (344 Grand Ave),4d44cc31-904e-4dc4-83e0-cdc13dbcc20b,4d44cc31-904e-4dc4-83e0-cdc13dbcc20b,12,0,581.34,61.97,643.31,0,0,0,0,0,0,0,0,0,0,0,0,0,-174.4,0,0,0,0,643.31,0,0,0,0,-61.97,0,406.94,2/9/26,SPQWXRT530A9KY1
Oasis Kitchen (344 Grand Ave),4d44cc31-904e-4dc4-83e0-cdc13dbcc20b,4d44cc31-904e-4dc4-83e0-cdc13dbcc20b,8,0,235.74,24.53,260.27,0,0,0,0,0,0,0,0,0,0,0,0,0,-70.74,0,0,0,0,260.27,0,0,0,0,-24.53,0,165,2/17/26,29DM6M0ECC35098
Oasis Kitchen (344 Grand Ave),4d44cc31-904e-4dc4-83e0-cdc13dbcc20b,4d44cc31-904e-4dc4-83e0-cdc13dbcc20b,10,0,364.57,38.83,403.4,0,0,0,0,0,0,-5.53,-0.53,0,0,0,0,0,-104.97,0,0,0,0,397.87,0,0,0,0,-38.3,0,254.6,2/23/26,X7110OM461F8F2O
The Breakfast Dash (1561 St Nicholas Ave),760bb5ec-7875-5990-ba7f-41681dfafb49,,4,0,120.88,10.73,131.61,0,0,0,0,0,0,-23.52,-1.92,0,0,0,0,0,-29.78,0,0,0,0,108.09,0,0,0,0,0,0,78.31,2/2/26,DIYWONEGMBQ11WK
The Breakfast Dash (1561 St Nicholas Ave),760bb5ec-7875-5990-ba7f-41681dfafb49,,2,0,51.94,4.61,56.55,0,0,0,0,0,0,-11.3,-0.92,0,0,0,0,0,-12.46,0,0,0,0,45.25,0,0,0,0,0,0,32.79,2/9/26,SBNKGW8Y9XAMLHN
The Breakfast Dash (1561 St Nicholas Ave),760bb5ec-7875-5990-ba7f-41681dfafb49,,4,0,80.92,7.18,88.1,0,0,0,0,0,0,-16.53,-1.35,0,0,0,0,0,-19.72,0,0,0,0,71.57,0,0,0,0,0,0,51.85,2/17/26,UWYYDIK4F9KNR2X
The Breakfast Dash (1561 St Nicholas Ave),760bb5ec-7875-5990-ba7f-41681dfafb49,,2,0,49.94,4.43,54.37,0,0,0,0,0,0,-9.79,-0.8,0,0,0,0,0,-12.29,0,0,0,0,44.58,0,0,0,0,0,0,32.29,2/23/26,6VV9Z5OATNA6FIH
Fat Cheesesteaks,a3acabd7-0e97-5cf7-af39-f82ef62a6b6d,c9bcc73e-61cb-44ff-82c9-42180a84a62d,1,0,21.99,1.95,23.94,0,0,0,0,0,0,-4.79,-0.39,0,0,0,0,0,-5.28,0,0,0,0,19.15,0,0,0,0,0,0,13.87,2/17/26,HZIVJEVB3P7XYSO
Roman's Pizza Oven (7121 West US Highway 90 Suite #210),32e1c2cb-7c3c-5a3c-8759-f2a4eb039038,b4cf6183-9c07-4c61-9f1e-6de09132d073,1,0,54.94,4.54,59.48,-12.87,-1.06,-13.93,0,0,0,-9.75,-0.75,0,0,0,0,0,-13.78,-0.91,0,0,0,49.73,0,0,0,0,0,0,21.11,2/2/26,9A875Y5633XDH43
Roman's Pizza Oven (7121 West US Highway 90 Suite #210),32e1c2cb-7c3c-5a3c-8759-f2a4eb039038,b4cf6183-9c07-4c61-9f1e-6de09132d073,2,0,91.43,7.54,98.97,0,0,0,0,0,0,-16.64,-1.27,0,0,0,0,0,-22.82,-1.51,0,0,0,82.33,0,0,0,0,0,0,58,2/9/26,OY6PONRWATBTCN3
Roman's Pizza Oven (7121 West US Highway 90 Suite #210),32e1c2cb-7c3c-5a3c-8759-f2a4eb039038,b4cf6183-9c07-4c61-9f1e-6de09132d073,1,0,50.37,4.15,54.52,0,0,0,0,0,0,-9.74,-0.74,0,0,0,0,0,-12.41,-0.82,0,0,0,44.78,0,0,0,0,0,0,31.55,2/17/26,583BFPC6Q6UJPBQ
The American Vegan Burger (1338 Polk St),a48387e1-bb99-5803-b757-3124de5dea41,5d7c3806-0ef7-43a0-bbf3-1f1b4d8970ad,1,0,18.99,1.64,20.63,0,0,0,0,0,0,-4.12,-0.32,0,0,-0.99,0,0,-4.56,0,0,0,0,16.51,0,0,0,0,-1.32,0,9.64,2/2/26,AY10MC10KHCFLMM
The American Vegan Burger (1338 Polk St),a48387e1-bb99-5803-b757-3124de5dea41,5d7c3806-0ef7-43a0-bbf3-1f1b4d8970ad,3,0,116.91,10.11,127.02,-33.68,-2.91,-36.59,0,0,0,-17.16,-1.37,0,0,-1.98,0,0,-30.33,0,0,0,0,109.86,0,0,0,0,-5.83,0,35.13,2/9/26,3ANKU77UT1C5GAQ
The American Vegan Burger (1338 Polk St),a48387e1-bb99-5803-b757-3124de5dea41,5d7c3806-0ef7-43a0-bbf3-1f1b4d8970ad,1,0,46.96,4.06,51.02,33.68,0,33.68,0,0,0,-9.78,-0.78,0,0,-0.99,0,0,-11.39,0,0,0,0,41.24,0,0,0,0,-3.28,0,59.26,2/17/26,SW2G3ZHCO4I342M
The American Vegan Burger (1338 Polk St),a48387e1-bb99-5803-b757-3124de5dea41,5d7c3806-0ef7-43a0-bbf3-1f1b4d8970ad,2,0,60.95,5.27,66.22,0,0,0,0,0,0,-13.26,-1.07,0,0,-1.98,0,0,-14.62,0,0,0,0,52.96,0,0,0,0,-4.2,0,32.16,2/23/26,AHG8ZW9PJICJGB0
Sip On Smoothie (26801 Hillside Ave),0cdfe6bd-943f-574b-a55d-143a9793d988,644d7415-a3fa-436e-8917-f3ab1dc26272,1,0,31.16,2.77,33.93,0,0,0,0,0,0,-6.79,-0.56,0,0,0,0,0,-7.48,0,0,0,0,27.14,0,0,0,0,0,0,19.66,2/23/26,IMSPBGRH15B0DJP
Chop & Dice Salads (3349 Mission St),08f7b46e-a782-5da5-a15b-9c8f603c2812,,1,0,62.33,5.38,67.71,0,0,0,0,0,0,-9.79,-0.79,0,0,0,0,0,-3.2,0,0,0,0,57.92,0,0,0,0,-4.59,0,50.13,2/2/26,FHIE6YMZMZG8EYL
Chop & Dice Salads (3349 Mission St),08f7b46e-a782-5da5-a15b-9c8f603c2812,,1,0,30.55,2.64,33.19,0,0,0,0,0,0,-6.64,-0.53,0,0,0,0,0,-7.33,0,0,0,0,26.55,0,0,0,0,-2.11,0,17.11,2/17/26,4VIUVPJPWHNFS97
Chop & Dice Salads (3349 Mission St),08f7b46e-a782-5da5-a15b-9c8f603c2812,,1,0,28.76,2.49,31.25,0,0,0,0,0,0,-6.25,-0.5,0,0,0,0,0,-6.9,0,0,0,0,25,0,0,0,0,-1.99,0,16.11,2/23/26,1R7GV31JQBNH485
FryChick Sandwiches (1154 South Bay),f8b81263-039f-50bb-894e-e1978fea3497,,1,0,39.85,0,39.85,0,0,0,0,0,0,-7.97,0,0,0,0,0,0,-4.78,0,0,0,0,31.88,0,0,0,0,0,0,27.1,2/2/26,LH8Q6KIF7Q81YBB
Chicken Sandwich Loft (2511 Washington Blvd),f3326e74-ec7a-5114-80dd-f6fd77bd532f,,1,0,37.76,2.27,40.03,0,0,0,0,0,0,-8,-0.45,0,0,0,0,0,-1.81,0,0,0,0,32.03,0,0,0,0,-1.82,0,28.4,2/23/26,ZAA8654FAXUQIN6
Casa De Quesadilla (415 E Windmill Ln),35a4fb23-c9a9-59d3-9a51-6127a8352ed2,,1,0,45.97,3.85,49.82,-7.23,-0.61,-7.84,0,0,0,-9.75,-0.75,0,0,-0.99,0,0,-11.09,0,0,0,0,40.07,0,0,0,0,-2.49,0,17.66,2/23/26,BOJJ31DSRYPWOY1
The Omelette Farm (769 9th Ave #1),9c22e9e6-6a24-5097-a9ad-c4804d1501da,9c22e9e6-6a24-5097-a9ad-c4804d1501da,2,0,33.53,2.97,36.5,-13.1,-1.16,-14.26,0,0,0,-7.29,-0.59,0,0,-1.98,0,0,-5.37,0,0,0,0,29.21,0,0,0,0,0,0,7.6,2/2/26,ZAX3Q4NOOZRPW9K
The Omelette Farm (769 9th Ave #1),9c22e9e6-6a24-5097-a9ad-c4804d1501da,9c22e9e6-6a24-5097-a9ad-c4804d1501da,1,0,19.78,1.76,21.54,0,0,0,0,0,0,-4.32,-0.36,0,0,-0.99,0,0,-3.16,0,0,0,0,17.22,0,0,0,0,0,0,13.07,2/9/26,F9JLSQKD5JZ0NJM
First Light Breakfast Cafe (303 East 9th Street),cd75b894-b0bd-5a2d-a324-30d148964655,a79357d4-2232-4fd8-9fb5-fe0fa675d9da,8,0,208.97,18.53,227.5,-45.86,-4.07,-49.93,0,0,0,-35.91,-2.93,0,0,-6.93,0,0,-14.07,0,0,0,0,191.59,0,0,0,0,0,0,149.58,2/2/26,ET8D5RFINTBPPDE
First Light Breakfast Cafe (303 East 9th Street),cd75b894-b0bd-5a2d-a324-30d148964655,a79357d4-2232-4fd8-9fb5-fe0fa675d9da,4,0,87.41,7.75,95.16,-41.4,-3.68,-45.08,0,0,0,-16.15,-1.32,0,0,-2.97,0,0,-5.8,0,0,0,0,79.01,0,0,0,0,0,0,44.2,2/9/26,5XMOFMHRQSKGKTG
First Light Breakfast Cafe (303 East 9th Street),cd75b894-b0bd-5a2d-a324-30d148964655,a79357d4-2232-4fd8-9fb5-fe0fa675d9da,1,0,17.45,1.55,19,0,0,0,0,0,0,-3.8,-0.31,0,0,-0.99,0,0,-1.12,0,0,0,0,15.2,0,0,0,0,0,0,16.72,2/17/26,AVJO4GGWJXIH2JW
Dum Biryani Snob (18 S Abbott Ave),950bda6f-1e62-5d0e-bcf9-c05a5b98d689,,1,0,11.17,1.05,12.22,0,0,0,0,0,0,0,0,0,0,0,0,0,-0.67,0,0,0,0,12.22,0,0,0,0,-1.05,0,10.5,2/2/26,TIKEXUOQT15PWOA
Dum Biryani Snob (18 S Abbott Ave),950bda6f-1e62-5d0e-bcf9-c05a5b98d689,,2,0,35.65,3.34,38.99,0,0,0,0,0,0,-7.84,-0.71,0,0,0,0,0,-1.71,0,0,0,0,31.15,0,0,0,0,-2.63,0,26.81,2/17/26,1SD8653ZP2D22JK
Dum Biryani Snob (18 S Abbott Ave),950bda6f-1e62-5d0e-bcf9-c05a5b98d689,,1,0,20.95,1.96,22.91,0,0,0,0,0,0,-4.58,-0.39,0,0,0,0,0,-1.01,0,0,0,0,18.33,0,0,0,0,-1.57,0,15.75,2/23/26,EEDKJARBJFP6AFY
Amore Pasta Ristorante (9083 Dallas St),11e6a898-ea98-567f-8d3e-3d28a4e51318,,1,0,37.06,2.88,39.94,0,0,0,0,0,0,-7.99,-0.58,0,0,0,0,0,-8.9,0,0,0,0,31.95,0,0,0,0,-2.3,0,20.75,2/17/26,7X9EEGCM28PNWKD
Amore Pasta Ristorante (9083 Dallas St),11e6a898-ea98-567f-8d3e-3d28a4e51318,,2,0,136.17,10.74,146.91,0,0,0,0,0,0,-17.59,-1.3,0,0,0,0,0,-35.96,0,0,0,0,129.32,0,0,0,0,-9.44,0,83.92,2/23/26,HLEULBTYTZ8L9YL
Jose's Burrito Bar,54d3e90e-09f1-4515-a334-bf30f1cbbb31,,3,0,65.95,5.85,71.8,0,0,0,0,0,0,-14.36,-1.16,0,0,-2.97,0,0,-14.59,0,0,0,0,57.44,0,0,0,0,0,0,39.88,2/2/26,0RM234GM3YVHBG0
Jose's Burrito Bar,54d3e90e-09f1-4515-a334-bf30f1cbbb31,,2,0,48.97,4.35,53.32,0,0,0,0,0,0,-10.67,-0.87,0,0,-1.98,0,0,-11.75,0,0,0,0,42.65,0,0,0,0,0,0,28.92,2/9/26,1KOWG6F7RHIDYO1
Jose's Burrito Bar,54d3e90e-09f1-4515-a334-bf30f1cbbb31,,1,0,41.94,3.72,45.66,0,0,0,0,0,0,-9.13,-0.74,0,0,-0.99,0,0,-10.07,0,0,0,0,36.53,0,0,0,0,0,0,25.47,2/17/26,DB9ZZOH0T7O9YAR
Jose's Burrito Bar,54d3e90e-09f1-4515-a334-bf30f1cbbb31,,1,0,38.96,3.46,42.42,0,0,0,0,0,0,-8.48,-0.69,0,0,-0.99,0,0,-9.35,0,0,0,0,33.94,0,0,0,0,0,0,23.6,2/23/26,WM5C1TPNR0K1YEN
Original Burger Bar (1428 Polk St),7df2bfa4-d848-5a37-a4b3-f6624b5df41c,,1,0,32.97,2.84,35.81,0,0,0,0,0,0,-7.16,-0.57,0,0,0,0,0,-1.58,0,0,0,0,28.65,0,0,0,0,-2.27,0,24.8,2/2/26,Q6IYFZ3EZHHQ407
Original Burger Bar (1428 Polk St),7df2bfa4-d848-5a37-a4b3-f6624b5df41c,,1,0,31.98,2.76,34.74,0,0,0,0,0,0,-6.95,-0.55,0,0,0,0,0,-1.53,0,0,0,0,27.79,0,0,0,0,-2.21,0,24.05,2/23/26,9S26AUWT0UYMZIF
Maria's Italian Meatballs,be75511f-b737-4253-8dc7-be4d816082a7,82feaeab-6625-49d3-b2cf-397c361da9eb,1,0,16.78,1.49,18.27,0,0,0,0,0,0,0,0,0,0,0,0,0,-5.03,0,0,0,0,18.27,0,0,0,0,0,0,13.24,2/2/26,IZ1GUKEIDWKC53P
Maria's Italian Meatballs,be75511f-b737-4253-8dc7-be4d816082a7,82feaeab-6625-49d3-b2cf-397c361da9eb,3,0,80.41,7.14,87.55,0,0,0,0,0,0,-17.5,-1.42,0,0,0,0,0,-14.55,0,0,0,0,70.05,0,0,0,0,0,0,55.5,2/9/26,5E98AGMNWH7DCTC
Maria's Italian Meatballs,be75511f-b737-4253-8dc7-be4d816082a7,82feaeab-6625-49d3-b2cf-397c361da9eb,1,0,16.78,1.49,18.27,0,0,0,0,0,0,-3.66,-0.3,0,0,0,0,0,-4.03,0,0,0,0,14.61,0,0,0,0,0,0,10.58,2/17/26,GUZ0O6Z3NEQQRHW
Amanda's Breakfast Lounge (433 W 34th st),f075b998-9cb8-5191-8837-773e996226c1,,11,0,483.2,42.89,526.09,-11.03,-0.98,-12.01,0,0,0,-76.62,-6.24,0,0,-10.89,0,0,-123.85,0,0,0,0,449.47,0,0,0,0,0,0,302.72,2/2/26,8FG97DPIK6VZD2E
Amanda's Breakfast Lounge (433 W 34th st),f075b998-9cb8-5191-8837-773e996226c1,,3,0,90.22,8.01,98.23,0,0,0,0,0,0,-19.39,-1.58,0,0,-2.97,0,0,-21.72,0,0,0,0,78.84,0,0,0,0,0,0,54.15,2/9/26,2UGS80KE8WM1V3U
Amanda's Breakfast Lounge (433 W 34th st),f075b998-9cb8-5191-8837-773e996226c1,,1,0,34.28,3.04,37.32,0,0,0,0,0,0,-7.47,-0.61,0,0,-0.99,0,0,-8.23,0,0,0,0,29.85,0,0,0,0,0,0,20.63,2/17/26,OFYMQZCCPH7CF7M
Amanda's Breakfast Lounge (433 W 34th st),f075b998-9cb8-5191-8837-773e996226c1,,1,0,21.67,1.92,23.59,0,0,0,0,0,0,-4.71,-0.38,0,0,-0.99,0,0,-5.2,0,0,0,0,18.88,0,0,0,0,0,0,12.69,2/24/26,93HKYXIUMA51EFW
Burrito Lovers Bar (1541 Glenn School Rd suite 17),c6b3adde-0cab-5d3a-8395-8f954fae7546,c6b3adde-0cab-5d3a-8395-8f954fae7546,5,0,120.83,9.06,129.89,0,0,0,0,0,0,-19.02,-1.33,0,0,0,0,0,-28.22,0,0,0,0,110.87,0,0,0,0,-7.73,0,74.92,2/2/26,XM0VDFVEHGS310L
Burrito Lovers Bar (1541 Glenn School Rd suite 17),c6b3adde-0cab-5d3a-8395-8f954fae7546,c6b3adde-0cab-5d3a-8395-8f954fae7546,1,0,35.97,2.68,38.65,0,0,0,0,0,0,-7.72,-0.53,0,0,0,0,0,-8.63,0,0,0,0,30.93,0,0,0,0,-2.15,0,20.15,2/17/26,8LZOZRZIRLUAG54
Burrito Lovers Bar (1541 Glenn School Rd suite 17),c6b3adde-0cab-5d3a-8395-8f954fae7546,c6b3adde-0cab-5d3a-8395-8f954fae7546,2,0,106.9,8.02,114.92,0,0,0,0,0,0,-18.48,-1.29,0,0,-0.99,0,0,-26.91,0,0,0,0,96.44,0,0,0,0,-6.73,0,61.81,2/23/26,YDHPR67O17ISO2S
Olivia's Breakfast Cafe (319 Rogers Ave),60c1c83a-14a1-58d2-bacf-b81f107fb08c,60c1c83a-14a1-58d2-bacf-b81f107fb08c,5,0,156.34,13.88,170.22,0,0,0,0,0,0,-27.31,-2.23,0,0,0,0,0,-26.25,0,0,0,0,142.91,0,0,0,0,0,0,116.66,2/2/26,SU5DXJ9AHTRDD7E
Olivia's Breakfast Cafe (319 Rogers Ave),60c1c83a-14a1-58d2-bacf-b81f107fb08c,60c1c83a-14a1-58d2-bacf-b81f107fb08c,5,0,95.76,8.5,104.26,0,0,0,0,0,0,-19.94,-1.62,0,0,0,0,0,-15.49,0,0,0,0,84.32,0,0,0,0,0,0,68.83,2/9/26,6EFBFGMWH85LRUM
Olivia's Breakfast Cafe (319 Rogers Ave),60c1c83a-14a1-58d2-bacf-b81f107fb08c,60c1c83a-14a1-58d2-bacf-b81f107fb08c,1,0,16.46,1.46,17.92,0,0,0,0,0,0,-3.58,-0.29,0,0,0,0,0,-2.63,0,0,0,0,14.34,0,0,0,0,0,0,11.71,2/17/26,1CAY3SQS95XPTXA
Olivia's Breakfast Cafe (319 Rogers Ave),60c1c83a-14a1-58d2-bacf-b81f107fb08c,60c1c83a-14a1-58d2-bacf-b81f107fb08c,3,0,64.08,5.69,69.77,-5.67,-0.5,-6.17,0,0,0,-13.96,-1.14,0,0,0,0,0,-10.25,0,0,0,0,55.81,0,0,0,0,0,0,39.39,2/23/26,LAZOBW6HT1HBBWW
Belgian Waffle Bar (1237 Fulton St),31b15904-4e8d-5de1-9606-177348ddf3c4,,1,0,18.89,1.68,20.57,0,0,0,0,0,0,-4.12,-0.34,0,0,-0.99,0,0,-4.53,0,0,0,0,16.45,0,0,0,0,0,0,10.93,2/9/26,60PS0YHFIPI1V0I
Belgian Waffle Bar (1237 Fulton St),31b15904-4e8d-5de1-9606-177348ddf3c4,,1,0,59.46,5.28,64.74,0,0,0,0,0,0,-9.8,-0.8,0,0,-0.99,0,0,-15.14,0,0,0,0,54.94,0,0,0,0,0,0,38.81,2/23/26,KIHJMNHMGDQI54O
Angelo's Wraps Shop (196 1st Ave),c880a1d4-ba40-5156-a818-ce0b661fa596,0844ee51-cd68-40df-b8ff-a30bf2f3ef17,1,0,16.87,1.49,18.36,0,0,0,0,0,0,-3.67,-0.3,0,0,0,0,0,-1.08,0,0,0,0,14.69,0,0,0,0,0,0,18.25,2/2/26,LSKSSMID2BZZVZQ
Angelo's Wraps Shop (196 1st Ave),c880a1d4-ba40-5156-a818-ce0b661fa596,0844ee51-cd68-40df-b8ff-a30bf2f3ef17,1,0,30.47,2.7,33.17,0,0,0,0,0,0,-6.62,-0.53,0,0,0,0,0,-1.95,0,0,0,0,26.55,0,0,0,0,0,0,29.23,2/23/26,1F6ZG23TL3O0B4F
Original Burger Bar (1219 1st Avenue),566664ac-3507-5d9f-8275-21b8b2d9c0b0,,1,0,39.84,3.54,43.38,0,0,0,0,0,0,-8.68,-0.71,0,0,0,0,0,-9.56,0,0,0,0,34.7,0,0,0,0,0,0,25.14,2/2/26,XWDBXIEG0HE5LS0
Original Burger Bar (1219 1st Avenue),566664ac-3507-5d9f-8275-21b8b2d9c0b0,,1,0,33.23,2.95,36.18,0,0,0,0,0,0,-7.24,-0.59,0,0,0,0,0,-1.59,0,0,0,0,28.94,0,0,0,0,0,0,27.35,2/17/26,3XVZKWZ6V6DE7FZ
Original Burger Bar (1219 1st Avenue),566664ac-3507-5d9f-8275-21b8b2d9c0b0,,1,0,12.58,1.12,13.7,0,0,0,0,0,0,0,0,0,0,0,0,0,-3.77,0,0,0,0,13.7,0,0,0,0,0,0,9.93,2/23/26,EGU6X427RMCYYCI
The Burger Blade (682 Morris Park Avenue),f0aafcb9-3212-5ad0-b8ba-3dfbda1866da,,1,0,41.95,3.72,45.67,0,0,0,0,0,0,-9.13,-0.74,0,0,0,0,0,-10.07,0,0,0,0,36.54,0,0,0,0,0,0,26.47,2/17/26,BAY34SHESKZE3G8
Luigi's Pasta Ristorante (9083 Dallas St),a3dda3a6-b165-5f23-b8a2-a8ab10f6e77b,a3dda3a6-b165-5f23-b8a2-a8ab10f6e77b,1,0,18.19,1.5,19.69,0,0,0,0,0,0,-3.95,-0.31,0,0,0,0,0,-4.37,0,0,0,0,15.74,0,0,0,0,-1.19,0,10.18,2/2/26,PJ9OCF335KQHBGD
Luigi's Pasta Ristorante (9083 Dallas St),a3dda3a6-b165-5f23-b8a2-a8ab10f6e77b,a3dda3a6-b165-5f23-b8a2-a8ab10f6e77b,1,0,18.19,1.5,19.69,0,0,0,0,0,0,-3.95,-0.31,0,0,0,0,0,-4.37,0,0,0,0,15.74,0,0,0,0,-1.19,0,10.18,2/23/26,Q83GRN99GUIY0IM
Mama's Buffalo Wings (168 Myrtle Avenue\r\nUnit 1C),94cbcbd5-2824-461c-ac72-bc878513bfec,94cbcbd5-2824-461c-ac72-bc878513bfec,2,0,56.95,5.05,62,0,0,0,0,0,0,-10.66,-0.86,0,0,-0.99,0,0,-10.84,0,0,0,0,51.34,0,0,0,0,0,0,39.51,2/2/26,3RKC2528KPQCMIF
Mama's Buffalo Wings (168 Myrtle Avenue\r\nUnit 1C),94cbcbd5-2824-461c-ac72-bc878513bfec,94cbcbd5-2824-461c-ac72-bc878513bfec,1,0,34.96,3.1,38.06,0,0,0,0,0,0,-7.61,-0.62,0,0,-0.99,0,0,-6.43,0,0,0,0,30.45,0,0,0,0,0,0,23.03,2/9/26,WTF8Q9CDR7II4ZV
Mama's Buffalo Wings (168 Myrtle Avenue\r\nUnit 1C),94cbcbd5-2824-461c-ac72-bc878513bfec,94cbcbd5-2824-461c-ac72-bc878513bfec,1,0,218.94,19.43,238.37,0,0,0,0,0,0,-9.8,-0.8,0,0,-0.99,0,0,-48.29,0,0,0,0,228.57,0,0,0,0,0,0,179.29,2/17/26,SPGRNLH38C990BY
Fresh N Fruity Smoothies (382 8th Ave),4205c138-52da-5dc6-a320-cb393332d4c9,,4,2,82.49,7.32,89.81,0,0,0,0,0,0,-17.96,-1.46,0,0,0,0,0,-19.79,0,0,0,0,71.85,0,0,-0.94,0,0,0,51.12,2/2/26,9DC76JOW9VUMV48
Fresh N Fruity Smoothies (382 8th Ave),4205c138-52da-5dc6-a320-cb393332d4c9,,3,5,39.85,3.54,43.39,0,0,0,0,0,0,-5.47,-0.44,0,0,0,0,0,-10.45,0,0,0,0,37.92,0,0,-2.72,0,0,0,24.75,2/9/26,QGDKM2KCA846NZE
Fresh N Fruity Smoothies (382 8th Ave),4205c138-52da-5dc6-a320-cb393332d4c9,,4,6,62.91,5.59,68.5,0,0,0,0,0,0,-5.47,-0.44,0,0,0,0,0,-17.36,0,0,0,0,63.03,0,0,-4.39,0,0,0,41.28,2/17/26,M2KNDFI11CLVMYV
Fresh N Fruity Smoothies (382 8th Ave),4205c138-52da-5dc6-a320-cb393332d4c9,,3,2,75.5,6.7,82.2,0,0,0,0,0,0,-13.39,-1.09,0,0,0,0,0,-18.95,0,0,0,0,68.81,0,0,-2.41,0,0,0,47.45,2/23/26,5CCZAMD6P7AQIEI
Stella's Pancake Bar,c94ccd8d-e9be-4198-8fbe-d5d2814402c8,c94ccd8d-e9be-4198-8fbe-d5d2814402c8,16,8,341.98,30.35,372.33,0,0,0,0,0,0,-67.21,-5.5,0,0,0,0,0,-70.73,0,0,0,0,305.12,0,0,-18.83,0,0,0,215.56,2/2/26,HHGCL12IXL2N7IA
Stella's Pancake Bar,c94ccd8d-e9be-4198-8fbe-d5d2814402c8,c94ccd8d-e9be-4198-8fbe-d5d2814402c8,16,12,495.24,43.96,539.2,0,0,0,0,0,0,-92.67,-7.55,0,0,0,0,0,-113.09,0,0,0,0,446.53,0,0,-13.61,0,0,0,319.83,2/9/26,MFL93B0DPS32Q6G
Stella's Pancake Bar,c94ccd8d-e9be-4198-8fbe-d5d2814402c8,c94ccd8d-e9be-4198-8fbe-d5d2814402c8,24,9,475.44,42.23,517.67,0,0,0,0,0,0,-100.79,-8.22,0,0,0,0,0,-108.37,0,0,0,0,416.88,0,0,-23.16,0,0,0,285.35,2/17/26,ACWE813ZO062HU8
Stella's Pancake Bar,c94ccd8d-e9be-4198-8fbe-d5d2814402c8,c94ccd8d-e9be-4198-8fbe-d5d2814402c8,14,7,311.14,27.63,338.77,0,0,0,0,0,0,-62.43,-5.09,0,0,0,0,0,-76.13,0,0,0,0,276.34,0,0,-19.03,0,0,0,181.18,2/23/26,FPX39NWUGOHLCTM
Haley's Heavenly Burgers,1cfc91a8-976d-5d56-ac14-b0caf1352746,f1de148d-6607-4bac-8d87-d9bb9e96abf4,1,0,48.25,4.28,52.53,0,0,0,0,0,0,-9.8,-0.8,0,0,-0.99,0,0,0,0,0,0,0,42.73,0,0,0,0,0,0,41.74,2/2/26,1VH5X6R52PBA6TX
Haley's Heavenly Burgers,1cfc91a8-976d-5d56-ac14-b0caf1352746,f1de148d-6607-4bac-8d87-d9bb9e96abf4,2,0,84.62,7.51,92.13,0,0,0,0,0,0,-15.28,-1.24,0,0,-1.98,0,0,0,0,0,0,0,76.85,0,0,0,0,0,0,74.87,2/17/26,U0ZU7HFSD04EAJ7
Golden Bear Sandwiches (1147 West Chester Pike Unit C),85dfc371-8db6-4579-afbb-5d2827b208e5,85dfc371-8db6-4579-afbb-5d2827b208e5,3,0,171.83,10.32,182.15,0,0,0,0,0,0,-27.56,-1.57,0,0,0,0,0,-43.75,0,0,0,0,154.59,0,0,0,0,-8.75,0,102.09,2/2/26,BNR681SWM0SJX6N
Brenda's Panini Palace,200e6b57-d93c-5331-9930-cf74b438f3fd,,1,0,17.99,1.6,19.59,0,0,0,0,0,0,-3.92,-0.32,0,0,0,0,0,0,0,0,0,0,15.67,0,0,0,0,0,0,15.67,2/9/26,K8WZWQQK7238MUF
Good Planet Vegan Burgers (1428 Polk St),cbc095bc-a82b-5e19-b8bd-e96d69de27e8,a19383f0-3dac-44c6-ad69-f51dc3cd7d74,1,0,26.95,2.33,29.28,0,0,0,0,0,0,0,0,0,0,0,0,0,-8.09,0,0,0,0,29.28,0,0,0,0,-2.33,0,18.86,2/2/26,L98HPY2B0BJ6JKM
Good Planet Vegan Burgers (1428 Polk St),cbc095bc-a82b-5e19-b8bd-e96d69de27e8,a19383f0-3dac-44c6-ad69-f51dc3cd7d74,1,0,45.46,3.93,49.39,0,0,0,0,0,0,-9.79,-0.79,0,0,0,0,0,-10.94,0,0,0,0,39.6,0,0,0,0,-3.14,0,25.52,2/9/26,FGHN7JA1ISCPOAH
Good Planet Vegan Burgers (1428 Polk St),cbc095bc-a82b-5e19-b8bd-e96d69de27e8,a19383f0-3dac-44c6-ad69-f51dc3cd7d74,1,0,37.96,3.28,41.24,0,0,0,0,0,0,-8.25,-0.66,0,0,0,0,0,-9.11,0,0,0,0,32.99,0,0,0,0,-2.62,0,21.26,2/17/26,2K5TIFV1QP7TZ7U
Jolie's Mediterranean Kitchen (1338 Polk St),57c9e4ae-f617-5d88-8516-b29abb3a259c,,1,0,49.97,4.32,54.29,0,0,0,0,0,0,-9.78,-0.78,0,0,0,0,0,-12.29,0,0,0,0,44.51,0,0,0,0,-3.54,0,28.68,2/17/26,BVZ2WLFRGEPOXT6
Jolie's Mediterranean Kitchen (1338 Polk St),57c9e4ae-f617-5d88-8516-b29abb3a259c,,3,0,81.96,7.08,89.04,0,0,0,0,0,0,-17.83,-1.43,0,0,0,0,0,-19.67,0,0,0,0,71.21,0,0,0,0,-5.65,0,45.89,2/23/26,VMFV1SYOEJJZZ4N
Sarah's Salad Bar (589 1st Avenue),b94370f7-fa5a-5ef6-93e3-17ecf81ad133,,2,0,94.96,8.42,103.38,-22.39,-1.99,-24.38,0,0,0,-15.89,-1.29,0,0,-1.98,0,0,-24.11,0,0,0,0,87.49,0,0,0,0,0,0,37.02,2/2/26,ZJG78HKRTJDNZQ9
Charlie's Chicken Wings - 1760 3rd Ave,c7bd7c44-e646-4ab1-83a3-592095db0a80,c7bd7c44-e646-4ab1-83a3-592095db0a80,2,0,39.15,3.47,42.62,0,0,0,0,0,0,-8.52,-0.69,0,0,0,0,0,-9.39,0,0,0,0,34.1,0,0,0,0,0,0,24.71,2/2/26,I5JQWST5NLBBWN7
Charlie's Chicken Wings - 1760 3rd Ave,c7bd7c44-e646-4ab1-83a3-592095db0a80,c7bd7c44-e646-4ab1-83a3-592095db0a80,7,0,256.61,22.77,279.38,0,0,0,0,0,0,-50.25,-4.09,0,0,0,0,0,-63.14,0,0,0,0,229.13,0,0,0,0,0,0,165.99,2/9/26,P04FR004HF6IJ5H
Charlie's Chicken Wings - 1760 3rd Ave,c7bd7c44-e646-4ab1-83a3-592095db0a80,c7bd7c44-e646-4ab1-83a3-592095db0a80,4,0,86,7.62,93.62,0,0,0,0,0,0,-18.73,-1.52,0,0,0,0,0,-13.78,0,0,0,0,74.89,0,0,0,0,0,0,61.11,2/17/26,YWJXY5N2WH4TPIS
Charlie's Chicken Wings - 1760 3rd Ave,c7bd7c44-e646-4ab1-83a3-592095db0a80,c7bd7c44-e646-4ab1-83a3-592095db0a80,3,0,83.87,7.45,91.32,0,0,0,0,0,0,-18.26,-1.49,0,0,0,0,0,-20.13,0,0,0,0,73.06,0,0,0,0,0,0,52.93,2/23/26,36QVEXUL0DG3VI3
The Indian Spice Kitchen (2026 Agnew Rd),abda8ba9-bcea-50bd-8f6f-9b13227208fb,,1,0,16.79,1.53,18.32,0,0,0,0,0,0,-3.68,-0.32,0,0,-0.99,0,0,-0.81,0,0,0,0,14.64,0,0,0,0,-1.21,0,11.63,2/9/26,WJLF1NLJZQA0G0D
Fierce Chicken Sandwich (172 Prince St),1d0f3499-3f05-5eed-b20e-bf99d0d894df,,1,0,79.95,7.1,87.05,0,0,0,0,0,0,-9.8,-0.8,0,0,0,0,0,-21.29,0,0,0,0,77.25,0,0,0,0,0,0,55.96,2/2/26,SRUUKVMB401WSFQ
Fierce Chicken Sandwich (172 Prince St),1d0f3499-3f05-5eed-b20e-bf99d0d894df,,1,0,28.98,2.57,31.55,0,0,0,0,0,0,-6.31,-0.51,0,0,0,0,0,-6.95,0,0,0,0,25.24,0,0,0,0,0,0,18.29,2/17/26,U0ZA1SRACULXQRK
Fierce Chicken Sandwich (172 Prince St),1d0f3499-3f05-5eed-b20e-bf99d0d894df,,1,0,38.98,3.46,42.44,0,0,0,0,0,0,-8.49,-0.69,0,0,0,0,0,-9.35,0,0,0,0,33.95,0,0,0,0,0,0,24.6,2/23/26,OZDJPBN8AFBBTK7
The Fried Chicken Crave (128-12 Liberty Ave),b7bd2df4-fd3b-5636-9aa4-3376955d309d,b7bd2df4-fd3b-5636-9aa4-3376955d309d,1,0,22.58,2,24.58,0,0,0,0,0,0,0,0,0,0,0,0,0,-4.52,0,0,0,0,24.58,0,0,0,0,0,0,20.06,2/9/26,7630R4AA3K744FM
The Fried Chicken Crave (128-12 Liberty Ave),b7bd2df4-fd3b-5636-9aa4-3376955d309d,b7bd2df4-fd3b-5636-9aa4-3376955d309d,1,0,26.17,2.32,28.49,0,0,0,0,0,0,0,0,0,0,0,0,0,-5.23,0,0,0,0,28.49,0,0,0,0,0,0,23.26,2/23/26,X465DBFFTDYD3S2
Frank's Philly Cheesesteaks (1706 Oakland Rd),419e7ee0-1f3e-58d6-adc1-d093b0ceac79,,1,0,24.48,2.29,26.77,0,0,0,0,0,0,-5.35,-0.45,0,0,0,0,0,-5.87,0,0,0,0,21.42,0,0,0,0,-1.84,0,13.71,2/9/26,WWI5Q49FEXLMR2S
Frank's Philly Cheesesteaks (1706 Oakland Rd),419e7ee0-1f3e-58d6-adc1-d093b0ceac79,,2,0,59.94,5.56,65.5,0,0,0,0,0,0,-13.09,-1.11,0,0,0,0,0,-14.38,0,0,0,0,52.41,0,0,0,0,-4.45,0,33.58,2/17/26,WK838B6P959WBPP
Grilled Cheese Ecstatic (240 Sullivan St),289c1f2f-61a2-5436-a566-47b079baa663,289c1f2f-61a2-5436-a566-47b079baa663,3,0,35.65,3.16,38.81,0,0,0,0,0,0,-2.18,-0.18,0,0,0,0,0,-10.09,0,0,0,0,36.63,0,0,0,0,0,0,26.54,2/2/26,SUXG9SGX8KSV8CK
Grilled Cheese Ecstatic (240 Sullivan St),289c1f2f-61a2-5436-a566-47b079baa663,289c1f2f-61a2-5436-a566-47b079baa663,1,0,16.17,1.44,17.61,0,0,0,0,0,0,-3.52,-0.29,0,0,0,0,0,-3.88,0,0,0,0,14.09,0,0,0,0,0,0,10.21,2/17/26,TZ8RX25BVO8QRCP
Grilled Cheese Ecstatic (240 Sullivan St),289c1f2f-61a2-5436-a566-47b079baa663,289c1f2f-61a2-5436-a566-47b079baa663,1,0,10.19,0.9,11.09,0,0,0,0,0,0,0,0,0,0,0,0,0,-3.06,0,0,0,0,11.09,0,0,0,0,0,0,8.03,2/23/26,NN9MAFYYT77QJ8W
Bri's Breakfast Bar (3907 Lee Hwy),408f2d94-908e-58ab-9272-bdd11fa4be2a,408f2d94-908e-58ab-9272-bdd11fa4be2a,1,0,19.56,1.96,21.52,0,0,0,0,0,0,-4.3,-0.39,0,0,-0.99,0,0,-4.7,0,0,0,0,17.22,0,0,0,0,-1.57,0,9.96,2/2/26,I3YFDE9JFZXLBF6
Bri's Breakfast Bar (3907 Lee Hwy),408f2d94-908e-58ab-9272-bdd11fa4be2a,408f2d94-908e-58ab-9272-bdd11fa4be2a,2,0,68.9,6.36,75.26,0,0,0,0,0,0,-15.04,-1.26,0,0,-1.98,0,0,-16.53,0,0,0,0,60.22,0,0,0,0,-3.32,0,38.39,2/17/26,IYA0UQLNO8BP0Q5
Bri's Breakfast Bar (3907 Lee Hwy),408f2d94-908e-58ab-9272-bdd11fa4be2a,408f2d94-908e-58ab-9272-bdd11fa4be2a,2,0,50.02,5.51,55.53,0,0,0,0,0,0,-11.1,-1.09,0,0,-1.98,0,0,-12,0,0,0,0,44.43,0,0,0,0,-2.41,0,28.04,2/23/26,9PQ3OMHAAR1H24R
The Pancake Flip (7701 Garrison Road),2aa08ed8-9069-582c-a4be-021f1ae23830,2aa08ed8-9069-582c-a4be-021f1ae23830,2,0,60.56,4.34,64.9,0,0,0,0,0,0,-12.96,-0.85,0,0,0,0,0,-14.54,0,0,0,0,51.94,0,0,0,0,-3.49,0,33.91,2/2/26,ECAUXT3W72D2TJH
The Pancake Flip (7701 Garrison Road),2aa08ed8-9069-582c-a4be-021f1ae23830,2aa08ed8-9069-582c-a4be-021f1ae23830,4,0,97.04,6.93,103.97,0,0,0,0,0,0,-16.56,-1.15,0,0,0,0,0,-24.48,0,0,0,0,87.41,0,0,0,0,-5.78,0,57.15,2/9/26,P52IPTVD6GBVDIX
The Pancake Flip (7701 Garrison Road),2aa08ed8-9069-582c-a4be-021f1ae23830,2aa08ed8-9069-582c-a4be-021f1ae23830,8,0,259.32,15.58,274.9,0,0,0,0,0,0,-49.13,-2.8,0,0,0,0,0,-63.91,0,0,0,0,225.77,0,0,0,0,-12.78,0,149.08,2/17/26,6V3MDTQGTTA492H
The Pancake Flip (7701 Garrison Road),2aa08ed8-9069-582c-a4be-021f1ae23830,2aa08ed8-9069-582c-a4be-021f1ae23830,5,0,106.11,6.39,112.5,0,0,0,0,0,0,-22.52,-1.31,0,0,0,0,0,-25.48,0,0,0,0,89.98,0,0,0,0,-5.08,0,59.42,2/24/26,P3G4SNUH9UCTI1I
NY Boba Bae (937 1st Avenue),471bb4ff-1e41-5c35-b087-f9370d5aee76,,1,0,3.98,0.35,4.33,0,0,0,0,0,0,0,0,0,0,0,0,0,-1.19,0,0,0,0,4.33,0,0,0,0,0,0,3.14,2/2/26,MR7JHLSHXKSW096
NY Boba Bae (937 1st Avenue),471bb4ff-1e41-5c35-b087-f9370d5aee76,,1,0,33.95,3.01,36.96,0,0,0,0,0,0,-7.39,-0.6,0,0,0,0,0,-8.15,0,0,0,0,29.57,0,0,0,0,0,0,21.42,2/17/26,TSB6QQF4J5RG7XK
The Acai Dream (34-02 30th St),4e4461fd-e23a-5c2e-a4b3-4bfcdb1c0e0d,aebb1cdc-fb46-4655-9955-3e2a4079dac4,2,7,42.04,3.73,45.77,0,0,0,0,0,0,-9.15,-0.74,0,0,0,0,0,-10.09,0,0,0,0,36.62,0,0,-7.28,0,0,0,19.25,2/2/26,EFSBCF2QWYOL30U
The Acai Dream (34-02 30th St),4e4461fd-e23a-5c2e-a4b3-4bfcdb1c0e0d,aebb1cdc-fb46-4655-9955-3e2a4079dac4,1,6,28.45,2.52,30.97,0,0,0,0,0,0,-6.19,-0.5,0,0,0,0,0,-6.83,0,0,0,0,24.78,0,0,-6.06,0,0,0,11.89,2/9/26,22DLE4DFZ2DGA2B
The Acai Dream (34-02 30th St),4e4461fd-e23a-5c2e-a4b3-4bfcdb1c0e0d,aebb1cdc-fb46-4655-9955-3e2a4079dac4,3,7,92.47,8.2,100.67,0,0,0,0,0,0,-20.12,-1.63,0,0,0,0,0,-22.19,0,0,0,0,80.55,0,0,-7.19,0,0,0,51.17,2/17/26,51GKEB2YPK681QW
The Acai Dream (34-02 30th St),4e4461fd-e23a-5c2e-a4b3-4bfcdb1c0e0d,aebb1cdc-fb46-4655-9955-3e2a4079dac4,2,8,35.77,3.17,38.94,0,0,0,0,0,0,-7.79,-0.63,0,0,0,0,0,-8.59,0,0,0,0,31.15,0,0,-6.81,0,0,0,15.75,2/24/26,DG0PME3HTDDL4YW
The Calzone Empire (18300 Vanowen Street Suite 3),18393931-6bc4-58db-a182-9ee554ac4ad6,,1,0,33.58,3.28,36.86,0,0,0,0,0,0,-7.38,-0.66,0,0,0,0,0,-8.06,0,0,0,0,29.48,0,0,0,0,-2.62,0,18.8,2/17/26,AZLZ3A0Y9RLABU2
The Calzone Empire (18300 Vanowen Street Suite 3),18393931-6bc4-58db-a182-9ee554ac4ad6,,1,0,27.99,2.73,30.72,0,0,0,0,0,0,-6.15,-0.55,0,0,0,0,0,-1.34,0,0,0,0,24.57,0,0,0,0,-2.18,0,21.05,2/23/26,F9XFMWELDC69OR1
Breakfast Sandwich Express (5993 Broadway),e8e9e72f-345f-5835-9690-845a83937863,,1,0,19.58,1.74,21.32,0,0,0,0,0,0,-4.27,-0.35,0,0,-0.99,0,0,-4.7,0,0,0,0,17.05,0,0,0,0,0,0,11.36,2/9/26,8HFW2X1B296NQW8
Breakfast Sandwich Express (5993 Broadway),e8e9e72f-345f-5835-9690-845a83937863,,2,0,36.36,3.23,39.59,0,0,0,0,0,0,-7.93,-0.65,0,0,-1.98,0,0,-8.73,0,0,0,0,31.66,0,0,0,0,0,0,20.95,2/17/26,M92HADH0OCP42JN
Chop & Dice Salads (11121 N Rodney Parham Rd Ste 36B),f8ebcb3b-9dbd-50e1-be22-c033c1b779b3,,1,0,13.28,1.53,14.81,0,0,0,0,0,0,0,0,0,0,0,0,0,-3.98,0,0,0,0,14.81,0,0,0,0,-1.26,0,9.57,2/17/26,ZUONF1G1ZB9YC8I
Chop & Dice Salads (11121 N Rodney Parham Rd Ste 36B),f8ebcb3b-9dbd-50e1-be22-c033c1b779b3,,1,0,25.15,2.89,28.04,0,0,0,0,0,0,-5.61,-0.58,0,0,0,0,0,-6.04,0,0,0,0,22.43,0,0,0,0,-1.91,0,14.48,2/23/26,HMKI6CHO2I9C6G2
Hot Wings Co - 43 W Flagler St,232973bb-3d5d-42d6-ad26-9723ad821270,232973bb-3d5d-42d6-ad26-9723ad821270,1,0,74.16,5.19,79.35,0,0,0,0,0,0,-9.63,-0.63,0,0,-0.99,0,0,-19.55,0,0,0,0,69.72,0,0,0,0,-4.56,0,44.62,2/2/26,YH0D3ZYXHYM3K65
Hot Wings Co - 43 W Flagler St,232973bb-3d5d-42d6-ad26-9723ad821270,232973bb-3d5d-42d6-ad26-9723ad821270,2,0,78.72,5.51,84.23,0,0,0,0,0,0,-9.63,-0.63,0,0,-0.99,0,0,-20.92,0,0,0,0,74.6,0,0,0,0,-4.88,0,47.81,2/9/26,HQJFXJKGDMZMT9Y
Hot Wings Co - 43 W Flagler St,232973bb-3d5d-42d6-ad26-9723ad821270,232973bb-3d5d-42d6-ad26-9723ad821270,1,0,39.25,2.75,42,0,0,0,0,0,0,-8.41,-0.56,0,0,-0.99,0,0,-9.42,0,0,0,0,33.59,0,0,0,0,-2.19,0,20.99,2/17/26,UL5UMBE2ORGKVYX
Hot Wings Co - 43 W Flagler St,232973bb-3d5d-42d6-ad26-9723ad821270,232973bb-3d5d-42d6-ad26-9723ad821270,1,0,35.67,2.5,38.17,0,0,0,0,0,0,-7.63,-0.5,0,0,-0.99,0,0,-8.56,0,0,0,0,30.54,0,0,0,0,-2,0,18.99,2/23/26,7AF3XTHFH8DISZ6
Veronica's Burrito Bar,03639f29-b985-46a5-b020-feaa043f8fae,03639f29-b985-46a5-b020-feaa043f8fae,1,0,34.75,1.39,36.14,0,0,0,0,0,0,-7.23,-0.28,0,0,0,0,0,-8.34,0,0,0,0,28.91,0,0,0,0,0,0,20.57,2/2/26,O1MD49HBPR0H54S
Veronica's Burrito Bar,03639f29-b985-46a5-b020-feaa043f8fae,03639f29-b985-46a5-b020-feaa043f8fae,4,0,68.8,2.75,71.55,0,0,0,0,0,0,-12.39,-0.47,0,0,0,0,0,-17.07,0,0,0,0,59.16,0,0,0,0,0,0,42.09,2/9/26,Y7VV7LEWRELPSDQ
Veronica's Burrito Bar,03639f29-b985-46a5-b020-feaa043f8fae,03639f29-b985-46a5-b020-feaa043f8fae,2,0,37.12,1.49,38.61,0,0,0,0,0,0,-7.72,-0.3,0,0,0,0,0,-8.91,0,0,0,0,30.89,0,0,0,0,0,0,21.98,2/17/26,I3TTPQINBUEHJ7X
Veronica's Burrito Bar,03639f29-b985-46a5-b020-feaa043f8fae,03639f29-b985-46a5-b020-feaa043f8fae,3,0,92.53,3.71,96.24,0,0,0,0,0,0,-19.26,-0.75,0,0,0,0,0,-22.21,0,0,0,0,76.98,0,0,0,0,0,0,54.77,2/23/26,QJ25UTV3EYOJ485
Xiu's Vegetarian Chinese (9737 Manchester Rd),6828c9cb-06ff-5b36-a81b-5025f9db253b,,1,0,18.19,1.68,19.87,0,0,0,0,0,0,-3.98,-0.34,0,0,0,0,0,-4.37,0,0,0,0,15.89,0,0,0,0,0,0,11.52,2/23/26,GWTAGC48S9AS796
Pardon My Panini - 44 E 8th St,93f13342-02ca-5854-8cff-2dd3a9441b3e,93f13342-02ca-5854-8cff-2dd3a9441b3e,5,0,171.13,15.19,186.32,0,0,0,0,0,0,-36.54,-2.98,0,0,0,0,0,-22.01,0,0,0,0,149.78,0,0,0,0,0,0,127.77,2/9/26,VLXFG7JP18LHHID
Pardon My Panini - 44 E 8th St,93f13342-02ca-5854-8cff-2dd3a9441b3e,93f13342-02ca-5854-8cff-2dd3a9441b3e,1,0,17.48,1.55,19.03,0,0,0,0,0,0,-3.81,-0.31,0,0,0,0,0,-3.08,0,0,0,0,15.22,0,0,0,0,0,0,12.14,2/17/26,H31NXKO3VS3FPXL
The Smooth Eaze (1424 Lexington Ave),81cc1a31-5cef-5451-8f0e-ded0a76dfe2d,,3,0,68.48,6.07,74.55,0,0,0,0,0,0,-12.47,-1.01,0,0,0,0,0,-17.1,0,0,0,0,62.08,0,0,0,0,0,0,44.98,2/2/26,CSCQ4DY3MZ9JR18
The Smooth Eaze (1424 Lexington Ave),81cc1a31-5cef-5451-8f0e-ded0a76dfe2d,,4,0,78.94,7.01,85.95,0,0,0,0,0,0,-14.91,-1.22,0,0,0,0,0,-19.57,0,0,0,0,71.04,0,0,0,0,0,0,51.47,2/24/26,KT7NOUXRTPG41LU
Princess Panini (1219 1st Avenue),ee8faf7c-1805-5b07-934b-540424194d4c,,1,0,19.57,1.74,21.31,0,0,0,0,0,0,-4.26,-0.35,0,0,0,0,0,-4.7,0,0,0,0,17.05,0,0,0,0,0,0,12.35,2/23/26,QX5I5S8YYRK7YV5
Perry's Pizza Parlour (9061 Van Nuys Blvd),35fb52f2-7688-5ca5-b4ca-5cfe82fe6b48,cb869fd6-10c5-448d-86cf-cbc98b1e0de7,3,0,168.5,16.42,184.92,0,0,0,0,0,0,-26.5,-2.35,0,0,0,0,0,-43.31,0,0,0,0,158.42,0,0,0,0,-14.07,0,101.04,2/9/26,FYGWE2P0MMEX4P7
Perry's Pizza Parlour (9061 Van Nuys Blvd),35fb52f2-7688-5ca5-b4ca-5cfe82fe6b48,cb869fd6-10c5-448d-86cf-cbc98b1e0de7,1,0,38.45,3.75,42.2,0,0,0,0,0,0,0,0,0,0,0,0,0,-11.54,0,0,0,0,42.2,0,0,0,0,-3.75,0,26.91,2/23/26,G9O13WZ2S89XTCU
Aldo's Wraps Spot (226 Newark Ave),439d579f-c45d-568b-8388-3d719570db60,439d579f-c45d-568b-8388-3d719570db60,3,0,88.92,5.9,94.82,0,0,0,0,0,0,-18.97,-1.19,0,0,0,0,0,-10.68,0,0,0,0,75.85,0,0,0,0,-4.71,0,60.46,2/2/26,08HTMDPG6BM37D9
Aldo's Wraps Spot (226 Newark Ave),439d579f-c45d-568b-8388-3d719570db60,439d579f-c45d-568b-8388-3d719570db60,2,0,34.97,2.32,37.29,0,0,0,0,0,0,-7.47,-0.47,0,0,0,0,0,-4.2,0,0,0,0,29.82,0,0,0,0,-1.85,0,23.77,2/9/26,6NA8M2FK9IQWOCL
Aldo's Wraps Spot (226 Newark Ave),439d579f-c45d-568b-8388-3d719570db60,439d579f-c45d-568b-8388-3d719570db60,1,0,33.98,2.25,36.23,0,0,0,0,0,0,-7.25,-0.45,0,0,0,0,0,-4.08,0,0,0,0,28.98,0,0,0,0,-1.8,0,23.1,2/17/26,S4HKZ18ACILZBBE
Aldo's Wraps Spot (226 Newark Ave),439d579f-c45d-568b-8388-3d719570db60,439d579f-c45d-568b-8388-3d719570db60,1,0,16.99,1.13,18.12,0,0,0,0,0,0,-3.63,-0.23,0,0,0,0,0,-2.04,0,0,0,0,14.49,0,0,0,0,-0.9,0,11.55,2/23/26,Z2CTF9DQIBZOUVT
Sal's Smoothie Spot (5993 Broadway),bde90c7a-720f-5b84-8a4e-9406c080735a,bde90c7a-720f-5b84-8a4e-9406c080735a,6,0,101.55,9.01,110.56,0,0,0,0,0,0,-18.49,-1.5,0,0,-3.96,0,0,-16.91,0,0,0,0,92.07,0,0,0,0,0,0,71.2,2/2/26,76FN174AZ24F2Q2
Sal's Smoothie Spot (5993 Broadway),bde90c7a-720f-5b84-8a4e-9406c080735a,bde90c7a-720f-5b84-8a4e-9406c080735a,6,0,100.44,8.91,109.35,0,0,0,0,0,0,-24.04,-1.97,0,0,-2.97,0,0,-15.68,0,0,0,0,85.31,0,0,0,0,0,0,66.66,2/9/26,UPE3ULP9Q0YB6VF
Sal's Smoothie Spot (5993 Broadway),bde90c7a-720f-5b84-8a4e-9406c080735a,bde90c7a-720f-5b84-8a4e-9406c080735a,5,0,105.45,9.35,114.8,0,0,0,0,0,0,-20.17,-1.64,0,0,-3.96,0,0,-17.38,0,0,0,0,94.63,0,0,0,0,0,0,73.29,2/17/26,3N7MZVF7OEUQKDE
Cherry's Chic Desserts (4249 Washington St),64da2202-9968-5947-b3e4-43d52c38deb9,64da2202-9968-5947-b3e4-43d52c38deb9,1,0,19.58,1.37,20.95,0,0,0,0,0,0,-4.19,-0.27,0,0,0,0,0,-4.7,0,0,0,0,16.76,0,0,0,0,0,0,12.06,2/2/26,ODEPN5ID5IQW9FP
Cherry's Chic Desserts (4249 Washington St),64da2202-9968-5947-b3e4-43d52c38deb9,64da2202-9968-5947-b3e4-43d52c38deb9,4,0,85.9,6.02,91.92,0,0,0,0,0,0,-13.12,-0.86,0,0,0,0,0,-22.09,0,0,0,0,78.8,0,0,0,0,0,0,56.71,2/9/26,W4NO1TIV1R9ISOX
Cherry's Chic Desserts (4249 Washington St),64da2202-9968-5947-b3e4-43d52c38deb9,64da2202-9968-5947-b3e4-43d52c38deb9,4,0,69.42,4.85,74.27,0,0,0,0,0,0,-11.7,-0.76,0,0,0,0,0,-17.54,0,0,0,0,62.57,0,0,0,0,0,0,45.03,2/17/26,GFIKZZ4HR3EBUS0
Cherry's Chic Desserts (4249 Washington St),64da2202-9968-5947-b3e4-43d52c38deb9,64da2202-9968-5947-b3e4-43d52c38deb9,5,0,121.86,8.54,130.4,0,0,0,0,0,0,-23.99,-1.58,0,0,0,0,0,-29.83,0,0,0,0,106.41,0,0,0,0,0,0,76.58,2/23/26,J23IMK1PTW30FRL
Addictive Burger Bar (1428 Polk St),3d2af70e-248a-5549-b467-7dc560b48162,,1,8,35.48,3.06,38.54,0,0,0,0,0,0,-7.71,-0.61,0,0,0,0,0,-8.51,0,0,0,0,30.83,0,0,-10.93,0,-2.45,0,8.94,2/2/26,EVTFL2T2LDANVJ3
Addictive Burger Bar (1428 Polk St),3d2af70e-248a-5549-b467-7dc560b48162,,3,8,110.43,9.53,119.96,0,0,0,0,0,0,-23.99,-1.9,0,0,0,0,0,-26.49,0,0,0,0,95.97,0,0,-12.82,0,-7.63,0,49.03,2/9/26,W9XRAOXYH4W3OER
Addictive Burger Bar (1428 Polk St),3d2af70e-248a-5549-b467-7dc560b48162,,3,6,114.43,9.89,124.32,0,0,0,0,0,0,-24.87,-1.98,0,0,0,0,0,-27.45,0,0,0,0,99.45,0,0,-9,0,-7.91,0,55.09,2/17/26,YY0ZY90DL61VJZW
Addictive Burger Bar (1428 Polk St),3d2af70e-248a-5549-b467-7dc560b48162,,1,8,39.48,3.41,42.89,0,0,0,0,0,0,-8.58,-0.68,0,0,0,0,0,-9.47,0,0,0,0,34.31,0,0,-8.66,0,-2.73,0,13.45,2/23/26,YTPMCR0WM53Z0UE
Chop & Dice Salads (415 E Windmill Ln),e8aa92e3-644c-55b5-b2c4-15994ce51be0,,2,14,51.44,4.31,55.75,-14.38,-1.2,-15.58,0,0,0,-11.15,-0.86,0,0,0,0,0,-12.34,0,0,0,0,44.6,0,0,-11.69,0,-2.25,0,2.74,2/2/26,R01KBKMDSOYG8BW
Chop & Dice Salads (415 E Windmill Ln),e8aa92e3-644c-55b5-b2c4-15994ce51be0,,3,10,94.9,7.95,102.85,0,0,0,0,0,0,-20.57,-1.59,0,0,0,0,0,-22.78,0,0,0,0,82.28,0,0,-8.84,0,-6.36,0,44.3,2/9/26,C9D30SCY4FA06KG
Chop & Dice Salads (415 E Windmill Ln),e8aa92e3-644c-55b5-b2c4-15994ce51be0,,2,6,70.95,5.94,76.89,0,0,0,0,0,0,-13.87,-1.07,0,0,0,0,0,-17.45,0,0,0,0,63.02,0,0,-7.77,0,-4.87,0,32.93,2/17/26,IJDGREFHNHVJOVK
Divya's Dum Biryani (18 S Abbott Ave),1072ed64-cd04-5893-9557-090327d4991f,1072ed64-cd04-5893-9557-090327d4991f,3,0,79.01,7.42,86.43,0,0,0,0,0,0,-17.29,-1.48,0,0,0,0,0,-11.37,0,0,0,0,69.14,0,0,0,0,-5.94,0,51.83,2/2/26,90BONN7ZHR9TWHP
Divya's Dum Biryani (18 S Abbott Ave),1072ed64-cd04-5893-9557-090327d4991f,1072ed64-cd04-5893-9557-090327d4991f,2,0,57.37,5.25,62.62,0,0,0,0,0,0,-7.95,-0.67,0,0,0,0,0,-9.02,0,0,0,0,54.67,0,0,0,0,-4.58,0,41.07,2/9/26,67AO7ICBZC547FA
Divya's Dum Biryani (18 S Abbott Ave),1072ed64-cd04-5893-9557-090327d4991f,1072ed64-cd04-5893-9557-090327d4991f,3,0,115.38,11.63,127.01,0,0,0,0,0,0,-24.82,-2.26,0,0,0,0,0,-16.71,0,0,0,0,102.19,0,0,0,0,-9.37,0,76.11,2/17/26,GX17G0ZL6WGKUDY
Divya's Dum Biryani (18 S Abbott Ave),1072ed64-cd04-5893-9557-090327d4991f,1072ed64-cd04-5893-9557-090327d4991f,1,0,23.07,2.49,25.56,0,0,0,0,0,0,-5.12,-0.51,0,0,0,0,0,-3.32,0,0,0,0,20.44,0,0,0,0,-1.98,0,15.14,2/23/26,HUUVLSQW0CP5ZCL
Addictive Burger Bar (226 1/2 Newark Ave),088da5da-7fdd-5f77-8578-d7a1727fe110,fc8e274a-f99e-4b86-abd5-c366f24a2f05,2,0,71.94,4.76,76.7,-15.82,-1.05,-16.87,0,0,0,-13.82,-0.86,0,0,0,0,0,-17.7,0,0,0,0,62.88,0,0,0,0,-2.85,0,25.46,2/23/26,FUX182LXUBLQAGL
Big Nick's Pizza Joint (20491 Alton Pkwy Ste B),7b285cfa-6f6e-5c7e-b3d7-4f3e893cd074,,1,0,32.18,2.49,34.67,0,0,0,0,0,0,-6.93,-0.49,0,0,0,0,0,-7.72,0,0,0,0,27.74,0,0,0,0,-2,0,18.02,2/2/26,IZB2S42C115SOY8
Big Nick's Pizza Joint (20491 Alton Pkwy Ste B),7b285cfa-6f6e-5c7e-b3d7-4f3e893cd074,,1,0,25.18,1.96,27.14,0,0,0,0,0,0,-5.44,-0.4,0,0,0,0,0,-6.04,0,0,0,0,21.7,0,0,0,0,-1.56,0,14.1,2/9/26,M6LDO0P0V096IW4
Big Nick's Pizza Joint (20491 Alton Pkwy Ste B),7b285cfa-6f6e-5c7e-b3d7-4f3e893cd074,,4,0,216.52,16.8,233.32,0,0,0,0,0,0,-24.41,-1.76,0,0,0,0,0,-58.16,0,0,0,0,208.91,0,0,0,0,-15.04,0,135.71,2/17/26,T45O4SYKUDJCH1H
Big Nick's Pizza Joint (20491 Alton Pkwy Ste B),7b285cfa-6f6e-5c7e-b3d7-4f3e893cd074,,2,0,63.94,4.96,68.9,0,0,0,0,0,0,-13.76,-0.98,0,0,0,0,0,-3.06,0,0,0,0,55.14,0,0,0,0,-3.98,0,48.1,2/23/26,0OBRA2ND96JWLIC
Philly Cheesesteak Company (493 Old Hickory Blvd),9a542728-fe1e-5b7c-adc1-26fdc059bf90,,4,13,122.79,11.97,134.76,0,0,0,0,0,0,-26.93,-2.38,0,0,0,0,0,-29.47,0,0,0,0,107.83,0,0,-25.58,0,0,0,52.78,2/2/26,ESGQ6UWG9V2J1BT
Philly Cheesesteak Company (493 Old Hickory Blvd),9a542728-fe1e-5b7c-adc1-26fdc059bf90,,3,8,88.11,8.59,96.7,0,0,0,0,0,0,-18.78,-1.66,0,0,0,0,0,-21.3,0,0,0,0,77.92,0,0,-13.77,0,0,0,42.85,2/9/26,J23Y2H2NG41XOOA
Philly Cheesesteak Company (493 Old Hickory Blvd),9a542728-fe1e-5b7c-adc1-26fdc059bf90,,4,6,81.13,7.91,89.04,0,0,0,0,0,0,-12.9,-1.14,0,0,0,0,0,-20.81,0,0,0,0,76.14,0,0,-11.9,0,0,0,43.43,2/17/26,G1HZ3PPDQG6KCY6
Philly Cheesesteak Company (493 Old Hickory Blvd),9a542728-fe1e-5b7c-adc1-26fdc059bf90,,2,7,41.94,4.09,46.03,0,0,0,0,0,0,-9.21,-0.82,0,0,0,0,0,-10.07,0,0,0,0,36.82,0,0,-13.95,0,0,0,12.8,2/23/26,G16S42K9URLWUQW
Breakfast Burrito Floozy (1428 Polk St),0966419e-7caf-52c5-9973-c0c4bd45ff5e,,1,0,19.99,1.73,21.72,0,0,0,0,0,0,-4.35,-0.35,0,0,0,0,0,-4.8,0,0,0,0,17.37,0,0,0,0,-1.38,0,11.19,2/9/26,U087D412J3KL8J4
Indian Biryani Snob (18 S Abbott Ave),10d46ae8-bee4-5776-b1a3-8e36550d086f,10d46ae8-bee4-5776-b1a3-8e36550d086f,2,0,34.98,3.22,38.2,0,0,0,0,0,0,-3.97,-0.33,0,0,0,0,0,-5.64,0,0,0,0,34.23,0,0,0,0,-2.89,0,25.7,2/2/26,VCJHF0ZWK9EXRJ3
K's Slice of Cake (18300 Vanowen Street Suite 3),eab993b2-8084-535d-aa24-64eae7b64341,,5,0,78.29,7.66,85.95,0,0,0,0,0,0,-6.81,-0.62,0,0,0,0,0,-21.62,0,0,0,0,79.14,0,0,0,0,-7.04,0,50.48,2/2/26,CKZO99LG0HPPEQ1
K's Slice of Cake (18300 Vanowen Street Suite 3),eab993b2-8084-535d-aa24-64eae7b64341,,3,0,39.85,3.9,43.75,0,0,0,0,0,0,-4.14,-0.36,0,0,0,0,0,-10.82,0,0,0,0,39.61,0,0,0,0,-3.54,0,25.25,2/9/26,PQZMU9TYZU07E1M
K's Slice of Cake (18300 Vanowen Street Suite 3),eab993b2-8084-535d-aa24-64eae7b64341,,6,0,190.16,17.68,207.84,0,0,0,0,0,0,-29.2,-2.45,0,0,0,0,0,-49.02,0,0,0,0,178.64,0,0,0,0,-15.23,0,114.39,2/17/26,Z69AM4WL0SBNVEW
K's Slice of Cake (18300 Vanowen Street Suite 3),eab993b2-8084-535d-aa24-64eae7b64341,,2,0,58.03,5.66,63.69,0,0,0,0,0,0,-9.67,-0.86,0,0,0,0,0,-14.76,0,0,0,0,54.02,0,0,0,0,-4.8,0,34.46,2/23/26,CSCCTOQMX4S5LPZ
Pedro's Burrito Bar (4352 E Speedway Blvd),d67f45dc-c9a2-580e-9614-fa6702e70682,,1,16,53.85,4.68,58.53,0,0,0,0,0,0,-9.78,-0.78,0,0,0,0,0,-13.46,0,0,0,0,48.75,0,0,-14.27,0,0,0,21.02,2/2/26,RT9CU6IF85OFQVI
Sicily's Calzone House (1338 Polk St),06af1faa-1ab0-559a-9ba7-e9bf5a46e81d,,1,0,36.97,3.19,40.16,0,0,0,0,0,0,-8.02,-0.63,0,0,0,0,0,-8.87,0,0,0,0,32.14,0,0,0,0,-2.56,0,20.71,2/2/26,B590MHY8VDP8TTX
Sicily's Calzone House (1338 Polk St),06af1faa-1ab0-559a-9ba7-e9bf5a46e81d,,1,0,39.95,3.45,43.4,0,0,0,0,0,0,-8.68,-0.69,0,0,0,0,0,-9.59,0,0,0,0,34.72,0,0,0,0,-2.76,0,22.37,2/9/26,A7LIADZYQ7WJDTM
Sicily's Calzone House (1338 Polk St),06af1faa-1ab0-559a-9ba7-e9bf5a46e81d,,1,0,27.99,2.42,30.41,0,0,0,0,0,0,-6.09,-0.49,0,0,0,0,0,-6.72,0,0,0,0,24.32,0,0,0,0,-1.93,0,15.67,2/23/26,QDEHWVSXOE4CJQZ
Toretto's Breakfast Cafe (5225 Lankershim Blvd),271c31e6-19fb-5b45-8979-25fcbe654aa7,a873b66f-e392-4231-9761-93fac3f60e45,2,0,73.83,7.47,81.3,0,0,0,0,0,0,-16.26,-1.5,0,0,0,0,0,-17.72,0,0,0,0,65.04,0,0,0,0,-5.97,0,41.35,2/23/26,8YGBN6120PY6A6G
Holly's Burgers,1cb5ad90-0551-4bff-8b8e-d75d1238eb6f,1cb5ad90-0551-4bff-8b8e-d75d1238eb6f,1,0,17.88,1.59,19.47,0,0,0,0,0,0,-3.9,-0.32,0,0,0,0,0,-4.29,0,0,0,0,15.57,0,0,0,0,0,0,11.28,2/2/26,70TI1XN5T6Q7LSA
Holly's Burgers,1cb5ad90-0551-4bff-8b8e-d75d1238eb6f,1cb5ad90-0551-4bff-8b8e-d75d1238eb6f,1,0,22.87,2.03,24.9,0,0,0,0,0,0,-4.98,-0.41,0,0,0,0,0,-5.49,0,0,0,0,19.92,0,0,0,0,0,0,14.43,2/9/26,WTKIYM05I7P3WNG
Holly's Burgers,1cb5ad90-0551-4bff-8b8e-d75d1238eb6f,1cb5ad90-0551-4bff-8b8e-d75d1238eb6f,1,0,20.96,1.86,22.82,0,0,0,0,0,0,-4.56,-0.37,0,0,0,0,0,-5.03,0,0,0,0,18.26,0,0,0,0,0,0,13.23,2/17/26,EZX7UJWRW3V4H7I
Holly's Burgers,1cb5ad90-0551-4bff-8b8e-d75d1238eb6f,1cb5ad90-0551-4bff-8b8e-d75d1238eb6f,2,0,37.05,3.29,40.34,-2.39,-0.21,-2.6,0,0,0,-8.07,-0.66,0,0,0,0,0,-8.89,0,0,0,0,32.27,0,0,0,0,0,0,20.78,2/23/26,6MX80V62KUYRRYX
Vegetarian Chinese Snob (2711 La Frontera Blvd #260),e371209e-bbed-5afc-8cdc-ea4a27b5f200,e371209e-bbed-5afc-8cdc-ea4a27b5f200,2,0,124.42,10.25,134.67,0,0,0,0,0,0,-9.74,-0.74,0,0,-0.99,0,0,-34.63,-2.3,0,0,0,124.93,0,0,0,0,0,0,87.01,2/2/26,XXE35Y9VVNDXZ6U
Vegetarian Chinese Snob (2711 La Frontera Blvd #260),e371209e-bbed-5afc-8cdc-ea4a27b5f200,e371209e-bbed-5afc-8cdc-ea4a27b5f200,1,0,64.47,5.32,69.79,0,0,0,0,0,0,-9.74,-0.74,0,0,-0.99,0,0,-16.64,-1.09,0,0,0,60.05,0,0,0,0,0,0,41.33,2/9/26,ZI2CGJ7R95KLZ1D
Vegetarian Chinese Snob (2711 La Frontera Blvd #260),e371209e-bbed-5afc-8cdc-ea4a27b5f200,e371209e-bbed-5afc-8cdc-ea4a27b5f200,2,0,63.46,5.24,68.7,0,0,0,0,0,0,-13.73,-1.04,0,0,-1.98,0,0,-15.23,-1,0,0,0,54.97,0,0,0,0,0,0,36.76,2/17/26,K71ISBKF7C7ID3R
Vegetarian Chinese Snob (2711 La Frontera Blvd #260),e371209e-bbed-5afc-8cdc-ea4a27b5f200,e371209e-bbed-5afc-8cdc-ea4a27b5f200,2,0,274.31,22.63,296.94,0,0,0,0,0,0,-16.35,-1.25,0,0,-1.98,0,0,-77.77,-5.14,0,0,0,280.59,0,0,0,0,0,0,195.7,2/23/26,IPEPLA9QXN477LW
Prime Burger Lounge (111 E 161 St),f08d14d5-e46b-5b62-820b-82197706bbc7,00e1cdef-6a71-4a50-b2e8-a93340b31da0,5,0,111.89,9.93,121.82,0,0,0,0,0,0,-24.38,-1.99,0,0,0,0,0,-26.85,0,0,0,0,97.44,0,0,0,0,0,0,70.59,2/2/26,90ZVUK06YOSXOJR
Prime Burger Lounge (111 E 161 St),f08d14d5-e46b-5b62-820b-82197706bbc7,00e1cdef-6a71-4a50-b2e8-a93340b31da0,1,0,19.97,1.77,21.74,0,0,0,0,0,0,-4.34,-0.35,0,0,0,0,0,-4.79,0,0,0,0,17.4,0,0,0,0,0,0,12.61,2/9/26,SBB16U5FC7C37YQ
Prime Burger Lounge (111 E 161 St),f08d14d5-e46b-5b62-820b-82197706bbc7,00e1cdef-6a71-4a50-b2e8-a93340b31da0,2,0,73.12,6.49,79.61,0,0,0,0,0,0,-13.54,-1.1,0,0,0,0,0,-18.2,0,0,0,0,66.07,0,0,0,0,0,0,47.87,2/17/26,99FZDOLFE1YCQ9Z
Prime Burger Lounge (111 E 161 St),f08d14d5-e46b-5b62-820b-82197706bbc7,00e1cdef-6a71-4a50-b2e8-a93340b31da0,6,0,218.74,19.41,238.15,-5.81,-0.52,-6.33,0,0,0,-42.77,-3.48,0,0,0,0,0,-53.84,0,0,0,0,195.38,0,0,0,0,0,0,135.21,2/23/26,FCV5IC2N9F023B6
Luca's Chicken Wings (2909A Queens Plaza North),7bec60c1-016a-5a54-9b13-31ae7384e038,,2,0,66.44,5.9,72.34,0,0,0,0,0,0,-13.92,-1.14,0,0,0,0,0,-16.1,0,0,0,0,58.42,0,0,0,0,0,0,42.32,2/2/26,TYPDJSK7VLNQS2Y
The Scorchin' Burger (4083 Broadway),d5932c3f-44e7-5b22-a7bc-89223a7e1fb6,,2,0,69.68,6.19,75.87,-21.02,-1.87,-22.89,0,0,0,-14.12,-1.16,0,0,-1.98,0,0,-17.02,0,0,0,0,61.75,0,0,0,0,0,0,19.86,2/9/26,O1QORVIIVU1CD0K
The Scorchin' Burger (4083 Broadway),d5932c3f-44e7-5b22-a7bc-89223a7e1fb6,,0,0,0,0,0,21.02,1.87,22.89,0,0,0,0,0,0,0,0,0,0,0,0,0,0,0,0,0,0,0,0,0,0,22.89,2/17/26,0DRIYF7CKYSMWDG
Breakfast N Vibe,5b6bccbb-7f52-5c00-991b-581a4078862b,5b6bccbb-7f52-5c00-991b-581a4078862b,1,0,17.16,1.52,18.68,0,0,0,0,0,0,-3.73,-0.3,0,0,0,0,0,-2.75,0,0,0,0,14.95,0,0,0,0,0,0,12.2,2/2/26,ZE9WD8EYFCWHPH3
Breakfast N Vibe,5b6bccbb-7f52-5c00-991b-581a4078862b,5b6bccbb-7f52-5c00-991b-581a4078862b,2,0,53.76,4.77,58.53,-4.55,-0.4,-4.95,0,0,0,-11.71,-0.95,0,0,0,0,0,-8.6,0,0,0,0,46.82,0,0,0,0,0,0,33.27,2/17/26,T6ZJ8YLHFBKRG92
Breakfast N Vibe,5b6bccbb-7f52-5c00-991b-581a4078862b,5b6bccbb-7f52-5c00-991b-581a4078862b,1,0,16.24,1.44,17.68,2.24,0.19,2.43,0,0,0,-3.54,-0.29,0,0,0,0,0,-2.6,0,0,0,0,14.14,0,0,0,0,0,0,13.97,2/23/26,GAF6K29AJJXKF1A
Bosscat Burgers (196 1st Ave),6b9bbcd8-ea1a-51ef-bc96-77ff5269697f,c71132f9-71f1-4202-bf91-f7a356cd6c71,2,0,57.34,5.08,62.42,0,0,0,0,0,0,-12.47,-1.01,0,0,0,0,0,-3.67,0,0,0,0,49.95,0,0,0,0,0,0,60.85,2/2/26,D3VMDFYG8PPT64Y
Bosscat Burgers (196 1st Ave),6b9bbcd8-ea1a-51ef-bc96-77ff5269697f,c71132f9-71f1-4202-bf91-f7a356cd6c71,4,0,89.52,7.96,97.48,0,0,0,0,0,0,-16.17,-1.34,0,0,0,0,0,-5.66,0,0,0,0,81.31,0,0,0,0,0,0,80.56,2/9/26,CCSNH1PB4EZGB09
Fine Flower Bouquet (171 Bleecker St),71e43663-2d95-5db6-91ce-14518f2132d8,71e43663-2d95-5db6-91ce-14518f2132d8,2,0,312.55,27.74,340.29,0,0,0,0,0,0,-21.78,-1.78,0,0,-1.98,0,0,-58.51,0,0,0,0,318.51,0,0,0,0,0,0,258.02,2/17/26,JR3OVBY46T8SIZJ
Fine Flower Bouquet (171 Bleecker St),71e43663-2d95-5db6-91ce-14518f2132d8,71e43663-2d95-5db6-91ce-14518f2132d8,1,0,94.99,8.43,103.42,0,0,0,0,0,0,-10.89,-0.89,0,0,-0.99,0,0,-17,0,0,0,0,92.53,0,0,0,0,0,0,74.54,2/23/26,F34YPP26NRH24V7
Wonderland Wraps  (3661 Broadway),20e6cb28-3373-53e6-abeb-e43c80a168a0,,2,5,29.06,2.58,31.64,-1.99,-0.18,-2.17,0,0,0,-6.06,-0.49,0,0,0,0,0,-7.05,0,0,0,0,25.58,0,0,-7.83,0,0,0,8.53,2/2/26,3G9EB15LVYEV4UQ
Wonderland Wraps  (3661 Broadway),20e6cb28-3373-53e6-abeb-e43c80a168a0,,3,9,54.31,4.83,59.14,-3.98,-0.35,-4.33,0,0,0,-11.83,-0.97,0,0,0,0,0,-13.04,0,0,0,0,47.31,0,0,-12.68,0,0,0,17.26,2/9/26,AUCM0VBND1RQV89
Wonderland Wraps  (3661 Broadway),20e6cb28-3373-53e6-abeb-e43c80a168a0,,4,6,65.42,5.79,71.21,3.98,0.35,4.33,0,0,0,-6.7,-0.54,0,0,0,0,0,-17.78,0,0,0,0,64.51,0,0,-7.44,0,0,0,43.62,2/17/26,F1V2ZAU56QVJ0UU
Wonderland Wraps  (3661 Broadway),20e6cb28-3373-53e6-abeb-e43c80a168a0,,3,8,41.24,3.66,44.9,0,0,0,0,0,0,-6.86,-0.56,0,0,0,0,0,-10.48,0,0,0,0,38.04,0,0,-11.35,0,0,0,16.21,2/23/26,R79GBRR2TD5EZW1
Devil's Burger Bar (839 W University Dr),4de9bd1b-75f3-5b7e-a688-5e33e8c3ca07,4de9bd1b-75f3-5b7e-a688-5e33e8c3ca07,1,0,48.45,3.92,52.37,0,0,0,0,0,0,-9.72,-0.72,0,0,0,0,0,-11.84,0,0,0,0,42.65,0,0,0,0,0,0,30.81,2/9/26,RU02BWRB64PQGZN
The Pasta Brothers (456 Grove St),79d3546d-0b02-5b16-9189-d84f05ea32f3,a3403c8a-ad6d-4dc7-8ecf-82c6dd14f923,4,0,125.92,8.82,134.74,0,0,0,0,0,0,-22.87,-1.49,0,0,0,0,0,-31.36,0,0,0,0,111.87,0,0,0,0,0,0,80.51,2/2/26,MG2LEQHL9XP8DQY
The Pasta Brothers (456 Grove St),79d3546d-0b02-5b16-9189-d84f05ea32f3,a3403c8a-ad6d-4dc7-8ecf-82c6dd14f923,3,0,93.75,6.56,100.31,0,0,0,0,0,0,-14.8,-0.96,0,0,0,0,0,-23.98,0,0,0,0,85.51,0,0,0,0,0,0,61.53,2/9/26,UV179HQTFZE7PTF
The Pasta Brothers (456 Grove St),79d3546d-0b02-5b16-9189-d84f05ea32f3,a3403c8a-ad6d-4dc7-8ecf-82c6dd14f923,6,0,151.75,10.63,162.38,0,0,0,0,0,0,-31.59,-2.08,0,0,0,0,0,-36.67,0,0,0,0,130.79,0,0,0,0,0,0,94.12,2/17/26,6JVFC8AMPFLQ5BV
The Pasta Brothers (456 Grove St),79d3546d-0b02-5b16-9189-d84f05ea32f3,a3403c8a-ad6d-4dc7-8ecf-82c6dd14f923,3,0,104.22,7.3,111.52,0,0,0,0,0,0,-17.79,-1.17,0,0,0,0,0,-26.28,0,0,0,0,93.73,0,0,0,0,0,0,67.45,2/23/26,2UNLNN8EGAFA39H
Amore Italian Desserts (327 Union St),2b427cf5-a203-5f6f-bdd8-92871bc45c7e,2b427cf5-a203-5f6f-bdd8-92871bc45c7e,2,0,53.95,5.53,59.48,0,0,0,0,0,0,-7.48,-0.69,0,0,0,0,0,-14.14,0,0,0,0,52,0,0,0,0,0,0,37.86,2/2/26,B8BTOTIWQOIWBHH
Amore Italian Desserts (327 Union St),2b427cf5-a203-5f6f-bdd8-92871bc45c7e,2b427cf5-a203-5f6f-bdd8-92871bc45c7e,3,0,61.94,6.35,68.29,0,0,0,0,0,0,-11.46,-1.07,0,0,0,0,0,-15.46,0,0,0,0,56.83,0,0,0,0,0,0,41.37,2/9/26,6VLEAILXUS5OFEF
Amore Italian Desserts (327 Union St),2b427cf5-a203-5f6f-bdd8-92871bc45c7e,2b427cf5-a203-5f6f-bdd8-92871bc45c7e,1,0,9.99,1.02,11.01,0,0,0,0,0,0,0,0,0,0,0,0,0,-3,0,0,0,0,11.01,0,0,0,0,0,0,8.01,2/17/26,DMAZQW2FF9Y20CB
Olivia's Breakfast Cafe (226 Newark Avenue),37444a4a-911e-48f5-ba64-fa483ac2e2d2,37444a4a-911e-48f5-ba64-fa483ac2e2d2,3,0,52.91,3.51,56.42,0,0,0,0,0,0,-11.28,-0.71,0,0,-2.97,0,0,-12.71,0,0,0,0,45.14,0,0,0,0,-2.8,0,26.66,2/2/26,KDSRQFRKOSL09WV
Olivia's Breakfast Cafe (226 Newark Avenue),37444a4a-911e-48f5-ba64-fa483ac2e2d2,37444a4a-911e-48f5-ba64-fa483ac2e2d2,3,0,43.14,2.86,46,0,0,0,0,0,0,-6.88,-0.43,0,0,-1.98,0,0,-11.01,0,0,0,0,39.12,0,0,0,0,-2.43,0,23.7,2/9/26,EGTP9TNAC1XY262
Olivia's Breakfast Cafe (226 Newark Avenue),37444a4a-911e-48f5-ba64-fa483ac2e2d2,37444a4a-911e-48f5-ba64-fa483ac2e2d2,2,0,38.55,2.55,41.1,0,0,0,0,0,0,-8.21,-0.5,0,0,-1.98,0,0,-9.25,0,0,0,0,32.89,0,0,0,0,-2.05,0,19.61,2/17/26,TR8XAA6F6CHPJA7
Olivia's Breakfast Cafe (226 Newark Avenue),37444a4a-911e-48f5-ba64-fa483ac2e2d2,37444a4a-911e-48f5-ba64-fa483ac2e2d2,1,0,23.16,1.53,24.69,0,0,0,0,0,0,-4.93,-0.3,0,0,-0.99,0,0,-5.56,0,0,0,0,19.76,0,0,0,0,-1.23,0,11.98,2/23/26,LAURZRI3V1PJCDV
Ali's Halal Pizza,436b9ca3-65e4-4c67-9c16-8c710c193c32,436b9ca3-65e4-4c67-9c16-8c710c193c32,3,6,109.9,9.98,119.88,0,0,0,0,0,0,-23.97,-1.99,0,0,-2.97,0,0,-26.38,0,0,0,0,95.91,0,0,-9.3,0,-7.99,0,49.27,2/2/26,F3T87HQ153MLHPK
Ali's Halal Pizza,436b9ca3-65e4-4c67-9c16-8c710c193c32,436b9ca3-65e4-4c67-9c16-8c710c193c32,7,6,228.2,19.13,247.33,-19.35,-1.67,-21.02,0,0,0,-48.09,-3.71,0,0,-6.93,0,0,-55.15,0,0,0,0,199.24,0,0,-6.56,0,-13.75,0,95.83,2/9/26,ENV7IHYNGEXA726
Ali's Halal Pizza,436b9ca3-65e4-4c67-9c16-8c710c193c32,436b9ca3-65e4-4c67-9c16-8c710c193c32,9,6,255.85,21.79,277.64,0,-1.52,-1.52,0,0,0,-55.56,-4.38,0,0,-8.91,0,0,-61.42,0,0,0,0,222.08,0,0,-12.22,0,-15.89,0,122.12,2/17/26,6OU47B9O2FP5PJ9
Ali's Halal Pizza,436b9ca3-65e4-4c67-9c16-8c710c193c32,436b9ca3-65e4-4c67-9c16-8c710c193c32,3,6,89.92,8.14,98.06,0,0,0,0,0,0,-19.61,-1.63,0,0,-2.97,0,0,-21.58,0,0,0,0,78.45,0,0,-9.42,0,-6.51,0,37.97,2/23/26,SATXB8HAS94QUYP
The Pasta Brothers (1708 Livernois Rd),86eba1b0-f337-5550-a7c9-8aadd3e344bf,,6,6,151.06,9.07,160.13,-2.23,-0.13,-2.36,0,0,0,-31.79,-1.8,0,0,0,0,0,-36.32,0,0,0,0,128.34,0,0,-11.83,0,-7.14,0,70.69,2/2/26,D8R069YT1WQTU57
The Pasta Brothers (1708 Livernois Rd),86eba1b0-f337-5550-a7c9-8aadd3e344bf,,3,6,86.04,5.16,91.2,0,0,0,0,0,0,-18.24,-1.03,0,0,0,0,0,-20.65,0,0,0,0,72.96,0,0,-11.36,0,-4.13,0,36.82,2/9/26,L60S7LD2NMDZOS0
The Pasta Brothers (1708 Livernois Rd),86eba1b0-f337-5550-a7c9-8aadd3e344bf,,6,6,141.99,8.53,150.52,0,0,0,0,0,0,-30.11,-1.71,0,0,0,0,0,-34.09,0,0,0,0,120.41,0,0,-12.35,0,-6.82,0,67.15,2/17/26,JUD6C3ZKN5NEMWN
The Pasta Brothers (1708 Livernois Rd),86eba1b0-f337-5550-a7c9-8aadd3e344bf,,1,8,37.76,2.27,40.03,0,0,0,0,0,0,-8.01,-0.46,0,0,0,0,0,-9.06,0,0,0,0,32.02,0,0,-11.71,0,-1.81,0,9.44,2/24/26,9UGHANXEYS9ZVY7
Blake's Bubblin' Mac (3955 Bronxwood Ave),d0e74835-74fc-5f21-9fde-e3d7c5ed45da,,1,0,17.18,1.52,18.7,0,0,0,0,0,0,-3.74,-0.3,0,0,-0.99,0,0,-4.12,0,0,0,0,14.96,0,0,0,0,0,0,9.85,2/2/26,BPOPLFUPM3EUQKS
Blake's Bubblin' Mac (3955 Bronxwood Ave),d0e74835-74fc-5f21-9fde-e3d7c5ed45da,,1,0,25.98,2.31,28.29,0,0,0,0,0,0,-5.67,-0.47,0,0,-0.99,0,0,-1.25,0,0,0,0,22.62,0,0,0,0,0,0,20.38,2/9/26,RB7G3ZPW88B3BMC
El Tarasco,3d6e9db2-4f0b-4af0-879d-09307a0993b6,3d6e9db2-4f0b-4af0-879d-09307a0993b6,18,0,672.07,65.97,738.04,-23.98,-2.34,-26.32,0,0,0,-107.75,-9.72,0,0,0,0,0,-105.04,0,0,0,0,630.29,0,0,2,0,-53.91,0,447.02,2/2/26,6L531HOALO2O1C6
El Tarasco,3d6e9db2-4f0b-4af0-879d-09307a0993b6,3d6e9db2-4f0b-4af0-879d-09307a0993b6,13,0,362.06,35.81,397.87,0,0,0,0,0,0,-68.58,-6.23,0,0,0,0,0,-46.52,0,0,0,0,329.29,0,0,0,0,-29.58,0,253.19,2/9/26,799V1JQE0BQK644
El Tarasco,3d6e9db2-4f0b-4af0-879d-09307a0993b6,3d6e9db2-4f0b-4af0-879d-09307a0993b6,11,0,348.34,34.23,382.57,0,0,0,0,0,0,-53.83,-4.88,0,0,0,0,0,-36.62,0,0,0,0,328.74,0,0,2,0,-29.35,0,264.77,2/17/26,VETSHER3YXSQ6GS
El Tarasco,3d6e9db2-4f0b-4af0-879d-09307a0993b6,3d6e9db2-4f0b-4af0-879d-09307a0993b6,15,0,400.08,40.04,440.12,0,0,0,0,0,0,-84.33,-7.71,0,0,0,0,0,-56.17,0,0,0,0,355.79,0,0,0,0,-32.33,0,267.29,2/23/26,1QX5IS5J5HDARUN
Chicken Sandwich Loft (128 East 4th Street),50a5641c-51f7-5419-a1c0-a981c77dc372,,1,0,23.77,2.11,25.88,0,0,0,0,0,0,-5.17,-0.42,0,0,-0.99,0,0,-5.71,0,0,0,0,20.71,0,0,0,0,0,0,14.01,2/2/26,LPLYDSOKX7PLS24
Sasha's Indian Restaurant,650040f5-56a7-4787-8046-1b374974d15f,650040f5-56a7-4787-8046-1b374974d15f,9,6,184.44,17.08,201.52,-8.95,-0.82,-9.77,0,0,0,-43,-3.63,0,0,0,0,0,-40.59,0,0,0,0,158.52,0,0,-6.79,0,-12.63,0,88.74,2/2/26,MJMIAAG3EPKGWGY
Sasha's Indian Restaurant,650040f5-56a7-4787-8046-1b374974d15f,650040f5-56a7-4787-8046-1b374974d15f,10,8,272.58,25.23,297.81,0,0,0,0,0,0,-59.64,-5.12,0,0,0,0,0,-60.89,0,0,0,0,238.17,0,0,-20.06,0,-20.11,0,137.11,2/9/26,SVPZ5RTC5YNSBMY
Sasha's Indian Restaurant,650040f5-56a7-4787-8046-1b374974d15f,650040f5-56a7-4787-8046-1b374974d15f,11,10,321.53,29.56,351.09,0,-0.74,-0.74,0,0,0,-70.18,-6,0,0,-0.99,0,0,-66.39,0,0,0,0,280.91,0,0,-23.34,0,-22.82,0,166.63,2/17/26,UJHK9XNBMKQ3APO
Sasha's Indian Restaurant,650040f5-56a7-4787-8046-1b374974d15f,650040f5-56a7-4787-8046-1b374974d15f,9,7,197.13,18.2,215.33,0,0,0,0,0,0,-43.12,-3.69,0,0,0,0,0,-39.25,0,0,0,0,172.21,0,0,-17.85,0,-14.51,0,100.6,2/23/26,G6WZ3KD70L7CPHN
Doughboys Sandwiches (59 4th Ave),e6d9688a-e29a-5421-b313-c0b2b5d890cd,e6d9688a-e29a-5421-b313-c0b2b5d890cd,1,0,17.99,1.6,19.59,0,0,0,0,0,0,-3.92,-0.32,0,0,-0.99,0,0,-4.32,0,0,0,0,15.67,0,0,0,0,0,0,10.36,2/2/26,2KW7VY1E6SR6D1R
K's Slice of Cake,242dc397-00a6-5962-9ad4-b6528afcd0d9,94673af5-77db-4e18-94e8-3902b961d2f2,2,0,31.95,2.83,34.78,0,0,0,0,0,0,-4.17,-0.34,0,0,0,0,0,0,0,0,0,0,30.61,0,0,0,0,0,0,30.61,2/2/26,U3YRROJAMDMIOEZ
K's Slice of Cake,242dc397-00a6-5962-9ad4-b6528afcd0d9,94673af5-77db-4e18-94e8-3902b961d2f2,1,0,9.28,0.82,10.1,-6.39,-0.57,-6.96,0,0,0,0,0,0,0,0,0,0,0,0,0,0,0,10.1,0,0,0,0,0,0,3.14,2/10/26,SZNWQ1OMIFZQ6OM
K's Slice of Cake,242dc397-00a6-5962-9ad4-b6528afcd0d9,94673af5-77db-4e18-94e8-3902b961d2f2,0,0,0,0,0,6.39,0.57,6.96,0,0,0,0,0,0,0,0,0,0,0,0,0,0,0,0,0,0,0,0,0,0,6.96,2/17/26,F0W2VBIT0H35HIV
K's Slice of Cake,242dc397-00a6-5962-9ad4-b6528afcd0d9,94673af5-77db-4e18-94e8-3902b961d2f2,1,0,14.88,1.32,16.2,0,0,0,0,0,0,-2.18,-0.18,0,0,0,0,0,0,0,0,0,0,14.02,0,0,0,0,0,0,14.02,2/23/26,YNKVCLQ5HVAOM2O
Vegetarian Indian Cafe - 2026 Agnew Rd,48575ba1-d11c-4755-80dc-314ddbee1f8a,48575ba1-d11c-4755-80dc-314ddbee1f8a,5,0,87.72,8.2,95.92,0,0,0,0,0,0,-19.18,-1.63,0,0,0,0,0,-21.06,0,0,0,0,76.74,0,0,0,0,-6.57,0,49.11,2/2/26,EO2QI0P5TJKTVRB
Vegetarian Indian Cafe - 2026 Agnew Rd,48575ba1-d11c-4755-80dc-314ddbee1f8a,48575ba1-d11c-4755-80dc-314ddbee1f8a,2,0,70.11,6.41,76.52,0,0,0,0,0,0,-15.3,-1.28,0,0,0,0,0,-11.47,0,0,0,0,61.22,0,0,0,0,-5.13,0,44.62,2/9/26,BSAD4YPW4HH8MEI
Vegetarian Indian Cafe - 2026 Agnew Rd,48575ba1-d11c-4755-80dc-314ddbee1f8a,48575ba1-d11c-4755-80dc-314ddbee1f8a,3,0,64.42,5.94,70.36,0,0,0,0,0,0,-14.06,-1.18,0,0,0,0,0,-13.5,0,0,0,0,56.3,0,0,0,0,-4.76,0,38.04,2/17/26,MB8DY7KR6J9AHM1
Vegetarian Indian Cafe - 2026 Agnew Rd,48575ba1-d11c-4755-80dc-314ddbee1f8a,48575ba1-d11c-4755-80dc-314ddbee1f8a,5,0,108.97,10.1,119.07,0,0,0,0,0,0,-23.79,-2,0,0,0,0,0,-26.16,0,0,0,0,95.28,0,0,0,0,-8.1,0,61.02,2/23/26,1BTO89HT9525WIA
Bosscat Breakfast (28501 Hoover Rd),3349b9e5-7741-560a-8090-1705d954cccf,,1,0,28.37,1.7,30.07,0,0,0,0,0,0,-6.01,-0.34,0,0,0,0,0,-6.81,0,0,0,0,24.06,0,0,0,0,-1.36,0,15.89,2/9/26,506TBQD9KTW4ZZR
Veronica's Burrito Bar (5279 North Roxboro St),74dc4d5f-5c56-5ef3-ab21-f33e123a27e9,b2e91984-4f55-4992-89d0-1e47ea01aa32,4,15,106.3,7.97,114.27,-9.5,-0.71,-10.21,0,0,0,-20.14,-1.39,0,0,-2.97,0,0,-26.27,0,0,0,0,94.13,0,0,-37.82,0,-5.87,0,10.99,2/2/26,VOYJ2A5Y9DVC89P
Veronica's Burrito Bar (5279 North Roxboro St),74dc4d5f-5c56-5ef3-ab21-f33e123a27e9,b2e91984-4f55-4992-89d0-1e47ea01aa32,5,17,102.49,7.69,110.18,0,0,0,0,0,0,-19.32,-1.34,0,0,-3.96,0,0,-25.35,0,0,0,0,90.86,0,0,-25.92,0,-6.35,0,29.28,2/17/26,HK2GDUEDIK2EMR5
Veronica's Burrito Bar (5279 North Roxboro St),74dc4d5f-5c56-5ef3-ab21-f33e123a27e9,b2e91984-4f55-4992-89d0-1e47ea01aa32,2,6,47.54,3.57,51.11,-10.07,-0.76,-10.83,0,0,0,-10.22,-0.71,0,0,-1.98,0,0,-7.92,0,0,0,0,40.89,0,0,-15.25,0,-2.1,0,2.81,2/23/26,DH3RJVGTIFFIYWU
Fine Line Desserts (12453 Oxnard St),5c8fd523-b576-545b-b749-5ad71c73b543,05369463-9982-4899-91ca-f8fbeea0a8dd,4,0,66.42,6.5,72.92,0,0,0,0,0,0,-9.98,-0.89,0,0,0,0,0,-17.2,0,0,0,0,62.94,0,0,0,0,-5.61,0,40.13,2/2/26,KRJ6CHPJW7UG0RP
Fine Line Desserts (12453 Oxnard St),5c8fd523-b576-545b-b749-5ad71c73b543,05369463-9982-4899-91ca-f8fbeea0a8dd,1,0,21.07,2.06,23.13,0,0,0,0,0,0,-4.63,-0.42,0,0,0,0,0,-5.06,0,0,0,0,18.5,0,0,0,0,-1.64,0,11.8,2/9/26,MFU90WTH34JZFBI
Fine Line Desserts (12453 Oxnard St),5c8fd523-b576-545b-b749-5ad71c73b543,05369463-9982-4899-91ca-f8fbeea0a8dd,1,0,20.97,2.05,23.02,0,0,0,0,0,0,-4.61,-0.42,0,0,0,0,0,-5.03,0,0,0,0,18.41,0,0,0,0,-1.63,0,11.75,2/23/26,F0CHI1ZR2310AN2
Finger Lickin Fried Chicken (854 N Broadway),477c0f5c-a167-5e1a-b89e-9c84307ed4f9,,1,0,60.16,5.04,65.2,0,0,0,0,0,0,-9.76,-0.76,0,0,0,0,0,-15.35,0,0,0,0,55.44,0,0,0,0,0,0,40.09,2/2/26,DE15G0MYJNU9PFY
Finger Lickin Fried Chicken (854 N Broadway),477c0f5c-a167-5e1a-b89e-9c84307ed4f9,,2,0,120.99,10.14,131.13,0,0,0,0,0,0,-19.52,-1.52,0,0,0,0,0,-30.9,0,0,0,0,111.61,0,0,0,0,0,0,80.71,2/9/26,GVGHR6VPBTXPR3J
Gourmet Omelette Bar (2909A Queens Plaza North),d6086cdc-fcf6-5d3e-a102-f6e1170b4b6d,,4,48,107.89,9.58,117.47,0,0,0,0,0,0,-23.2,-1.89,0,0,0,0,0,-25.97,0,0,0,0,94.27,0,0,-44.66,0,0,0,23.64,2/2/26,OAUAZ2AV4NCYGUB
Gourmet Omelette Bar (2909A Queens Plaza North),d6086cdc-fcf6-5d3e-a102-f6e1170b4b6d,,1,5,15.78,1.4,17.18,0,0,0,0,0,0,-3.44,-0.28,0,0,0,0,0,-3.79,0,0,0,0,13.74,0,0,-5.91,0,0,0,4.04,2/9/26,I1C1UX27A5EPXJB
Gourmet Omelette Bar (2909A Queens Plaza North),d6086cdc-fcf6-5d3e-a102-f6e1170b4b6d,,1,13,53.84,4.78,58.62,0,0,0,0,0,0,-9.8,-0.8,0,0,0,0,0,-13.45,0,0,0,0,48.82,0,0,-10.67,0,0,0,24.7,2/23/26,6A249TTG7WV2P0H
Snobby Chicken Wings,26bd579e-5664-4f0a-8465-2f5eb5fbe705,4f139b23-6a2e-486a-8040-6ba44f98b2be,3,6,68.49,6.07,74.56,0,0,0,0,0,0,-11.86,-0.96,0,0,0,0,0,-17.28,0,0,0,0,62.7,0,0,-8.43,0,0,0,36.99,2/2/26,Q6MFNQKQM31C906
Snobby Chicken Wings,26bd579e-5664-4f0a-8465-2f5eb5fbe705,4f139b23-6a2e-486a-8040-6ba44f98b2be,3,7,220.25,19.55,239.8,0,0,0,0,0,0,-20.16,-1.65,0,0,0,0,0,-60.52,0,0,0,0,219.64,0,0,-7.99,0,0,0,151.13,2/9/26,J5YVSFZXPKMZPW1
Mary's Chicken Sandwiches (1929 Chestnut St),e209006d-7fed-5907-ab95-09fe068ec6dd,bedd4abe-c71f-479b-ae16-7f8bf5dcd024,1,0,32.18,2.58,34.76,0,-1.3,-1.3,0,0,0,-6.97,-0.53,0,0,0,0,0,-7.72,0,0,0,0,27.79,0,0,0,0,-0.75,0,18.02,2/17/26,CMJ3WCQQ5MZPXNC
Rooftop Sandwiches (6611 S 101st E Ave),b218eb07-b3b3-5bd6-a970-e07561070f10,b218eb07-b3b3-5bd6-a970-e07561070f10,1,0,19.46,1.66,21.12,0,0,0,0,0,0,-4.22,-0.33,0,0,0,0,0,-4.67,0,0,0,0,16.9,0,0,0,0,-1.33,0,10.9,2/2/26,YYRSMBZJ1GNWXN2
Mary's Chicken Sandwiches (257 Gold St),9b11aee4-6430-58fc-9234-f1c9e45c18f4,,1,0,69.25,6.15,75.4,0,0,0,0,0,0,-9.8,-0.8,0,0,0,0,0,-18.08,0,0,0,0,65.6,0,0,0,0,0,0,47.52,2/17/26,KHZ5VVIGXQJR9F0
Mary's Chicken Sandwiches (257 Gold St),9b11aee4-6430-58fc-9234-f1c9e45c18f4,,1,0,18.88,1.68,20.56,0,0,0,0,0,0,-4.12,-0.34,0,0,0,0,0,-0.91,0,0,0,0,16.44,0,0,0,0,0,0,15.53,2/23/26,XNIG9F8A2B5BX8U
Crunchy Taco Snob - San Jose,5358914c-664d-5286-82be-4f24e6817ee8,5358914c-664d-5286-82be-4f24e6817ee8,1,0,22.96,2.16,25.12,0,0,0,0,0,0,-3.28,-0.28,0,0,-0.99,0,0,-4.99,0,0,0,0,21.84,0,0,0,0,-1.88,0,13.98,2/23/26,F1XGU8WOESMCX6K
Wraps On Tap (675 E University Dr),f52c5aad-f79e-5226-9022-2325d26bc96c,,1,0,24.88,2.61,27.49,0,0,0,0,0,0,-5.5,-0.52,0,0,0,0,0,-3.98,0,0,0,0,21.99,0,0,0,0,-2.09,0,15.92,2/9/26,93XDQLYMA87MCLP
Wraps On Tap (675 E University Dr),f52c5aad-f79e-5226-9022-2325d26bc96c,,1,0,46.57,4.88,51.45,0,0,0,0,0,0,-6.62,-0.62,0,0,0,0,0,-8.11,0,0,0,0,44.83,0,0,0,0,-4.26,0,32.46,2/17/26,TKS792F572EWG2N
The Stir Fry Bar (2711 La Frontera Blvd #260),2bb1de15-a413-5645-b168-bbcef9d35e82,2bb1de15-a413-5645-b168-bbcef9d35e82,1,0,41.46,3.42,44.88,0,0,0,0,0,0,-8.98,-0.69,0,0,-0.99,0,0,-9.95,-0.66,0,0,0,35.9,0,0,0,0,0,0,24.3,2/23/26,7U30NSHM0XFIIFF
Amore Pasta Ristorante (2909A Queens Plaza North),9bf8091e-7422-5c23-a42a-d4c59a767272,,1,0,33.53,2.98,36.51,0,0,0,0,0,0,-7.31,-0.6,0,0,-0.99,0,0,-8.05,0,0,0,0,29.2,0,0,0,0,0,0,20.16,2/23/26,DXD2HW3PS35D344
First Light Breakfast Cafe (101 Guyon Ave),f32132a9-a77c-51c3-823b-15af1bca706c,fb8c62f9-fe2f-43d5-b0b2-e0e54e2aa0e9,10,0,289.21,25.67,314.88,0,0,0,0,0,0,-62.99,-5.14,0,0,0,0,0,-69.4,0,0,0,0,251.89,0,0,0,0,0,0,182.49,2/2/26,033ZGSVSZDBE9T7
First Light Breakfast Cafe (101 Guyon Ave),f32132a9-a77c-51c3-823b-15af1bca706c,fb8c62f9-fe2f-43d5-b0b2-e0e54e2aa0e9,5,0,147.52,13.09,160.61,0,0,0,0,0,0,-31.15,-2.54,0,0,0,0,0,-35.67,0,0,0,0,129.46,0,0,0,0,0,0,93.79,2/9/26,1G0J6IXNIE4YT67
First Light Breakfast Cafe (101 Guyon Ave),f32132a9-a77c-51c3-823b-15af1bca706c,fb8c62f9-fe2f-43d5-b0b2-e0e54e2aa0e9,10,0,340.5,30.21,370.71,-4.95,-0.44,-5.39,0,0,0,-61.51,-5,0,0,0,0,0,-85.21,0,0,0,0,309.2,0,0,0,0,0,0,218.6,2/17/26,578GV0XZ4TZL18C
First Light Breakfast Cafe (101 Guyon Ave),f32132a9-a77c-51c3-823b-15af1bca706c,fb8c62f9-fe2f-43d5-b0b2-e0e54e2aa0e9,8,0,214.1,19,233.1,-1.84,-0.16,-2,0,0,0,-47.63,-3.89,0,0,0,0,0,-51.1,0,0,0,0,185.47,0,0,0,0,0,0,132.37,2/23/26,VRRKDIS6PS8OPKI
Stella's Slammin' Burgers (937 1st Avenue),b1f09dc7-acfa-58b1-bc04-5b30953e460e,,1,0,112,9.94,121.94,0,0,0,0,0,0,-9.8,-0.8,0,0,-0.99,0,0,-30.9,0,0,0,0,112.14,0,0,0,0,0,0,80.25,2/9/26,YJDC73LZS7B1V8J
Fiesta Vegan Mexican (3917 4th Ave),16d0a957-7506-5ead-ad26-eb17ec0e225e,7193bcb3-4527-4e69-aadd-7aeaeaae6f2e,2,0,79.94,7.1,87.04,0,0,0,0,0,0,0,0,0,0,0,0,0,-23.98,0,0,0,0,87.04,0,0,0,0,0,0,63.06,2/2/26,MLCUJNQ721Z51OK
La Puebla Quesadilla (1424 Lexington Ave),ac76beb8-b866-5822-aab3-f5dc9219c512,,3,5,50.35,4.47,54.82,-2.23,-0.2,-2.43,0,0,0,-10.98,-0.9,0,0,0,0,0,-12.08,0,0,0,0,43.84,0,0,-5.94,0,0,0,23.39,2/2/26,YDOAS10YF55R438
La Puebla Quesadilla (1424 Lexington Ave),ac76beb8-b866-5822-aab3-f5dc9219c512,,1,9,16.78,1.49,18.27,0,0,0,0,0,0,-3.66,-0.3,0,0,0,0,0,-4.03,0,0,0,0,14.61,0,0,-5.34,0,0,0,5.24,2/17/26,ZTVCE8X1WYTJX57
La Puebla Quesadilla (1424 Lexington Ave),ac76beb8-b866-5822-aab3-f5dc9219c512,,4,5,67.83,6.02,73.85,0,0,0,0,0,0,-14.79,-1.21,0,0,0,0,0,-16.27,0,0,0,0,59.06,0,0,-2.99,0,0,0,39.8,2/23/26,GFUF3GNMF4WR93X
The Sandwich Vibe (257 Gold St),7f247fd9-3939-50a3-87fd-847e964fb481,,1,0,62.22,5.52,67.74,0,0,0,0,0,0,-9.8,-0.8,0,0,0,0,0,-15.97,0,0,0,0,57.94,0,0,0,0,0,0,41.97,2/2/26,JXZDCBZEFBS1BRC
The Sandwich Vibe (257 Gold St),7f247fd9-3939-50a3-87fd-847e964fb481,,1,0,58.02,5.15,63.17,0,0,0,0,0,0,-9.8,-0.8,0,0,0,0,0,-14.71,0,0,0,0,53.37,0,0,0,0,0,0,38.66,2/9/26,D8PJDUZ9KRXGL8I
The Sandwich Vibe (257 Gold St),7f247fd9-3939-50a3-87fd-847e964fb481,,1,0,322.28,28.6,350.88,0,0,0,0,0,0,-9.8,-0.8,0,0,0,0,0,-93.98,0,0,0,0,341.08,0,0,0,0,0,0,247.1,2/24/26,LG8CWLYX2YAOYG1
Chicken Sandwich Loft (1706 Oakland Rd),4c28bec6-14c5-51d3-9eb3-898862253a74,cce63e58-4533-4484-aaa8-23b7ea51e8b9,1,0,16.46,1.54,18,0,0,0,0,0,0,-3.59,-0.3,0,0,0,0,0,-3.95,0,0,0,0,14.41,0,0,0,0,-1.24,0,9.22,2/17/26,PILST4GCDIVQ7R8
Luke's Breakfast Club (7701 Garrison Road),eba23c5a-3f7e-5bbc-a10a-77fba75e33ad,eba23c5a-3f7e-5bbc-a10a-77fba75e33ad,3,0,109.8,8.48,118.28,0,0,0,0,0,0,-19.9,-1.48,0,0,0,0,0,-27.41,0,0,0,0,98.38,0,0,0,0,-7,0,63.97,2/2/26,S2JH5R5S3MR8EEW
Luke's Breakfast Club (7701 Garrison Road),eba23c5a-3f7e-5bbc-a10a-77fba75e33ad,eba23c5a-3f7e-5bbc-a10a-77fba75e33ad,2,0,49.29,2.97,52.26,0,0,0,0,0,0,-10.45,-0.6,0,0,0,0,0,-11.83,0,0,0,0,41.81,0,0,0,0,-2.37,0,27.61,2/9/26,2Q4SJP359J01Y8O
Luke's Breakfast Club (7701 Garrison Road),eba23c5a-3f7e-5bbc-a10a-77fba75e33ad,eba23c5a-3f7e-5bbc-a10a-77fba75e33ad,9,0,299.36,17.97,317.33,0,0,0,0,0,0,-58.77,-3.31,0,0,0,0,0,-73.17,0,0,0,0,258.56,0,0,0,0,-14.66,0,170.73,2/17/26,QKJAF1H3UNBRLPJ
Luke's Breakfast Club (7701 Garrison Road),eba23c5a-3f7e-5bbc-a10a-77fba75e33ad,eba23c5a-3f7e-5bbc-a10a-77fba75e33ad,3,0,84.94,6.02,90.96,0,0,0,0,0,0,-18.19,-1.2,0,0,0,0,0,-20.38,0,0,0,0,72.77,0,0,0,0,-4.82,0,47.57,2/23/26,YZYWU309U5O8249
Broadway Marketplace (689 Broadway),8a99d7d3-9cb2-554c-8307-1a18b10d7d34,8a99d7d3-9cb2-554c-8307-1a18b10d7d34,2,4,75.91,6.74,82.65,0,0,0,0,0,0,-16.53,-1.35,0,0,0,0,0,-18.22,0,0,0,0,66.12,0,0,-2.45,0,0,0,45.45,2/2/26,ZIGHVSMJYTDQ6M3
Broadway Marketplace (689 Broadway),8a99d7d3-9cb2-554c-8307-1a18b10d7d34,8a99d7d3-9cb2-554c-8307-1a18b10d7d34,1,6,119.9,10.64,130.54,0,0,0,0,0,0,-9.8,-0.8,0,0,0,0,0,-33.27,0,0,0,0,120.74,0,0,-4.19,0,0,0,83.28,2/9/26,YV1ZY10GT3JZQ1U
Broadway Marketplace (689 Broadway),8a99d7d3-9cb2-554c-8307-1a18b10d7d34,8a99d7d3-9cb2-554c-8307-1a18b10d7d34,3,5,57.89,5.14,63.03,0,0,0,0,0,0,-11.97,-0.98,0,0,0,0,0,-14.07,0,0,0,0,51.06,0,0,-4.06,0,0,0,32.93,2/17/26,VL8VPE9QVZDD0O1
Broadway Marketplace (689 Broadway),8a99d7d3-9cb2-554c-8307-1a18b10d7d34,8a99d7d3-9cb2-554c-8307-1a18b10d7d34,7,8,134.77,11.95,146.72,0,0,0,0,0,0,-30.41,-2.46,0,0,0,0,0,-32.03,0,0,0,0,116.31,0,0,-8.97,0,0,0,75.31,2/23/26,HQUG6FMBJS1YQBU
Casa De Quesadilla (916 Hempstead Turnpike),bf748817-f3d4-5477-91c2-716395c73804,bf748817-f3d4-5477-91c2-716395c73804,1,0,71.36,6.15,77.51,0,0,0,0,0,0,-9.77,-0.77,0,0,0,0,0,-18.71,0,0,0,0,67.74,0,0,0,0,0,0,49.03,2/2/26,FLGENB10EKV47GO
Casa De Quesadilla (916 Hempstead Turnpike),bf748817-f3d4-5477-91c2-716395c73804,bf748817-f3d4-5477-91c2-716395c73804,1,0,16.49,1.42,17.91,0,0,0,0,0,0,-3.58,-0.28,0,0,0,0,0,-3.96,0,0,0,0,14.33,0,0,0,0,0,0,10.37,2/9/26,399I88AZH5XCDOJ
101 Hummus (3846 Mowry Ave),a41061c9-3bfd-5de0-8e79-073f825bd708,,2,0,73.47,7.54,81.01,0,0,0,0,0,0,0,0,0,0,0,0,0,-22.04,0,0,0,0,81.01,0,0,0,0,-7.54,0,51.43,2/9/26,K7LFGP24H1R3Y3Q
101 Hummus (3846 Mowry Ave),a41061c9-3bfd-5de0-8e79-073f825bd708,,1,0,41.75,4.28,46.03,0,0,0,0,0,0,0,0,0,0,0,0,0,-12.53,0,0,0,0,46.03,0,0,0,0,-4.28,0,29.22,2/17/26,1X885I7Y51YOFR5
Marty's Wraps Shack - New York,20fc825c-21fb-5d2f-a17e-d17020d33feb,20fc825c-21fb-5d2f-a17e-d17020d33feb,1,0,16.79,1.49,18.28,0,0,0,0,0,0,-3.66,-0.3,0,0,0,0,0,-3.36,0,0,0,0,14.62,0,0,0,0,0,0,11.26,2/2/26,PUY1BJST937O3PD
Marty's Wraps Shack - New York,20fc825c-21fb-5d2f-a17e-d17020d33feb,20fc825c-21fb-5d2f-a17e-d17020d33feb,2,0,89.51,7.95,97.46,0,0,0,0,0,0,-18.02,-1.47,0,0,-0.99,0,0,-18.25,0,0,0,0,79.44,0,0,0,0,0,0,60.2,2/17/26,BW7VXOSMK9N7VZY
Marty's Wraps Shack - New York,20fc825c-21fb-5d2f-a17e-d17020d33feb,20fc825c-21fb-5d2f-a17e-d17020d33feb,1,0,18.78,1.67,20.45,0,0,0,0,0,0,-4.1,-0.34,0,0,0,0,0,-3.76,0,0,0,0,16.35,0,0,0,0,0,0,12.59,2/23/26,PZ1XF4364GNCTXN
Sizzlin' Omelette Cafe (101 Plaza Center),ec4d731f-8234-571f-9376-7bbdaf752d55,7e283c6e-7b97-4eab-bc41-af49d61464ad,1,0,16.77,1.11,17.88,0,0,0,0,0,0,-3.57,-0.22,0,0,-0.99,0,0,-4.03,0,0,0,0,14.31,0,0,0,0,-0.89,0,8.4,2/2/26,PUVF4IK83PRG7ZY
Sizzlin' Omelette Cafe (101 Plaza Center),ec4d731f-8234-571f-9376-7bbdaf752d55,7e283c6e-7b97-4eab-bc41-af49d61464ad,1,0,97.93,6.48,104.41,0,0,0,0,0,0,-9.59,-0.59,0,0,-0.99,0,0,-26.68,0,0,0,0,94.82,0,0,0,0,-5.89,0,61.26,2/9/26,QPL2TNPQ43CWX69
The Salad God - 1969 Bronxdale Ave,03be51bb-b01e-4dfb-b793-ae3648bbe3e5,03be51bb-b01e-4dfb-b793-ae3648bbe3e5,5,0,130.85,11.61,142.46,0,0,0,0,0,0,-17.17,-1.4,0,0,0,0,0,-34.52,0,0,0,0,125.29,0,0,0,0,0,0,90.77,2/2/26,DSA9DWSX6DKL7OP
The Salad God - 1969 Bronxdale Ave,03be51bb-b01e-4dfb-b793-ae3648bbe3e5,03be51bb-b01e-4dfb-b793-ae3648bbe3e5,4,0,114.6,10.17,124.77,0,0,0,0,0,0,-24.96,-2.04,0,0,0,0,0,-23.64,0,0,0,0,99.81,0,0,0,0,0,0,76.17,2/9/26,IZW3BY2ZKVLINMG
The Salad God - 1969 Bronxdale Ave,03be51bb-b01e-4dfb-b793-ae3648bbe3e5,03be51bb-b01e-4dfb-b793-ae3648bbe3e5,7,0,145.75,12.92,158.67,0,0,0,0,0,0,-31.73,-2.57,0,0,0,0,0,-34.97,0,0,0,0,126.94,0,0,0,0,0,0,91.97,2/17/26,O6SXZ5OUL3Y03FI
The Salad God - 1969 Bronxdale Ave,03be51bb-b01e-4dfb-b793-ae3648bbe3e5,03be51bb-b01e-4dfb-b793-ae3648bbe3e5,6,0,160.77,14.27,175.04,0,0,0,0,0,0,-33.53,-2.74,0,0,0,0,0,-38.98,0,0,0,0,141.51,0,0,0,0,0,0,102.53,2/23/26,7J6CQ5EP0UX5SNA
Pardon My Panini (34-02 30th St),a981fa01-8327-5b39-a746-b89d51483cb2,a2ba31e1-1058-4263-84cb-e27360c039fd,2,0,65.73,5.83,71.56,0,0,0,0,0,0,-14.31,-1.16,0,0,0,0,0,-15.77,0,0,0,0,57.25,0,0,0,0,0,0,41.48,2/2/26,6XD41UL51P4VP2E
Pardon My Panini (34-02 30th St),a981fa01-8327-5b39-a746-b89d51483cb2,a2ba31e1-1058-4263-84cb-e27360c039fd,2,0,47.25,4.2,51.45,0,0,0,0,0,0,-10.3,-0.85,0,0,0,0,0,-11.34,0,0,0,0,41.15,0,0,0,0,0,0,29.81,2/23/26,FQGG8B1KHC7O5YQ
Smokin' Burger Grille (382 8th Ave),8d58d128-76e1-57db-9a20-09faa29bdfbd,,3,4,89.47,7.94,97.41,0,0,0,0,0,0,-13.15,-1.07,0,0,0,0,0,-23.22,0,0,0,0,84.26,0,0,-2.82,0,0,0,58.22,2/9/26,R60TZ8IUUNZG38Y
Smokin' Burger Grille (382 8th Ave),8d58d128-76e1-57db-9a20-09faa29bdfbd,,1,3,15.38,1.36,16.74,0,0,0,0,0,0,-3.35,-0.27,0,0,0,0,0,-3.69,0,0,0,0,13.39,0,0,-1.46,0,0,0,8.24,2/23/26,JBH3X89GVQXV3JC
Little Italy's Calzones (1368 N Arizona Ave),400bddf5-8e6b-576e-8b54-b3bf9a4e2689,,2,0,35.47,2.87,38.34,0,0,0,0,0,0,-7.2,-0.54,0,0,-0.99,0,0,-8.65,0,0,0,0,31.14,0,0,0,0,0,0,21.5,2/2/26,XHXE8FMGWEA3ZTC
Little Italy's Calzones (1368 N Arizona Ave),400bddf5-8e6b-576e-8b54-b3bf9a4e2689,,1,0,17.19,1.39,18.58,0,0,0,0,0,0,-3.72,-0.28,0,0,-0.99,0,0,-4.13,0,0,0,0,14.86,0,0,0,0,0,0,9.74,2/23/26,VA39XKG5SLSQAAS
Martha's Pancake Bar (38-01 Vernon Boulevard),8b8c373e-1432-51e1-b6a5-eae4e66b8de1,,1,0,15.99,1.42,17.41,0,0,0,0,0,0,-3.48,-0.28,0,0,0,0,0,-3.84,0,0,0,0,13.93,0,0,0,0,0,0,10.09,2/2/26,710VKDI77KLLOL0
Martha's Pancake Bar (38-01 Vernon Boulevard),8b8c373e-1432-51e1-b6a5-eae4e66b8de1,,1,0,21.98,1.95,23.93,-4.79,-0.43,-5.22,0,0,0,-4.79,-0.39,0,0,0,0,0,-5.27,0,0,0,0,19.14,0,0,0,0,0,0,8.65,2/17/26,DEEA23ZF6QTRPKU
Martha's Pancake Bar (38-01 Vernon Boulevard),8b8c373e-1432-51e1-b6a5-eae4e66b8de1,,0,0,0,0,0,4.79,0.43,5.22,0,0,0,0,0,0,0,0,0,0,0,0,0,0,0,0,0,0,0,0,0,0,5.22,2/23/26,RH8MHNHKHEVYQ4V
Sunshine Sushi Bar (400 W Indian School Rd),b2b02271-1ee4-5c77-a17c-21f9641e272f,,2,0,46.86,4.27,51.13,0,0,0,0,0,0,-10.24,-0.86,0,0,-1.98,0,0,-11.24,0,0,0,0,40.89,0,0,0,0,0,0,27.67,2/2/26,RWQ7WDI5KRL97O4
The Vegan Snob,a7e18a4e-3cb5-5c39-9afe-6f71bc577f23,177c45ee-defa-4a35-b4b0-dcea222aaebb,3,0,93.03,8.26,101.29,0,0,0,0,0,0,-20.27,-1.66,0,0,0,0,0,0,0,0,0,0,81.02,0,0,0,0,0,0,81.02,2/2/26,K33LWQ9MDZ9CY93
The Vegan Snob,a7e18a4e-3cb5-5c39-9afe-6f71bc577f23,177c45ee-defa-4a35-b4b0-dcea222aaebb,1,0,35.27,3.13,38.4,0,0,0,0,0,0,-7.68,-0.63,0,0,0,0,0,0,0,0,0,0,30.72,0,0,0,0,0,0,30.72,2/9/26,NPK075CY4Q4SKV6
The Vegan Snob,a7e18a4e-3cb5-5c39-9afe-6f71bc577f23,177c45ee-defa-4a35-b4b0-dcea222aaebb,1,0,57.85,5.13,62.98,0,0,0,0,0,0,-9.79,-0.79,0,0,0,0,0,0,0,0,0,0,53.19,0,0,0,0,0,0,53.19,2/23/26,EOD7KBJCOPUVM2Q
The Pasta Twins - 300 8th Ave,9b978bde-14de-46e4-93e7-940cbc0fddf1,9b978bde-14de-46e4-93e7-940cbc0fddf1,1,0,31.97,2.84,34.81,0,0,0,0,0,0,-6.96,-0.57,0,0,-0.99,0,0,-7.67,0,0,0,0,27.85,0,0,0,0,0,0,19.19,2/2/26,838L4GCXAN2PX09
The Pasta Twins - 300 8th Ave,9b978bde-14de-46e4-93e7-940cbc0fddf1,9b978bde-14de-46e4-93e7-940cbc0fddf1,1,0,39.98,3.55,43.53,0,0,0,0,0,0,-8.71,-0.71,0,0,-0.99,0,0,-9.59,0,0,0,0,34.82,0,0,0,0,0,0,24.24,2/17/26,IFVH7AVP2P8UHGC
Fresco Pizza & Shawarma,3a02d553-6ad2-40be-bb6c-770308151bbe,8691cdb9-9a5d-401b-ab23-f2596bb1ed8a,6,6,315.25,27.25,342.5,7.94,0,7.94,0,0,0,-43.49,-3.49,0,0,-4.95,12,0,-52.64,0,0,0,0,311.01,0,0,-41.73,0,-23.76,0,195.87,2/2/26,JY49MWMXSFUGBZM
Fresco Pizza & Shawarma,3a02d553-6ad2-40be-bb6c-770308151bbe,8691cdb9-9a5d-401b-ab23-f2596bb1ed8a,5,7,164.87,14.24,179.11,0,0,0,0,0,0,-27.15,-2.15,0,0,-4.95,7.5,0,-28.86,0,0,0,0,159.46,0,0,-53.39,0,-12.09,0,60.17,2/9/26,4Y509M3YIU7TQAR
Fresco Pizza & Shawarma,3a02d553-6ad2-40be-bb6c-770308151bbe,8691cdb9-9a5d-401b-ab23-f2596bb1ed8a,5,6,193.9,16.73,210.63,0,0,0,0,0,0,-33.67,-2.67,0,0,-2.97,9.3,0,-28.78,0,0,0,0,186.26,0,0,-41.96,0,-14.06,0,98.49,2/17/26,DJDZVYN5KFX3J64
Fresco Pizza & Shawarma,3a02d553-6ad2-40be-bb6c-770308151bbe,8691cdb9-9a5d-401b-ab23-f2596bb1ed8a,5,6,149.9,12.95,162.85,0,0,0,0,0,0,-28.25,-2.25,0,0,-1.98,7.8,0,-24.71,0,0,0,0,142.4,0,0,-7.47,0,-10.7,0,97.54,2/23/26,Z7WTOO038LHXZPI
The Hot Dog Village (1428 Polk St),b29dd42b-e80a-5aa5-8b54-4d7257a91d01,,3,0,127.83,11.05,138.88,0,0,0,0,0,0,-21.71,-1.73,0,0,0,0,0,-32.35,0,0,0,0,117.17,0,0,0,0,-9.32,0,75.5,2/2/26,BS1UCME3BYIJOVU
The Hot Dog Village (1428 Polk St),b29dd42b-e80a-5aa5-8b54-4d7257a91d01,,1,0,13.99,1.21,15.2,0,0,0,0,0,0,0,0,0,0,0,0,0,-4.2,0,0,0,0,15.2,0,0,0,0,-1.21,0,9.79,2/9/26,HBK4YMLVZB70981
The Hot Dog Village (1428 Polk St),b29dd42b-e80a-5aa5-8b54-4d7257a91d01,,2,0,58.93,5.09,64.02,0,0,0,0,0,0,-9.77,-0.78,0,0,0,0,0,-14.99,0,0,0,0,54.25,0,0,0,0,-4.31,0,34.95,2/17/26,KWE149AFHZEO9BH
The Hot Dog Village (1428 Polk St),b29dd42b-e80a-5aa5-8b54-4d7257a91d01,,1,0,36.94,3.19,40.13,0,0,0,0,0,0,-8.03,-0.64,0,0,0,0,0,-8.87,0,0,0,0,32.1,0,0,0,0,-2.55,0,20.68,2/23/26,TQ5DUDEXTYQZ38Q
Fresh N Fruity Smoothies (468 9th Ave),038695f2-33f7-52e4-bd14-2e2fc927c8bd,,1,0,12.57,1.12,13.69,0,0,0,0,0,0,0,0,0,0,0,0,0,-3.77,0,0,0,0,13.69,0,0,0,0,0,0,9.92,2/2/26,PPCVKW7SJ1NL380
Fresh N Fruity Smoothies (468 9th Ave),038695f2-33f7-52e4-bd14-2e2fc927c8bd,,1,0,12.57,1.12,13.69,0,0,0,0,0,0,0,0,0,0,0,0,0,-3.77,0,0,0,0,13.69,0,0,0,0,0,0,9.92,2/9/26,9W8DP2QLSZWYNBT
Fresh N Fruity Smoothies (468 9th Ave),038695f2-33f7-52e4-bd14-2e2fc927c8bd,,3,0,26.34,2.34,28.68,0,0,0,0,0,0,0,0,0,0,0,0,0,-7.9,0,0,0,0,28.68,0,0,0,0,0,0,20.78,2/17/26,638XZRLNJHGJB87
Fresh N Fruity Smoothies (468 9th Ave),038695f2-33f7-52e4-bd14-2e2fc927c8bd,,5,0,142.5,12.65,155.15,0,0,0,0,0,0,-19.69,-1.61,0,0,0,0,0,-37.33,0,0,0,0,135.46,0,0,0,0,0,0,98.13,2/23/26,GYX659CQBJJGUKV
Farmer Girl Salad,def9bc45-62c9-4e10-bc84-e74ebcf883f0,def9bc45-62c9-4e10-bc84-e74ebcf883f0,1,0,23.98,2.13,26.11,0,0,0,0,0,0,-5.23,-0.43,0,0,0,0,0,-5.75,0,0,0,0,20.88,0,0,0,0,0,0,15.13,2/2/26,1NBOC2QV8S3XQRW
Farmer Girl Salad,def9bc45-62c9-4e10-bc84-e74ebcf883f0,def9bc45-62c9-4e10-bc84-e74ebcf883f0,4,0,189.79,16.83,206.62,0,0,0,0,0,0,-38.71,-3.15,0,0,0,0,0,-46.26,0,0,0,0,167.91,0,0,0,0,0,0,121.65,2/17/26,6NGCNC20KCXWFEP
Bagel Dynasty (1174 Chapel St),fc5f8f92-9da0-578f-a153-78ea722c2cb2,fc5f8f92-9da0-578f-a153-78ea722c2cb2,3,0,58.41,4.28,62.69,0,0,0,0,0,0,-11.04,-0.75,0,0,0,0,0,-14.43,0,0,0,0,51.65,0,0,0,0,-3.53,0,33.69,2/2/26,SMI5M1GQQ42Q2R2
Bagel Dynasty (1174 Chapel St),fc5f8f92-9da0-578f-a153-78ea722c2cb2,fc5f8f92-9da0-578f-a153-78ea722c2cb2,3,0,85.9,6.3,92.2,0,-1.4,-1.4,0,0,0,-18.43,-1.26,0,0,0,0,0,-20.62,0,0,0,0,73.77,0,0,0,0,-3.64,0,48.11,2/17/26,SZD2OZ8JPRZ8HXJ
Bagel Dynasty (1174 Chapel St),fc5f8f92-9da0-578f-a153-78ea722c2cb2,fc5f8f92-9da0-578f-a153-78ea722c2cb2,1,0,19.56,1.43,20.99,0,0,0,0,0,0,-4.19,-0.28,0,0,0,0,0,-4.7,0,0,0,0,16.8,0,0,0,0,-1.15,0,10.95,2/23/26,9U2NQZFGECJHYBH
Vegan Indian Company,7c77bac4-dc4b-4d38-92e9-e997c87414aa,7c77bac4-dc4b-4d38-92e9-e997c87414aa,3,0,108.89,9.67,118.56,0,0,0,0,0,0,-23.29,-1.9,0,0,0,0,0,-26.25,0,0,0,0,95.27,0,0,0,0,0,0,69.02,2/9/26,ZCFRLA4UPCX13EV
Vegan Indian Company,7c77bac4-dc4b-4d38-92e9-e997c87414aa,7c77bac4-dc4b-4d38-92e9-e997c87414aa,1,0,36.96,3.28,40.24,0,0,0,0,0,0,-8.05,-0.66,0,0,0,0,0,-8.87,0,0,0,0,32.19,0,0,0,0,0,0,23.32,2/17/26,4524G7QEGJS4U7M
Vegan Indian Company,7c77bac4-dc4b-4d38-92e9-e997c87414aa,7c77bac4-dc4b-4d38-92e9-e997c87414aa,1,0,17.98,1.6,19.58,0,0,0,0,0,0,-3.92,-0.32,0,0,0,0,0,-4.31,0,0,0,0,15.66,0,0,0,0,0,0,11.35,2/23/26,8LUDIHRIIATU0O7
Charlie's Chicken Wings (1156 South Bay Road),c5aaef61-52f3-52f5-b8bf-9d3073ef5af3,,3,0,62.59,0,62.59,0,0,0,0,0,0,-7.54,0,0,0,0,0,0,-16.52,0,0,0,0,55.05,0,0,0,0,0,0,38.53,2/2/26,D16YE5LL1FH07DW
Manchester Pancake Co. (128 East 4th Street),ea760a8a-8d9e-54c9-a32d-9f6912ec0ef7,,4,2,77.71,6.91,84.62,0,0,0,0,0,0,-16.94,-1.39,0,0,0,0,0,-18.64,0,0,0,0,67.68,0,0,-1.63,0,0,0,47.41,2/2/26,N5NASVTUPUXCOFU
Manchester Pancake Co. (128 East 4th Street),ea760a8a-8d9e-54c9-a32d-9f6912ec0ef7,,1,2,23.87,2.12,25.99,0,0,0,0,0,0,-5.19,-0.42,0,0,0,0,0,-5.73,0,0,0,0,20.8,0,0,-4.07,0,0,0,11,2/9/26,YX2NRZ52T5D8CX0
Mama's Buffalo Wings (44 E 8th St),0a64b814-3fd8-5db2-b748-d1e3bcacc5c3,0a64b814-3fd8-5db2-b748-d1e3bcacc5c3,2,0,54.4,4.83,59.23,0,0,0,0,0,0,-11.85,-0.97,0,0,-0.99,0,0,-13.06,0,0,0,0,47.38,0,0,0,0,0,0,33.33,2/9/26,C5XYUBZ1SXF55YJ
Mama's Buffalo Wings (44 E 8th St),0a64b814-3fd8-5db2-b748-d1e3bcacc5c3,0a64b814-3fd8-5db2-b748-d1e3bcacc5c3,1,0,47.12,4.18,51.3,0,0,0,0,0,0,-9.8,-0.8,0,0,-0.99,0,0,-11.44,0,0,0,0,41.5,0,0,0,0,0,0,29.07,2/17/26,4N2DRJ89JPNNUSR
Mama's Buffalo Wings (44 E 8th St),0a64b814-3fd8-5db2-b748-d1e3bcacc5c3,0a64b814-3fd8-5db2-b748-d1e3bcacc5c3,3,0,122.74,10.9,133.64,0,0,0,0,0,0,-15.61,-1.28,0,0,-0.99,0,0,-32.52,0,0,0,0,118.03,0,0,0,0,0,0,84.52,2/23/26,E997HH7MG5AKC4L
Vegan Indian Snob,ff93de77-a008-410b-ad6f-02eb6fe83ae1,ff93de77-a008-410b-ad6f-02eb6fe83ae1,2,5,77.92,6.91,84.83,0,0,0,0,0,0,-14.15,-1.15,0,0,-1.98,0,0,-14.94,0,0,0,0,70.68,0,0,-7.17,0,0,0,46.59,2/2/26,IHLD61S04NIHT6V
Vegan Indian Snob,ff93de77-a008-410b-ad6f-02eb6fe83ae1,ff93de77-a008-410b-ad6f-02eb6fe83ae1,5,6,179.32,15.91,195.23,0,0,0,0,0,0,-31.88,-2.6,0,0,-3.96,0,0,-34.51,0,0,0,0,163.35,0,0,-7.82,0,0,0,117.06,2/9/26,TJ4Q2U6YBMYRRQW
Breakfast Burrito Joint (300 The Village),fa19f232-e296-5de8-b004-20bcb6caa663,92656f19-209d-419d-83e0-b0cd8d120fff,2,0,50.37,5.08,55.45,0,0,0,0,0,0,-12.88,-1.16,0,0,0,0,0,-7.73,0,0,0,0,42.57,0,0,0,0,-3.92,0,30.92,2/2/26,OM8Z5HQTOW0J94G
Antonio's Quesadilla Shack (4352 E Speedway Blvd),d4f49c74-d679-5bf7-b3d7-71fcc238ddec,,1,0,16.49,1.43,17.92,0,0,0,0,0,0,-3.58,-0.28,0,0,-0.99,0,0,-3.96,0,0,0,0,14.34,0,0,0,0,0,0,9.39,2/2/26,5B33AYX0WZFFGE4
Antonio's Quesadilla Shack (4352 E Speedway Blvd),d4f49c74-d679-5bf7-b3d7-71fcc238ddec,,2,0,47.21,4.11,51.32,0,0,0,0,0,0,-10.27,-0.82,0,0,-1.98,0,0,-11.33,0,0,0,0,41.05,0,0,0,0,0,0,27.74,2/17/26,8B49LX0936YCECE
Antonio's Quesadilla Shack (4352 E Speedway Blvd),d4f49c74-d679-5bf7-b3d7-71fcc238ddec,,4,0,118.74,10.34,129.08,0,0,0,0,0,0,-24.78,-1.99,0,0,-3.96,0,0,-28.78,0,0,0,0,104.3,0,0,0,0,0,0,71.56,2/23/26,3PZDEP1ITVROA94
Priya's Indian Kitchen,66abf70b-917f-437e-bbcf-b3c02ac77f30,66abf70b-917f-437e-bbcf-b3c02ac77f30,5,8,121.89,10.82,132.71,0,0,0,0,0,0,-26.56,-2.17,0,0,-4.95,0,0,-29.23,0,0,0,0,106.15,0,0,-19.15,0,0,0,52.82,2/2/26,K71ISSYSFQYUAEX
Priya's Indian Kitchen,66abf70b-917f-437e-bbcf-b3c02ac77f30,66abf70b-917f-437e-bbcf-b3c02ac77f30,8,8,242.81,21.55,264.36,0,0,0,0,0,0,-45.07,-3.68,0,0,-7.92,0,0,-60.42,0,0,0,0,219.29,0,0,-17.03,0,0,0,133.92,2/9/26,BGO5AIYV4BHT4ND
Priya's Indian Kitchen,66abf70b-917f-437e-bbcf-b3c02ac77f30,66abf70b-917f-437e-bbcf-b3c02ac77f30,7,6,291.78,25.9,317.68,0,0,0,0,0,0,-47.25,-3.86,0,0,-6.93,0,0,-74.51,0,0,0,0,270.43,0,0,-18.79,0,0,0,170.2,2/17/26,FM4DRP1P1MPY6BF
Priya's Indian Kitchen,66abf70b-917f-437e-bbcf-b3c02ac77f30,66abf70b-917f-437e-bbcf-b3c02ac77f30,4,9,125.91,11.18,137.09,0,0,0,0,0,0,-27.22,-2.23,0,0,-3.96,0,0,-30.27,0,0,0,0,109.87,0,0,-19.49,0,0,0,56.15,2/23/26,C9T8VZMJSWL5TAX
Top Notch Sandwiches (226 Newark Ave),6d6b5a9d-cbd8-51fc-8ad3-7055c413b35e,6d6b5a9d-cbd8-51fc-8ad3-7055c413b35e,2,0,50.35,3.33,53.68,-4.55,-0.3,-4.85,0,0,0,-10.73,-0.66,0,0,0,0,0,-6.05,0,0,0,0,42.95,0,0,0,0,-2.37,0,29.68,2/9/26,KQGA07SADUC668S
Top Notch Sandwiches (226 Newark Ave),6d6b5a9d-cbd8-51fc-8ad3-7055c413b35e,6d6b5a9d-cbd8-51fc-8ad3-7055c413b35e,0,0,0,0,0,4.55,0,4.55,0,0,0,0,0,0,0,0,0,0,0,0,0,0,0,0,0,0,0,0,0,0,4.55,2/17/26,00V811VHVFWVQ9Z
Top Notch Sandwiches (226 Newark Ave),6d6b5a9d-cbd8-51fc-8ad3-7055c413b35e,6d6b5a9d-cbd8-51fc-8ad3-7055c413b35e,1,0,41.96,2.78,44.74,0,0,0,0,0,0,-8.95,-0.56,0,0,0,0,0,-5.04,0,0,0,0,35.79,0,0,0,0,-2.22,0,28.53,2/24/26,TB9DTYWQPNTOQIR
Panini's On Panini's (382 8th Ave),4bf8d0bc-8a8d-5eb7-9bdd-187e650ce520,,10,7,248.19,22.01,270.2,0,0,0,0,0,0,-50.73,-4.12,0,0,0,0,0,-60.46,0,0,0,0,219.47,0,0,-10.79,0,0,0,148.22,2/2/26,GDVQGHP02PQU59H
Panini's On Panini's (382 8th Ave),4bf8d0bc-8a8d-5eb7-9bdd-187e650ce520,,5,7,100.01,8.88,108.89,-6.71,-0.6,-7.31,0,0,0,-18.75,-1.53,0,0,0,0,0,-24.84,0,0,0,0,90.14,0,0,-14.37,0,0,0,43.62,2/9/26,Q0VP2RF00PFQXE4
Panini's On Panini's (382 8th Ave),4bf8d0bc-8a8d-5eb7-9bdd-187e650ce520,,1,6,13.99,1.24,15.23,6.71,0.6,7.31,0,0,0,0,0,0,0,0,0,0,-4.2,0,0,0,0,15.23,0,0,-12.5,0,0,0,5.84,2/17/26,8GPR9DSB04HE4T3
Panini's On Panini's (382 8th Ave),4bf8d0bc-8a8d-5eb7-9bdd-187e650ce520,,3,7,74.11,6.58,80.69,0,0,0,0,0,0,-16.12,-1.31,0,0,0,0,0,-17.79,0,0,0,0,64.57,0,0,-7.74,0,0,0,39.04,2/23/26,GWGZBUTXW3XXD02
Modern Vegan Indian,579ff35f-b269-4c64-951a-227deefb62f3,73d245ec-702a-4282-acaa-273f921a61ac,7,6,205.97,18.43,224.4,0,0,0,0,0,0,-41.43,-3.41,0,0,0,0,0,-37.95,0,0,0,0,182.97,0,0,-15.45,0,-15.02,0,114.55,2/2/26,TSDC035CPYQB3M0
Modern Vegan Indian,579ff35f-b269-4c64-951a-227deefb62f3,73d245ec-702a-4282-acaa-273f921a61ac,6,9,149.58,13.86,163.44,0,0,0,0,0,0,-32.68,-2.76,0,0,0,0,0,-34.82,0,0,0,0,130.76,0,0,-25.45,0,-11.1,0,59.39,2/9/26,NP58IMRVXKB9D5T
Modern Vegan Indian,579ff35f-b269-4c64-951a-227deefb62f3,73d245ec-702a-4282-acaa-273f921a61ac,4,6,75.32,7.17,82.49,0,0,0,0,0,0,-14.66,-1.27,0,0,0,0,0,-18.57,0,0,0,0,67.83,0,0,-14.1,0,-5.9,0,29.26,2/17/26,PD1SDH87MVWCIFP
Modern Vegan Indian,579ff35f-b269-4c64-951a-227deefb62f3,73d245ec-702a-4282-acaa-273f921a61ac,5,7,128.51,10.94,139.45,0,0,0,0,0,0,-27.91,-2.22,0,0,0,0,0,-30.85,0,0,0,0,111.54,0,0,-15.58,0,-8.72,0,56.39,2/23/26,NSZ2S8I4Q29BWL8
Linh's Chinese Restaurant (501 Broadway St),63efaf3b-9b50-5651-bb73-3cdb162cf8e2,63efaf3b-9b50-5651-bb73-3cdb162cf8e2,2,0,46.16,4,50.16,0,0,0,0,0,0,-10.05,-0.81,0,0,0,0,0,-11.08,0,0,0,0,40.11,0,0,0,0,-3.19,0,25.84,2/23/26,93US2Y6X7S4000F
Green Leaf Salads (2614 Lebanon Pike),cd9c8d9d-0df1-5d11-a506-075fef2fd7aa,e63927da-8975-4f74-9b62-9b22f971645e,1,0,26.58,2.59,29.17,0,0,0,0,0,0,-5.84,-0.52,0,0,0,0,0,-6.38,0,0,0,0,23.33,0,0,0,0,0,0,16.95,2/2/26,YDNZAN3PV9QK9RK
Green Leaf Salads (2614 Lebanon Pike),cd9c8d9d-0df1-5d11-a506-075fef2fd7aa,e63927da-8975-4f74-9b62-9b22f971645e,1,0,20.28,1.98,22.26,0,0,0,0,0,0,-4.46,-0.4,0,0,0,0,0,-4.87,0,0,0,0,17.8,0,0,0,0,0,0,12.93,2/17/26,NNLL9XRPX2GTE50
Suzanne's Sub Sandwiches (4663 Trousdale Dr),d0ec576c-58d7-5c70-9eef-4c89350dfe62,d0ec576c-58d7-5c70-9eef-4c89350dfe62,1,0,16.28,1.59,17.87,0,0,0,0,0,0,-3.58,-0.32,0,0,-0.99,0,0,-3.91,0,0,0,0,14.29,0,0,0,0,0,0,9.39,2/17/26,EF1TA38C39BU7OI
Bonnie's Burgers (1634 W High St),620d4f9e-4afb-5962-96e0-ff1d9a430a3c,620d4f9e-4afb-5962-96e0-ff1d9a430a3c,1,0,113.43,6.81,120.24,0,0,0,0,0,0,-9.55,-0.55,0,0,0,0,0,-31.33,0,0,0,0,110.69,0,0,0,0,-6.26,0,73.1,2/2/26,XNZ1L0U3PXX012N
Vegan Falafel Joint (3846 Mowry Ave),d771b5a3-9856-56c4-b965-74d494a46c44,,1,0,19.58,2.01,21.59,0,0,0,0,0,0,-4.32,-0.4,0,0,-0.99,0,0,-4.7,0,0,0,0,17.27,0,0,0,0,-1.61,0,9.97,2/2/26,XKVD6QI4NYSPV22
Vegan Falafel Joint (3846 Mowry Ave),d771b5a3-9856-56c4-b965-74d494a46c44,,2,0,45.13,4.46,49.59,0,0,0,0,0,0,0,0,0,0,0,0,0,-13.54,0,0,0,0,49.59,0,0,0,0,-4.46,0,31.59,2/17/26,ROEMGKAITT4O98F
The Wings Express - 1147 West Chester Pike,24139401-7425-48b6-9ea1-26abc022dedf,24139401-7425-48b6-9ea1-26abc022dedf,4,0,113.84,6.86,120.7,0,0,0,0,0,0,-24.13,-1.37,0,0,0,0,0,-27.32,0,0,0,0,96.57,0,0,0,0,-5.49,0,63.76,2/2/26,UKCT4I1HFXPHTIR
The Wings Express - 1147 West Chester Pike,24139401-7425-48b6-9ea1-26abc022dedf,24139401-7425-48b6-9ea1-26abc022dedf,3,0,102.85,6.18,109.03,0,0,0,0,0,0,-20.12,-1.14,0,0,-0.99,0,0,-25.16,0,0,0,0,88.91,0,0,0,0,-5.04,0,57.72,2/9/26,JSHDSMGQPEMGFDG
The Wings Express - 1147 West Chester Pike,24139401-7425-48b6-9ea1-26abc022dedf,24139401-7425-48b6-9ea1-26abc022dedf,1,0,38.96,2.34,41.3,0,0,0,0,0,0,-8.26,-0.47,0,0,0,0,0,-9.35,0,0,0,0,33.04,0,0,0,0,-1.87,0,21.82,2/17/26,WR68FQVTAFHD7K5
The Wings Express - 1147 West Chester Pike,24139401-7425-48b6-9ea1-26abc022dedf,24139401-7425-48b6-9ea1-26abc022dedf,3,0,112.86,6.78,119.64,0,0,0,0,0,0,-15.67,-0.88,0,0,-0.99,0,0,-29.41,0,0,0,0,103.97,0,0,0,0,-5.9,0,67.67,2/23/26,0WGJ6367SJ2JY9G
Lola's Smoothie Mix,abac7f35-e3dd-5e5c-9fbf-7e597dcaf87d,,2,2,34.45,3.05,37.5,0,0,0,0,0,0,-4.88,-0.39,0,0,0,0,0,-7.5,0,0,0,0,32.62,0,0,-1.33,0,0,0,23.79,2/2/26,RN3I6ENUR44FAWJ
Lola's Smoothie Mix,abac7f35-e3dd-5e5c-9fbf-7e597dcaf87d,,1,1,11.28,1,12.28,0,0,0,0,0,0,0,0,0,0,0,0,0,-2.82,0,0,0,0,12.28,0,0,-0.84,0,0,0,8.62,2/9/26,L3VBA3VGIXEFWMA
Lola's Smoothie Mix,abac7f35-e3dd-5e5c-9fbf-7e597dcaf87d,,3,3,64.52,5.72,70.24,-8.95,-0.79,-9.74,0,0,0,-11.59,-0.94,0,0,0,0,0,-13.47,0,0,0,0,58.65,0,0,-1.5,0,0,0,33.94,2/17/26,0RIBEM0V9BIHIJ4
Lola's Smoothie Mix,abac7f35-e3dd-5e5c-9fbf-7e597dcaf87d,,4,3,68.9,6.11,75.01,8.95,0.79,9.74,0,0,0,-15.53,-1.26,0,0,0,0,0,-13.66,0,0,0,0,59.48,0,0,-3.1,0,0,0,52.46,2/23/26,ISDFKB1YQ3KR00H
Kung Fu Fried Rice (400 W Indian School Rd),04dbf5fc-ae4d-54ad-b9f5-523543f8ca23,,4,0,78.62,7.15,85.77,0,0,0,0,0,0,-17.16,-1.43,0,0,0,0,0,-14.3,0,0,0,0,68.61,0,0,0,0,0,0,54.31,2/2/26,NI6KHKZ57LPJC5E
Kung Fu Fried Rice (400 W Indian School Rd),04dbf5fc-ae4d-54ad-b9f5-523543f8ca23,,1,0,31.47,2.86,34.33,0,0,0,0,0,0,-6.86,-0.57,0,0,0,0,0,-7.55,0,0,0,0,27.47,0,0,0,0,0,0,19.92,2/9/26,SOX4J7V0WQFZBE9
Kung Fu Fried Rice (400 W Indian School Rd),04dbf5fc-ae4d-54ad-b9f5-523543f8ca23,,4,0,88.08,8.02,96.1,0,0,0,0,0,0,-16.32,-1.37,0,0,0,0,0,-12.18,0,0,0,0,79.78,0,0,0,0,0,0,67.6,2/23/26,Y09LO8HYQVZC9WM
Ben's Buffalo Wings - 5155 3rd St,8fc39257-d206-4da6-bd25-ef1fd82d22da,8ea0512a-8386-4805-b324-225809562e2a,5,0,132.7,11.15,143.85,0,0,0,0,0,0,-28.74,-2.21,0,0,0,0,0,-31.85,0,0,0,0,115.11,0,0,0,0,-8.94,0,74.32,2/2/26,VTFF77KRI0R539V
Ben's Buffalo Wings - 5155 3rd St,8fc39257-d206-4da6-bd25-ef1fd82d22da,8ea0512a-8386-4805-b324-225809562e2a,4,0,202.54,16.87,219.41,0,0,0,0,0,0,-33.12,-2.58,0,0,0,0,0,-48.21,0,0,0,0,186.29,0,0,0,0,-14.29,0,123.79,2/9/26,PQ0S2EZ4RTUG7YA
Ben's Buffalo Wings - 5155 3rd St,8fc39257-d206-4da6-bd25-ef1fd82d22da,8ea0512a-8386-4805-b324-225809562e2a,2,0,66.27,5.11,71.38,0,0,0,0,0,0,-13.07,-0.94,0,0,0,0,0,-16.24,0,0,0,0,58.31,0,0,0,0,-4.17,0,37.9,2/17/26,FK71M6ML2GZD29Z
Ben's Buffalo Wings - 5155 3rd St,8fc39257-d206-4da6-bd25-ef1fd82d22da,8ea0512a-8386-4805-b324-225809562e2a,3,0,56.02,5.34,61.36,0,0,0,0,0,0,-12.28,-1.07,0,0,0,0,0,-13.44,0,0,0,0,49.08,0,0,0,0,-4.27,0,31.37,2/23/26,TPF96E8QBQ1LD8O
Cameron's Breakfast Cafe,f883fe50-68e9-5dec-a592-08c78637bdf8,,3,0,57.69,5.11,62.8,0,0,0,0,0,0,-5.47,-0.44,0,0,0,0,0,0,0,0,0,0,57.33,0,0,0,0,0,0,57.33,2/2/26,XHOKYZO5Y3E8JN6
Cameron's Breakfast Cafe,f883fe50-68e9-5dec-a592-08c78637bdf8,,3,0,58.7,5.21,63.91,0,0,0,0,0,0,-12.77,-1.04,0,0,0,0,0,0,0,0,0,0,51.14,0,0,0,0,0,0,51.14,2/9/26,XG0XY5F5FO3TNAL
Cameron's Breakfast Cafe,f883fe50-68e9-5dec-a592-08c78637bdf8,,1,0,27.36,2.43,29.79,0,0,0,0,0,0,-5.96,-0.49,0,0,0,0,0,0,0,0,0,0,23.83,0,0,0,0,0,0,23.83,2/17/26,3RIDO0CEC0ZC0JJ
Ice Cream and Cake Shop,936bf7bc-3899-437c-a60d-6bf9583bdb89,936bf7bc-3899-437c-a60d-6bf9583bdb89,5,6,94.18,6.58,100.76,0,0,0,0,0,0,-9.57,-0.64,0,0,0,0,0,-20.26,0,0,0,0,91.19,0,0,-6,0,0,0,64.93,2/2/26,U1WNPERLWQ5Q12A
Ice Cream and Cake Shop,936bf7bc-3899-437c-a60d-6bf9583bdb89,936bf7bc-3899-437c-a60d-6bf9583bdb89,1,5,19.08,1.69,20.77,0,0,0,0,0,0,-4.16,-0.34,0,0,0,0,0,-4.58,0,0,0,0,16.61,0,0,-5.5,0,0,0,6.53,2/9/26,B1THFLLLKF50PFS
Ice Cream and Cake Shop,936bf7bc-3899-437c-a60d-6bf9583bdb89,936bf7bc-3899-437c-a60d-6bf9583bdb89,2,5,31.07,2.75,33.82,0,0,0,0,0,0,0,0,0,0,0,0,0,-9.32,0,0,0,0,33.82,0,0,-4,0,0,0,20.5,2/17/26,6QA4MBO11DQQQME
Ice Cream and Cake Shop,936bf7bc-3899-437c-a60d-6bf9583bdb89,936bf7bc-3899-437c-a60d-6bf9583bdb89,1,5,33.96,3.01,36.97,0,0,0,0,0,0,-7.39,-0.6,0,0,0,0,0,-8.15,0,0,0,0,29.58,0,0,-4.75,0,0,0,16.68,2/23/26,7N5N4JWR5Q5273O
The Burrito Bae (59 4th Ave),fe7d784a-ca03-5e17-9d91-e88a64d5bf18,fe7d784a-ca03-5e17-9d91-e88a64d5bf18,1,0,19.99,1.77,21.76,0,0,0,0,0,0,0,0,0,0,0,0,0,-6,0,0,0,0,21.76,0,0,0,0,0,0,15.76,2/17/26,AQRUD9AT9INXP3I
Little Italy's Calzones (415 E Windmill Lane),d0765f05-6923-570e-b472-757eb5bcef19,e2c6f90c-708e-4d18-bd33-b5a6cfa74928,1,0,21.97,1.84,23.81,0,0,0,0,0,0,-4.76,-0.37,0,0,0,0,0,-5.27,0,0,0,0,19.05,0,0,0,0,-1.47,0,12.31,2/2/26,J99XR9PCL4YZXV9
The Juice Affair (296 3rd Ave),0a5b0df2-8cb7-5d29-a046-8a771fb55596,,1,0,17.48,1.55,19.03,0,0,0,0,0,0,-3.81,-0.31,0,0,-0.99,0,0,-4.19,0,0,0,0,15.22,0,0,0,0,0,0,10.04,2/9/26,YORF9KPLTLRPKQ7
Sarah's Breakfast Bar,2e669d8b-2a33-5b41-b0d6-3e9012fbf03c,1e3c53c4-14d4-4ec8-b04b-2979e328211b,6,0,113.76,10.09,123.85,0,0,0,0,0,0,-21.61,-1.76,0,0,0,0,0,0,0,0,0,0,102.24,0,0,0,0,0,0,102.24,2/2/26,FFV8L920TQLE2EW
Sarah's Breakfast Bar,2e669d8b-2a33-5b41-b0d6-3e9012fbf03c,1e3c53c4-14d4-4ec8-b04b-2979e328211b,3,0,92.35,8.2,100.55,0,0,0,0,0,0,-19.03,-1.55,0,0,0,0,0,0,0,0,0,0,81.52,0,0,0,0,0,0,81.52,2/9/26,L2D2W1U81W1TJFQ
Sarah's Breakfast Bar,2e669d8b-2a33-5b41-b0d6-3e9012fbf03c,1e3c53c4-14d4-4ec8-b04b-2979e328211b,5,0,95.83,8.51,104.34,0,0,0,0,0,0,-20,-1.64,0,0,0,0,0,0,0,0,0,0,84.34,0,0,0,0,0,0,84.34,2/17/26,8DII9F606KHEQNC
Ramen Noodle Empire (2521 Durant Ave Suite D),8428770a-299d-5b5c-90c4-7365da6bc928,39861cbf-7b92-478d-968d-20f8c86c8797,7,0,220.47,22.94,243.41,0,0,0,0,0,0,-46.92,-4.35,0,0,0,0,0,-39.58,0,0,0,0,196.49,0,0,0,0,-18.59,0,138.32,2/2/26,UO0KFMRBYS4GY8L
Ramen Noodle Empire (2521 Durant Ave Suite D),8428770a-299d-5b5c-90c4-7365da6bc928,39861cbf-7b92-478d-968d-20f8c86c8797,5,0,151.05,15.72,166.77,0,0,0,0,0,0,-33.13,-3.11,0,0,0,0,0,-24.9,0,0,0,0,133.64,0,0,0,0,-12.61,0,96.13,2/9/26,OPLVFK9E3TIV73X
Ramen Noodle Empire (2521 Durant Ave Suite D),8428770a-299d-5b5c-90c4-7365da6bc928,39861cbf-7b92-478d-968d-20f8c86c8797,4,0,109.88,10.92,120.8,0,0,0,0,0,0,-24.2,-2.21,0,0,0,0,0,-26.36,0,0,0,0,96.6,0,0,0,0,-8.71,0,61.53,2/17/26,XGL251G062RYWJ7
Ramen Noodle Empire (2521 Durant Ave Suite D),8428770a-299d-5b5c-90c4-7365da6bc928,39861cbf-7b92-478d-968d-20f8c86c8797,5,0,236.36,25.36,261.72,0,0,0,0,0,0,-42.64,-4.13,0,0,0,0,0,-59.36,0,0,0,0,219.08,0,0,0,0,-21.23,0,138.49,2/23/26,6HFGU7OKFROSR0C
Hella Good Chicken Wings (43 W Flagler St),bdcfdc95-4b66-5ed4-8cb4-b5c662d15975,,1,0,168.86,11.82,180.68,0,0,0,0,0,0,-9.63,-0.63,0,0,0,0,0,-47.96,0,0,0,0,171.05,0,0,0,0,-11.19,0,111.9,2/2/26,0DEKYYGML3WKN5I
Hella Good Chicken Wings (43 W Flagler St),bdcfdc95-4b66-5ed4-8cb4-b5c662d15975,,1,0,25.18,1.76,26.94,0,0,0,0,0,0,-5.39,-0.35,0,0,0,0,0,-6.04,0,0,0,0,21.55,0,0,0,0,-1.41,0,14.1,2/9/26,0U5EOTF2QDZJPKI
Hella Good Chicken Wings (43 W Flagler St),bdcfdc95-4b66-5ed4-8cb4-b5c662d15975,,1,0,33.85,2.37,36.22,0,0,0,0,0,0,-7.24,-0.47,0,0,0,0,0,-8.12,0,0,0,0,28.98,0,0,0,0,-1.9,0,18.96,2/17/26,XJWYT23OYR3UA5A
TacoTaste Mexican (1741 1st Avenue),70a52ee6-4afa-50e5-9ac7-e354f0189bfd,a6f02c85-576d-45ec-a239-c8ea91942ff4,1,0,19.58,1.74,21.32,0,0,0,0,0,0,-4.27,-0.35,0,0,0,0,0,-4.7,0,0,0,0,17.05,0,0,0,0,0,0,12.35,2/9/26,A9SQ2GC2MVE8ANS
Holy Grail Omelettes (1760 3rd Ave),66b03fe1-e97d-5e42-b4fa-aac69a00121c,,1,0,14.67,1.3,15.97,0,0,0,0,0,0,0,0,0,0,0,0,0,-4.4,0,0,0,0,15.97,0,0,0,0,0,0,11.57,2/2/26,JUNFQ5WCCR7KRKP
Holy Grail Omelettes (1760 3rd Ave),66b03fe1-e97d-5e42-b4fa-aac69a00121c,,1,0,19.58,1.74,21.32,0,0,0,0,0,0,-4.27,-0.35,0,0,0,0,0,-4.7,0,0,0,0,17.05,0,0,0,0,0,0,12.35,2/9/26,IDZVB7NAVE5MT0H
Ryu's Ramen Bar (1401 E Arapaho Rd #F),cfc21a45-05db-5091-88fa-8910ba946f77,,7,6,305.24,25.2,330.44,0,0,0,0,0,0,-53.23,-4.08,0,0,0,0,0,-76.84,-5.09,0,0,0,277.21,0,0,-7.35,0,0,0,187.93,2/2/26,BSKFR0FS34NF91U
Ryu's Ramen Bar (1401 E Arapaho Rd #F),cfc21a45-05db-5091-88fa-8910ba946f77,,2,7,121,9.99,130.99,0,0,0,0,0,0,-17.05,-1.33,0,0,0,0,0,-31.59,-2.11,0,0,0,113.94,0,0,-13.69,0,0,0,66.55,2/9/26,HQYVVV4QDXMG0D1
Ryu's Ramen Bar (1401 E Arapaho Rd #F),cfc21a45-05db-5091-88fa-8910ba946f77,,5,7,118.89,9.83,128.72,0,0,0,0,0,0,-25.75,-1.97,0,0,0,0,0,-28.53,-1.87,0,0,0,102.97,0,0,-15,0,0,0,57.57,2/17/26,T6ERF6EJKMLE35M
Ryu's Ramen Bar (1401 E Arapaho Rd #F),cfc21a45-05db-5091-88fa-8910ba946f77,,3,6,100.73,8.31,109.04,0,0,0,0,0,0,-20.86,-1.59,0,0,-0.99,0,0,-21.3,-1.41,0,0,0,88.18,0,0,-12.74,0,0,0,51.74,2/23/26,QQQJTV5C48IDX71
Firenze Pasta Ristorante (20491 Alton Pkwy Ste B),1010a6ad-5241-54c3-8c32-acb39bee688f,7c30f640-537f-4e76-a14d-7b986ae45a9a,1,0,34.66,2.68,37.34,0,0,0,0,0,0,-7.46,-0.53,0,0,0,0,0,-8.32,0,0,0,0,29.88,0,0,0,0,-2.15,0,19.41,2/2/26,F9X5XSYYP4KWZ0R
Firenze Pasta Ristorante (20491 Alton Pkwy Ste B),1010a6ad-5241-54c3-8c32-acb39bee688f,7c30f640-537f-4e76-a14d-7b986ae45a9a,4,0,106.8,8.28,115.08,0,0,0,0,0,0,-23.01,-1.65,0,0,0,0,0,-25.64,0,0,0,0,92.07,0,0,0,0,-6.63,0,59.8,2/9/26,6S9P6152OYGDADC
Firenze Pasta Ristorante (20491 Alton Pkwy Ste B),1010a6ad-5241-54c3-8c32-acb39bee688f,7c30f640-537f-4e76-a14d-7b986ae45a9a,6,0,216.9,16.82,233.72,0,0,0,0,0,0,-44.76,-3.23,0,0,0,0,0,-52.61,0,0,0,0,188.96,0,0,0,0,-13.59,0,122.76,2/17/26,8U74XMMNYWE4E3S
Firenze Pasta Ristorante (20491 Alton Pkwy Ste B),1010a6ad-5241-54c3-8c32-acb39bee688f,7c30f640-537f-4e76-a14d-7b986ae45a9a,1,0,27.35,2.13,29.48,0,0,0,0,0,0,-5.91,-0.44,0,0,0,0,0,-6.56,0,0,0,0,23.57,0,0,0,0,-1.69,0,15.32,2/23/26,QUFPZUC6N9OJC14
The Salad Snob - 2624 Pico Blvd,0d8eb500-3772-48ec-9b81-85527e539eba,0d8eb500-3772-48ec-9b81-85527e539eba,3,14,129.58,12.97,142.55,0,0,0,0,0,0,-27.28,-2.45,0,0,-2.97,0,0,-31.43,0,0,0,0,115.27,0,0,-23.71,0,-10.52,0,46.64,2/2/26,QECTG2ZL5O8JFR5
The Salad Snob - 2624 Pico Blvd,0d8eb500-3772-48ec-9b81-85527e539eba,0d8eb500-3772-48ec-9b81-85527e539eba,5,8,135.8,13.59,149.39,0,0,0,0,0,0,-29.89,-2.72,0,0,-4.95,0,0,-32.6,0,0,0,0,119.5,0,0,-11.82,0,-10.87,0,59.26,2/9/26,ZZ3XF6PS758NA1D
The Salad Snob - 2624 Pico Blvd,0d8eb500-3772-48ec-9b81-85527e539eba,0d8eb500-3772-48ec-9b81-85527e539eba,10,12,267.87,27.39,295.26,0,0,0,0,0,0,-51.19,-4.73,0,0,-8.91,0,0,-61.99,0,0,0,0,244.07,0,0,-19.63,0,-22.66,0,130.88,2/17/26,3OH7ZVGCPJQYLYB
The Salad Snob - 2624 Pico Blvd,0d8eb500-3772-48ec-9b81-85527e539eba,0d8eb500-3772-48ec-9b81-85527e539eba,9,10,281.59,27.8,309.39,0,0,0,0,0,0,-51.35,-4.61,0,0,-8.91,0,0,-69.49,0,0,0,0,258.04,0,0,-16.92,0,-23.19,0,139.53,2/23/26,FDLHJPHUHNN5KXI
Chicken Sandwich Loft (751 Post Road),f239caee-4a9c-5373-af9d-ab443e48bbbb,,1,0,36.85,3.09,39.94,0,0,0,0,0,0,-7.99,-0.62,0,0,0,0,0,-1.77,0,0,0,0,31.95,0,0,0,0,0,0,30.18,2/2/26,BDMGN63RZEQBSC1
Chicken Sandwich Loft (751 Post Road),f239caee-4a9c-5373-af9d-ab443e48bbbb,,1,0,17.77,1.49,19.26,0,0,0,0,0,0,-3.85,-0.3,0,0,0,0,0,-4.27,0,0,0,0,15.41,0,0,0,0,0,0,11.14,2/23/26,H10QUVMSHX7PD6N
Bennys Buffalo Wings,83bf4853-6bad-4f61-9065-f52d4e8bd630,83bf4853-6bad-4f61-9065-f52d4e8bd630,1,0,28.97,3.12,32.09,0,0,0,0,0,0,-6.41,-0.62,0,0,-0.99,0,0,-6.95,0,0,0,0,25.68,0,0,0,0,-2.5,0,15.24,2/2/26,37F9ADU8F1L6H5V
Bennys Buffalo Wings,83bf4853-6bad-4f61-9065-f52d4e8bd630,83bf4853-6bad-4f61-9065-f52d4e8bd630,3,0,134.56,13.34,147.9,0,0,0,0,0,0,-20.97,-1.9,0,0,-2.97,0,0,-27.74,0,0,0,0,126.93,0,0,0,0,-11.44,0,84.78,2/9/26,WYTPABC91BE8XMU
Mary's Waffle Bar (1237 Fulton St),b6b57a38-1bc2-52ef-a0d6-a880b9b28963,b6b57a38-1bc2-52ef-a0d6-a880b9b28963,2,0,82.28,6.42,88.7,0,0,0,0,0,0,-17.74,-1.28,0,0,0,0,0,-13.16,0,0,0,0,70.96,0,0,0,0,0,0,57.8,2/2/26,E8LRT6RBM5TUS9X
Mary's Waffle Bar (1237 Fulton St),b6b57a38-1bc2-52ef-a0d6-a880b9b28963,b6b57a38-1bc2-52ef-a0d6-a880b9b28963,3,0,67.83,6.03,73.86,0,0,0,0,0,0,-14.77,-1.2,0,0,0,0,0,-10.86,0,0,0,0,59.09,0,0,0,0,0,0,48.23,2/9/26,7S9AABU306EFG5T
Roll N Chop Sushi's (1401 E Arapaho Rd #F),997b9587-4347-5112-a57f-f9807c268c38,,1,0,20.28,1.67,21.95,0,0,0,0,0,0,-4.39,-0.33,0,0,0,0,0,-4.87,-0.32,0,0,0,17.56,0,0,0,0,0,0,12.37,2/2/26,HTYAZ73Z4SE54GO
Roll N Chop Sushi's (1401 E Arapaho Rd #F),997b9587-4347-5112-a57f-f9807c268c38,,1,0,31.47,2.6,34.07,0,0,0,0,0,0,-6.49,-0.49,0,0,0,0,0,-7.64,-0.5,0,0,0,27.58,0,0,0,0,0,0,19.44,2/17/26,COWOHQLHWTPYL0Q
Crunchy Taco Snob (916 Hempstead Turnpike),8d141c49-c3dd-5de2-8aa8-b7694e1bfcdf,8d141c49-c3dd-5de2-8aa8-b7694e1bfcdf,1,0,19.58,1.69,21.27,0,0,0,0,0,0,-4.26,-0.34,0,0,0,0,0,-4.7,0,0,0,0,17.01,0,0,0,0,0,0,12.31,2/17/26,HS37PHW433FYGAA
Tarasco Burrito Bar,d9557642-5319-42b7-a682-15b86572661f,d9557642-5319-42b7-a682-15b86572661f,7,11,201.96,19.74,221.7,0,0,0,0,0,0,-43.47,-3.97,0,0,0,0,0,-48.75,0,0,0,0,178.23,0,0,-14.3,0,-15.77,0,99.41,2/2/26,M4MF3QRWU608EU3
Tarasco Burrito Bar,d9557642-5319-42b7-a682-15b86572661f,d9557642-5319-42b7-a682-15b86572661f,8,10,205.72,19.82,225.54,0,0,0,0,0,0,-43.92,-3.97,0,0,0,0,0,-40.35,0,0,0,0,181.62,0,0,-9.44,0,-15.85,0,115.98,2/9/26,L0JMNF7017ULME5
Tarasco Burrito Bar,d9557642-5319-42b7-a682-15b86572661f,d9557642-5319-42b7-a682-15b86572661f,3,11,77.37,7.89,85.26,0,0,0,0,0,0,-16.87,-1.58,0,0,0,0,0,-18.62,0,0,0,0,68.39,0,0,-10.07,0,-6.31,0,33.39,2/17/26,YNAJ7B7IFG3ZBQ5
Tarasco Burrito Bar,d9557642-5319-42b7-a682-15b86572661f,d9557642-5319-42b7-a682-15b86572661f,8,9,228.59,22.65,251.24,0,0,0,0,0,0,-46.38,-4.25,0,0,0,0,0,-38.28,0,0,0,0,204.86,0,0,-11.37,0,-18.4,0,136.81,2/23/26,RL8ZGJXTM0TIFD0
The Burrito Bae (916 Hempstead Turnpike),43fa1206-83bb-59f3-929c-c472b93ba861,fb3835c9-d2a1-4c13-b924-1828b9f63d8c,1,0,22.37,1.93,24.3,0,0,0,0,0,0,-4.86,-0.39,0,0,0,0,0,-5.37,0,0,0,0,19.44,0,0,0,0,0,0,14.07,2/2/26,TSETLA3RULT48L3
The Burrito Bae (916 Hempstead Turnpike),43fa1206-83bb-59f3-929c-c472b93ba861,fb3835c9-d2a1-4c13-b924-1828b9f63d8c,1,0,22.37,1.93,24.3,0,0,0,0,0,0,-5.43,-0.43,0,0,0,0,0,-5.21,0,0,0,0,18.87,0,0,0,0,0,0,13.66,2/17/26,UQQ56VE8AV6JDV4
The Burrito Bae (916 Hempstead Turnpike),43fa1206-83bb-59f3-929c-c472b93ba861,fb3835c9-d2a1-4c13-b924-1828b9f63d8c,2,0,54.56,4.71,59.27,0,0,0,0,0,0,-11.86,-0.94,0,0,0,0,0,-13.09,0,0,0,0,47.41,0,0,0,0,0,0,34.32,2/23/26,VAJED3B0O6PNPGG
Bagel Dynasty (1237 Fulton St),eadd3130-ed4e-59d2-9b30-c121480c1e77,,1,0,15.44,1.37,16.81,0,0,0,0,0,0,-3.36,-0.27,0,0,-0.99,0,0,-3.71,0,0,0,0,13.45,0,0,0,0,0,0,8.75,2/9/26,ASBM9R26BG1GITR
Bagel Dynasty (1237 Fulton St),eadd3130-ed4e-59d2-9b30-c121480c1e77,,1,0,20.97,1.86,22.83,0,0,0,0,0,0,-4.56,-0.37,0,0,-0.99,0,0,-5.03,0,0,0,0,18.27,0,0,0,0,0,0,12.25,2/23/26,5LE9KN1J5OLELJ1
The French Fries God (1760 3rd Ave),22925c2a-199a-59f9-8a29-1fd351051f44,22925c2a-199a-59f9-8a29-1fd351051f44,2,0,68.38,6.06,74.44,0,0,0,0,0,0,-9.79,-0.79,0,0,0,0,0,-17.82,0,0,0,0,64.65,0,0,0,0,0,0,46.83,2/2/26,AZSLRVY3NCXON65
The French Fries God (1760 3rd Ave),22925c2a-199a-59f9-8a29-1fd351051f44,22925c2a-199a-59f9-8a29-1fd351051f44,2,0,54.56,4.84,59.4,-21.82,-1.94,-23.76,0,0,0,-11.88,-0.96,0,0,0,0,0,-13.1,0,0,0,0,47.52,0,0,0,0,0,0,10.66,2/9/26,COE2CU4I3LKHALQ
The French Fries God (1760 3rd Ave),22925c2a-199a-59f9-8a29-1fd351051f44,22925c2a-199a-59f9-8a29-1fd351051f44,0,0,0,0,0,21.82,1.94,23.76,0,0,0,0,0,0,0,0,0,0,0,0,0,0,0,0,0,0,0,0,0,0,23.76,2/17/26,164JT8I06LZFVLY
The French Fries God (1760 3rd Ave),22925c2a-199a-59f9-8a29-1fd351051f44,22925c2a-199a-59f9-8a29-1fd351051f44,2,0,68.63,6.09,74.72,0,0,0,0,0,0,-14.95,-1.22,0,0,0,0,0,-16.47,0,0,0,0,59.77,0,0,0,0,0,0,43.3,2/23/26,0AFX8NJPDMDJTN9
The French Fries God (3846 Mowry Ave),0ff9bbd4-c680-5731-86ad-cdc6f361d5b9,0ff9bbd4-c680-5731-86ad-cdc6f361d5b9,1,0,24.97,2.57,27.54,0,0,0,0,0,0,0,0,0,0,0,0,0,-3.75,0,0,0,0,27.54,0,0,0,0,-2.57,0,21.22,2/17/26,P8SXJEUYDQRXM3M
The French Fries God (3846 Mowry Ave),0ff9bbd4-c680-5731-86ad-cdc6f361d5b9,0ff9bbd4-c680-5731-86ad-cdc6f361d5b9,1,0,17.97,1.85,19.82,0,0,0,0,0,0,0,0,0,0,0,0,0,-2.7,0,0,0,0,19.82,0,0,0,0,-1.85,0,15.27,2/23/26,8AK2IBMJA6PQ7RL
Chef's Chicken Bowls (9737 Manchester Rd),452e3207-69e1-5f2b-b9f0-df61aee86e55,,1,0,52.55,4.85,57.4,0,0,0,0,0,0,-9.83,-0.83,0,0,0,0,0,-13.07,0,0,0,0,47.57,0,0,0,0,0,0,34.5,2/2/26,DWGJKSWNDB7BUJI
Heavenly Market (172 Prince St ),2831d7ae-6801-56e4-888f-d2cda7112f66,2831d7ae-6801-56e4-888f-d2cda7112f66,17,0,351.66,31.2,382.86,0,0,0,0,0,0,-47.43,-3.87,0,0,0,0,0,-49.12,0,0,0,0,335.43,0,0,0,0,0,0,286.31,2/2/26,VD4Y7NI8PF7QSCK
Heavenly Market (172 Prince St ),2831d7ae-6801-56e4-888f-d2cda7112f66,2831d7ae-6801-56e4-888f-d2cda7112f66,17,0,316.66,28.08,344.74,0,0,0,0,0,0,-55.89,-4.53,0,0,0,0,0,-40.26,0,0,0,0,288.85,0,0,0,0,0,0,248.59,2/9/26,HJK8B5HI3Y97F4P
Heavenly Market (172 Prince St ),2831d7ae-6801-56e4-888f-d2cda7112f66,2831d7ae-6801-56e4-888f-d2cda7112f66,16,0,261.76,23.21,284.97,0,0,0,0,0,0,-30.91,-2.52,0,0,0,0,0,-30.85,0,0,0,0,254.06,0,0,0,0,0,0,223.21,2/17/26,04XCQ7WSV8QBOEA
Heavenly Market (172 Prince St ),2831d7ae-6801-56e4-888f-d2cda7112f66,2831d7ae-6801-56e4-888f-d2cda7112f66,11,0,226.77,20.12,246.89,0,0,0,0,0,0,-32.9,-2.7,0,0,0,0,0,-33.03,0,0,0,0,213.99,0,0,0,0,0,0,180.96,2/23/26,OHKI7Q4ACFP6NCR
