Start Date,End Date,Store Name,Store ID,Business ID,Merchant Supplied ID,Gross Sales,Total Orders Including Cancelled Orders,Total Delivered or Picked Up Orders,AOV,Total Commission,Total Promotion Fees | (for historical reference only),Total Promotion Sales | (for historical reference only),Total Ad Fees | (for historical reference only),Total Ad Sales | (for historical reference only),Currency
2026-02-01,2026-02-28,101 Hummus,32921997,909363,NULL,0.00,0,0,0.00,0.00,0.00,0.00,0.00,0.00,NULL
2026-02-01,2026-02-28,101 Hummus (1174 Chapel St),35361759,14630146,35361759,399.75,13,13,30.75,68.33,69.28,367.77,44.30,146.92,USD
2026-02-01,2026-02-28,101 Hummus (3846 Mowry Ave),32921995,909363,32921995,495.08,22,22,22.50,74.73,125.18,495.08,0.00,0.00,USD
2026-02-01,2026-02-28,Addictive Burger Bar,1580519,740074,NULL,42.93,1,1,42.93,11.08,6.99,42.93,0.00,0.00,USD
2026-02-01,2026-02-28,Addictive Burger Bar,37565941,740074,37565941,80.24,3,3,26.75,14.05,11.98,64.86,0.00,0.00,USD
2026-02-01,2026-02-28,Addictive Burger Bar (1428 Polk St),31577141,740074,31577141,197.36,5,4,39.47,49.31,35.55,197.36,3.00,48.46,USD
2026-02-01,2026-02-28,Addictive Burger Bar (689 Broadway),24854827,740074,24854827,178.29,8,8,22.29,45.29,33.26,145.44,3.00,13.28,USD
2026-02-01,2026-02-28,Addictive Fried Chicken,34250943,486741,34250943,0.00,0,0,0.00,0.00,0.00,0.00,0.00,0.00,NULL
2026-02-01,2026-02-28,Addictive Fried Chicken,1183154,486741,NULL,68.38,2,2,34.19,17.82,5.98,68.38,0.00,0.00,USD
2026-02-01,2026-02-28,Addictive Fried Chicken (3rd St),23065118,486741,23065118,133.92,5,5,26.78,34.40,23.22,118.54,9.00,70.11,USD
2026-02-01,2026-02-28,Alberto's Hero Sandwich Spot,1827403,824197,NULL,134.17,5,5,26.83,33.37,25.93,116.58,6.00,66.43,USD
2026-02-01,2026-02-28,Alberto's Hero Sandwich Spot  (840 Fulton St),25130119,824197,25130119,42.15,3,3,14.05,10.89,7.86,31.96,0.00,0.00,USD
2026-02-01,2026-02-28,Alberto's Hero Sandwich Spot (1201 Randall Avenue),23692696,824197,23692696,53.13,4,4,13.28,13.92,9.69,44.74,3.00,13.98,USD
2026-02-01,2026-02-28,Aldo's Wraps Spot,35493471,879127,35493471,0.00,0,0,0.00,0.00,0.00,0.00,0.00,0.00,NULL
2026-02-01,2026-02-28,Aldo's Wraps Spot,37994093,879127,37994093,0.00,0,0,0.00,0.00,0.00,0.00,0.00,0.00,NULL
2026-02-01,2026-02-28,Aldo's Wraps Spot,34348845,879127,34348845,79.65,3,3,26.55,12.91,18.05,79.65,0.00,0.00,USD
2026-02-01,2026-02-28,Aldo's Wraps Spot,36587367,879127,36587367,0.00,0,0,0.00,0.00,0.00,0.00,0.00,0.00,NULL
2026-02-01,2026-02-28,Aldo's Wraps Spot (1741 1st Avenue),23906937,879127,23906937,39.26,2,2,19.63,9.71,8.88,39.26,0.00,0.00,USD
2026-02-01,2026-02-28,Aldo's Wraps Spot (589 1st Ave),2077780,879127,NULL,42.36,1,1,42.36,10.61,7.99,42.36,3.00,42.36,USD
2026-02-01,2026-02-28,Aldo's Wraps Spot (689 Broadway),24770468,879127,24770468,41.97,2,2,20.99,10.28,9.68,41.97,0.00,0.00,USD
2026-02-01,2026-02-28,Aldo's Wraps Spot (93 Avenue A),36237043,879127,36237043,0.00,0,0,0.00,0.00,0.00,0.00,0.00,0.00,NULL
2026-02-01,2026-02-28,Ali's Gyro Lab,1581162,327334,NULL,45.13,2,2,22.57,10.83,9.02,45.13,0.00,0.00,USD
2026-02-01,2026-02-28,Ali's Mediterranean Sandwiches,39898869,11233022,39898869,0.00,0,0,0.00,0.00,0.00,0.00,0.00,0.00,NULL
2026-02-01,2026-02-28,Ali's Mediterranean Sandwiches (114 East Main Street),25294190,11233022,25294190,787.02,35,35,22.49,196.62,166.40,787.02,81.79,334.95,USD
2026-02-01,2026-02-28,Allan's Cheesesteaks (Flagstar St),842311,374436,NULL,0.00,0,0,0.00,0.00,0.00,0.00,0.00,0.00,NULL
2026-02-01,2026-02-28,Amal's Flatbread Recipe (1849 N Scottsdale Rd),24606369,11427317,24606369,191.56,8,8,23.95,49.08,35.87,191.56,6.00,85.95,USD
2026-02-01,2026-02-28,Amanda's Breakfast Lounge (111 E 161 St),25295448,724520,25295448,1256.73,53,52,23.71,327.42,197.99,981.50,33.39,195.19,USD
2026-02-01,2026-02-28,Amanda's Breakfast Lounge (277 Gold Street),28605460,724520,28605460,319.81,14,14,22.84,81.25,61.85,319.81,26.57,72.69,USD
2026-02-01,2026-02-28,Amanda's Breakfast Lounge (3661 Broadway),33415771,724520,33415771,334.22,20,20,16.71,58.99,47.39,193.91,3.00,9.09,USD
2026-02-01,2026-02-28,Amanda's Breakfast Lounge (433 W 34th st),33886617,724520,33886617,1297.48,37,37,35.07,219.59,233.11,1238.71,134.60,586.65,USD
2026-02-01,2026-02-28,Amanda's Breakfast Lounge (44 E 8th St),33415769,724520,33415769,0.00,0,0,0.00,0.00,0.00,0.00,0.00,0.00,NULL
2026-02-01,2026-02-28,Amanda's Breakfast Lounge (Queens Plaza),23038832,724520,23038832,107.89,5,5,21.58,28.11,15.18,71.91,32.34,91.92,USD
2026-02-01,2026-02-28,American Hot Dog Bar,33951043,736857,33951043,0.00,0,0,0.00,0.00,0.00,0.00,0.00,0.00,NULL
2026-02-01,2026-02-28,American Hot Dog Bar (E Fremont St),2646891,736857,NULL,0.00,0,0,0.00,0.00,0.00,0.00,0.00,0.00,NULL
2026-02-01,2026-02-28,Amore Italian Desserts,1580568,362835,NULL,19.78,1,1,19.78,4.75,4.95,19.78,10.54,19.78,USD
2026-02-01,2026-02-28,Amore Pasta Ristorante,36728189,374452,36728189,352.77,6,6,58.80,60.95,53.94,352.77,0.00,0.00,USD
2026-02-01,2026-02-28,Amore Pasta Ristorante (2909A Queens Plaza North),32863770,374452,32863770,396.46,14,13,28.32,61.39,71.75,351.00,49.43,244.92,USD
2026-02-01,2026-02-28,Amore Pasta Ristorante (9083 Dallas St),31313153,374452,31313153,577.99,19,19,30.42,143.28,119.17,577.99,36.51,159.56,USD
2026-02-01,2026-02-28,Amore Pasta Ristorante (Pico Blvd),31535767,374452,31535767,327.60,9,9,36.40,82.41,61.83,327.60,44.60,179.12,USD
2026-02-01,2026-02-28,Amoy's Jerk Chicken Shack (5250 Grand Ave),27516788,11256388,27516788,0.00,0,0,0.00,0.00,0.00,0.00,0.00,0.00,NULL
2026-02-01,2026-02-28,Angelino's Breakfast Snob,34348665,14332571,34348665,0.00,0,0,0.00,0.00,0.00,0.00,0.00,0.00,NULL
2026-02-01,2026-02-28,Angelo's Wraps Shop (1 Kedron Ave Unit 4),24194520,844983,24194520,70.33,4,4,17.58,18.54,11.50,50.05,3.00,20.28,USD
2026-02-01,2026-02-28,Angelo's Wraps Shop (147 1st Ave),23549641,844983,23549641,108.52,5,5,21.70,28.79,15.52,66.25,6.00,54.26,USD
2026-02-01,2026-02-28,Anne's Artisan Coffee  (682 Morris Park Avenue),24703993,11439072,24703993,84.54,4,4,21.14,20.29,20.86,84.54,0.00,0.00,USD
2026-02-01,2026-02-28,Anne's Artisan Coffee (689 Broadway),24770455,11439072,24770455,0.00,0,0,0.00,0.00,0.00,0.00,0.00,0.00,NULL
2026-02-01,2026-02-28,Antonio's Quesadilla Shack,36118675,830385,36118675,0.00,0,0,0.00,0.00,0.00,0.00,0.00,0.00,NULL
2026-02-01,2026-02-28,Antonio's Quesadilla Shack,33951311,830385,33951311,50.35,2,2,25.18,8.73,7.70,33.56,17.46,50.35,USD
2026-02-01,2026-02-28,Antonio's Quesadilla Shack (240 Sullivan St),1833053,830385,NULL,0.00,0,0,0.00,0.00,0.00,0.00,0.00,0.00,NULL
2026-02-01,2026-02-28,Antonio's Quesadilla Shack (4352 E Speedway Blvd),31313981,830385,31313981,1358.52,56,55,24.26,331.95,277.99,1207.27,53.68,422.43,USD
2026-02-01,2026-02-28,Antonio's Quesadilla Shack (Broadway),2290857,830385,NULL,0.00,0,0,0.00,0.00,0.00,0.00,0.00,0.00,NULL
2026-02-01,2026-02-28,Ariana's Vegan Spot (488 Metropolitan Ave),33895844,11522383,33895844,246.21,10,10,24.62,38.62,52.02,229.42,9.00,74.14,USD
2026-02-01,2026-02-28,Arifs Mediterranean Grill,34251093,863208,34251093,158.92,4,4,39.73,26.63,29.76,158.92,6.00,86.95,USD
2026-02-01,2026-02-28,Arifs Mediterranean Grill (1969 Bronxdale Ave),23556936,863208,23556936,250.39,7,7,35.77,65.88,35.74,225.91,0.00,0.00,USD
2026-02-01,2026-02-28,Arifs Mediterranean Grill (Bedford Ave),23026068,863208,23026068,466.54,17,17,27.44,126.13,55.00,303.57,21.00,127.30,USD
2026-02-01,2026-02-28,Arturo's Burrito Bowls,35669394,11072111,35669394,62.94,2,2,31.47,10.08,14.56,62.94,0.00,0.00,USD
2026-02-01,2026-02-28,Arturo's Burrito Bowls,40734686,11072111,40734686,157.86,4,4,39.47,27.17,24.97,130.88,0.00,0.00,USD
2026-02-01,2026-02-28,Arturo's Burrito Bowls,36118791,11072111,36118791,30.48,1,1,30.48,6.10,0.00,0.00,0.00,0.00,USD
2026-02-01,2026-02-28,Arturo's Burrito Bowls (3 West Fordham Rd),25404900,11072111,25404900,123.93,4,4,30.98,30.27,26.96,123.93,6.00,71.96,USD
2026-02-01,2026-02-28,Asian Garden Rice Bowls (2575 North Hollywood Way #107),23557148,922010,23557148,47.28,2,2,23.64,13.29,3.99,27.99,0.00,0.00,USD
2026-02-01,2026-02-28,Ava's Fried Chicken (Pennsylvania Ave),943695,419807,NULL,218.73,9,9,24.30,45.74,42.75,188.79,9.39,33.98,USD
2026-02-01,2026-02-28,BBQ Ribs Co.,966668,430168,NULL,333.69,14,14,23.84,82.55,54.47,293.72,20.28,119.88,USD
2026-02-01,2026-02-28,BBQ Ribs Co. (Virtual Brand)(228 George Street),1477944,430168,NULL,2773.02,98,98,28.30,707.85,421.19,2721.57,382.82,1612.92,USD
2026-02-01,2026-02-28,Bagel Dynasty (34-02 30th St),23556771,732068,23556771,81.89,7,7,11.70,18.39,20.56,67.74,6.00,22.45,USD
2026-02-01,2026-02-28,Bagel Dynasty (502 E Thunderbird Rd Ste A),24872263,732068,24872263,0.00,0,0,0.00,0.00,0.00,0.00,0.00,0.00,NULL
2026-02-01,2026-02-28,Bagel Dynasty (7701 Garrison Road),24227486,732068,24227486,1233.23,72,72,17.13,319.96,225.15,1112.88,77.97,410.89,USD
2026-02-01,2026-02-28,Bagel Dynasty (Fulton St),31661381,732068,31661381,168.21,8,8,21.03,41.09,39.19,168.21,18.00,103.90,USD
2026-02-01,2026-02-28,Bain's Burger Bar (459 Main St),33887197,420397,33887197,18.18,1,1,18.18,2.73,5.54,18.18,0.00,0.00,USD
2026-02-01,2026-02-28,Bain's Burger Bar (Jamaica Ave),23060296,420397,23060296,18.93,1,1,18.93,4.54,3.79,18.93,3.00,18.93,USD
2026-02-01,2026-02-28,Barn's Burgers & Melts,40385043,11068594,40385043,0.00,0,0,0.00,0.00,0.00,0.00,0.00,0.00,NULL
2026-02-01,2026-02-28,Bart's Breakfast Sandwiches,35855567,11659113,35855567,34.35,2,2,17.18,6.48,2.94,12.98,0.00,0.00,USD
2026-02-01,2026-02-28,Bart's Breakfast Sandwiches,33972041,11659113,33972041,261.37,12,12,21.78,40.50,56.17,237.61,30.34,85.26,USD
2026-02-01,2026-02-28,Bart's Breakfast Sandwiches (158 DELANCEY STREET),35667913,11659113,35667913,0.00,0,0,0.00,0.00,0.00,0.00,0.00,0.00,NULL
2026-02-01,2026-02-28,Bart's Breakfast Sandwiches (265 Bedford Ave),32863871,11659113,32863871,18.18,1,1,18.18,2.91,4.63,18.18,0.00,0.00,USD
2026-02-01,2026-02-28,Bart's Burger Bar (3661 Broadway),32922801,344282,32922801,483.88,19,18,25.47,81.32,93.16,454.53,12.00,106.97,USD
2026-02-01,2026-02-28,Beeman's Burger Bar (7701 Garrison Road),24227521,878234,24227521,215.01,10,10,21.50,53.37,43.01,192.54,12.00,74.49,USD
2026-02-01,2026-02-28,Beeman's Burger Bar (93 Avenue A),32923019,878234,32923019,0.00,0,0,0.00,0.00,0.00,0.00,0.00,0.00,NULL
2026-02-01,2026-02-28,Belgian Waffle Bar,34343091,387784,34343091,111.20,4,4,27.80,18.50,22.63,111.20,8.87,30.07,USD
2026-02-01,2026-02-28,Big Belly Paninis,39883231,911657,39883231,0.00,0,0,0.00,0.00,0.00,0.00,0.00,0.00,NULL
2026-02-01,2026-02-28,Big Belly Paninis (Queens Plaza N),2358047,911657,NULL,102.09,4,4,25.52,25.82,19.03,93.00,6.14,20.28,USD
2026-02-01,2026-02-28,Big Daddy's Wings (Polk St),850451,379287,NULL,371.63,9,9,41.29,82.18,51.90,371.63,15.00,185.81,USD
2026-02-01,2026-02-28,Big E's Wraps,35668217,908476,35668217,46.36,1,1,46.36,4.64,24.17,46.36,0.00,0.00,USD
2026-02-01,2026-02-28,Big E's Wraps,33950889,908476,33950889,127.26,7,7,18.18,19.48,30.00,109.08,5.40,18.18,USD
2026-02-01,2026-02-28,Big E's Wraps,38057199,908476,38057199,0.00,0,0,0.00,0.00,0.00,0.00,0.00,0.00,NULL
2026-02-01,2026-02-28,"Big E's Wraps (116 Thomas S Boyland St, Brooklyn, NY 11233)",34250013,908476,34250013,144.95,6,6,24.16,23.87,31.57,144.95,14.00,40.26,USD
2026-02-01,2026-02-28,Big E's Wraps (1282 Essex Ave),38214585,908476,38214585,0.00,0,0,0.00,0.00,0.00,0.00,0.00,0.00,NULL
2026-02-01,2026-02-28,Big E's Wraps (2126 Caton Ave),35464155,908476,35464155,51.95,3,3,17.32,9.92,3.39,15.99,21.51,51.95,USD
2026-02-01,2026-02-28,Big E's Wraps (315 Walter E Foran Blvd Ste 314),23549190,908476,23549190,110.33,6,6,18.39,29.51,15.93,72.21,35.64,87.66,USD
2026-02-01,2026-02-28,Big Ease Smoothies,36364633,908656,36364633,21.57,1,1,21.57,3.51,4.99,21.57,0.00,0.00,USD
2026-02-01,2026-02-28,Big Ease Smoothies,34344579,908656,34344579,0.00,0,0,0.00,0.00,0.00,0.00,0.00,0.00,NULL
2026-02-01,2026-02-28,Big Ease Smoothies  (1117 Broadway),23423347,908656,23423347,370.68,12,12,30.89,100.25,44.48,328.71,9.00,51.75,USD
2026-02-01,2026-02-28,Big Ease Smoothies (2051 Frederick Douglass Blvd),33885459,908656,33885459,859.26,42,42,20.46,143.34,175.25,720.17,118.18,468.12,USD
2026-02-01,2026-02-28,Big Ease Smoothies (30th St),2487028,908656,NULL,967.83,55,55,17.60,225.67,207.97,828.55,78.45,406.03,USD
2026-02-01,2026-02-28,Big Ease Smoothies (93 Avenue A),36237363,908656,36237363,27.99,1,1,27.99,4.48,6.59,27.99,0.00,0.00,USD
2026-02-01,2026-02-28,Big Famous Deli & Grill (244 W. 14th street),25295637,11685769,25295637,0.00,0,0,0.00,0.00,0.00,0.00,0.00,0.00,NULL
2026-02-01,2026-02-28,BigLeaf Salads (18300 Vanowen Street Suite 3),31313343,11913767,31313343,85.33,4,4,21.33,20.01,20.63,70.64,6.00,37.08,USD
2026-02-01,2026-02-28,Bird's Burger Bar,34348667,362837,34348667,0.00,0,0,0.00,0.00,0.00,0.00,0.00,0.00,NULL
2026-02-01,2026-02-28,Bird's Burger Bar,35651435,362837,35651435,393.72,11,11,35.79,65.56,65.91,393.72,85.56,271.82,USD
2026-02-01,2026-02-28,Bird's Burger Bar,33947623,362837,33947623,106.29,4,4,26.57,21.27,0.00,0.00,0.00,0.00,USD
2026-02-01,2026-02-28,Bird's Burger Bar (1710 Minnesota Ave #G),39648519,362837,39648519,0.00,0,0,0.00,0.00,0.00,0.00,0.00,0.00,NULL
2026-02-01,2026-02-28,Birdspot Sandwiches & Wings,33963715,14228581,33963715,33.58,1,1,33.58,5.52,6.99,33.58,0.00,0.00,USD
2026-02-01,2026-02-28,Blake's Bubblin' Mac (3955 Bronxwood Ave),32923077,13952805,32923077,23.48,1,1,23.48,3.76,5.69,23.48,0.00,0.00,USD
2026-02-01,2026-02-28,Blake's Dessert Lounge,34346369,11225441,34346369,1010.03,33,33,30.61,168.64,197.75,983.06,15.00,132.89,USD
2026-02-01,2026-02-28,Blake's Dessert Lounge (190 Hillside Rd),31313807,11225441,31313807,15.39,1,1,15.39,3.72,3.99,15.39,0.00,0.00,USD
2026-02-01,2026-02-28,Blanca's Breakfast Bites (4083 Broadway),32923083,13952815,32923083,11.17,2,2,5.59,2.24,0.00,0.00,0.00,0.00,USD
2026-02-01,2026-02-28,Bobby's Caribbean Grill,34347671,904621,34347671,0.00,0,0,0.00,0.00,0.00,0.00,0.00,0.00,NULL
2026-02-01,2026-02-28,Bosscat Breakfast,1608749,755027,NULL,0.00,0,0,0.00,0.00,0.00,0.00,0.00,0.00,NULL
2026-02-01,2026-02-28,Bosscat Breakfast,34349399,755027,34349399,0.00,0,0,0.00,0.00,0.00,0.00,0.00,0.00,NULL
2026-02-01,2026-02-28,Bosscat Breakfast,39042013,755027,39042013,0.00,0,0,0.00,0.00,0.00,0.00,0.00,0.00,NULL
2026-02-01,2026-02-28,Bosscat Breakfast (1306 Atlantic Ave),25130127,755027,25130127,343.54,19,19,18.08,97.41,22.98,95.10,15.00,69.70,USD
2026-02-01,2026-02-28,Bosscat Breakfast (28501 Hoover Rd),31619809,755027,31619809,305.38,13,13,23.49,78.50,56.63,305.38,15.00,127.22,USD
2026-02-01,2026-02-28,Bosscat Breakfast (3001 Gilbert Ave),25130099,755027,25130099,0.00,0,0,0.00,0.00,0.00,0.00,0.00,0.00,NULL
2026-02-01,2026-02-28,Bosscat Breakfast - 8886 (Knott Ave),26292114,755027,26292114,142.90,4,3,35.73,23.35,30.16,142.90,9.00,95.94,USD
2026-02-01,2026-02-28,Bosscat Burgers,37993253,717039,37993253,0.00,0,0,0.00,0.00,0.00,0.00,0.00,0.00,NULL
2026-02-01,2026-02-28,Bosscat Burgers,37375303,717039,37375303,0.00,0,0,0.00,0.00,0.00,0.00,0.00,0.00,NULL
2026-02-01,2026-02-28,Bosscat Burgers (196 1st Ave),31313633,717039,31313633,0.00,0,0,0.00,0.00,0.00,0.00,0.00,0.00,NULL
2026-02-01,2026-02-28,Bosscat Cheesesteaks (459 Main St),1458743,668116,NULL,0.00,0,0,0.00,0.00,0.00,0.00,0.00,0.00,NULL
2026-02-01,2026-02-28,Bosscat Wings (1725-B Duke St),24974749,706908,24974749,0.00,0,0,0.00,0.00,0.00,0.00,0.00,0.00,NULL
2026-02-01,2026-02-28,Bosscat Wings (226 1/2 Newark Ave),24899981,706908,24899981,21.98,1,1,21.98,5.27,5.39,21.98,0.00,0.00,USD
2026-02-01,2026-02-28,Bosscat Wings (6646 Collins Ave),33886555,706908,33886555,176.93,7,7,25.28,27.69,35.47,164.15,20.51,83.57,USD
2026-02-01,2026-02-28,Bosscat Wings (7121 West US Highway 90 Suite #210),24974787,706908,24974787,0.00,0,0,0.00,0.00,0.00,0.00,0.00,0.00,NULL
2026-02-01,2026-02-28,Bosscat Wraps (309 7th Ave),27667568,11454035,27667568,267.86,4,4,66.97,76.07,18.26,267.86,0.00,0.00,USD
2026-02-01,2026-02-28,Breakfast Burrito Floozy,34345807,894496,34345807,123.35,4,4,30.84,21.12,21.70,123.35,0.00,0.00,USD
2026-02-01,2026-02-28,Breakfast Burrito Floozy (4955 Voltaire St),24270689,894496,24270689,174.82,7,7,24.97,45.31,28.34,145.44,6.95,23.08,USD
2026-02-01,2026-02-28,Breakfast Burrito Floozy (S 101st E Ave),2255754,894496,NULL,1764.08,92,92,19.17,443.62,357.77,1570.65,154.10,618.13,USD
2026-02-01,2026-02-28,"Breakfast Burrito Floozy (Virtual Brand)(Long Beach, CA)",1228046,894496,NULL,219.56,8,8,27.45,27.84,39.93,169.19,16.78,76.92,USD
2026-02-01,2026-02-28,Breakfast Burrito Joint,35870081,308489,35870081,965.31,53,53,18.21,162.06,155.11,833.36,12.00,62.02,USD
2026-02-01,2026-02-28,Breakfast Burrito Joint,35493605,308489,35493605,0.00,0,0,0.00,0.00,0.00,0.00,0.00,0.00,NULL
2026-02-01,2026-02-28,Breakfast Burrito Joint (128 East 4th Street),28607943,13952895,28607943,81.51,3,3,27.17,19.57,18.28,81.51,7.26,20.38,USD
2026-02-01,2026-02-28,Breakfast Burrito Joint (300 The Village),31671733,13952895,31671733,0.00,0,0,0.00,0.00,0.00,0.00,0.00,0.00,NULL
2026-02-01,2026-02-28,Breakfast Burrito Joint (31-00 47th Ave),35754581,308489,35754581,18.48,1,1,18.48,3.10,3.00,18.48,0.00,0.00,USD
2026-02-01,2026-02-28,Breakfast Burrito Joint (3907 Lee Hwy),24387257,308489,24387257,1203.38,43,43,27.99,309.41,173.08,955.46,99.46,325.06,USD
2026-02-01,2026-02-28,Breakfast Burrito Joint (San Francisco),664606,308489,NULL,0.00,0,0,0.00,0.00,0.00,0.00,0.00,0.00,NULL
2026-02-01,2026-02-28,Breakfast Burrito Snob,36364737,469379,36364737,0.00,0,0,0.00,0.00,0.00,0.00,0.00,0.00,NULL
2026-02-01,2026-02-28,Breakfast Burrito Snob,35370009,14632751,35370009,1290.96,39,39,33.10,199.62,228.00,1175.06,101.49,345.75,USD
2026-02-01,2026-02-28,Breakfast Burrito Snob,40824279,469379,40824279,0.00,0,0,0.00,0.00,0.00,0.00,0.00,0.00,NULL
2026-02-01,2026-02-28,Breakfast Burrito Snob (1st Ave),1050862,469379,NULL,123.72,8,8,15.47,34.10,10.00,32.85,0.00,0.00,USD
2026-02-01,2026-02-28,Breakfast Burrito Snob (Long Island City),1367068,469379,NULL,188.90,12,12,15.74,43.88,44.60,164.56,3.00,19.17,USD
2026-02-01,2026-02-28,"Breakfast Burrito Snob(San Francisco, CA)",1340523,469379,NULL,309.75,16,16,19.36,70.57,89.30,299.26,3.00,13.28,USD
2026-02-01,2026-02-28,Breakfast N Vibe,36030569,13952929,36030569,40.46,1,1,40.46,6.89,6.99,40.46,0.00,0.00,USD
2026-02-01,2026-02-28,Breakfast N Vibe (4234 Broadway),32923293,13952929,32923293,435.91,18,17,24.22,72.59,85.90,390.46,6.00,32.86,USD
2026-02-01,2026-02-28,Breakfast Sandwich Express,35371505,957819,35371505,69.96,3,3,23.32,12.20,10.98,49.97,7.58,19.99,USD
2026-02-01,2026-02-28,Breakfast Sandwich Express (30th St),2487370,957819,NULL,29.75,2,2,14.88,7.31,7.37,29.75,0.00,0.00,USD
2026-02-01,2026-02-28,Breakfast Sandwich Express (5993 Broadway),32923301,957819,32923301,113.04,6,6,18.84,18.37,26.09,109.55,6.00,40.64,USD
2026-02-01,2026-02-28,Brenda's Breakfast Sandwiches,38216085,11427315,38216085,0.00,0,0,0.00,0.00,0.00,0.00,0.00,0.00,NULL
2026-02-01,2026-02-28,Brenda's Breakfast Sandwiches,35639063,14711301,35639063,0.00,0,0,0.00,0.00,0.00,0.00,0.00,0.00,NULL
2026-02-01,2026-02-28,Brenda's Panini Palace,34348849,759427,34348849,0.00,0,0,0.00,0.00,0.00,0.00,0.00,0.00,NULL
2026-02-01,2026-02-28,Brenda's Panini Palace,1824090,759427,NULL,18.88,1,1,18.88,4.82,3.82,18.88,0.00,0.00,USD
2026-02-01,2026-02-28,Brenda's Panini Palace (83 Canal St #6019),23549497,759427,23549497,0.00,0,0,0.00,0.00,0.00,0.00,0.00,0.00,NULL
2026-02-01,2026-02-28,Bri's Breakfast Bar,35371677,11135129,35371677,18.47,1,1,18.47,2.96,4.68,18.47,0.00,0.00,USD
2026-02-01,2026-02-28,Bri's Breakfast Bar (Lee Hwy),23268648,11135129,23268648,104.96,5,5,20.99,27.44,17.47,93.77,14.64,65.79,USD
2026-02-01,2026-02-28,Brooklyn Burger Snob,40385207,17471760,40385207,0.00,0,0,0.00,0.00,0.00,0.00,0.00,0.00,NULL
2026-02-01,2026-02-28,Bruno's Burning Pizza (1715 Sicklerville Rd),25092242,11225446,25092242,230.29,6,6,38.38,58.79,40.32,230.29,9.00,83.31,USD
2026-02-01,2026-02-28,Bruno's Burning Pizza (5532 W Saginaw Hwy),36032347,11225446,36032347,0.00,0,0,0.00,0.00,0.00,0.00,0.00,0.00,NULL
2026-02-01,2026-02-28,Bun Works Burgers (59 24 Kissena Blvd),36021375,14832781,36021375,0.00,0,0,0.00,0.00,0.00,0.00,0.00,0.00,NULL
2026-02-01,2026-02-28,Burning Burger Stack  (1306 Atlantic Ave),25130173,11225447,25130173,182.67,10,10,18.27,45.62,37.52,156.42,15.00,85.95,USD
2026-02-01,2026-02-28,Burning Burger Stack (1541 Glenn School Rd suite 17),31313915,11225447,31313915,114.00,4,4,28.50,28.02,24.53,114.00,3.00,25.87,USD
2026-02-01,2026-02-28,Burrito Lovers Bar,36031239,321199,36031239,0.00,0,0,0.00,0.00,0.00,0.00,0.00,0.00,NULL
2026-02-01,2026-02-28,Burrito Lovers Bar (59 4th Ave),1790189,321199,NULL,132.91,4,4,33.23,33.21,22.19,132.91,3.00,22.48,USD
2026-02-01,2026-02-28,Burritos on The Fly,39649289,11294071,39649289,0.00,0,0,0.00,0.00,0.00,0.00,0.00,0.00,NULL
2026-02-01,2026-02-28,Burritos to Bowls (4955 Voltaire St),24270704,11378616,24270704,113.54,4,4,28.39,28.50,22.49,113.54,0.00,0.00,USD
2026-02-01,2026-02-28,Burritos to Bowls (600 Park Ave),27833951,11378616,27833951,0.00,0,0,0.00,0.00,0.00,0.00,0.00,0.00,NULL
2026-02-01,2026-02-28,CJ's Breakfast Sandwich (31-00 47th Ave),35756038,11393013,35756038,0.00,0,0,0.00,0.00,0.00,0.00,0.00,0.00,NULL
2026-02-01,2026-02-28,CJ's Breakfast Sandwich (596 3rd Ave),25130177,11393013,25130177,242.99,15,15,16.20,62.57,42.39,153.84,3.00,17.16,USD
2026-02-01,2026-02-28,Cameron's Breakfast Cafe (38-01 Vernon Boulevard),24770396,11216987,24770396,695.86,26,25,26.76,180.86,118.80,695.86,65.49,227.49,USD
2026-02-01,2026-02-28,Carmen's Breakfast Burrito,37375475,879129,37375475,47.96,2,2,23.98,8.00,9.98,47.96,3.00,20.98,USD
2026-02-01,2026-02-28,Carmen's Breakfast Burritos,38216347,879129,38216347,0.00,0,0,0.00,0.00,0.00,0.00,0.00,0.00,NULL
2026-02-01,2026-02-28,Carmen's Breakfast Burritos,39161493,879129,39161493,35.97,1,1,35.97,5.99,6.99,35.97,3.00,35.97,USD
2026-02-01,2026-02-28,Carmen's Breakfast Burritos (1201 Randall Avenue),32923453,879129,32923453,247.50,13,13,19.04,38.60,63.47,221.63,60.52,169.89,USD
2026-02-01,2026-02-28,Carmen's Breakfast Burritos (143 Grand Street),24770490,879129,24770490,15.99,1,0,15.99,4.80,0.00,0.00,0.00,0.00,USD
2026-02-01,2026-02-28,Carmen's Breakfast Burritos (415 E Windmill Ln),27741754,879129,27741754,31.97,2,2,15.99,7.43,9.18,31.97,0.00,0.00,USD
2026-02-01,2026-02-28,Carmen's Breakfast Burritos (N Citrus Ave),2455971,879129,NULL,95.07,4,4,23.77,22.82,21.97,95.07,3.00,25.17,USD
2026-02-01,2026-02-28,Casa De Quesadilla (415 E Windmill Ln),27741795,11178394,27741795,206.35,6,6,34.39,53.95,30.45,167.38,0.00,0.00,USD
2026-02-01,2026-02-28,Casa De Quesadilla (730 Astor Ave),24099355,11178394,24099355,0.00,0,0,0.00,0.00,0.00,0.00,0.00,0.00,NULL
2026-02-01,2026-02-28,Casa De Quesadilla (Avenue A),23134862,11178394,23134862,59.82,3,3,19.94,14.36,14.93,59.82,0.00,0.00,USD
2026-02-01,2026-02-28,Casa Pasta Ristorante (1 Kedron Ave Unit 4),24387639,378903,24387639,1881.27,55,55,34.20,471.20,316.42,1668.01,233.24,1304.21,USD
2026-02-01,2026-02-28,Casa Pasta Ristorante (9061 Van Nuys Blvd),33886671,378903,33886671,442.14,13,13,34.01,74.31,82.44,405.77,20.25,67.15,USD
2026-02-01,2026-02-28,Casa Pasta Ristorante (Bedford Ave),23026219,378903,23026219,48.57,3,3,16.19,13.61,4.23,16.19,0.00,0.00,USD
2026-02-01,2026-02-28,Celebrity Vegan Burger,34248810,435539,34248810,127.92,4,4,31.98,21.75,22.17,115.93,12.00,47.98,USD
2026-02-01,2026-02-28,Celebrity Vegan Burger,1045862,435539,NULL,220.76,5,5,44.15,56.86,36.13,220.76,9.00,85.92,USD
2026-02-01,2026-02-28,Celebrity Vegan Burger,34248823,435539,34248823,194.35,4,4,48.59,33.85,29.06,194.35,0.00,0.00,USD
2026-02-01,2026-02-28,Celebrity Vegan Burger (1726 2nd Ave),34248825,435539,34248825,0.00,0,0,0.00,0.00,0.00,0.00,0.00,0.00,NULL
2026-02-01,2026-02-28,Celine's Salad Bar,35900793,854849,35900793,0.00,0,0,0.00,0.00,0.00,0.00,0.00,0.00,NULL
2026-02-01,2026-02-28,Celines Salad Bar (119 Park Ave),35372261,854849,35372261,0.00,0,0,0.00,0.00,0.00,0.00,0.00,0.00,NULL
2026-02-01,2026-02-28,Celines Salad Bar (840 Fulton St),25130204,854849,25130204,38.16,2,2,19.08,9.26,9.26,38.16,0.00,0.00,USD
2026-02-01,2026-02-28,Celines Salad Bar (W Warren Ave),31492727,854849,31492727,0.00,0,0,0.00,0.00,0.00,0.00,0.00,0.00,NULL
2026-02-01,2026-02-28,Chanel's Coffee House (2051 Frederick Douglass Blvd),33885415,11427306,33885415,359.96,19,18,18.95,60.97,64.77,284.38,16.53,61.16,USD
2026-02-01,2026-02-28,Chanel's Coffee House (26801 Hillside Ave),24844776,11427306,24844776,32.74,2,2,16.37,8.54,5.26,21.36,0.00,0.00,USD
2026-02-01,2026-02-28,Chapman Market (W 8th St),307082,419558,NULL,0.00,0,0,0.00,0.00,0.00,0.00,0.00,0.00,NULL
2026-02-01,2026-02-28,Charlie's Calzone Co,33955797,374456,33955797,573.76,19,19,30.20,94.78,89.24,521.60,104.36,364.57,USD
2026-02-01,2026-02-28,Charlie's Calzone Co (5532 W Saginaw Hwy),25130224,374456,25130224,313.12,13,13,24.09,80.66,48.25,304.73,62.69,251.62,USD
2026-02-01,2026-02-28,Charlie's Calzone Co (Loudon Rd),22997861,374456,22997861,117.92,2,2,58.96,31.35,13.40,117.92,5.82,85.94,USD
2026-02-01,2026-02-28,Charlie's Calzone Co.,1767132,374456,NULL,190.53,10,10,19.05,45.37,45.19,165.15,40.20,114.57,USD
2026-02-01,2026-02-28,Charlie's Chicken Wings,1591153,608389,NULL,967.87,33,33,29.33,257.36,133.91,839.23,101.55,284.54,USD
2026-02-01,2026-02-28,Charlie's Chicken Wings,36019239,608389,36019239,119.92,6,6,19.99,19.55,28.09,119.92,0.00,0.00,USD
2026-02-01,2026-02-28,Charlie's Chicken Wings (New York),1332271,608389,NULL,275.99,11,11,25.09,68.74,54.77,256.73,0.00,0.00,USD
2026-02-01,2026-02-28,Charlie's Chicken Wings (Virtual Brand)(Bronxdale Ave),1465058,608389,NULL,324.67,9,9,36.07,82.25,59.38,324.67,0.00,0.00,USD
2026-02-01,2026-02-28,Che Breakfast Cafe,36033801,922025,36033801,0.00,0,0,0.00,0.00,0.00,0.00,0.00,0.00,NULL
2026-02-01,2026-02-28,Che Breakfast Cafe (301 W 96th St),23557667,922025,23557667,46.65,3,3,15.55,11.26,11.11,46.65,0.00,0.00,USD
2026-02-01,2026-02-28,Che Breakfast Cafe (689 Broadway),35372523,922025,35372523,93.93,2,2,46.97,14.55,11.98,93.93,0.00,0.00,USD
2026-02-01,2026-02-28,Cheers On Demand (111 Lex),976289,419558,NULL,0.00,0,0,0.00,0.00,0.00,0.00,0.00,0.00,NULL
2026-02-01,2026-02-28,Cheers On Demand (2310 W Chapman Ave),1897971,419558,NULL,0.00,0,0,0.00,0.00,0.00,0.00,0.00,0.00,NULL
2026-02-01,2026-02-28,Cheers On Demand (3846 Mission Ave),1616218,419558,NULL,0.00,0,0,0.00,0.00,0.00,0.00,0.00,0.00,NULL
2026-02-01,2026-02-28,Cheers On Demand (Downey),1258581,419558,NULL,0.00,0,0,0.00,0.00,0.00,0.00,0.00,0.00,NULL
2026-02-01,2026-02-28,Cheers On Demand (Galamart),946587,419558,NULL,0.00,0,0,0.00,0.00,0.00,0.00,0.00,0.00,NULL
2026-02-01,2026-02-28,Cheers On Demand (Kwik),995475,419558,NULL,0.00,0,0,0.00,0.00,0.00,0.00,0.00,0.00,NULL
2026-02-01,2026-02-28,Cheers On Demand (Metro Wines),973512,419558,NULL,0.00,0,0,0.00,0.00,0.00,0.00,0.00,0.00,NULL
2026-02-01,2026-02-28,Cheers On Demand (Olive Drive),1256714,419558,NULL,0.00,0,0,0.00,0.00,0.00,0.00,0.00,0.00,NULL
2026-02-01,2026-02-28,Cheers On Demand (Savemore),1230202,419558,NULL,0.00,0,0,0.00,0.00,0.00,0.00,0.00,0.00,NULL
2026-02-01,2026-02-28,Cheers On Demand (SeaBee),1594297,419558,3000 Taraval St,0.00,0,0,0.00,0.00,0.00,0.00,0.00,0.00,NULL
2026-02-01,2026-02-28,Cheers On Demand (Souza),995626,419558,NULL,0.00,0,0,0.00,0.00,0.00,0.00,0.00,0.00,NULL
2026-02-01,2026-02-28,Cheers On Demand (Yogi),1022519,419558,NULL,0.00,0,0,0.00,0.00,0.00,0.00,0.00,0.00,NULL
2026-02-01,2026-02-28,Cheers on Demand (Fillmore St),63275,419558,NULL,2383.77,67,67,35.58,424.70,257.66,1986.07,111.69,427.76,USD
2026-02-01,2026-02-28,Cheesecake And Dessert Bar,1591183,742206,NULL,135.88,6,6,22.65,32.77,32.53,135.88,5.88,23.98,USD
2026-02-01,2026-02-28,Cheesin' with My Mac (Federal Rd),2641432,932186,NULL,48.47,2,2,24.24,11.63,11.68,48.47,0.00,0.00,USD
2026-02-01,2026-02-28,Cheesy Mac Factory,35670053,11225451,35670053,556.74,14,13,39.77,97.77,77.90,445.78,0.00,0.00,USD
2026-02-01,2026-02-28,Chef Hanoka Sushi (2575 North Hollywood Way #107),23557145,355034,23557145,143.23,3,3,47.74,41.55,5.69,23.48,0.00,0.00,USD
2026-02-01,2026-02-28,Chef Hanoka Sushi (W Greenway Rd),23085448,355034,23085448,474.16,11,11,43.11,124.69,69.49,474.16,9.00,133.59,USD
2026-02-01,2026-02-28,Chef Hanoka Sushi (W Peoria Ave),23085625,355034,23085625,547.67,14,14,39.12,143.58,81.00,513.40,3.00,47.56,USD
2026-02-01,2026-02-28,Chef's Chicken Bowls (9737 Manchester Rd),32863708,13937659,32863708,393.95,19,19,20.73,62.37,84.79,393.95,6.00,41.97,USD
2026-02-01,2026-02-28,Chelsea's Breakfast Bar,768849,349362,NULL,0.00,0,0,0.00,0.00,0.00,0.00,0.00,0.00,NULL
2026-02-01,2026-02-28,Chelsea's Breakfast Bar,33972175,349362,33972175,152.38,10,9,15.24,25.93,32.78,152.38,45.80,111.83,USD
2026-02-01,2026-02-28,Cherry's Chic Desserts,39846441,11225452,39846441,171.86,6,5,28.64,29.58,29.94,171.86,0.00,0.00,USD
2026-02-01,2026-02-28,Cherry's Chic Desserts,35171571,11225452,35171571,0.00,0,0,0.00,0.00,0.00,0.00,0.00,0.00,NULL
2026-02-01,2026-02-28,Cherry's Chic Desserts (4249 Washington St),23784850,11225452,23784850,709.35,38,38,18.67,181.03,138.53,644.92,58.27,203.86,USD
2026-02-01,2026-02-28,Chicken Salad Bar (Sullivan St),23280271,349070,23280271,477.59,21,21,22.74,114.93,102.99,444.73,24.50,53.14,USD
2026-02-01,2026-02-28,Chicken Sandwich Loft,36520311,884543,36520311,23.98,1,1,23.98,4.00,4.99,23.98,0.00,0.00,USD
2026-02-01,2026-02-28,Chicken Sandwich Loft,37414009,884543,37414009,0.00,0,0,0.00,0.00,0.00,0.00,0.00,0.00,NULL
2026-02-01,2026-02-28,Chicken Sandwich Loft,36255933,884543,36255933,0.00,0,0,0.00,0.00,0.00,0.00,0.00,0.00,NULL
2026-02-01,2026-02-28,Chicken Sandwich Loft,35492905,884543,35492905,70.43,3,3,23.48,11.28,17.06,70.43,13.27,47.45,USD
2026-02-01,2026-02-28,Chicken Sandwich Loft,36033935,884543,36033935,19.19,1,1,19.19,3.84,0.00,0.00,0.00,0.00,USD
2026-02-01,2026-02-28,Chicken Sandwich Loft,37617154,884543,37617154,0.00,0,0,0.00,0.00,0.00,0.00,0.00,0.00,NULL
2026-02-01,2026-02-28,Chicken Sandwich Loft,26174821,884543,26174821,253.29,11,10,23.03,63.92,48.85,213.36,12.00,80.98,USD
2026-02-01,2026-02-28,Chicken Sandwich Loft,33973531,884543,33973531,45.86,2,2,22.93,7.77,8.98,45.86,0.00,0.00,USD
2026-02-01,2026-02-28,Chicken Sandwich Loft,37993457,884543,37993457,0.00,0,0,0.00,0.00,0.00,0.00,0.00,0.00,NULL
2026-02-01,2026-02-28,Chicken Sandwich Loft,34338415,884543,34338415,241.38,9,9,26.82,40.46,46.05,203.91,38.69,123.88,USD
2026-02-01,2026-02-28,Chicken Sandwich Loft,35637721,884543,35637721,0.00,0,0,0.00,0.00,0.00,0.00,0.00,0.00,NULL
2026-02-01,2026-02-28,Chicken Sandwich Loft (1282 Essex Ave),38214839,884543,38214839,0.00,0,0,0.00,0.00,0.00,0.00,0.00,0.00,NULL
2026-02-01,2026-02-28,Chicken Sandwich Loft (1595 Seminole Blvd),28605587,884543,28605587,0.00,0,0,0.00,0.00,0.00,0.00,0.00,0.00,NULL
2026-02-01,2026-02-28,Chicken Sandwich Loft (196 1st Ave),31313617,884543,31313617,0.00,0,0,0.00,0.00,0.00,0.00,0.00,0.00,NULL
2026-02-01,2026-02-28,Chicken Sandwich Loft (2126 E Apache Blvd),32923527,884543,32923527,33.58,2,2,16.79,5.37,8.70,33.58,0.00,0.00,USD
2026-02-01,2026-02-28,Chicken Sandwich Loft (2138 W National Ave),35743615,884543,35743615,35.47,1,1,35.47,5.89,6.99,35.47,0.00,0.00,USD
2026-02-01,2026-02-28,Chicken Sandwich Loft (2511 Washington Blvd),27667571,884543,27667571,279.12,10,10,27.91,73.76,39.20,205.00,18.00,128.52,USD
2026-02-01,2026-02-28,Chicken Sandwich Loft (6600 W Sylvania Ave),27741728,884543,27741728,41.45,1,1,41.45,10.34,7.99,41.45,3.00,41.45,USD
2026-02-01,2026-02-28,Chicken Sandwich Loft (751 Post Road),26292097,884543,26292097,0.00,0,0,0.00,0.00,0.00,0.00,0.00,0.00,NULL
2026-02-01,2026-02-28,Chicken Sandwich Loft (97 Lexington Ave),26152966,884543,26152966,103.22,4,4,25.81,27.96,11.98,64.75,0.00,0.00,USD
2026-02-01,2026-02-28,Chicken Tenders Bar (4249 Washington St),23785266,665021,23785266,356.51,15,14,23.77,87.31,79.27,335.13,53.98,193.69,USD
2026-02-01,2026-02-28,Chief's Cheesesteaks,35446349,861219,35446349,61.97,2,2,30.99,11.00,7.99,41.98,15.75,61.97,USD
2026-02-01,2026-02-28,Chief's Cheesesteaks (Lee Hwy),22981379,861219,22981379,152.60,6,6,25.43,38.39,29.62,138.91,0.00,0.00,USD
2026-02-01,2026-02-28,Chinese Fried Rice Spot (S Higley Rd),23087862,554838,23087862,0.00,0,0,0.00,0.00,0.00,0.00,0.00,0.00,NULL
2026-02-01,2026-02-28,Chop & Dice Salads,34338911,11225453,34338911,0.00,0,0,0.00,0.00,0.00,0.00,0.00,0.00,NULL
2026-02-01,2026-02-28,Chop & Dice Salads (3349 Mission St),34338815,11225453,34338815,190.66,7,7,27.24,33.17,30.72,141.61,0.00,0.00,USD
2026-02-01,2026-02-28,Chop & Dice Salads (415 E Windmill Ln),27741698,11225453,27741698,115.93,4,4,28.98,28.66,24.36,115.93,0.00,0.00,USD
2026-02-01,2026-02-28,Chop & Dice Salads (5510 Post Oak Blvd),23598114,11225453,23598114,0.00,0,0,0.00,0.00,0.00,0.00,0.00,0.00,NULL
2026-02-01,2026-02-28,Chris's Chicken Tenders,1556230,732077,NULL,117.41,5,5,23.48,28.00,29.06,117.41,3.00,20.27,USD
2026-02-01,2026-02-28,Chris's Chicken Tenders,36019345,732077,36019345,101.98,7,6,14.57,16.50,18.56,76.13,0.00,0.00,USD
2026-02-01,2026-02-28,Christina's Vegan Cafe (1201 Castle Hill Ave),34249041,14303837,34249041,0.00,0,0,0.00,0.00,0.00,0.00,0.00,0.00,NULL
2026-02-01,2026-02-28,Christina's Vegan Cafe (1726 2nd Ave),34249039,14303837,34249039,41.97,1,1,41.97,6.79,8.99,41.97,12.00,41.97,USD
2026-02-01,2026-02-28,Christina's Vegan Cafe (58 St Marks Pl),34249037,14303837,34249037,57.97,2,2,28.99,8.80,15.98,57.97,0.00,0.00,USD
2026-02-01,2026-02-28,Chuck's Cheesesteaks,1580781,338895,NULL,0.00,0,0,0.00,0.00,0.00,0.00,0.00,0.00,NULL
2026-02-01,2026-02-28,Chucks Cheesecakes (682 Morris Park Avenue),37530643,689463,37530643,16.78,1,1,16.78,3.36,0.00,0.00,0.00,0.00,USD
2026-02-01,2026-02-28,City Life Breakfast,35901053,994325,35901053,26.46,1,1,26.46,5.29,0.00,0.00,0.00,0.00,USD
2026-02-01,2026-02-28,City Life Breakfast,35170821,994325,35170821,0.00,0,0,0.00,0.00,0.00,0.00,0.00,0.00,NULL
2026-02-01,2026-02-28,City Light Wraps (1000 Palisades Center Dr),27682561,1031966,27682561,0.00,0,0,0.00,0.00,0.00,0.00,0.00,0.00,NULL
2026-02-01,2026-02-28,City Light Wraps (1201 Randall Avenue),23693129,1031966,23693129,45.42,3,3,15.14,11.86,7.85,32.15,3.00,11.18,USD
2026-02-01,2026-02-28,City Light Wraps (1947 E Main St),24704002,1031966,24704002,0.00,0,0,0.00,0.00,0.00,0.00,0.00,0.00,NULL
2026-02-01,2026-02-28,City Light Wraps (5701 Executive Center Dr),26292131,1031966,26292131,108.77,6,6,18.13,27.14,23.29,98.98,3.00,26.57,USD
2026-02-01,2026-02-28,City Light Wraps (810 N Vallejo),39042491,1031966,39042491,0.00,0,0,0.00,0.00,0.00,0.00,0.00,0.00,NULL
2026-02-01,2026-02-28,City Light Wraps - 800 Forrest St NW,27783266,1031966,27783266,0.00,0,0,0.00,0.00,0.00,0.00,0.00,0.00,NULL
2026-02-01,2026-02-28,Classic Cheeseburger Bar,1758531,214825,NULL,411.94,14,14,29.42,51.86,79.08,399.35,38.26,160.24,USD
2026-02-01,2026-02-28,Classic Cheeseburger Bar (560 E 149th St),33963911,214825,33963911,130.55,6,6,21.76,21.64,28.34,130.55,35.38,91.70,USD
2026-02-01,2026-02-28,Coffee Crema Snob (769 9th Ave #1),24556167,991906,24556167,31.41,2,2,15.71,8.01,6.69,31.41,0.00,0.00,USD
2026-02-01,2026-02-28,Coffee Crema Snob (Canal St),2566101,991906,NULL,0.00,0,0,0.00,0.00,0.00,0.00,0.00,0.00,NULL
2026-02-01,2026-02-28,Country Southern Diner (1201 Randall Avenue),23693111,11080589,23693111,298.63,9,9,33.18,77.27,48.06,282.16,3.00,21.65,USD
2026-02-01,2026-02-28,Country Southern Diner (Pennsylvania Ave),23038944,11080589,23038944,321.90,11,11,29.26,78.68,70.60,321.90,9.00,57.36,USD
2026-02-01,2026-02-28,Crack N Omelette (3001 S Bristol St),24438076,908479,24438076,153.93,3,3,51.31,41.68,16.98,153.93,6.00,130.14,USD
2026-02-01,2026-02-28,Creamy Cupcake Shop (801 S. 62nd St),24099483,1016452,24099483,0.00,0,0,0.00,0.00,0.00,0.00,0.00,0.00,NULL
2026-02-01,2026-02-28,Croissant Cravings,33899437,14211787,33899437,430.15,13,13,33.09,76.47,56.72,365.80,16.51,70.65,USD
2026-02-01,2026-02-28,Curry Curry Curry (S Abbott Ave),943687,419444,NULL,2124.60,68,68,31.24,525.78,436.39,2084.41,0.00,0.00,USD
2026-02-01,2026-02-28,DEACTIVATED Bhabi's Indian Restaurant(106),1059767,11181610,NULL,0.00,0,0,0.00,0.00,0.00,0.00,0.00,0.00,NULL
2026-02-01,2026-02-28,DEACTIVATED Hot Wings Co.,1006421,11181610,NULL,0.00,0,0,0.00,0.00,0.00,0.00,0.00,0.00,NULL
2026-02-01,2026-02-28,DNU Greens Salad God (2940 Justin Road #300),33898915,861211,33898915,0.00,0,0,0.00,0.00,0.00,0.00,0.00,0.00,NULL
2026-02-01,2026-02-28,DTLA Ramen Izakaya (W Camelback Rd),23087632,11114098,23087632,1533.60,62,62,24.74,362.59,353.60,1458.78,156.42,573.42,USD
2026-02-01,2026-02-28,Dad's Flamin' Quesadillas (7955 E Frontage Rd),24974912,11225456,24974912,239.86,9,9,26.65,58.10,55.10,239.86,18.81,65.97,USD
2026-02-01,2026-02-28,Dad's Flamin' Quesadillas (916 Hempstead Turnpike),33895755,11225456,33895755,164.66,5,5,32.93,28.98,23.76,130.30,19.47,58.77,USD
2026-02-01,2026-02-28,Dangerous Ice Cream (34-02 30th St),24227750,891048,24227750,0.00,0,0,0.00,0.00,0.00,0.00,0.00,0.00,NULL
2026-02-01,2026-02-28,Dangerous Ice Cream (867 FIllmore Street),2110247,891048,NULL,233.43,12,11,19.45,59.41,38.02,171.20,18.00,144.33,USD
2026-02-01,2026-02-28,Danny's Desserts (1147 West Chester Pike),1458742,667886,NULL,578.44,32,31,18.08,144.54,95.99,426.48,21.00,137.87,USD
2026-02-01,2026-02-28,Danny's Desserts (4352 E Speedway Blvd),36019835,667886,36019835,302.33,16,16,18.90,49.60,68.18,286.87,18.00,114.10,USD
2026-02-01,2026-02-28,Danny's Desserts (Van Nuys Blvd),23532713,667886,23532713,186.69,7,7,26.67,49.50,25.65,151.74,6.00,42.66,USD
2026-02-01,2026-02-28,Day N Night Pancakes (N Citrus Ave),2458848,910561,NULL,158.05,8,8,19.76,37.34,35.52,158.05,42.89,106.32,USD
2026-02-01,2026-02-28,Day N Night Pancakes (Sullivan St),2269274,910561,NULL,159.99,8,8,20.00,41.52,26.55,121.55,3.00,11.18,USD
2026-02-01,2026-02-28,Daybreak Breakfast Club,36587123,13937661,36587123,55.95,3,3,18.65,8.96,14.16,55.95,6.09,23.97,USD
2026-02-01,2026-02-28,Daybreak Breakfast Club,36256561,908591,36256561,0.00,0,0,0.00,0.00,0.00,0.00,0.00,0.00,NULL
2026-02-01,2026-02-28,Daybreak Breakfast Club (168 Myrtle Ave),32863821,908591,32863821,1223.25,42,42,29.13,204.97,226.92,1223.25,121.55,573.96,USD
2026-02-01,2026-02-28,Daybreak Breakfast Club (Washington Blvd),2422926,908591,NULL,187.79,8,8,23.47,45.18,45.10,187.79,30.36,119.68,USD
2026-02-01,2026-02-28,Despicable Wraps,37414343,882513,37414343,0.00,0,0,0.00,0.00,0.00,0.00,0.00,0.00,NULL
2026-02-01,2026-02-28,Despicable Wraps (1219 1st Avenue),2230479,882513,NULL,24.77,1,1,24.77,5.95,5.94,24.77,3.00,24.77,USD
2026-02-01,2026-02-28,Despicable Wraps (300 8th Ave),2102745,882513,NULL,51.98,1,1,51.98,14.39,4.99,51.98,0.00,0.00,USD
2026-02-01,2026-02-28,Despicable Wraps (Canal St),2548391,882513,NULL,0.00,0,0,0.00,0.00,0.00,0.00,0.00,0.00,NULL
2026-02-01,2026-02-28,Devil's Burger Bar (22 4th Ave),33895959,364336,33895959,0.00,0,0,0.00,0.00,0.00,0.00,0.00,0.00,NULL
2026-02-01,2026-02-28,Divya's Indian Restaurant,35648739,11100795,35648739,109.12,4,1,27.28,16.59,21.16,90.93,0.00,0.00,USD
2026-02-01,2026-02-28,Dosa on Dosa (3301 Preston Rd),24051985,883386,24051985,73.96,2,2,36.98,18.04,15.78,73.96,0.00,0.00,USD
2026-02-01,2026-02-28,Doughboys Sandwiches (101 Guyon Ave),26292279,903860,26292279,370.70,19,19,19.51,92.71,80.54,370.70,72.36,212.93,USD
2026-02-01,2026-02-28,Doughboys Sandwiches (105 Avenue A),33973693,903860,33973693,0.00,0,0,0.00,0.00,0.00,0.00,0.00,0.00,NULL
2026-02-01,2026-02-28,Doughboys Sandwiches (1174 Chapel St),35492373,903860,35492373,0.00,0,0,0.00,0.00,0.00,0.00,0.00,0.00,NULL
2026-02-01,2026-02-28,Doughboys Sandwiches (1268 W 86th St),32923607,903860,32923607,202.16,7,7,28.88,33.45,40.87,188.47,36.57,121.52,USD
2026-02-01,2026-02-28,Doughboys Sandwiches (3161 Michelson Dr),33899333,903860,33899333,23.07,1,1,23.07,3.69,5.60,23.07,0.00,0.00,USD
2026-02-01,2026-02-28,Doughboys Sandwiches (4th Ave),23556079,903860,23556079,103.36,3,3,34.45,28.61,8.99,47.94,0.00,0.00,USD
2026-02-01,2026-02-28,Doughboys Sandwiches (5108 Conveyor Dr),24606239,903860,24606239,0.00,0,0,0.00,0.00,0.00,0.00,0.00,0.00,NULL
2026-02-01,2026-02-28,EZ Cheesesteaks (3846 Mowry Ave),32926571,911656,32926571,982.43,45,45,21.83,148.36,203.59,798.64,0.00,0.00,USD
2026-02-01,2026-02-28,EarlyBites Sandwiches,33971941,14229855,33971941,0.00,0,0,0.00,0.00,0.00,0.00,0.00,0.00,NULL
2026-02-01,2026-02-28,Empire State Panini,1725776,791207,NULL,186.98,10,10,18.70,48.98,29.65,130.96,9.00,45.52,USD
2026-02-01,2026-02-28,Empire State Panini (Broadway),31536859,791207,31536859,75.53,3,3,25.18,15.48,17.38,75.53,3.00,33.56,USD
2026-02-01,2026-02-28,Erica's Shake Shack,37566393,11146897,37566393,136.28,6,6,22.71,23.47,23.95,123.09,0.00,0.00,USD
2026-02-01,2026-02-28,Evan's Burger Empire (877 10th Ave),25130156,11225461,25130156,16.27,1,1,16.27,3.98,3.99,16.27,0.00,0.00,USD
2026-02-01,2026-02-28,Exquisite Bowls,35493035,750044,35493035,179.89,7,7,25.70,29.09,41.43,179.89,6.00,43.98,USD
2026-02-01,2026-02-28,Exquisite Bowls,37413841,750044,37413841,63.96,3,1,21.32,12.00,4.99,23.98,0.00,0.00,USD
2026-02-01,2026-02-28,Exquisite Bowls,33948073,750044,33948073,389.57,15,14,25.97,67.49,68.48,344.81,23.46,60.84,USD
2026-02-01,2026-02-28,Exquisite Bowls (1824 2nd Ave),33948075,750044,33948075,194.48,11,11,17.68,37.34,9.82,43.37,0.00,0.00,USD
2026-02-01,2026-02-28,Exquisite Bowls (8770 E McDowell Rd),33948069,750044,33948069,1130.70,46,46,24.58,180.95,260.42,1120.91,162.68,534.69,USD
2026-02-01,2026-02-28,Exquisite Bowls - 2705 Stoneridge Dr Unit B (Inside Pacific Food Hall),27833988,750044,27833988,0.00,0,0,0.00,0.00,0.00,0.00,0.00,0.00,NULL
2026-02-01,2026-02-28,Exquisite Poke Bowls (33757 Woodward Ave),24387240,998827,24387240,214.84,7,7,30.69,52.43,46.00,214.84,0.00,0.00,USD
2026-02-01,2026-02-28,Exquisite Poke Bowls (5021 Verdugo Way #109-A),27478242,750044,27478242,216.87,9,9,24.10,52.48,50.90,216.87,0.00,0.00,USD
2026-02-01,2026-02-28,Fallen Angel Wings (1368 N Arizona Ave),31313215,380093,31313215,317.44,13,13,24.42,79.49,63.35,281.39,9.00,94.11,USD
2026-02-01,2026-02-28,Fallon's Fried Chicken,33972435,368965,33972435,58.75,3,3,19.58,9.54,14.03,58.75,7.82,13.99,USD
2026-02-01,2026-02-28,Fallon's Fried Chicken,35854061,368965,35854061,162.87,8,8,20.36,27.13,35.15,162.87,0.00,0.00,USD
2026-02-01,2026-02-28,Fallon's Fried Chicken (Pico Blvd),828125,368965,NULL,152.44,7,7,21.78,30.94,28.88,119.58,0.00,0.00,USD
2026-02-01,2026-02-28,Famous Gyro Bar,779913,351303,NULL,253.53,10,10,25.35,51.45,38.85,198.89,6.00,50.35,USD
2026-02-01,2026-02-28,Famous Gyro Bar (W 125th St),23135972,351303,23135972,0.00,0,0,0.00,0.00,0.00,0.00,0.00,0.00,NULL
2026-02-01,2026-02-28,Farmer Girl Salad (301 W 96th St),23557659,283534,23557659,26.27,1,1,26.27,6.31,6.24,26.27,0.00,0.00,USD
2026-02-01,2026-02-28,Farmer's Village Breakfast (34-02 30th St),24637114,882515,24637114,231.88,11,11,21.08,58.96,45.26,199.70,3.00,19.65,USD
2026-02-01,2026-02-28,Farmers Market Salads,33899541,14211817,33899541,0.00,0,0,0.00,0.00,0.00,0.00,0.00,0.00,NULL
2026-02-01,2026-02-28,Farmers Market Salads (4507 West Coast Hwy),40119159,14211817,40119159,0.00,0,0,0.00,0.00,0.00,0.00,0.00,0.00,NULL
2026-02-01,2026-02-28,"Fat Cheesesteaks  (The Bronx, NY)",1413372,629629,NULL,0.00,0,0,0.00,0.00,0.00,0.00,0.00,0.00,NULL
2026-02-01,2026-02-28,Fat Cheesesteaks (Virtual Brand)(Santa Monica),1335600,629629,NULL,874.47,33,33,26.50,219.73,173.70,866.78,44.17,264.39,USD
2026-02-01,2026-02-28,Fierce Chicken Sandwich,37375655,11411069,37375655,0.00,0,0,0.00,0.00,0.00,0.00,0.00,0.00,NULL
2026-02-01,2026-02-28,Fierce Chicken Sandwich,35809781,11411069,35809781,0.00,0,0,0.00,0.00,0.00,0.00,0.00,0.00,NULL
2026-02-01,2026-02-28,Fierce Chicken Sandwich,37413325,11411069,37413325,0.00,0,0,0.00,0.00,0.00,0.00,0.00,0.00,NULL
2026-02-01,2026-02-28,Fierce Chicken Sandwich,39162061,11411069,39162061,145.92,3,3,48.64,26.78,13.98,119.93,0.00,0.00,USD
2026-02-01,2026-02-28,Fierce Chicken Sandwich,36364773,11411069,36364773,0.00,0,0,0.00,0.00,0.00,0.00,0.00,0.00,NULL
2026-02-01,2026-02-28,Fierce Chicken Sandwich,37994405,11411069,37994405,277.79,7,7,39.68,48.72,39.15,233.83,0.00,0.00,USD
2026-02-01,2026-02-28,Fierce Chicken Sandwich,35681661,11411069,35681661,173.74,8,8,21.72,20.19,39.24,173.74,0.00,0.00,USD
2026-02-01,2026-02-28,Fierce Chicken Sandwich,38057903,11411069,38057903,60.94,1,0,60.94,10.59,8.99,60.94,0.00,0.00,USD
2026-02-01,2026-02-28,Fierce Chicken Sandwich (1541 Glenn School Rd suite 17),31314095,11411069,31314095,27.98,1,1,27.98,6.71,6.59,27.98,0.00,0.00,USD
2026-02-01,2026-02-28,Fierce Chicken Sandwich (18679 W Dixie Highway),38796180,11411069,38796180,0.00,0,0,0.00,0.00,0.00,0.00,0.00,0.00,NULL
2026-02-01,2026-02-28,Fierce Chicken Sandwich (226 1/2 Newark Ave),24899866,11411069,24899866,224.74,9,9,24.97,55.35,49.21,224.74,0.00,0.00,USD
2026-02-01,2026-02-28,Fierce Chicken Sandwich (456 Grove St),32863881,11411069,32863881,46.17,1,1,46.17,7.83,7.99,46.17,3.00,46.17,USD
2026-02-01,2026-02-28,Fierce Chicken Sandwich (589 1st Avenue),35115667,11411069,35115667,116.93,4,4,29.23,18.83,26.76,116.93,6.00,59.96,USD
2026-02-01,2026-02-28,Fierce Chicken Sandwich (590 32nd St),32863877,11411069,32863877,0.00,0,0,0.00,0.00,0.00,0.00,0.00,0.00,NULL
2026-02-01,2026-02-28,Fierce Chicken Sandwich (6413 Hillcrest Ave),35668945,11411069,35668945,82.94,2,2,41.47,14.19,13.98,82.94,23.23,82.94,USD
2026-02-01,2026-02-28,Fierce Chicken Sandwich (766 Grand St),38210463,11411069,38210463,0.00,0,0,0.00,0.00,0.00,0.00,0.00,0.00,NULL
2026-02-01,2026-02-28,Fierce Chicken Sandwich (810 N Vallejo),39042683,11411069,39042683,0.00,0,0,0.00,0.00,0.00,0.00,0.00,0.00,NULL
2026-02-01,2026-02-28,Fiesta Mexibowl,39161859,16733658,39161859,72.92,2,2,36.46,12.98,8.99,43.95,0.00,0.00,USD
2026-02-01,2026-02-28,Fiesta Mexican Spot,36034031,391672,36034031,37.95,1,1,37.95,7.59,0.00,0.00,0.00,0.00,USD
2026-02-01,2026-02-28,Fiesta Mexican Spot  (3605 W Chandler Blvd #105),27925744,391672,27925744,0.00,0,0,0.00,0.00,0.00,0.00,0.00,0.00,NULL
2026-02-01,2026-02-28,Fiesta Mexican Spot (1131 Westwood Blvd),23556706,391672,23556706,0.00,0,0,0.00,0.00,0.00,0.00,0.00,0.00,NULL
2026-02-01,2026-02-28,Fiesta Mexican Spot (Hillside Ave),2849804,391672,2849804,99.95,4,4,24.99,26.99,10.00,59.97,3.00,19.99,USD
2026-02-01,2026-02-28,Fiesta Vegan Mexican (4955 Voltaire St),24270691,11102225,24270691,580.38,18,18,32.24,142.44,109.91,580.38,6.00,67.16,USD
2026-02-01,2026-02-28,Fine Line Desserts (12453 Oxnard St),26153026,921991,26153026,129.13,6,6,21.52,33.28,22.18,91.18,3.00,30.56,USD
2026-02-01,2026-02-28,Finger Lickin Fried Chicken (854 N Broadway),31619811,392011,31619811,75.52,2,2,37.76,19.06,13.98,75.52,7.97,27.97,USD
2026-02-01,2026-02-28,Finn's Famous Fries (3846 Mowry Ave),32926642,11225462,32926642,190.23,9,9,21.14,31.04,11.18,41.97,6.36,16.79,USD
2026-02-01,2026-02-28,Fiona's Breakfast Burritos,37618873,13937663,37618873,0.00,0,0,0.00,0.00,0.00,0.00,0.00,0.00,NULL
2026-02-01,2026-02-28,Fiona's Breakfast Burritos (1282 Essex Ave),38215083,13937663,38215083,0.00,0,0,0.00,0.00,0.00,0.00,0.00,0.00,NULL
2026-02-01,2026-02-28,Fiona's Breakfast Burritos (1929 Chestnut St),32863835,13937663,32863835,0.00,0,0,0.00,0.00,0.00,0.00,0.00,0.00,NULL
2026-02-01,2026-02-28,Fiona's Breakfast Burritos (277 Gold Street),32863837,13937663,32863837,213.97,8,8,26.75,38.39,25.96,160.44,0.00,0.00,USD
2026-02-01,2026-02-28,Fiona's Breakfast Burritos (433 W 34th st),33886909,13937663,33886909,151.97,8,7,19.00,28.09,14.54,66.84,16.44,71.73,USD
2026-02-01,2026-02-28,Fiona's Breakfast Burritos (7701 Garrison Road),24227583,693494,24227583,1075.71,38,38,28.31,271.47,208.56,1075.71,34.63,237.81,USD
2026-02-01,2026-02-28,Fiona's Breakfast Burritos (Michelson Dr),22988449,693494,22988449,779.76,27,27,28.88,191.78,148.92,765.07,96.21,345.06,USD
2026-02-01,2026-02-28,Fiona's Breakfast Burritos -  (Polk St),1456061,693494,NULL,388.11,13,13,29.85,99.46,67.35,348.16,6.00,43.96,USD
2026-02-01,2026-02-28,Fiona's Pancake Bar,1008360,449678,NULL,76.90,4,4,19.23,19.93,12.46,52.42,9.00,54.53,USD
2026-02-01,2026-02-28,Fiona's Ultimate Wraps,2236277,857894,NULL,0.00,0,0,0.00,0.00,0.00,0.00,0.00,0.00,NULL
2026-02-01,2026-02-28,Fiona's Ultimate Wraps,38215689,857894,38215689,0.00,0,0,0.00,0.00,0.00,0.00,0.00,0.00,NULL
2026-02-01,2026-02-28,Fiona's Ultimate Wraps (607 9th Ave),2389718,857894,2389718,0.00,0,0,0.00,0.00,0.00,0.00,0.00,0.00,NULL
2026-02-01,2026-02-28,Fiona's Ultimate Wraps (766 Grand St),38211325,857894,38211325,0.00,0,0,0.00,0.00,0.00,0.00,0.00,0.00,NULL
2026-02-01,2026-02-28,Fire House Quesadillas,33967295,14229229,33967295,0.00,0,0,0.00,0.00,0.00,0.00,0.00,0.00,NULL
2026-02-01,2026-02-28,Firenze Pasta Ristorante (20491 Alton Pkwy Ste B),25295187,374447,25295187,630.09,19,19,33.16,164.23,97.61,563.28,22.89,214.02,USD
2026-02-01,2026-02-28,Firenze Pasta Ristorante (4th Ave),842380,374447,NULL,253.80,8,8,31.73,66.26,38.84,233.81,6.00,49.96,USD
2026-02-01,2026-02-28,Firenze Pasta Ristorante (Queens Plaza),23038920,374447,23038920,124.01,6,6,20.67,34.92,10.56,50.67,3.00,19.78,USD
2026-02-01,2026-02-28,First Light Breakfast Cafe,36364663,911646,36364663,35.95,2,2,17.98,4.95,13.17,35.95,0.00,0.00,USD
2026-02-01,2026-02-28,First Light Breakfast Cafe (101 Guyon Ave),26292110,911646,26292110,482.78,22,22,21.94,122.91,91.92,441.64,17.57,127.01,USD
2026-02-01,2026-02-28,First Light Breakfast Cafe (1174 Chapel St),35492772,14669295,35492772,0.00,0,0,0.00,0.00,0.00,0.00,0.00,0.00,NULL
2026-02-01,2026-02-28,First Light Breakfast Cafe (1595 Seminole Blvd),28605911,911646,28605911,0.00,0,0,0.00,0.00,0.00,0.00,0.00,0.00,NULL
2026-02-01,2026-02-28,First Light Breakfast Cafe (303 East 9th Street),31314233,911646,31314233,0.00,0,0,0.00,0.00,0.00,0.00,0.00,0.00,NULL
2026-02-01,2026-02-28,First Light Breakfast Cafe (3907 Lee Hwy),24387449,911646,24387449,1588.95,66,65,24.08,394.93,320.94,1474.51,85.32,472.19,USD
2026-02-01,2026-02-28,First Light Breakfast Cafe (877 10th Ave),36031447,911646,36031447,33.47,1,1,33.47,5.36,7.68,33.47,11.59,33.47,USD
2026-02-01,2026-02-28,FirstBite Breakfast Sandwiches (370 Main St),31314269,12658404,31314269,394.36,17,16,23.20,100.92,69.90,332.14,9.00,33.56,USD
2026-02-01,2026-02-28,Flavor of Greek,39899129,724544,39899129,0.00,0,0,0.00,0.00,0.00,0.00,0.00,0.00,NULL
2026-02-01,2026-02-28,Flowers Bouquet Shop (171 Bleecker St),2140050,894492,NULL,39706.51,509,505,78.01,10810.73,4120.64,37472.57,21.00,727.50,USD
2026-02-01,2026-02-28,Food & Liquor World,394811,189768,NULL,186.36,10,10,18.64,32.01,32.34,173.86,0.00,0.00,USD
2026-02-01,2026-02-28,Francesco Pasta Ristorante (2898 Homestead Rd),32926811,932185,32926811,253.20,10,10,25.32,37.58,60.29,253.20,9.00,76.94,USD
2026-02-01,2026-02-28,Frank's Philly Cheesesteaks,36523281,325003,36523281,35.96,1,1,35.96,5.99,6.00,35.96,0.00,0.00,USD
2026-02-01,2026-02-28,Frank's Philly Cheesesteaks,26175160,325003,26175160,1058.56,32,32,33.08,273.93,142.74,947.65,155.35,676.68,USD
2026-02-01,2026-02-28,Frankie's Burger Bar,33948231,329708,33948231,0.00,0,0,0.00,0.00,0.00,0.00,0.00,0.00,NULL
2026-02-01,2026-02-28,Frankie's Burger Bar (1824 2nd Ave),33948227,329708,33948227,0.00,0,0,0.00,0.00,0.00,0.00,0.00,0.00,NULL
2026-02-01,2026-02-28,Frankie's Burger Bar (3 West Fordham Rd.),25404572,329708,25404572,65.43,3,3,21.81,15.69,16.06,65.43,3.00,21.48,USD
2026-02-01,2026-02-28,French Omelette Bar (164-01 Hillside Ave),32863823,391330,32863823,50.41,1,1,50.41,9.48,3.99,50.41,0.00,0.00,USD
2026-02-01,2026-02-28,Fresh N Fruity Smoothies,34346795,848688,34346795,158.63,7,7,22.66,28.11,21.02,109.03,23.72,91.54,USD
2026-02-01,2026-02-28,Fresh N Fruity Smoothies (382 8th Ave),32863839,848688,32863839,307.50,17,17,18.09,57.43,25.28,104.83,6.00,36.35,USD
2026-02-01,2026-02-28,Fresh Seafood House (226 Newark Ave),24636919,877009,24636919,155.96,5,5,31.19,38.75,31.74,155.96,32.06,128.48,USD
2026-02-01,2026-02-28,Fried Chicken Co,33973287,581603,33973287,158.99,5,5,31.80,25.98,34.04,158.99,0.00,0.00,USD
2026-02-01,2026-02-28,Fried Chicken Savage (1428 Polk St),33558841,706849,33558841,171.82,6,6,28.64,24.47,22.00,122.88,3.00,9.99,USD
2026-02-01,2026-02-28,Fried Chicken Savage (555 CA-17),24974898,706849,24974898,674.64,17,17,39.68,177.23,96.79,621.48,21.00,358.09,USD
2026-02-01,2026-02-28,Fried Chicken Savage (George St),23046055,706849,23046055,18.38,1,1,18.38,4.41,4.67,18.38,0.00,0.00,USD
2026-02-01,2026-02-28,Fried Chicken Savage (Virtual Brand)(7000 Bancroft Ave),1505414,706849,NULL,0.00,0,0,0.00,0.00,0.00,0.00,0.00,0.00,NULL
2026-02-01,2026-02-28,Fried Munchies Shack (3rd Ave),23268670,11072035,23268670,357.05,13,13,27.47,90.21,69.17,357.05,17.09,69.84,USD
2026-02-01,2026-02-28,Fried Rice Fanatic (33757 Woodward Ave),24387336,872515,24387336,633.16,28,28,22.61,150.13,154.50,581.70,18.00,115.50,USD
2026-02-01,2026-02-28,Fry Bird Sandwiches,33948289,11818490,33948289,25.96,1,1,25.96,4.19,5.99,25.96,0.00,0.00,USD
2026-02-01,2026-02-28,Fry Bird Sandwiches (15822 Bernardo Center Dr),35874349,11818490,35874349,47.57,1,1,47.57,8.11,7.99,47.57,0.00,0.00,USD
2026-02-01,2026-02-28,Fry Bird Sandwiches (16224 Tuskegee Airmen Way),33948287,11818490,33948287,125.11,5,5,25.02,20.88,24.69,110.43,0.00,0.00,USD
2026-02-01,2026-02-28,Fry Bird Sandwiches (370 Main St),31313869,11818490,31313869,172.87,8,8,21.61,45.03,28.70,142.10,6.00,30.85,USD
2026-02-01,2026-02-28,Fry Bird Sandwiches (4507 West Coast Hwy),40119426,11818490,40119426,0.00,0,0,0.00,0.00,0.00,0.00,0.00,0.00,NULL
2026-02-01,2026-02-28,Fry Bird Sandwiches (493 Old Hickory Blvd),33558897,11818490,33558897,252.36,8,8,31.55,42.52,46.66,218.80,28.76,67.11,USD
2026-02-01,2026-02-28,FryChick Sandwiches,36031619,14718147,36031619,0.00,0,0,0.00,0.00,0.00,0.00,0.00,0.00,NULL
2026-02-01,2026-02-28,FryChick Sandwiches,37412203,14718147,37412203,0.00,0,0,0.00,0.00,0.00,0.00,0.00,0.00,NULL
2026-02-01,2026-02-28,FryChick Sandwiches,40385241,14718147,40385241,0.00,0,0,0.00,0.00,0.00,0.00,0.00,0.00,NULL
2026-02-01,2026-02-28,FryChick Sandwiches,35662249,14718147,35662249,0.00,0,0,0.00,0.00,0.00,0.00,0.00,0.00,NULL
2026-02-01,2026-02-28,FryChick Sandwiches,38216683,14718147,38216683,0.00,0,0,0.00,0.00,0.00,0.00,0.00,0.00,NULL
2026-02-01,2026-02-28,FryChick Sandwiches,40734667,14718147,40734667,64.94,2,2,32.47,11.79,6.99,34.96,0.00,0.00,USD
2026-02-01,2026-02-28,General's French Toast (W Chester Pike),23367264,922016,23367264,1342.96,53,53,25.34,322.35,273.61,1277.84,159.93,715.79,USD
2026-02-01,2026-02-28,Get Grilled Cheesin' (15198 E 13 Mile Rd),25832877,840822,25832877,58.42,2,2,29.21,14.99,10.45,58.42,0.00,0.00,USD
2026-02-01,2026-02-28,Get Grilled Cheesin' (W Chester Pike),23367267,840822,23367267,602.37,16,16,37.65,153.67,103.91,585.39,27.00,418.57,USD
2026-02-01,2026-02-28,Gina's Greens N' Things (327 Union St),33558959,11225469,33558959,100.39,5,5,20.08,17.33,16.76,68.93,0.00,0.00,USD
2026-02-01,2026-02-28,Glorious Panini Snob,33973079,859060,33973079,155.95,6,6,25.99,25.09,36.43,155.95,13.36,52.45,USD
2026-02-01,2026-02-28,Glorious Panini Snob (330 W Broadway),24556145,859060,24556145,40.56,2,2,20.28,9.75,9.03,40.56,7.28,20.28,USD
2026-02-01,2026-02-28,Glorious Panini Snob (433 W 34th st),23549668,859060,23549668,107.94,4,4,26.99,26.39,20.99,107.94,32.41,87.95,USD
2026-02-01,2026-02-28,Golden Bear Sandwiches,1783362,549430,NULL,206.24,9,9,22.92,50.29,47.49,206.24,12.00,105.57,USD
2026-02-01,2026-02-28,Golden Bear Sandwiches (111 E 161 St),25295455,549430,25295455,158.15,4,4,39.54,41.77,20.91,144.86,0.00,0.00,USD
2026-02-01,2026-02-28,Golden Bear Sandwiches (277 Gold Street),32927159,549430,32927159,18.18,1,1,18.18,0.82,5.54,18.18,8.00,18.18,USD
2026-02-01,2026-02-28,Golden Bear Sandwiches (83 Canal St #6019),23558050,549430,23558050,0.00,0,0,0.00,0.00,0.00,0.00,0.00,0.00,NULL
2026-02-01,2026-02-28,Golden Bear Sandwiches (Virtual Brand)(W Chester Pike),1451975,549430,NULL,550.51,20,20,27.53,134.21,122.79,550.51,39.00,336.71,USD
2026-02-01,2026-02-28,Golden Dragon Asian Bowls (1401 E Arapaho Rd #F),32927301,11334912,32927301,63.62,3,3,21.21,9.38,18.70,63.62,5.97,16.77,USD
2026-02-01,2026-02-28,Good Planet Vegan Burgers (1428 Polk St),33558983,903309,33558983,1453.05,40,40,36.33,240.16,260.14,1453.05,155.75,734.76,USD
2026-02-01,2026-02-28,Good Planet Vegan Burgers (Hillcrest Ave),2428371,903309,NULL,244.51,4,4,61.13,67.06,23.97,174.08,0.00,0.00,USD
2026-02-01,2026-02-28,Gooey Mac N cheez (W Jefferson),26000460,11225471,26000460,23.98,1,1,23.98,5.75,5.79,23.98,0.00,0.00,USD
2026-02-01,2026-02-28,Gourmet Omelette Bar,35668631,414640,35668631,0.00,0,0,0.00,0.00,0.00,0.00,0.00,0.00,NULL
2026-02-01,2026-02-28,Gourmet Omelette Bar (226 1/2 Newark Ave),24556355,414640,24556355,166.83,5,4,33.37,41.52,31.39,166.83,0.00,0.00,USD
2026-02-01,2026-02-28,Gourmet Omelette Bar (2909A Queens Plaza North),32863841,414640,32863841,88.14,3,3,29.38,14.61,18.05,88.14,9.50,29.38,USD
2026-02-01,2026-02-28,Gourmet Omelette Bar (Crenshaw),22997212,414640,22997212,826.46,36,36,22.96,206.64,166.29,740.45,42.75,165.76,USD
2026-02-01,2026-02-28,Grandma's Breakfast Sandwiches,35900839,1014385,35900839,122.86,4,4,30.72,22.36,12.98,73.94,0.00,0.00,USD
2026-02-01,2026-02-28,Grandma's Breakfast Sandwiches (105 Avenue A),33973783,1014385,33973783,155.19,7,7,22.17,22.41,37.45,145.40,45.45,133.53,USD
2026-02-01,2026-02-28,Grandma's Breakfast Sandwiches (15198 E 13 Mile Rd),25833954,1014385,25833954,392.80,19,19,20.67,106.72,45.04,183.54,17.93,96.06,USD
2026-02-01,2026-02-28,Grandma's Breakfast Sandwiches (315 Walter E Foran Blvd Ste 314),23549227,1014385,23549227,250.33,15,15,16.69,66.25,34.46,156.94,13.80,81.95,USD
2026-02-01,2026-02-28,Grandma's Breakfast Sandwiches (330 W Broadway),32927450,1014385,32927450,23.07,1,0,23.07,3.61,5.99,23.07,0.00,0.00,USD
2026-02-01,2026-02-28,Grandma's Breakfast Sandwiches (5993 Broadway),24556141,1014385,24556141,188.23,11,11,17.11,47.60,36.44,153.82,3.00,10.48,USD
2026-02-01,2026-02-28,Greek Gyro Spot (265 Bedford Ave),1834947,321655,NULL,43.56,2,2,21.78,13.06,0.00,0.00,3.00,21.78,USD
2026-02-01,2026-02-28,Greek Gyro Spot (Hoover Rd),23045876,321655,23045876,193.91,6,6,32.32,48.33,37.78,183.42,0.00,0.00,USD
2026-02-01,2026-02-28,Green Leaf Salads (1306 Atlantic Ave),25130218,11225473,25130218,70.39,4,4,17.60,17.60,15.71,70.39,3.00,18.58,USD
2026-02-01,2026-02-28,Green Leaf Salads (2614 Lebanon Pike),26344247,11225473,26344247,149.68,7,7,21.38,37.69,29.96,130.10,3.00,27.98,USD
2026-02-01,2026-02-28,Green Leaf Salads (277 Gold Street),35808175,11225473,35808175,0.00,0,0,0.00,0.00,0.00,0.00,0.00,0.00,NULL
2026-02-01,2026-02-28,Green Leaf Salads (6806 Roosevelt Ave),37993786,11225473,37993786,35.16,1,1,35.16,5.83,6.99,35.16,0.00,0.00,USD
2026-02-01,2026-02-28,Green Vibes Salad (1116 Polk St),32927659,908480,32927659,205.03,7,7,29.29,34.98,36.09,159.48,38.63,116.90,USD
2026-02-01,2026-02-28,Green Vibes Salad (303 East 9th Street),31313941,908480,31313941,25.17,1,1,25.17,6.04,6.02,25.17,0.00,0.00,USD
2026-02-01,2026-02-28,Greens Salad God (493 Old Hickory Blvd),33886007,861211,33886007,188.16,8,8,23.52,31.24,37.97,160.20,34.24,76.89,USD
2026-02-01,2026-02-28,Greens Salad God (6611 S 101st E Ave),33948345,861211,33948345,191.96,9,9,21.33,35.61,16.97,109.75,0.00,0.00,USD
2026-02-01,2026-02-28,Grilled Cheese Ecstatic (401 Federal Rd),33559099,11103010,33559099,41.36,1,1,41.36,7.07,6.99,41.36,3.00,41.36,USD
2026-02-01,2026-02-28,Grilled Cheese Ecstatic (9th Ave),23060370,11103010,23060370,589.15,25,24,23.57,149.02,104.24,520.03,9.00,41.56,USD
2026-02-01,2026-02-28,Grilled Cheese Ecstatic (E 8th St),23367290,11103010,23367290,442.79,23,23,19.25,114.55,71.71,308.49,65.24,206.90,USD
2026-02-01,2026-02-28,Grilled Cheese Ecstatic (Sullivan St),23326403,11103010,23326403,83.20,3,3,27.73,20.79,16.85,83.20,0.00,0.00,USD
2026-02-01,2026-02-28,Halal Cheesesteak Snob,1608268,755167,NULL,866.36,27,27,32.09,203.30,157.28,821.39,97.73,303.80,USD
2026-02-01,2026-02-28,Halal Chicken Gyros Co. (Mowry Ave),873424,392316,NULL,1260.70,40,39,31.52,306.09,36.66,205.54,13.20,41.96,USD
2026-02-01,2026-02-28,Halal Chicken Spot (244 W. 14th street),1451913,667829,NULL,170.55,5,5,34.11,46.81,17.50,72.70,0.00,0.00,USD
2026-02-01,2026-02-28,Halal Chicken Spot (Jamaica Ave),23059274,667829,23059274,80.92,4,3,20.23,19.63,19.44,80.92,0.00,0.00,USD
2026-02-01,2026-02-28,Halal Gyro Lab (93 Avenue A),36238018,216466,36238018,91.94,3,3,30.65,16.11,11.40,60.96,24.70,91.94,USD
2026-02-01,2026-02-28,Halal Gyro Lab (Jamaica Ave),1459266,216466,NULL,131.14,7,5,18.73,34.31,16.75,99.89,9.00,70.65,USD
2026-02-01,2026-02-28,Halal Gyro Lab (Virtual Brand)(1760 3rd Ave),1497405,216466,NULL,483.93,20,20,24.20,117.74,97.52,483.93,95.96,354.80,USD
2026-02-01,2026-02-28,Halal Gyro Lab (W 14th),2423067,216466,NULL,25.97,1,1,25.97,6.23,5.19,25.97,0.00,0.00,USD
2026-02-01,2026-02-28,Halal Indian Bazaar,814583,364326,NULL,0.00,0,0,0.00,0.00,0.00,0.00,0.00,0.00,NULL
2026-02-01,2026-02-28,Halal Indian Monsoon (B St),690586,321656,NULL,1216.18,27,27,45.04,310.81,194.35,1187.30,48.00,736.52,USD
2026-02-01,2026-02-28,Haley's Heavenly Burgers,34251159,11225474,34251159,21.48,1,1,21.48,3.44,5.29,21.48,0.00,0.00,USD
2026-02-01,2026-02-28,Haley's Heavenly Burgers,34349403,11225474,34349403,0.00,0,0,0.00,0.00,0.00,0.00,0.00,0.00,NULL
2026-02-01,2026-02-28,Haley's Heavenly Burgers (226 1/2 Newark Ave),24556356,11225474,24556356,141.19,7,7,20.17,34.94,30.67,124.22,31.19,85.47,USD
2026-02-01,2026-02-28,Harry's Sandwich House (1424 Lexington Ave),31635793,11705244,31635793,83.21,4,4,20.80,20.46,18.96,83.21,0.00,0.00,USD
2026-02-01,2026-02-28,Harry's Sandwich House (228 George St),32863831,11705244,32863831,0.00,0,0,0.00,0.00,0.00,0.00,0.00,0.00,NULL
2026-02-01,2026-02-28,Harry's Sandwich House (8886 Knott Ave),26291900,11705244,26291900,0.00,0,0,0.00,0.00,0.00,0.00,0.00,0.00,NULL
2026-02-01,2026-02-28,Hassan's Mediterranean Flatbreads (1849 N Scottsdale Rd),24606197,11427318,24606197,137.83,5,4,27.57,23.10,25.01,121.07,5.98,29.75,USD
2026-02-01,2026-02-28,Headlines Mexican Spot,33964025,550785,33964025,0.00,0,0,0.00,0.00,0.00,0.00,0.00,0.00,NULL
2026-02-01,2026-02-28,Headlines Mexican Spot (265 Bedford Ave),1834983,550785,NULL,0.00,0,0,0.00,0.00,0.00,0.00,0.00,0.00,NULL
2026-02-01,2026-02-28,Healthy Salad Bar,1585823,554803,5423,0.00,0,0,0.00,0.00,0.00,0.00,0.00,0.00,NULL
2026-02-01,2026-02-28,Healthy Salad Bar,1619091,554803,1760,495.15,27,27,18.34,125.59,76.47,457.43,73.72,229.83,USD
2026-02-01,2026-02-28,Heaven's Burgers,38058341,443555,38058341,0.00,0,0,0.00,0.00,0.00,0.00,0.00,0.00,NULL
2026-02-01,2026-02-28,Heaven's Burgers,33950863,443555,33950863,29.44,1,1,29.44,4.71,6.88,29.44,7.79,29.44,USD
2026-02-01,2026-02-28,Heaven's Burgers (1 Kedron Ave Unit 4),35463385,443555,35463385,39.95,1,1,39.95,6.59,7.99,39.95,3.00,39.95,USD
2026-02-01,2026-02-28,Heaven's Burgers (1282 Essex Ave),38215266,443555,38215266,0.00,0,0,0.00,0.00,0.00,0.00,0.00,0.00,NULL
2026-02-01,2026-02-28,Heaven's Burgers (S 11th St),25404570,443555,25404570,116.88,5,5,23.38,29.11,23.80,104.19,3.00,19.78,USD
2026-02-01,2026-02-28,Heavens Chicken Wings (New York),849212,377545,NULL,216.21,7,7,30.89,44.68,44.50,216.21,0.00,0.00,USD
2026-02-01,2026-02-28,Hella Good Chicken Wings (43 W Flagler St),28606154,292230,28606154,259.87,9,9,28.87,65.73,47.69,223.02,17.04,51.02,USD
2026-02-01,2026-02-28,Henry's Chicken Wings (4663 Trousdale Dr),24328785,873775,24328785,124.55,3,3,41.52,31.22,23.48,124.55,0.00,0.00,USD
2026-02-01,2026-02-28,High Life Breakfast Sandwiches,33975103,899169,33975103,35.62,2,2,17.81,5.34,10.89,35.62,15.38,35.62,USD
2026-02-01,2026-02-28,High Life Breakfast Sandwiches,38215657,899169,38215657,0.00,0,0,0.00,0.00,0.00,0.00,0.00,0.00,NULL
2026-02-01,2026-02-28,High Life Breakfast Sandwiches,37375845,899169,37375845,0.00,0,0,0.00,0.00,0.00,0.00,0.00,0.00,NULL
2026-02-01,2026-02-28,High Life Breakfast Sandwiches (1213 Amsterdam Ave),36255055,899169,36255055,108.97,8,8,13.62,14.51,20.49,83.82,20.07,48.90,USD
2026-02-01,2026-02-28,High Life Breakfast Sandwiches (3319 W Pico Blvd),28605981,899169,28605981,257.31,12,12,21.44,62.92,57.50,244.72,8.71,37.77,USD
2026-02-01,2026-02-28,High Life Breakfast Sandwiches (589 1st Avenue),38214901,899169,38214901,191.79,7,7,27.40,34.36,24.95,161.83,0.00,0.00,USD
2026-02-01,2026-02-28,High Life Breakfast Sandwiches (612 11th Ave),25129904,899169,25129904,135.31,5,5,27.06,34.03,25.84,123.32,6.00,43.94,USD
2026-02-01,2026-02-28,High Life Breakfast Sandwiches (Chapel St),23106184,899169,23106184,967.02,41,40,23.59,242.58,190.12,837.75,117.49,601.77,USD
2026-02-01,2026-02-28,High Life Pizzas,33559243,551789,33559243,0.00,0,0,0.00,0.00,0.00,0.00,0.00,0.00,NULL
2026-02-01,2026-02-28,High Life Pizzas,1556609,551789,NULL,0.00,0,0,0.00,0.00,0.00,0.00,0.00,0.00,NULL
2026-02-01,2026-02-28,Hill Top Sandwich,36019785,921996,36019785,0.00,0,0,0.00,0.00,0.00,0.00,0.00,0.00,NULL
2026-02-01,2026-02-28,Hill Top Sandwich (433 W 34th st),23549662,921996,23549662,15.99,1,1,15.99,3.84,3.20,15.99,0.00,0.00,USD
2026-02-01,2026-02-28,Holly's Burger Bar,36364899,13937642,36364899,0.00,0,0,0.00,0.00,0.00,0.00,0.00,0.00,NULL
2026-02-01,2026-02-28,Holly's Burger Bar,37531899,13937642,37531899,168.95,5,5,33.79,28.98,27.96,144.08,0.00,0.00,USD
2026-02-01,2026-02-28,Holly's Burger Bar,34348645,13937642,34348645,0.00,0,0,0.00,0.00,0.00,0.00,0.00,0.00,NULL
2026-02-01,2026-02-28,Holly's Burger Bar,32863849,13937642,32863849,0.00,0,0,0.00,0.00,0.00,0.00,0.00,0.00,NULL
2026-02-01,2026-02-28,Holly's Burger Bar,37994615,13937642,37994615,236.29,7,7,33.76,38.97,48.41,236.29,63.75,208.31,USD
2026-02-01,2026-02-28,Holy Grail Omelettes,37619977,956535,37619977,0.00,0,0,0.00,0.00,0.00,0.00,0.00,0.00,NULL
2026-02-01,2026-02-28,Holy Grail Omelettes (1760 3rd Ave),32974745,956535,32974745,111.18,7,7,15.88,18.42,25.03,98.59,16.29,37.05,USD
2026-02-01,2026-02-28,Holy Grail Omelettes (N Citrus Ave),2467401,956535,NULL,62.96,3,3,20.99,15.68,13.68,62.96,0.00,0.00,USD
2026-02-01,2026-02-28,Hot Sandwich Bar (1929 Chestnut St),32863853,341907,32863853,48.25,2,2,24.13,8.37,6.43,32.17,6.00,48.25,USD
2026-02-01,2026-02-28,Hot Sandwich Bar (228 George St),32863847,341907,32863847,136.02,6,6,22.67,22.12,25.45,136.02,0.00,0.00,USD
2026-02-01,2026-02-28,Hot Sandwich Bar (57 sip ave),23906852,341907,23906852,167.81,6,6,27.97,40.74,32.96,167.81,0.00,0.00,USD
2026-02-01,2026-02-28,House of Paninis,35757955,860374,35757955,0.00,0,0,0.00,0.00,0.00,0.00,0.00,0.00,NULL
2026-02-01,2026-02-28,House of Paninis (1424 Lexington Ave),31636141,860374,31636141,289.45,12,12,24.12,73.03,55.92,258.69,3.00,19.58,USD
2026-02-01,2026-02-28,House of Paninis (5993 Broadway),24556139,860374,24556139,60.14,4,4,15.04,14.62,15.37,60.14,9.00,47.55,USD
2026-02-01,2026-02-28,Hyde's Grilled Cheese,26209885,911659,26209885,536.89,25,25,21.48,138.94,89.54,408.97,24.00,160.77,USD
2026-02-01,2026-02-28,Hyde's Grilled Cheese,33948455,911659,33948455,184.89,7,7,26.41,30.29,40.34,184.89,48.58,163.92,USD
2026-02-01,2026-02-28,Ice Cream and Cake Shop(Virtual Brand),1592282,716794,NULL,18.38,1,1,18.38,4.69,3.75,18.38,3.00,18.38,USD
2026-02-01,2026-02-28,Ice Cream and Cake Shop(Virtual Brand),1581202,716794,NULL,232.80,12,12,19.40,58.12,43.99,201.82,12.00,57.95,USD
2026-02-01,2026-02-28,Indian Chop House (16th Street),872655,392020,NULL,456.62,13,13,35.12,95.73,73.88,416.65,6.00,54.97,USD
2026-02-01,2026-02-28,Indian Pizza Snob,36730629,921997,36730629,64.97,1,1,64.97,11.39,8.99,64.97,0.00,0.00,USD
2026-02-01,2026-02-28,Italian Dessert Spot,1588326,348900,NULL,0.00,0,0,0.00,0.00,0.00,0.00,0.00,0.00,NULL
2026-02-01,2026-02-28,"Italian Panini Bar (New York, NY)",1421484,356172,NULL,43.36,2,2,21.68,10.40,10.66,43.36,0.00,0.00,USD
2026-02-01,2026-02-28,Italian Pasta Joint,34250643,434823,34250643,665.59,15,15,44.37,112.32,104.00,662.60,0.00,0.00,USD
2026-02-01,2026-02-28,Italian Pasta Lounge,33899529,308117,33899529,26.58,1,1,26.58,4.25,5.32,26.58,6.98,26.58,USD
2026-02-01,2026-02-28,Italian Pasta Lounge,37994857,308117,37994857,148.38,5,5,29.68,25.77,19.60,104.40,9.80,27.99,USD
2026-02-01,2026-02-28,Italian Pasta Lounge,37375983,308117,37375983,51.98,1,1,51.98,8.80,8.00,51.98,0.00,0.00,USD
2026-02-01,2026-02-28,Italian Pasta Lounge (119 Park Ave),35449419,308117,35449419,75.14,2,2,37.57,12.80,11.16,75.14,20.21,75.14,USD
2026-02-01,2026-02-28,Italian Pasta Lounge (4115 Concord Blvd Suite 70),32961985,308117,32961985,1194.78,43,43,27.79,201.91,192.36,1194.78,0.00,0.00,USD
2026-02-01,2026-02-28,Italian Pasta Lounge (493 Old Hickory Blvd),32961981,308117,32961981,1035.15,32,32,32.35,175.12,186.48,1014.16,125.27,510.61,USD
2026-02-01,2026-02-28,Italian Pasta Lounge (Loudon Rd),22997790,308117,22997790,21.99,1,1,21.99,5.28,4.40,21.99,0.00,0.00,USD
2026-02-01,2026-02-28,Italiano Mac's (15198 E 13 Mile Rd),25832485,11225477,25832485,227.99,8,8,28.50,57.48,44.31,227.99,9.00,75.82,USD
2026-02-01,2026-02-28,Jack's Cheesesteaks (228 George St),37566147,392024,37566147,87.19,3,3,29.06,14.04,19.94,87.19,0.00,0.00,USD
2026-02-01,2026-02-28,Jacks Cheesesteaks,33951481,392024,33951481,0.00,0,0,0.00,0.00,0.00,0.00,0.00,0.00,NULL
2026-02-01,2026-02-28,Jacks Cheesesteaks (382 8th Ave),32863859,392024,32863859,79.00,3,3,26.33,12.64,18.77,79.00,0.00,0.00,USD
2026-02-01,2026-02-28,Jamaica Breakfast Bar (Jamaica Ave),844991,377077,NULL,0.00,0,0,0.00,0.00,0.00,0.00,0.00,0.00,NULL
2026-02-01,2026-02-28,Japan's Bento Box,35652838,922021,35652838,395.42,11,11,35.95,63.19,77.08,395.42,24.00,308.99,USD
2026-02-01,2026-02-28,Japanese Teriyaki House (33757 Woodward Ave),24387335,215182,24387335,147.56,5,5,29.51,37.92,21.48,110.10,0.00,0.00,USD
2026-02-01,2026-02-28,Jay's Breakfast Bar,33948533,373701,33948533,427.84,19,19,22.52,69.82,96.52,414.56,94.50,319.48,USD
2026-02-01,2026-02-28,Jay's Breakfast Bar,38216727,373701,38216727,0.00,0,0,0.00,0.00,0.00,0.00,0.00,0.00,NULL
2026-02-01,2026-02-28,Jay's Breakfast Bar (Washington Blvd),839909,373701,NULL,213.88,10,9,21.39,44.28,45.76,200.20,0.00,0.00,USD
2026-02-01,2026-02-28,Jay's breakfast bar,33948529,373701,33948529,88.13,4,4,22.03,14.48,19.71,88.13,36.86,88.13,USD
2026-02-01,2026-02-28,Jen's Burger Blaze,35639371,14711391,35639371,0.00,0,0,0.00,0.00,0.00,0.00,0.00,0.00,NULL
2026-02-01,2026-02-28,Jen's Burger Blaze,36034113,11225481,36034113,0.00,0,0,0.00,0.00,0.00,0.00,0.00,0.00,NULL
2026-02-01,2026-02-28,Jen's Burger Blaze (18300 Vanowen Street Suite 3),31313819,11225481,31313819,124.50,5,5,24.90,32.61,18.78,79.03,33.44,100.72,USD
2026-02-01,2026-02-28,Jen's Burger Blaze (2560 West Chester Pike),24920642,11225481,24920642,83.92,2,2,41.96,21.56,14.02,83.92,6.39,58.74,USD
2026-02-01,2026-02-28,Jewel's Breakfast Joint,35853343,11135126,35853343,0.00,0,0,0.00,0.00,0.00,0.00,0.00,0.00,NULL
2026-02-01,2026-02-28,Jewel's Breakfast Joint (937 1st Avenue),23549395,11135126,23549395,88.32,6,6,14.72,22.43,17.55,79.93,0.00,0.00,USD
2026-02-01,2026-02-28,Jim's House of Hoagies (1 Kedron Ave Unit 4),24387623,11217007,24387623,75.43,3,3,25.14,18.10,18.06,75.43,0.00,0.00,USD
2026-02-01,2026-02-28,Jim's House of Hoagies (1715 Sicklerville Rd),25092329,11217007,25092329,164.08,5,5,32.82,40.00,35.66,164.08,8.95,26.68,USD
2026-02-01,2026-02-28,Joe's Chicken and Waffles,1008261,449652,NULL,1444.59,53,52,27.26,365.43,260.13,1303.22,21.00,190.64,USD
2026-02-01,2026-02-28,John's Pizza Den,35856397,871701,35856397,229.40,10,10,22.94,37.49,37.48,211.21,0.00,0.00,USD
2026-02-01,2026-02-28,John's Pizza Den,35637482,871701,35637482,36.98,1,1,36.98,6.00,7.99,36.98,11.11,36.98,USD
2026-02-01,2026-02-28,John's Pizza Den,35871797,871701,35871797,370.62,13,13,28.51,55.48,67.01,345.34,107.70,328.16,USD
2026-02-01,2026-02-28,John's Pizza Den,35449925,871701,35449925,111.91,4,4,27.98,18.91,20.36,91.92,0.00,0.00,USD
2026-02-01,2026-02-28,Jolie's Mediterranean Kitchen,35746485,11462163,35746485,0.00,0,0,0.00,0.00,0.00,0.00,0.00,0.00,NULL
2026-02-01,2026-02-28,Jolie's Mediterranean Kitchen (1338 Polk St),34346511,11462163,34346511,1051.38,24,24,43.81,179.97,158.77,1037.39,93.91,419.74,USD
2026-02-01,2026-02-28,Jose's Burrito Bar,768836,349338,NULL,161.87,8,8,20.23,40.35,33.29,145.88,12.72,42.97,USD
2026-02-01,2026-02-28,Jr's Philly Cheesesteaks,33950667,349044,33950667,57.34,3,3,19.11,9.31,13.77,57.34,0.00,0.00,USD
2026-02-01,2026-02-28,Jr's Philly Cheesesteaks (Hillside Ave),23134821,349044,23134821,868.67,51,51,17.03,201.06,206.04,732.97,113.45,332.19,USD
2026-02-01,2026-02-28,Jr's Philly Cheesesteaks (Queens Plaza),23038686,349044,23038686,201.80,6,6,33.63,49.32,41.36,201.80,43.07,175.83,USD
2026-02-01,2026-02-28,Julia's Juice Shack,1552928,667817,NULL,0.00,0,0,0.00,0.00,0.00,0.00,0.00,0.00,NULL
2026-02-01,2026-02-28,Julia's Juice Shack (265 Bedford Ave),1834934,667817,NULL,0.00,0,0,0.00,0.00,0.00,0.00,0.00,0.00,NULL
2026-02-01,2026-02-28,Julia's Juice Shack (Sullivan St),23280263,667817,23280263,29.35,1,1,29.35,7.04,6.86,29.35,0.00,0.00,USD
2026-02-01,2026-02-28,K's Slice of Cake (18300 Vanowen Street Suite 3),31671965,11225483,NULL,505.42,27,27,18.72,129.22,90.43,393.58,70.52,237.69,USD
2026-02-01,2026-02-28,K's Slice of Cake (26801 Hillside Ave),24931355,11225483,24931355,38.84,2,2,19.42,10.04,6.36,26.86,3.00,26.86,USD
2026-02-01,2026-02-28,Kelly's Pancake Bar (Queens Plaza),849210,377542,NULL,435.02,15,15,29.00,97.68,53.35,253.89,32.46,141.47,USD
2026-02-01,2026-02-28,Kevins Cheesesteaks,34345601,411937,34345601,133.90,5,5,26.78,21.63,29.71,124.91,12.11,27.98,USD
2026-02-01,2026-02-28,Kung Fu Chinese Kitchen (W Greenway Rd),23085637,987291,23085637,1745.73,70,69,24.94,447.76,304.92,1663.12,23.77,165.30,USD
2026-02-01,2026-02-28,Kung Fu Fried Rice (4957 Winters Chapel Rd Suite B),25079045,11217012,25079045,588.07,19,19,30.95,158.23,73.54,452.08,6.00,42.37,USD
2026-02-01,2026-02-28,La Puebla Quesadilla,33896877,11225484,33896877,0.00,0,0,0.00,0.00,0.00,0.00,0.00,0.00,NULL
2026-02-01,2026-02-28,La Puebla Quesadilla (1424 Lexington Ave),31635709,11225484,31635709,156.65,8,8,19.58,38.30,35.91,144.77,0.00,0.00,USD
2026-02-01,2026-02-28,Lee's Coffee & Tea (600 Washington Ave),24387649,909358,24387649,0.00,0,0,0.00,0.00,0.00,0.00,0.00,0.00,NULL
2026-02-01,2026-02-28,Leon's Legendary Pizza,35450093,11225487,35450093,0.00,0,0,0.00,0.00,0.00,0.00,0.00,0.00,NULL
2026-02-01,2026-02-28,Leon's Legendary Pizza (137 S Las Posas Rd #153),24800337,11225487,24800337,26.08,1,1,26.08,6.26,6.21,26.08,0.00,0.00,USD
2026-02-01,2026-02-28,Leon's Legendary Pizza (1595 Seminole Blvd),31313829,11225487,31313829,0.00,0,0,0.00,0.00,0.00,0.00,0.00,0.00,NULL
2026-02-01,2026-02-28,Leon's Legendary Pizza (3349 Mission St),34343685,11225487,34343685,430.79,15,15,28.72,72.29,82.14,376.84,86.66,283.84,USD
2026-02-01,2026-02-28,Lettuce N Greens (257 Water Street),31313605,917370,31313605,0.00,0,0,0.00,0.00,0.00,0.00,0.00,0.00,NULL
2026-02-01,2026-02-28,Linh's Chinese Restaurant (2711 La Frontera Blvd #260),24872469,833879,24872469,102.41,3,3,34.14,25.56,20.17,102.41,6.00,59.96,USD
2026-02-01,2026-02-28,Linh's Chinese Restaurant (W Greenway Rd),23085566,833879,23085566,763.74,26,26,29.37,192.58,135.99,737.16,21.00,185.53,USD
2026-02-01,2026-02-28,Little Italy's Calzones (12121 W Linebaugh Ave),26152910,581529,26152910,107.09,1,1,107.09,30.03,7.99,107.09,0.00,0.00,USD
2026-02-01,2026-02-28,Little Italy's Calzones (1368 N Arizona Ave),32946727,581529,32946727,1363.95,42,42,32.48,231.39,246.38,1308.22,204.27,706.15,USD
2026-02-01,2026-02-28,Little Italy's Calzones (415 E Windmill Lane),27741910,581529,27741910,215.03,7,7,30.72,53.68,42.07,202.74,0.00,0.00,USD
2026-02-01,2026-02-28,Little Italy's Calzones (Virtual Brand)(2624 Pico Blvd),1534047,581529,NULL,166.33,5,5,33.27,42.93,26.23,131.85,3.00,34.48,USD
2026-02-01,2026-02-28,Livia's Mediterranean Table (1849 N Scottsdale Rd),24506648,11393018,24506648,379.29,13,12,29.18,91.66,77.23,370.91,31.29,117.80,USD
2026-02-01,2026-02-28,Local Breakfast Spot,35635001,717252,35635001,0.00,0,0,0.00,0.00,0.00,0.00,0.00,0.00,NULL
2026-02-01,2026-02-28,Local Breakfast Spot,36256107,717252,36256107,32.84,1,1,32.84,1.61,6.99,32.84,0.00,0.00,USD
2026-02-01,2026-02-28,Local Breakfast Spot (11925 S Inglewood Ave),32863759,717252,32863759,378.26,14,14,27.02,62.18,69.58,378.26,9.00,51.77,USD
2026-02-01,2026-02-28,Local Breakfast Spot (2126 E Apache Blvd),32863757,717252,32863757,13.96,1,1,13.96,2.79,0.00,0.00,3.00,13.96,USD
2026-02-01,2026-02-28,Local Breakfast Spot (755 9th Ave),1518316,717252,NULL,287.96,17,17,16.94,74.08,55.90,248.15,15.00,66.41,USD
2026-02-01,2026-02-28,Local Pizza Boy,38058995,885285,38058995,0.00,0,0,0.00,0.00,0.00,0.00,0.00,0.00,NULL
2026-02-01,2026-02-28,Local Pizza Boy (1116 Polk St),32863767,885285,32863767,104.96,2,2,52.48,18.00,16.98,104.96,0.00,0.00,USD
2026-02-01,2026-02-28,Local Vegetarian Cafe (1219 1st Avenue),36018567,11217013,36018567,0.00,0,0,0.00,0.00,0.00,0.00,0.00,0.00,NULL
2026-02-01,2026-02-28,Local's Breakfast Snob,38214235,706839,38214235,0.00,0,0,0.00,0.00,0.00,0.00,0.00,0.00,NULL
2026-02-01,2026-02-28,Local's Breakfast Snob,33948833,706839,33948833,669.15,19,19,35.22,104.83,115.74,669.15,139.26,576.97,USD
2026-02-01,2026-02-28,Local's Breakfast Snob,33948835,706839,33948835,39.14,2,2,19.57,7.24,3.93,19.57,0.00,0.00,USD
2026-02-01,2026-02-28,"Locals Breakfast Snob (Armonk, NY)",1091378,706839,NULL,392.42,10,10,39.24,104.38,52.36,368.46,12.00,216.65,USD
2026-02-01,2026-02-28,Lola's Smoothie Mix,32947199,994329,32947199,69.92,3,3,23.31,11.04,17.67,69.92,0.00,0.00,USD
2026-02-01,2026-02-28,Lola's Smoothie Mix (Hillside Ave),23134804,994329,23134804,671.15,39,39,17.21,153.96,161.74,586.29,56.89,191.87,USD
2026-02-01,2026-02-28,Lola's Smoothie Mix (Metropolitan Ave),31671943,994329,31671943,148.20,9,9,16.47,37.44,17.31,72.70,17.10,61.51,USD
2026-02-01,2026-02-28,Louie's Cheesesteaks,35853264,350312,35853264,0.00,0,0,0.00,0.00,0.00,0.00,0.00,0.00,NULL
2026-02-01,2026-02-28,Louie's Cheesesteaks,33951119,350312,33951119,0.00,0,0,0.00,0.00,0.00,0.00,0.00,0.00,NULL
2026-02-01,2026-02-28,Luca's Chicken Wings (330 W Broadway),2291226,888356,NULL,45.25,1,0,45.25,11.78,6.99,45.25,0.00,0.00,USD
2026-02-01,2026-02-28,Luca's Philly Cheesesteak,33971851,903334,33971851,48.95,1,1,48.95,8.39,7.99,48.95,0.00,0.00,USD
2026-02-01,2026-02-28,Luca's Philly Cheesesteak (315 Walter E Foran Blvd Ste 314),23549180,903334,23549180,378.68,16,16,23.67,98.36,64.69,289.04,0.00,0.00,USD
2026-02-01,2026-02-28,Luca's Philly Cheesesteak (Metropolitan Ave),31561737,903334,31561737,51.05,2,1,25.53,13.89,5.75,23.78,0.00,0.00,USD
2026-02-01,2026-02-28,Lucy's Pancake Bar (353 W 125th St),1591151,369911,NULL,0.00,0,0,0.00,0.00,0.00,0.00,0.00,0.00,NULL
2026-02-01,2026-02-28,Lucy's Pancake Bar (5993 Broadway),24556140,369911,24556140,197.64,9,9,21.96,49.31,41.21,187.16,9.00,69.17,USD
2026-02-01,2026-02-28,Luigi's Pasta Ristorante,33948861,349193,33948861,264.30,7,7,37.76,46.37,28.24,233.52,11.72,48.92,USD
2026-02-01,2026-02-28,Luigi's Pasta Ristorante,32863674,349193,32863674,284.00,10,9,28.40,47.60,53.96,246.93,9.00,77.63,USD
2026-02-01,2026-02-28,Luigi's Pasta Ristorante,34250513,349193,34250513,1197.32,26,25,46.05,211.13,152.96,1143.35,66.87,545.69,USD
2026-02-01,2026-02-28,Luigi's Pasta Ristorante,33948863,349193,33948863,117.51,5,4,23.50,18.56,29.72,117.51,7.62,34.98,USD
2026-02-01,2026-02-28,Luke's Breakfast Club,37412641,348863,37412641,214.98,7,7,30.71,30.68,68.50,214.98,3.00,43.15,USD
2026-02-01,2026-02-28,Luke's Breakfast Club,34250381,348863,34250381,129.72,5,5,25.94,21.37,26.87,116.04,11.06,55.42,USD
2026-02-01,2026-02-28,Luke's Breakfast Club (766 Grand St),38213641,348863,38213641,0.00,0,0,0.00,0.00,0.00,0.00,0.00,0.00,NULL
2026-02-01,2026-02-28,Luke's Breakfast Club (7701 Garrison Road),24227611,348863,24227611,869.45,42,42,20.70,215.57,188.63,848.40,93.10,317.43,USD
2026-02-01,2026-02-28,Luke's Breakfast Club (7825 EASTERN AVE),33895231,348863,33895231,0.00,0,0,0.00,0.00,0.00,0.00,0.00,0.00,NULL
2026-02-01,2026-02-28,Luke's Breakfast Club (Caton Ave),31547931,348863,31547931,115.76,6,6,19.29,31.79,11.73,48.74,6.00,48.74,USD
2026-02-01,2026-02-28,Luke's Breakfast Wraps (769 9th Ave #1),24556171,859176,24556171,146.16,7,7,20.88,35.46,33.90,146.16,6.00,49.36,USD
2026-02-01,2026-02-28,Luke's Breakfast Wraps (93 Avenue A),37532867,859176,37532867,13.99,1,1,13.99,2.80,0.00,0.00,0.00,0.00,USD
2026-02-01,2026-02-28,Luna's Loaded Fries (226 1/2 Newark Ave),24899869,11225492,24899869,0.00,0,0,0.00,0.00,0.00,0.00,0.00,0.00,NULL
2026-02-01,2026-02-28,Luna's Loaded Fries (4352 E Speedway Blvd),27682605,11225492,27682605,514.69,27,26,19.06,131.06,98.50,430.07,37.80,202.18,USD
2026-02-01,2026-02-28,Mac's Cheese Factory,34347679,11225494,34347679,178.17,6,6,29.70,27.72,45.50,178.17,0.00,0.00,USD
2026-02-01,2026-02-28,Mama's Buffalo Wings,1580759,648298,NULL,306.70,10,10,30.67,77.33,56.85,272.73,3.00,26.97,USD
2026-02-01,2026-02-28,Mama's Buffalo Wings (E 8th St),23367545,648298,23367545,509.96,16,16,31.87,130.59,88.55,446.85,15.00,186.01,USD
2026-02-01,2026-02-28,Manhattan Salad Bar (265 Bedford Ave),1834903,282204,NULL,91.11,2,2,45.56,25.53,6.99,69.93,0.00,0.00,USD
2026-02-01,2026-02-28,Maria's Burrito Bar,33951815,14225241,33951815,105.98,6,6,17.66,17.39,25.00,105.98,0.00,0.00,USD
2026-02-01,2026-02-28,Maria's Italian Meatballs (1st Ave),834794,370904,NULL,0.00,0,0,0.00,0.00,0.00,0.00,0.00,0.00,NULL
2026-02-01,2026-02-28,Mario's Italian Ristorante,1743858,430423,NULL,340.56,6,6,56.76,91.91,39.11,273.38,3.00,67.18,USD
2026-02-01,2026-02-28,Martha's Breakfast Sandwiches (Lee Hwy),23268680,841684,23268680,376.97,17,17,22.17,91.75,86.99,368.59,60.77,225.10,USD
2026-02-01,2026-02-28,Martha's Fried Chicken (493 Old Hickory Blvd),33886083,692210,33886083,241.16,9,9,26.80,41.65,38.92,185.92,35.08,102.06,USD
2026-02-01,2026-02-28,Martha's Mariscos Bar (Washington Blvd),2423511,921987,NULL,0.00,0,0,0.00,0.00,0.00,0.00,0.00,0.00,NULL
2026-02-01,2026-02-28,Martha's Pancake Bar,35639462,14711407,35639462,40.85,2,2,20.43,6.60,9.82,40.85,0.00,0.00,USD
2026-02-01,2026-02-28,Marty's Wraps Shack,39162345,994328,39162345,59.95,2,2,29.98,10.39,8.99,39.96,0.00,0.00,USD
2026-02-01,2026-02-28,Marty's Wraps Shack,33948929,994328,33948929,0.00,0,0,0.00,0.00,0.00,0.00,0.00,0.00,NULL
2026-02-01,2026-02-28,Marty's Wraps Shack,37413054,994328,37413054,39.98,1,1,39.98,6.80,6.99,39.98,0.00,0.00,USD
2026-02-01,2026-02-28,Marty's Wraps Shack,33948931,994328,33948931,308.44,7,7,44.06,56.75,30.65,290.26,37.20,107.00,USD
2026-02-01,2026-02-28,Marty's Wraps Shack (4315 Bryan Street),35450375,994328,35450375,0.00,0,0,0.00,0.00,0.00,0.00,0.00,0.00,NULL
2026-02-01,2026-02-28,Marty's Wraps Shack (433 W 34th st),23549667,994328,23549667,59.97,3,3,19.99,14.40,12.99,59.97,3.00,19.99,USD
2026-02-01,2026-02-28,Marty's Wraps Shack (459 Main St),23549737,994328,23549737,110.80,5,5,22.16,27.67,22.46,92.42,6.00,38.86,USD
2026-02-01,2026-02-28,Marty's Wraps Shack (5993 Broadway),24556142,994328,24556142,179.01,10,10,17.90,40.93,49.49,166.42,18.00,118.87,USD
2026-02-01,2026-02-28,Mary's Bagel Bar,978430,434407,NULL,26.96,2,2,13.48,7.15,4.14,20.97,0.00,0.00,USD
2026-02-01,2026-02-28,Mary's Breakfast Burritos (6 W Court St),1478821,643448,NULL,73.44,3,3,24.48,19.02,10.00,48.96,0.00,0.00,USD
2026-02-01,2026-02-28,"Mary's Breakfast Burritos (New York, NY)",1355159,643448,NULL,41.97,2,2,20.99,10.43,9.18,41.97,0.00,0.00,USD
2026-02-01,2026-02-28,Mary's Chicken Sandwiches,34249079,736745,34249079,0.00,0,0,0.00,0.00,0.00,0.00,0.00,0.00,NULL
2026-02-01,2026-02-28,Mary's Chicken Sandwiches,36033683,736745,36033683,0.00,0,0,0.00,0.00,0.00,0.00,0.00,0.00,NULL
2026-02-01,2026-02-28,Mary's Chicken Sandwiches,34348661,736745,34348661,0.00,0,0,0.00,0.00,0.00,0.00,0.00,0.00,NULL
2026-02-01,2026-02-28,Mary's Chicken Sandwiches,40824475,736745,40824475,0.00,0,0,0.00,0.00,0.00,0.00,0.00,0.00,NULL
2026-02-01,2026-02-28,Mary's Chicken Sandwiches,39042633,736745,39042633,0.00,0,0,0.00,0.00,0.00,0.00,0.00,0.00,NULL
2026-02-01,2026-02-28,"Mary's Chicken Sandwiches (116 Thomas S Boyland St, Brooklyn, NY 11233)",34249077,736745,34249077,45.55,2,2,22.78,7.29,11.09,45.55,0.00,0.00,USD
2026-02-01,2026-02-28,Mary's Chicken Sandwiches (1824 2nd Ave),33974255,736745,33974255,102.08,4,4,25.52,16.52,23.46,102.08,0.00,0.00,USD
2026-02-01,2026-02-28,Mary's Chicken Sandwiches (257 Gold St),32863869,736745,32863869,294.39,12,12,24.53,48.66,61.93,273.41,20.84,124.49,USD
2026-02-01,2026-02-28,Mary's Chicken Sandwiches (265 Bedford Ave),32863867,736745,32863867,0.00,0,0,0.00,0.00,0.00,0.00,0.00,0.00,NULL
2026-02-01,2026-02-28,Mary's Chicken Sandwiches (Chestnut St),32863865,736745,32863865,165.16,3,3,55.05,29.00,23.14,165.16,10.45,49.85,USD
2026-02-01,2026-02-28,Mary's Omelette Bar,37376175,419366,37376175,55.94,2,2,27.97,9.58,8.00,55.94,0.00,0.00,USD
2026-02-01,2026-02-28,Mary's Omelette Bar (300),1533181,419366,NULL,0.00,0,0,0.00,0.00,0.00,0.00,0.00,0.00,NULL
2026-02-01,2026-02-28,Mary's Omelette Bar (330 W Broadway),2291104,419366,NULL,25.27,2,2,12.64,6.44,3.79,25.27,0.00,0.00,USD
2026-02-01,2026-02-28,Mary's Pancake House (3001 S Bristol St),24438074,340684,24438074,273.23,8,8,34.15,69.33,50.06,273.23,63.79,247.35,USD
2026-02-01,2026-02-28,Mary's Salad Co (839 W University Dr),32948183,692267,32948183,125.85,6,6,20.98,19.29,35.29,125.85,0.00,0.00,USD
2026-02-01,2026-02-28,Mason's Burger Bar,33898631,370903,33898631,0.00,0,0,0.00,0.00,0.00,0.00,0.00,0.00,NULL
2026-02-01,2026-02-28,Master Yamamoto Ramen Bar (E Bell Rd),23087583,350307,23087583,3344.34,118,118,28.34,834.40,636.51,3147.81,97.70,715.50,USD
2026-02-01,2026-02-28,Mean Salad Bar,35450631,14656767,35450631,0.00,0,0,0.00,0.00,0.00,0.00,0.00,0.00,NULL
2026-02-01,2026-02-28,Mean Salad Bar,35464311,14656767,35464311,0.00,0,0,0.00,0.00,0.00,0.00,0.00,0.00,NULL
2026-02-01,2026-02-28,Mediterranean Salad Chop,39899333,11072950,39899333,0.00,0,0,0.00,0.00,0.00,0.00,0.00,0.00,NULL
2026-02-01,2026-02-28,Mediterranean Salad Chop (197 Havemeyer St.),24257608,11072950,24257608,330.74,12,12,27.56,85.80,56.57,330.74,25.87,160.11,USD
2026-02-01,2026-02-28,Mexican Omelette Bar,976318,433153,NULL,147.40,3,3,49.13,27.06,5.00,21.49,0.00,0.00,USD
2026-02-01,2026-02-28,Mexicana Breakfast Lab (3001 N Hayden Rd),27741830,11068605,27741830,0.00,0,0,0.00,0.00,0.00,0.00,0.00,0.00,NULL
2026-02-01,2026-02-28,Mexiq Tacos,33886191,14208715,33886191,32.95,2,2,16.48,6.59,0.00,0.00,12.38,32.95,USD
2026-02-01,2026-02-28,Mia's Breakfast Bar,1008526,450236,NULL,57.31,4,4,14.33,13.10,9.00,39.13,0.00,0.00,USD
2026-02-01,2026-02-28,Mia's Quesadillas (296 3rd Ave),32973053,882517,32973053,291.65,11,11,26.51,42.97,72.07,291.65,53.09,152.46,USD
2026-02-01,2026-02-28,Mia's Quesadillas (Queens Plaza N),2359023,882517,NULL,297.29,11,11,27.03,72.93,56.09,277.01,40.84,165.78,USD
2026-02-01,2026-02-28,Middle East Wraps - 750 East Main St,24703825,871674,24703825,559.50,13,13,43.04,143.71,91.26,559.50,15.00,186.78,USD
2026-02-01,2026-02-28,Midtown Quesadillas Snob,1767282,801989,NULL,26.47,2,2,13.24,7.37,2.89,12.69,0.00,0.00,USD
2026-02-01,2026-02-28,Mighty Grilled Cheese,33898595,948635,33898595,0.00,0,0,0.00,0.00,0.00,0.00,0.00,0.00,NULL
2026-02-01,2026-02-28,Mighty Grilled Cheese (1760 3rd Ave),23367132,948635,23367132,318.54,15,15,21.24,79.40,60.81,256.37,0.00,0.00,USD
2026-02-01,2026-02-28,Mighty Grilled Cheese (6600 W Sylvania Ave),27834141,948635,27834141,193.79,7,7,27.68,48.06,39.54,176.92,0.00,0.00,USD
2026-02-01,2026-02-28,Milkshake And Dessert Bar (Hillcrest Ave),2428480,705464,NULL,123.92,6,6,20.65,32.53,18.47,77.45,0.00,0.00,USD
2026-02-01,2026-02-28,Muf's Muffin Shop (Hillside Ave),23134903,1008100,23134903,1295.83,78,78,16.61,308.17,280.43,1049.26,18.00,139.29,USD
2026-02-01,2026-02-28,NY Boba Bae (501 Broadway St),32973995,12964955,32973995,0.00,0,0,0.00,0.00,0.00,0.00,0.00,0.00,NULL
2026-02-01,2026-02-28,NY Breakfast Spot,36017463,668068,36017463,79.45,4,4,19.86,12.91,11.98,56.00,0.00,0.00,USD
2026-02-01,2026-02-28,"NY Breakfast Spot (Virtual Brand)(New York, NY)",1245783,668068,NULL,1074.67,59,59,18.21,267.70,168.50,736.56,17.04,52.07,USD
2026-02-01,2026-02-28,"NY Burger Spot (Jamaica, NY)",1209803,222504,NULL,0.00,0,0,0.00,0.00,0.00,0.00,0.00,0.00,NULL
2026-02-01,2026-02-28,NY Dessert Bar (34-02 30th St),23556864,349588,23556864,421.43,23,22,18.32,105.08,73.97,281.75,15.33,65.80,USD
2026-02-01,2026-02-28,NY Dessert Bar (9th Ave),23007130,349588,23007130,101.57,7,6,14.51,27.73,11.10,45.64,18.68,32.56,USD
2026-02-01,2026-02-28,NY Smoothie Joint,33964063,752005,33964063,0.00,0,0,0.00,0.00,0.00,0.00,0.00,0.00,NULL
2026-02-01,2026-02-28,NY Smoothie Joint,35638047,752005,35638047,15.98,1,0,15.98,2.72,3.39,15.98,0.00,0.00,USD
2026-02-01,2026-02-28,NY Smoothie Joint,34250615,752005,34250615,173.68,6,6,28.95,29.14,32.95,157.71,0.00,0.00,USD
2026-02-01,2026-02-28,NY Smoothie Joint,35117591,752005,35117591,0.00,0,0,0.00,0.00,0.00,0.00,0.00,0.00,NULL
2026-02-01,2026-02-28,NY Smoothie Joint (1741 1st Avenue),23907051,752005,23907051,25.18,2,2,12.59,7.56,0.00,0.00,0.00,0.00,USD
2026-02-01,2026-02-28,Nakamura Ramen House (1401 E Arapaho Rd #F),32973693,232306,32973693,603.48,21,21,28.74,99.88,123.85,588.79,91.02,347.53,USD
2026-02-01,2026-02-28,Nakamura Ramen House (2575 North Hollywood Way #107),23557166,232306,23557166,92.83,2,2,46.42,25.45,8.99,92.83,0.00,0.00,USD
2026-02-01,2026-02-28,Nakamura Ramen House (W Greenway Rd),23085594,232306,23085594,2100.16,66,64,31.82,516.48,388.61,2056.80,79.16,711.91,USD
2026-02-01,2026-02-28,Nakamura Ramen House (W Indian School Rd),23085722,232306,23085722,4123.08,141,141,29.24,1048.50,744.01,3725.91,223.18,1912.30,USD
2026-02-01,2026-02-28,Nakamura Ramen House (W Peoria Ave),23085638,232306,23085638,2103.03,78,77,26.96,538.27,382.94,2051.97,49.80,416.82,USD
2026-02-01,2026-02-28,Nancy's Desserts (555 CA-17),24974708,11225500,24974708,1265.47,64,63,19.77,307.16,288.82,1033.64,97.71,683.17,USD
2026-02-01,2026-02-28,Nancy's Grilled Cheese,1619022,283709,NULL,383.56,23,23,16.68,98.96,70.47,313.00,66.50,205.48,USD
2026-02-01,2026-02-28,NextBagel (1225 Amsterdam Ave),27456448,11916772,27456448,50.14,3,3,16.71,15.04,0.00,0.00,3.00,16.79,USD
2026-02-01,2026-02-28,NextBagel (196 1st Ave),31313749,11916772,31313749,0.00,0,0,0.00,0.00,0.00,0.00,0.00,0.00,NULL
2026-02-01,2026-02-28,Nico's Italian Ristorante,775642,350324,NULL,0.00,0,0,0.00,0.00,0.00,0.00,0.00,0.00,NULL
2026-02-01,2026-02-28,Nico's Italian Ristorante (2624 Pico Blvd),31636133,350324,31636133,46.17,2,2,23.09,7.18,9.24,46.17,0.00,0.00,USD
2026-02-01,2026-02-28,Nino's Nacho Bar,36020955,11225502,36020955,662.92,18,18,36.83,109.53,133.17,662.92,160.43,574.49,USD
2026-02-01,2026-02-28,Nino's Nacho Bar,36031291,11225502,36031291,0.00,0,0,0.00,0.00,0.00,0.00,0.00,0.00,NULL
2026-02-01,2026-02-28,Nomad's Bagels (1741 1st Avenue),23906822,908469,23906822,0.00,0,0,0.00,0.00,0.00,0.00,0.00,0.00,NULL
2026-02-01,2026-02-28,Nomad's Bagels (433 W 34th st),23785119,908469,23785119,256.07,12,12,21.34,67.62,36.61,184.21,35.14,141.80,USD
2026-02-01,2026-02-28,Nomad's Bagels (5701 Executive Center Dr),26292154,908469,26292154,72.78,5,5,14.56,18.32,16.65,72.78,3.00,15.38,USD
2026-02-01,2026-02-28,Noodle And Rice Bar (W Camelback Rd),23087659,493352,23087659,1662.76,63,62,26.39,426.15,229.36,1163.51,152.06,559.40,USD
2026-02-01,2026-02-28,Notch My Sandwich,35853841,921993,35853841,0.00,0,0,0.00,0.00,0.00,0.00,0.00,0.00,NULL
2026-02-01,2026-02-28,Notch My Sandwich (147 1st Ave),23549635,921993,23549635,202.18,9,9,22.46,49.31,44.75,202.18,15.00,134.17,USD
2026-02-01,2026-02-28,Notch My Sandwich (31-00 47th Ave),33975155,921993,33975155,156.38,7,7,22.34,25.94,33.66,156.38,29.32,64.16,USD
2026-02-01,2026-02-28,Notch My Sandwich (502 E Thunderbird Rd Ste A),24872336,921993,24872336,0.00,0,0,0.00,0.00,0.00,0.00,0.00,0.00,NULL
2026-02-01,2026-02-28,Old Town Sandwiches,36021073,879126,36021073,0.00,0,0,0.00,0.00,0.00,0.00,0.00,0.00,NULL
2026-02-01,2026-02-28,Old Village Burgers (493 Old Hickory Blvd),33884295,14208445,33884295,0.00,0,0,0.00,0.00,0.00,0.00,0.00,0.00,NULL
2026-02-01,2026-02-28,Olivia's Breakfast Cafe,33970773,880375,33970773,20.28,1,1,20.28,3.24,5.05,20.28,7.95,20.28,USD
2026-02-01,2026-02-28,Olivia's Breakfast Cafe (226 Newark Ave),1973260,880375,NULL,261.35,13,13,20.10,67.37,48.62,239.57,15.00,100.95,USD
2026-02-01,2026-02-28,Olivia's Breakfast Cafe (319 Rogers Ave),24194633,880375,24194633,14.18,1,1,14.18,4.25,0.00,0.00,0.00,0.00,USD
2026-02-01,2026-02-28,Olivia's Breakfast Cafe (433 W 34th st),23784492,880375,23784492,85.95,3,3,28.65,20.92,19.17,85.95,19.48,51.97,USD
2026-02-01,2026-02-28,Olivia's Breakfast Cafe (Crenshaw Blvd),31648563,880375,31648563,69.94,2,2,34.97,18.89,7.99,55.95,0.00,0.00,USD
2026-02-01,2026-02-28,"Olivia's Breakfast Cafe (New York, NY)",1339730,880375,NULL,35.67,1,1,35.67,8.60,7.99,35.67,3.00,35.67,USD
2026-02-01,2026-02-28,Olivia's Omelettes,34339851,732439,34339851,0.00,0,0,0.00,0.00,0.00,0.00,0.00,0.00,NULL
2026-02-01,2026-02-28,Olivia's Omelettes (1201 Randall Avenue),23692944,732439,23692944,23.07,3,3,7.69,6.93,0.00,0.00,0.00,0.00,USD
2026-02-01,2026-02-28,Olivia's Sandwich Shack,34348671,801952,34348671,0.00,0,0,0.00,0.00,0.00,0.00,0.00,0.00,NULL
2026-02-01,2026-02-28,Olivia's Sandwich Shack,37620683,801952,37620683,0.00,0,0,0.00,0.00,0.00,0.00,0.00,0.00,NULL
2026-02-01,2026-02-28,Olivia's Sandwich Shack (315 Walter E Foran Blvd Ste 314),23549172,801952,23549172,95.89,5,5,19.18,23.93,20.06,84.21,9.00,53.98,USD
2026-02-01,2026-02-28,Original Burger Bar,35856547,215604,35856547,18.19,1,1,18.19,3.04,3.99,18.19,0.00,0.00,USD
2026-02-01,2026-02-28,Original Burger Bar,35853665,215604,35853665,15.38,1,1,15.38,3.08,0.00,0.00,0.00,0.00,USD
2026-02-01,2026-02-28,Original Burger Bar,33949029,215604,33949029,163.58,8,8,20.45,25.81,40.36,150.99,44.26,148.21,USD
2026-02-01,2026-02-28,Original Burger Bar,34344990,215604,34344990,110.92,2,2,55.46,19.38,15.98,110.92,3.00,52.97,USD
2026-02-01,2026-02-28,Original Burger Bar,38215405,215604,38215405,52.45,1,1,52.45,9.29,6.99,52.45,0.00,0.00,USD
2026-02-01,2026-02-28,Original Burger Bar (135 E 125th St),33899303,215604,33899303,0.00,0,0,0.00,0.00,0.00,0.00,0.00,0.00,NULL
2026-02-01,2026-02-28,Original Burger Bar (16224 Tuskegee Airmen Way),33949027,215604,33949027,20.27,1,1,20.27,3.04,6.06,20.27,0.00,0.00,USD
2026-02-01,2026-02-28,Original Burger Bar (2909A Queens Plaza North),33949031,215604,33949031,0.00,0,0,0.00,0.00,0.00,0.00,0.00,0.00,NULL
2026-02-01,2026-02-28,Original Burger Bar (309 7th Ave),27667595,215604,27667595,0.00,0,0,0.00,0.00,0.00,0.00,0.00,0.00,NULL
2026-02-01,2026-02-28,Palm Tree Acai,37182777,861210,37182777,115.34,3,3,38.45,19.67,19.97,115.34,0.00,0.00,USD
2026-02-01,2026-02-28,Palm Tree Acai (717 S Battlefield Blvd),35493370,861210,35493370,0.00,0,0,0.00,0.00,0.00,0.00,0.00,0.00,NULL
2026-02-01,2026-02-28,Palm Tree Juice Bar,1742400,760004,NULL,0.00,0,0,0.00,0.00,0.00,0.00,0.00,0.00,NULL
2026-02-01,2026-02-28,Panini Fantasy (300 The Village),36020849,1031958,36020849,0.00,0,0,0.00,0.00,0.00,0.00,0.00,0.00,NULL
2026-02-01,2026-02-28,Panini's On Panini's,33950065,848789,33950065,325.73,12,12,27.14,54.10,50.50,238.59,9.00,74.55,USD
2026-02-01,2026-02-28,Papa's Panini (30th St),2479531,437175,NULL,61.54,3,3,20.51,14.04,5.00,12.59,3.00,12.59,USD
2026-02-01,2026-02-28,Pardon My Panini,35638263,395876,35638263,0.00,0,0,0.00,0.00,0.00,0.00,0.00,0.00,NULL
2026-02-01,2026-02-28,Pardon My Panini,33506133,395876,33506133,90.29,5,5,18.06,14.17,19.49,90.29,0.00,0.00,USD
2026-02-01,2026-02-28,Pardon My Panini,1714540,395876,NULL,15.39,1,1,15.39,3.92,2.31,15.39,4.89,15.39,USD
2026-02-01,2026-02-28,Pardon My Panini (93 Avenue A),33436433,395876,33436433,0.00,0,0,0.00,0.00,0.00,0.00,0.00,0.00,NULL
2026-02-01,2026-02-28,"Pardon My Panini (New York, NY)",1389556,395876,NULL,0.00,0,0,0.00,0.00,0.00,0.00,0.00,0.00,NULL
2026-02-01,2026-02-28,Pardon My Panini (Queens Plaza S),23135397,395876,23135397,183.65,6,6,30.61,44.59,34.99,183.65,6.91,31.96,USD
2026-02-01,2026-02-28,Patricia's Paninis,33970843,716766,33970843,81.90,2,2,40.95,15.58,4.99,68.22,0.00,0.00,USD
2026-02-01,2026-02-28,Patricia's Paninis,37376363,716766,37376363,51.44,1,1,51.44,8.69,8.99,51.44,0.00,0.00,USD
2026-02-01,2026-02-28,Patricia's Paninis (Virtual Brand)(1760 3rd Ave),1518324,716766,NULL,199.87,9,9,22.21,49.71,42.09,187.28,39.30,133.34,USD
2026-02-01,2026-02-28,Paz's Pupusa Pantry (4 Manorhaven Blvd # 4B),24606324,11289842,24606324,298.51,14,14,21.32,75.02,55.13,270.55,11.27,45.93,USD
2026-02-01,2026-02-28,Pedro's Burrito Bar,35639329,14711385,35639329,66.44,2,2,33.22,10.63,15.26,66.44,9.60,34.27,USD
2026-02-01,2026-02-28,Pedro's Burrito Bar (4352 E Speedway Blvd),31671729,11217018,31671729,519.15,23,23,22.57,129.21,105.33,469.09,57.76,167.14,USD
2026-02-01,2026-02-28,Penny's Pancakes (1760 3rd Ave),1497417,392318,NULL,914.87,39,39,23.46,231.73,177.07,878.91,118.24,458.45,USD
2026-02-01,2026-02-28,Penny's Pancakes (Bedford Ave),23026166,392318,23026166,175.48,8,8,21.94,43.64,36.01,157.30,3.00,9.09,USD
2026-02-01,2026-02-28,Penny's Pancakes (Hillside Ave),2849774,392318,2849774,702.50,29,28,24.22,177.40,99.94,442.12,23.01,109.60,USD
2026-02-01,2026-02-28,Perry's Pizza Parlour,34250523,357506,34250523,0.00,0,0,0.00,0.00,0.00,0.00,0.00,0.00,NULL
2026-02-01,2026-02-28,Perry's Pizza Parlour (9061 Van Nuys Blvd),32985155,357506,32985155,82.55,2,2,41.28,13.71,15.98,82.55,3.00,40.58,USD
2026-02-01,2026-02-28,Philly Cheesesteak Artists,35493165,733298,35493165,182.27,6,6,30.38,29.80,39.21,182.27,6.44,15.99,USD
2026-02-01,2026-02-28,Philly Cheesesteak Artists(Virtual Brand),1667941,733298,NULL,324.99,13,13,25.00,79.54,58.49,260.35,0.00,0.00,USD
2026-02-01,2026-02-28,Philly Cheesesteak Company,33967403,223018,33967403,121.94,4,4,30.49,20.02,25.84,121.94,14.53,59.14,USD
2026-02-01,2026-02-28,Philly Cheesesteak Company,33885843,223018,33885843,288.10,12,12,24.01,48.21,56.01,237.76,6.00,47.55,USD
2026-02-01,2026-02-28,Philly Cheesesteak Company,1611988,223018,NULL,56.60,3,3,18.87,13.59,14.29,56.60,3.00,13.28,USD
2026-02-01,2026-02-28,Philly Cheesesteak Company,1612008,223018,NULL,262.71,9,9,29.19,64.31,57.24,262.71,6.00,58.94,USD
2026-02-01,2026-02-28,"Philly Cheesesteak Company (Los Angeles, CA)",1249477,223018,NULL,0.00,0,0,0.00,0.00,0.00,0.00,0.00,0.00,NULL
2026-02-01,2026-02-28,Philly Cheesesteak Snob,33974415,465507,33974415,169.39,8,8,21.17,29.44,26.21,111.25,28.27,101.46,USD
2026-02-01,2026-02-28,Philly Cheesesteak Snob (Bronxdale Ave),1455616,465507,NULL,373.65,15,15,24.91,91.53,82.36,349.67,0.00,0.00,USD
2026-02-01,2026-02-28,Phillz Cheesesteaks (607 9th Ave),33885603,376734,33885603,0.00,0,0,0.00,0.00,0.00,0.00,0.00,0.00,NULL
2026-02-01,2026-02-28,Pita Sandwich Bite (601 Shell Beach Rd),24703929,11076128,24703929,356.64,13,13,27.43,89.83,58.24,316.66,21.00,201.81,USD
2026-02-01,2026-02-28,Pita Sandwich Bite (George St),23045921,11076128,23045921,763.47,32,32,23.86,193.19,146.21,763.47,25.60,98.61,USD
2026-02-01,2026-02-28,Pizza Thriller,36524057,736738,36524057,0.00,0,0,0.00,0.00,0.00,0.00,0.00,0.00,NULL
2026-02-01,2026-02-28,Planet Earth Salad,35681981,909361,35681981,102.76,3,3,34.25,17.30,19.19,102.76,11.94,56.62,USD
2026-02-01,2026-02-28,Prima Panini Bar,35686755,11217028,35686755,0.00,0,0,0.00,0.00,0.00,0.00,0.00,0.00,NULL
2026-02-01,2026-02-28,Prima Panini Bar (2755 Broadway),33886123,11217028,33886123,0.00,0,0,0.00,0.00,0.00,0.00,0.00,0.00,NULL
2026-02-01,2026-02-28,Prima Panini Bar (3319 W Pico Blvd),28606994,11217028,28606994,441.17,14,14,31.51,109.51,90.01,441.17,0.00,0.00,USD
2026-02-01,2026-02-28,Prime Burger Lounge,1248514,770453,NULL,41.12,3,3,13.71,12.33,0.00,0.00,10.80,41.12,USD
2026-02-01,2026-02-28,Prime Burger Lounge (111 E 161 St),25295599,770453,25295599,297.38,10,10,29.74,73.14,63.51,297.38,6.00,56.03,USD
2026-02-01,2026-02-28,Prime Burger Lounge (301 W 96th St),23558171,770453,23558171,91.20,3,3,30.40,23.17,15.98,81.31,0.00,0.00,USD
2026-02-01,2026-02-28,Prime Burger Lounge (Hoover Rd),2405858,770453,NULL,227.16,11,11,20.65,57.19,45.44,206.09,6.00,28.85,USD
2026-02-01,2026-02-28,"Prime Burger Lounge (West Chester, PA)",1245290,770453,NULL,730.21,23,22,31.75,184.30,135.49,671.27,37.48,384.59,USD
2026-02-01,2026-02-28,Princess Panini (1219 1st Avenue),35853477,884547,35853477,16.78,1,1,16.78,3.36,0.00,0.00,0.00,0.00,USD
2026-02-01,2026-02-28,Princess Panini (1741 1st Avenue),2145951,884547,NULL,59.13,3,3,19.71,15.78,8.53,36.16,0.00,0.00,USD
2026-02-01,2026-02-28,Princess Panini (589 1st Ave),2101672,884547,NULL,0.00,0,0,0.00,0.00,0.00,0.00,0.00,0.00,NULL
2026-02-01,2026-02-28,Princess Panini (937 1st Avenue),32985745,884547,32985745,114.42,5,5,22.88,18.66,26.13,114.42,11.13,17.88,USD
2026-02-01,2026-02-28,Priya's Indian Kitchen,33970729,130342,33970729,216.75,10,10,21.68,34.03,55.55,202.76,41.63,129.36,USD
2026-02-01,2026-02-28,Priya's Indian Kitchen,1556320,130342,2092,0.00,0,0,0.00,0.00,0.00,0.00,0.00,0.00,NULL
2026-02-01,2026-02-28,Priyanka's Vegan Indian,35648661,287948,35648661,588.72,14,14,42.05,99.30,102.12,575.94,79.17,424.54,USD
2026-02-01,2026-02-28,Public Burger Bar,35743783,216474,35743783,0.00,0,0,0.00,0.00,0.00,0.00,0.00,0.00,NULL
2026-02-01,2026-02-28,Public Burger Bar,34339953,216474,34339953,88.06,4,4,22.02,14.45,19.76,88.06,8.68,30.76,USD
2026-02-01,2026-02-28,Public Burger Bar,38217019,216474,38217019,0.00,0,0,0.00,0.00,0.00,0.00,0.00,0.00,NULL
2026-02-01,2026-02-28,Public Burger Bar,39883649,216474,39883649,0.00,0,0,0.00,0.00,0.00,0.00,0.00,0.00,NULL
2026-02-01,2026-02-28,Public Burger Bar (3319 W Pico Blvd),28607075,216474,28607075,0.00,0,0,0.00,0.00,0.00,0.00,0.00,0.00,NULL
2026-02-01,2026-02-28,Quatro's Quesadilla Bar (3618 N Pennsylvania Ave),24800989,11225504,24800989,0.00,0,0,0.00,0.00,0.00,0.00,0.00,0.00,NULL
2026-02-01,2026-02-28,Quatro's Quesadilla Bar (4249 Washington St),23784901,11225504,23784901,423.76,18,18,23.54,105.94,87.57,410.98,96.00,314.97,USD
2026-02-01,2026-02-28,Queen's Quesadillas (330 W Broadway),32986919,11225506,32986919,53.85,2,0,26.93,8.77,11.98,53.85,10.96,32.17,USD
2026-02-01,2026-02-28,Queen's Quesadillas (689 Broadway),24854759,11225506,24854759,518.84,23,22,22.56,132.26,93.81,398.56,0.00,0.00,USD
2026-02-01,2026-02-28,Quick Bite Munchies (278 N. Brewster Rd),24099579,11069837,24099579,140.43,6,6,23.41,33.52,34.61,140.43,32.53,98.28,USD
2026-02-01,2026-02-28,Quinten's Quinoa Bowls (937 1st Avenue),35639813,998829,35639813,108.11,5,5,21.62,18.35,21.37,108.11,0.00,0.00,USD
2026-02-01,2026-02-28,RJ's Philly Cheesesteaks,33971503,349950,33971503,0.00,0,0,0.00,0.00,0.00,0.00,0.00,0.00,NULL
2026-02-01,2026-02-28,Ramen Noodle Empire (2521 Durant Ave Suite D),25294875,11334910,25294875,4079.34,135,135,30.22,1006.63,854.49,4056.86,95.07,681.94,USD
2026-02-01,2026-02-28,Riya's Indian Restaurant (Roosevelt Ave),799976,360496,NULL,0.00,0,0,0.00,0.00,0.00,0.00,0.00,0.00,NULL
2026-02-01,2026-02-28,Roll N Chop Sushi's (1401 E Arapaho Rd #F),32987257,11381502,32987257,1830.08,64,63,28.60,295.14,369.18,1679.06,311.74,1186.01,USD
2026-02-01,2026-02-28,Roman's Pizza Oven,36975739,830410,36975739,163.82,3,3,54.61,28.16,25.97,163.82,6.00,94.87,USD
2026-02-01,2026-02-28,Roman's Pizza Oven (2898 Homestead Rd),32987475,830410,32987475,174.82,7,7,24.97,28.24,40.51,174.82,18.96,106.29,USD
2026-02-01,2026-02-28,Rooftop Sandwiches,35451691,876963,35451691,0.00,0,0,0.00,0.00,0.00,0.00,0.00,0.00,NULL
2026-02-01,2026-02-28,Rooftop Sandwiches,33963399,876963,33963399,74.81,3,3,24.94,12.61,13.74,60.13,3.00,14.68,USD
2026-02-01,2026-02-28,Rooftop Sandwiches (169-03 Jamaica Ave),2145966,876963,169-03,0.00,0,0,0.00,0.00,0.00,0.00,0.00,0.00,NULL
2026-02-01,2026-02-28,Rooftop Sandwiches (Grand Ave),27516932,876963,27516932,0.00,0,0,0.00,0.00,0.00,0.00,0.00,0.00,NULL
2026-02-01,2026-02-28,Round Tower Sandwiches,34340045,11225509,34340045,104.91,3,3,34.97,17.20,21.86,104.91,8.51,30.78,USD
2026-02-01,2026-02-28,Round Tower Sandwiches (83 Canal St #6019),33952583,11225509,33952583,0.00,0,0,0.00,0.00,0.00,0.00,0.00,0.00,NULL
2026-02-01,2026-02-28,Sal's Smoothie Spot,35457947,736750,35457947,0.00,0,0,0.00,0.00,0.00,0.00,0.00,0.00,NULL
2026-02-01,2026-02-28,Sal's Smoothie Spot (265 Bedford Ave),24194387,736750,24194387,59.42,4,4,14.86,15.96,8.17,38.45,0.00,0.00,USD
2026-02-01,2026-02-28,Sal's Smoothie Spot (353 W 125th St),1835949,736750,NULL,0.00,0,0,0.00,0.00,0.00,0.00,0.00,0.00,NULL
2026-02-01,2026-02-28,Sal's Smoothie Spot (5993 Broadway),23906725,736750,23906725,271.51,14,14,19.39,67.60,56.14,237.46,9.00,70.19,USD
2026-02-01,2026-02-28,Sal's Smoothie Spot (Queens Plaza),23038937,736750,23038937,0.00,0,0,0.00,0.00,0.00,0.00,0.00,0.00,NULL
2026-02-01,2026-02-28,Salad Dream,33950931,282198,33950931,0.00,0,0,0.00,0.00,0.00,0.00,0.00,0.00,NULL
2026-02-01,2026-02-28,Salad Kreation,35493879,283707,35493879,0.00,0,0,0.00,0.00,0.00,0.00,0.00,0.00,NULL
2026-02-01,2026-02-28,Salad Kreation,32863709,283707,32863709,259.16,10,10,25.92,41.24,53.34,245.18,3.00,15.38,USD
2026-02-01,2026-02-28,Salad Kreation (1969 Bronxdale Ave),23557041,283707,23557041,174.89,6,6,29.15,44.66,30.95,154.90,0.00,0.00,USD
2026-02-01,2026-02-28,Salad Kreation (5993 Broadway),32863688,283707,32863688,271.63,13,13,20.89,45.88,52.13,226.88,12.00,81.48,USD
2026-02-01,2026-02-28,Salads N Soups Station (615 Town Square Blvd),24438109,998821,24438109,38.07,2,2,19.04,9.94,5.93,24.68,12.59,38.07,USD
2026-02-01,2026-02-28,Salvatore's Parmigiana Sandwiches (315 Walter E Foran Blvd Ste 314),23549040,364278,23549040,251.66,9,9,27.96,63.34,47.45,251.66,15.53,69.80,USD
2026-02-01,2026-02-28,Salvatore's Parmigiana Sandwiches (43 W Flagler St),1877090,364278,NULL,623.15,20,20,31.16,159.63,106.01,551.11,89.93,330.87,USD
2026-02-01,2026-02-28,Salvatore's Sicilian Pizza,36364967,364283,36364967,0.00,0,0,0.00,0.00,0.00,0.00,0.00,0.00,NULL
2026-02-01,2026-02-28,Sam's Sandwich Spot (10890 S. EASTERN AVE #103),38796955,724537,38796955,0.00,0,0,0.00,0.00,0.00,0.00,0.00,0.00,NULL
2026-02-01,2026-02-28,Sam's Sandwich Spot (265 Bedford Ave),1834080,724537,NULL,299.84,14,14,21.42,75.91,56.71,237.82,0.00,0.00,USD
2026-02-01,2026-02-28,Sam's Sandwich Spot (493 Old Hickory Blvd),32987863,724537,32987863,634.42,21,21,30.21,109.80,104.05,598.04,69.47,166.43,USD
2026-02-01,2026-02-28,Sam's Sandwich Spot (5993 Broadway),23906729,724537,23906729,85.33,4,4,21.33,22.09,14.69,70.64,3.00,14.69,USD
2026-02-01,2026-02-28,Sam's Scrumptious Subs,36976791,903858,36976791,73.93,2,2,36.97,12.38,13.98,73.93,0.00,0.00,USD
2026-02-01,2026-02-28,Sam's Scrumptious Subs (1213 Amsterdam Ave),36255253,903858,36255253,0.00,0,0,0.00,0.00,0.00,0.00,0.00,0.00,NULL
2026-02-01,2026-02-28,Sam's Scrumptious Subs (226 Newark Ave),33899519,903858,33899519,0.00,0,0,0.00,0.00,0.00,0.00,0.00,0.00,NULL
2026-02-01,2026-02-28,Sam's Soulfood Shack,35458043,1020556,35458043,0.00,0,0,0.00,0.00,0.00,0.00,0.00,0.00,NULL
2026-02-01,2026-02-28,Sandwich On Fleek (2126 Caton Ave),35464965,908473,35464965,123.90,5,5,24.78,20.76,24.16,100.92,18.32,46.96,USD
2026-02-01,2026-02-28,Sandwich On Fleek (W Jefferson),26000640,908473,26000640,57.33,2,1,28.67,15.10,7.99,39.16,0.00,0.00,USD
2026-02-01,2026-02-28,Sarah's Breakfast Bar,33957057,590469,33957057,212.54,10,10,21.25,26.66,42.79,182.39,39.08,93.88,USD
2026-02-01,2026-02-28,Sarah's Salad Bar,36364727,732083,36364727,0.00,0,0,0.00,0.00,0.00,0.00,0.00,0.00,NULL
2026-02-01,2026-02-28,Sarah's Salad Bar,37376533,732083,37376533,51.98,2,2,25.99,10.40,0.00,0.00,0.00,0.00,USD
2026-02-01,2026-02-28,Sarah's Salad Bar (589 1st Avenue),33886771,732083,33886771,0.00,0,0,0.00,0.00,0.00,0.00,0.00,0.00,NULL
2026-02-01,2026-02-28,"Sasha's Indian Restaurant (Santa Clara, CA)",1228070,11078804,NULL,3043.52,133,133,22.88,780.40,536.31,2417.32,53.54,277.39,USD
2026-02-01,2026-02-28,Sasha's Sandwiches,35808533,723982,35808533,21.99,1,0,21.99,3.52,5.39,21.99,7.30,21.99,USD
2026-02-01,2026-02-28,Sasha's Sandwiches (1710 Minnesota Ave #G),39649321,723982,39649321,0.00,0,0,0.00,0.00,0.00,0.00,0.00,0.00,NULL
2026-02-01,2026-02-28,Sasha's Sandwiches (60-84 Fresh Pond Rd),1790140,723982,NULL,613.74,28,28,21.92,152.93,124.73,581.18,27.00,194.23,USD
2026-02-01,2026-02-28,Sasha's Sandwiches (93 Avenue A),36238219,723982,36238219,27.99,1,1,27.99,4.48,6.59,27.99,11.47,27.99,USD
2026-02-01,2026-02-28,Savage Juice Bar (2755 Broadway),23557518,732402,23557518,81.78,4,4,20.45,20.21,16.37,72.00,0.00,0.00,USD
2026-02-01,2026-02-28,Savage Juice Bar (769 9th Ave #1),23984324,732402,23984324,421.36,9,9,46.82,116.59,38.71,378.82,0.00,0.00,USD
2026-02-01,2026-02-28,Scotty's Bagel Express,33970947,899136,33970947,29.36,3,3,9.79,5.88,0.00,0.00,6.32,8.39,USD
2026-02-01,2026-02-28,Scotty's Bagel Express (Chapel St),31535783,899136,31535783,442.59,18,18,24.59,115.96,65.90,338.31,15.00,131.94,USD
2026-02-01,2026-02-28,Seema's Indian Bar (11121 N Rodney Parham Rd Ste 36B),24920612,485535,24920612,0.00,0,0,0.00,0.00,0.00,0.00,0.00,0.00,NULL
2026-02-01,2026-02-28,Selena's Torta Shack,40011133,11271337,40011133,20.98,1,1,20.98,3.40,4.99,20.98,0.00,0.00,USD
2026-02-01,2026-02-28,Selena's Torta Shack,36119351,11271337,36119351,31.98,1,1,31.98,5.20,6.99,31.98,0.00,0.00,USD
2026-02-01,2026-02-28,Sensai Sushi Bar (S Higley Rd),23087824,922024,23087824,0.00,0,0,0.00,0.00,0.00,0.00,0.00,0.00,NULL
2026-02-01,2026-02-28,Seth's Sandwiches,39042253,11225517,39042253,0.00,0,0,0.00,0.00,0.00,0.00,0.00,0.00,NULL
2026-02-01,2026-02-28,Seth's Sandwiches (4083 Broadway),26291987,11225517,26291987,39.16,1,1,39.16,9.95,6.99,39.16,8.99,39.16,USD
2026-02-01,2026-02-28,Sheila's Satisfying Salads (916 Hempstead Turnpike),33895651,11225518,33895651,20.99,1,1,20.99,3.36,5.19,20.99,0.00,0.00,USD
2026-02-01,2026-02-28,Sicily's Calzone House,23532708,860103,23532708,334.76,9,9,37.20,88.59,44.48,275.34,3.00,36.36,USD
2026-02-01,2026-02-28,Sicily's Calzone House,33950129,860103,33950129,235.14,8,8,29.39,39.49,44.65,216.96,44.57,154.51,USD
2026-02-01,2026-02-28,Sicily's Calzone House,37617973,860103,37617973,35.16,1,1,35.16,6.03,5.99,35.16,0.00,0.00,USD
2026-02-01,2026-02-28,Sicily's Calzone House,35463489,860103,35463489,704.10,18,18,39.12,120.11,121.42,704.10,68.44,347.80,USD
2026-02-01,2026-02-28,Sicily's Calzone House,35115743,860103,35115743,449.16,8,8,56.15,79.24,60.92,449.16,45.93,208.34,USD
2026-02-01,2026-02-28,Sicily's Calzone House,34249135,860103,34249135,0.00,0,0,0.00,0.00,0.00,0.00,0.00,0.00,NULL
2026-02-01,2026-02-28,Sicily's Calzone House,34249133,860103,34249133,0.00,0,0,0.00,0.00,0.00,0.00,0.00,0.00,NULL
2026-02-01,2026-02-28,Sicily's Calzone House,33950127,860103,33950127,44.74,2,2,22.37,7.16,10.92,44.74,0.00,0.00,USD
2026-02-01,2026-02-28,Sicily's Calzone House (1338 Polk St),32988371,860103,32988371,1655.19,43,43,38.49,279.98,298.12,1655.19,241.03,1194.05,USD
2026-02-01,2026-02-28,Sicily's Calzone House (1411 Bronx River Ave),40050277,860103,40050277,29.98,1,1,29.98,6.00,0.00,0.00,0.00,0.00,USD
2026-02-01,2026-02-28,Sicily's Calzone House (43 W Flagler St),1877353,860103,NULL,0.00,0,0,0.00,0.00,0.00,0.00,0.00,0.00,NULL
2026-02-01,2026-02-28,Siena's Pizza Sauce,36020233,11225520,36020233,0.00,0,0,0.00,0.00,0.00,0.00,0.00,0.00,NULL
2026-02-01,2026-02-28,Sip On Smoothie,35868827,917371,35868827,46.12,3,3,15.37,7.84,9.90,46.12,0.00,0.00,USD
2026-02-01,2026-02-28,Sip On Smoothie (26801 Hillside Ave),24844931,917371,24844931,0.00,0,0,0.00,0.00,0.00,0.00,0.00,0.00,NULL
2026-02-01,2026-02-28,Sip On Smoothie (Queens Plaza N),2361507,917371,NULL,25.14,1,1,25.14,6.03,6.02,25.14,7.16,25.14,USD
2026-02-01,2026-02-28,Sizzlin' Hibachi (2575 North Hollywood Way #107),23558081,909360,23558081,731.20,16,16,45.70,189.29,116.02,731.20,111.58,565.58,USD
2026-02-01,2026-02-28,Sizzlin' Hibachi (33757 Woodward Ave),24387337,909360,24387337,469.48,13,13,36.11,102.96,93.23,469.48,3.00,51.78,USD
2026-02-01,2026-02-28,Sizzlin' Omelette Cafe (101 Plaza Center),32863721,11454034,32863721,0.00,0,0,0.00,0.00,0.00,0.00,0.00,0.00,NULL
2026-02-01,2026-02-28,Sizzlin' Omelette Cafe (257 Gold St),32863707,11454034,32863707,177.63,7,7,25.38,30.14,31.89,153.15,9.00,60.13,USD
2026-02-01,2026-02-28,Slapjack Pancakes (Chapel St),31564187,921994,31564187,1158.94,41,41,28.27,284.04,250.86,1133.77,35.77,233.45,USD
2026-02-01,2026-02-28,Slapjack Pancakes (E Houston St),2355648,921994,NULL,475.77,9,9,52.86,130.42,43.97,393.80,51.74,194.89,USD
2026-02-01,2026-02-28,Smoken Hot Wings Bar (1634 W High St),33895033,315700,33895033,496.56,12,12,41.38,85.79,77.48,437.10,80.89,393.33,USD
2026-02-01,2026-02-28,Smokin' Burger Grille,35900903,11225522,35900903,0.00,0,0,0.00,0.00,0.00,0.00,0.00,0.00,NULL
2026-02-01,2026-02-28,Smokin' Burger Grille (2126 Caton Ave),33896087,11225522,33896087,20.97,1,1,20.97,3.36,5.18,20.97,7.17,20.97,USD
2026-02-01,2026-02-28,Smoothie And Dessert Bar,1725679,717280,NULL,12.59,1,1,12.59,3.78,0.00,0.00,0.00,0.00,USD
2026-02-01,2026-02-28,Smoothie And Dessert Bar (755 9th Ave),1518347,717280,NULL,122.81,4,4,30.70,33.24,12.99,59.95,0.00,0.00,USD
2026-02-01,2026-02-28,Snobby Chicken Wings (937 1st Avenue),850181,378878,NULL,615.73,21,21,29.32,156.38,93.59,520.68,43.05,232.00,USD
2026-02-01,2026-02-28,Stan's Burger Bar,35634189,14709741,35634189,60.54,2,2,30.27,9.68,14.08,60.54,0.00,0.00,USD
2026-02-01,2026-02-28,Stan's Burger Bar,35869949,339049,35869949,13.98,1,1,13.98,2.38,2.10,13.98,0.00,0.00,USD
2026-02-01,2026-02-28,Stan's Burger Bar,1778083,339049,NULL,37.95,2,2,18.98,9.34,6.81,37.95,0.00,0.00,USD
2026-02-01,2026-02-28,Stan's Burger Bar,37413549,339049,37413549,86.33,2,2,43.17,15.07,11.00,86.33,3.00,22.38,USD
2026-02-01,2026-02-28,Stan's Burger Bar (158 DELANCEY STREET),35668744,339049,35668744,0.00,0,0,0.00,0.00,0.00,0.00,0.00,0.00,NULL
2026-02-01,2026-02-28,Stan's Burger Bar (168 Myrtle Ave),32988873,339049,32988873,248.88,11,11,22.63,40.98,49.97,234.90,59.35,163.58,USD
2026-02-01,2026-02-28,Stella's Pancake Bar (26801 Hillside Ave),24844871,370673,24844871,81.13,5,5,16.23,19.47,20.17,81.13,3.00,23.37,USD
2026-02-01,2026-02-28,Stella's Pancake Bar (937 1st Ave),833127,370673,NULL,2126.85,77,77,27.62,460.52,330.52,1853.03,172.93,1091.03,USD
2026-02-01,2026-02-28,Stella's Pancake Bar (Broadway),2548384,370673,NULL,149.67,4,4,37.42,37.70,27.96,149.67,0.00,0.00,USD
2026-02-01,2026-02-28,Stella's Slammin' Burgers,32989131,11225527,32989131,0.00,0,0,0.00,0.00,0.00,0.00,0.00,0.00,NULL
2026-02-01,2026-02-28,Stella's Slammin' Burgers (303 East 9th Street),31313647,11225527,31313647,0.00,0,0,0.00,0.00,0.00,0.00,0.00,0.00,NULL
2026-02-01,2026-02-28,Steph's Salad Shop,35665478,13967741,35665478,41.98,1,0,41.98,7.60,4.99,41.98,0.00,0.00,USD
2026-02-01,2026-02-28,Steph's Salad Shop,33964039,13967741,33964039,152.52,7,7,21.79,21.90,37.45,152.52,33.03,83.96,USD
2026-02-01,2026-02-28,Stop N Shop Sushi (W Camelback Rd),23087847,11114104,23087847,446.21,16,16,27.89,110.44,90.87,405.64,66.50,295.15,USD
2026-02-01,2026-02-28,Strictly Vegetarian Sandwich (2909A Queens Plaza North),33964093,14228735,33964093,167.16,6,6,27.86,24.85,40.06,167.16,15.27,40.57,USD
2026-02-01,2026-02-28,Stromboli House,38055951,860110,38055951,579.06,13,13,44.54,102.17,79.09,542.09,96.15,451.15,USD
2026-02-01,2026-02-28,Stromboli House (1 Kedron Ave Unit 4),24194482,860110,24194482,300.05,9,9,33.34,76.47,52.08,252.38,12.00,108.33,USD
2026-02-01,2026-02-28,Stromboli House (1634 W High St),24438169,860110,24438169,400.24,8,8,50.03,104.81,56.84,400.24,15.00,285.31,USD
2026-02-01,2026-02-28,SugarSlice Cakes,26174718,11846546,26174718,185.34,9,9,20.59,46.41,37.52,159.36,0.00,0.00,USD
2026-02-01,2026-02-28,Sun's Up Breakfast Wraps,35669185,841807,35669185,0.00,0,0,0.00,0.00,0.00,0.00,0.00,0.00,NULL
2026-02-01,2026-02-28,Sun's Up Breakfast Wraps (257 Water Street),31313887,841807,31313887,11.19,1,1,11.19,3.36,0.00,0.00,3.00,11.19,USD
2026-02-01,2026-02-28,Sunny's Sandwich Bistro,34341891,948633,34341891,0.00,0,0,0.00,0.00,0.00,0.00,0.00,0.00,NULL
2026-02-01,2026-02-28,Sunny's Sandwich Bistro,34341889,948633,34341889,0.00,0,0,0.00,0.00,0.00,0.00,0.00,0.00,NULL
2026-02-01,2026-02-28,Sunrise Breakfast Club (502 E Thunderbird Rd Ste A),24872510,854879,24872510,0.00,0,0,0.00,0.00,0.00,0.00,0.00,0.00,NULL
2026-02-01,2026-02-28,Sunrise Breakfast Club (Sullivan St),23328728,854879,23328728,232.66,9,9,25.85,59.84,39.14,183.32,41.44,168.15,USD
2026-02-01,2026-02-28,Sunrise Coffee Express (301 W 96th St),23557660,903857,23557660,193.23,13,13,14.86,50.97,29.29,122.65,18.00,90.63,USD
2026-02-01,2026-02-28,Sunrise Coffee Express (Michelson Dr),22988364,903857,22988364,264.16,8,8,33.02,68.22,43.69,254.98,3.00,54.91,USD
2026-02-01,2026-02-28,Sunshine Sushi Bar (400 W Indian School Rd),33015551,11334915,33015551,351.01,12,12,29.25,60.45,62.72,289.47,61.05,254.53,USD
2026-02-01,2026-02-28,Super Burrito Bar (Washington Blvd),2427743,806739,NULL,86.32,4,4,21.58,20.71,21.23,86.32,6.00,47.95,USD
2026-02-01,2026-02-28,Suzanne's Sub Sandwiches,35681291,908475,35681291,40.55,1,1,40.55,6.91,6.99,40.55,0.00,0.00,USD
2026-02-01,2026-02-28,Suzanne's Sub Sandwiches,34250671,908475,34250671,66.97,1,1,66.97,11.79,8.99,66.97,0.00,0.00,USD
2026-02-01,2026-02-28,Suzanne's Sub Sandwiches (2nd Ave),2339943,908475,NULL,0.00,0,0,0.00,0.00,0.00,0.00,0.00,0.00,NULL
2026-02-01,2026-02-28,Sweet Crepe Delights (3001 S Bristol St),24438079,11146892,24438079,199.77,8,8,24.97,46.67,42.81,199.77,0.00,0.00,USD
2026-02-01,2026-02-28,Taco Paradiso (1282 Essex Ave),38216978,208295,38216978,0.00,0,0,0.00,0.00,0.00,0.00,0.00,0.00,NULL
2026-02-01,2026-02-28,Taco Paradiso (514 Main St),24637043,208295,24637043,191.99,10,10,19.20,45.83,48.16,191.99,9.00,40.52,USD
2026-02-01,2026-02-28,"Taco Paradiso (New York, NY)",1042619,208295,NULL,0.00,0,0,0.00,0.00,0.00,0.00,0.00,0.00,NULL
2026-02-01,2026-02-28,TacoTaste Mexican (1st Avenue),31463157,13553269,31463157,0.00,0,0,0.00,0.00,0.00,0.00,0.00,0.00,NULL
2026-02-01,2026-02-28,Tessa's Fruity Treats  (1741 1st Avenue),24770405,11217037,24770405,0.00,0,0,0.00,0.00,0.00,0.00,0.00,0.00,NULL
2026-02-01,2026-02-28,The Acai Dream  (689 Broadway),24770466,1011007,24770466,261.65,11,11,23.79,72.71,23.28,96.55,9.00,62.97,USD
2026-02-01,2026-02-28,The Acai Dream (34-02 30th St),27833963,1011007,27833963,357.61,15,14,23.84,90.14,70.03,338.62,51.25,130.59,USD
2026-02-01,2026-02-28,The American Cheesesteaks (4th Ave),842327,374444,NULL,103.92,3,3,34.64,18.99,11.99,76.94,0.00,0.00,USD
2026-02-01,2026-02-28,The American Cheesesteaks (Polk St),22932399,374444,22932399,919.32,32,32,28.73,235.25,132.84,676.52,3.00,19.99,USD
2026-02-01,2026-02-28,The American Vegan Burger (1338 Polk St),31314345,884214,31314345,172.37,7,7,24.62,42.89,35.36,172.37,6.00,38.98,USD
2026-02-01,2026-02-28,The American Vegan Burger (5155 3rd St),33898961,884214,33898961,283.22,7,7,40.46,47.87,50.75,283.22,0.00,0.00,USD
2026-02-01,2026-02-28,The Bagel Savage,33971791,664954,33971791,17.86,1,0,17.86,2.86,4.56,17.86,0.00,0.00,USD
2026-02-01,2026-02-28,The Bagel Savage (309 7th Ave),27667602,664954,27667602,17.99,1,1,17.99,4.50,3.99,17.99,0.00,0.00,USD
2026-02-01,2026-02-28,The Bagel Savage (415 W Gray St),26210048,664954,26210048,292.85,17,17,17.23,76.73,46.00,198.30,18.00,103.94,USD
2026-02-01,2026-02-28,The Bagel Savage (Hillside Ave),23134820,664954,23134820,0.00,0,0,0.00,0.00,0.00,0.00,0.00,0.00,NULL
2026-02-01,2026-02-28,The Breakfast Bar (E Houston Street),476794,226269,NULL,432.63,13,13,33.28,91.65,79.07,432.63,6.00,91.89,USD
2026-02-01,2026-02-28,The Breakfast Dream (1117 Broadway),1556211,304917,NULL,308.07,11,11,28.01,78.32,47.10,262.40,31.69,152.67,USD
2026-02-01,2026-02-28,The Breakfast Dream (1824 2nd Ave),33974552,304917,33974552,78.28,5,5,15.66,14.82,4.20,20.98,14.90,41.95,USD
2026-02-01,2026-02-28,The Breakfast Dream (6611 S 101st E Ave),24051979,304917,24051979,279.35,18,18,15.52,76.90,23.03,125.73,6.35,9.97,USD
2026-02-01,2026-02-28,The Breakfast Dream (9th Ave),23007040,304917,23007040,130.15,6,6,21.69,34.32,15.76,80.61,13.19,40.96,USD
2026-02-01,2026-02-28,The Breakfast Skillet,35854363,405691,35854363,0.00,0,0,0.00,0.00,0.00,0.00,0.00,0.00,NULL
2026-02-01,2026-02-28,The Breakfast Skillet (Hoover Rd),31535742,405691,31535742,541.27,20,20,27.06,133.32,100.67,503.01,0.00,0.00,USD
2026-02-01,2026-02-28,The Breakfast Snob,1184963,260164,NULL,0.00,0,0,0.00,0.00,0.00,0.00,0.00,0.00,NULL
2026-02-01,2026-02-28,The Burger Bae,34348863,486756,34348863,22.37,1,1,22.37,3.67,4.00,22.37,0.00,0.00,USD
2026-02-01,2026-02-28,The Burger Bae (1201 Randall Avenue),35458185,486756,35458185,29.98,1,1,29.98,4.80,6.00,29.98,0.00,0.00,USD
2026-02-01,2026-02-28,The Burger Bae (E 172nd St),23134814,486756,23134814,0.00,0,0,0.00,0.00,0.00,0.00,0.00,0.00,NULL
2026-02-01,2026-02-28,The Burger Bae (Van Nuys Blvd),23532702,486756,23532702,110.50,4,4,27.63,27.86,17.64,102.11,0.00,0.00,USD
2026-02-01,2026-02-28,The Burger Blade,33950217,665052,33950217,0.00,0,0,0.00,0.00,0.00,0.00,0.00,0.00,NULL
2026-02-01,2026-02-28,The Burger Blade,34348867,665052,34348867,0.00,0,0,0.00,0.00,0.00,0.00,0.00,0.00,NULL
2026-02-01,2026-02-28,The Burger Blade,1518350,665052,NULL,227.86,10,10,22.79,56.02,50.02,210.38,0.00,0.00,USD
2026-02-01,2026-02-28,The Burger Blade,33950219,665052,33950219,0.00,0,0,0.00,0.00,0.00,0.00,0.00,0.00,NULL
2026-02-01,2026-02-28,The Burger Blade (4234 Broadway),32863729,665052,32863729,482.11,21,20,22.96,76.31,108.69,471.62,15.00,102.08,USD
2026-02-01,2026-02-28,The Burger Blade (590 32nd St),33950215,665052,33950215,53.12,2,2,26.56,8.50,12.60,53.12,3.00,32.15,USD
2026-02-01,2026-02-28,The Burger Blade (682 Morris Park Avenue),32863731,665052,32863731,155.32,5,5,31.06,26.55,26.55,145.54,19.59,97.60,USD
2026-02-01,2026-02-28,The Burger Co (226 Newark Ave),33899481,800826,33899481,0.00,0,0,0.00,0.00,0.00,0.00,0.00,0.00,NULL
2026-02-01,2026-02-28,The Burger Hole (1213 Amsterdam Ave),36254687,394154,36254687,61.50,4,4,15.38,10.68,10.09,40.53,11.83,28.66,USD
2026-02-01,2026-02-28,The Burger Hole (277 Gold Street) ,37530982,394154,37530982,103.83,3,3,34.61,17.96,16.97,103.83,0.00,0.00,USD
2026-02-01,2026-02-28,The Burger Joint,34340106,224158,34340106,0.00,0,0,0.00,0.00,0.00,0.00,0.00,0.00,NULL
2026-02-01,2026-02-28,The Burger Joint,40846543,224158,40846543,0.00,0,0,0.00,0.00,0.00,0.00,0.00,0.00,NULL
2026-02-01,2026-02-28,The Burger Joint (1152 Ogden Ave #4304),34340098,224158,34340098,0.00,0,0,0.00,0.00,0.00,0.00,0.00,0.00,NULL
2026-02-01,2026-02-28,The Burger Joint (1595 Seminole Blvd),28607133,224158,28607133,50.35,2,2,25.18,12.10,10.99,50.35,3.00,22.37,USD
2026-02-01,2026-02-28,The Burger Joint (3907 Lee Hwy),33899309,224158,33899309,19.27,1,1,19.27,3.85,0.00,0.00,0.00,0.00,USD
2026-02-01,2026-02-28,The Burger Joint (730 Astor Ave),24099359,224158,24099359,0.00,0,0,0.00,0.00,0.00,0.00,0.00,0.00,NULL
2026-02-01,2026-02-28,The Burger Joint (783 Hillside Avenue),33971643,224158,33971643,19.58,1,1,19.58,3.32,3.99,19.58,0.00,0.00,USD
2026-02-01,2026-02-28,"The Burger Joint (Brooklyn, NY)",1413374,224158,NULL,36.36,1,1,36.36,8.81,7.99,36.36,0.00,0.00,USD
2026-02-01,2026-02-28,The Burger Passion (Hillcrest Ave),2440058,888357,NULL,273.71,5,5,54.74,71.67,39.73,273.71,6.00,73.90,USD
2026-02-01,2026-02-28,The Burger Passion (W 125th St),23135532,888357,23135532,0.00,0,0,0.00,0.00,0.00,0.00,0.00,0.00,NULL
2026-02-01,2026-02-28,The Burger Project,35666693,656018,35666693,0.00,0,0,0.00,0.00,0.00,0.00,0.00,0.00,NULL
2026-02-01,2026-02-28,The Burger Project,33951571,656018,33951571,16.78,1,1,16.78,2.68,4.35,16.78,5.96,16.78,USD
2026-02-01,2026-02-28,The Burger Project (2511 Washington Blvd),27667605,656018,27667605,274.46,12,12,22.87,71.24,43.93,187.77,0.00,0.00,USD
2026-02-01,2026-02-28,The Burger Project (440 10th Ave),27667606,656018,27667606,0.00,0,0,0.00,0.00,0.00,0.00,0.00,0.00,NULL
2026-02-01,2026-02-28,The Burger Stack (330 W Broadway),2291140,665003,NULL,34.27,1,0,34.27,9.08,4.99,34.27,0.00,0.00,USD
2026-02-01,2026-02-28,The Burger Trilogy  (San Francisco),969305,430192,NULL,1800.30,69,68,26.09,461.76,261.39,1549.98,21.00,180.23,USD
2026-02-01,2026-02-28,The Burger Trilogy (1969 Bronxdale Ave),1459219,430192,NULL,351.63,13,13,27.05,84.19,70.94,351.63,0.00,0.00,USD
2026-02-01,2026-02-28,The Burrito Bae (4th Ave),23556050,331640,23556050,150.87,4,4,37.72,37.85,28.65,150.87,0.00,0.00,USD
2026-02-01,2026-02-28,The Burrito Bae (916 Hempstead Turnpike),33895557,331640,33895557,102.12,5,5,20.42,17.82,15.99,65.04,17.71,41.27,USD
2026-02-01,2026-02-28,The Burrito Co (4352 E Speedway Blvd),27682669,732078,27682669,403.84,15,15,26.92,98.59,86.11,388.45,3.00,16.09,USD
2026-02-01,2026-02-28,The Burrito Snob,1595687,308705,128,25.36,2,2,12.68,6.91,3.31,15.48,3.00,9.88,USD
2026-02-01,2026-02-28,"The Burrito Snob (Woodland, CA)",1097102,308705,NULL,0.00,0,0,0.00,0.00,0.00,0.00,0.00,0.00,NULL
2026-02-01,2026-02-28,The Cali Calzone,36730843,673879,36730843,100.95,1,1,100.95,19.39,4.99,100.95,0.00,0.00,USD
2026-02-01,2026-02-28,The Cali Calzone,33950261,673879,33950261,30.77,1,1,30.77,4.95,6.99,30.77,0.00,0.00,USD
2026-02-01,2026-02-28,The Cali Calzone (1116 Polk St),33016661,673879,33016661,314.91,6,6,52.49,56.12,40.30,314.91,62.16,314.91,USD
2026-02-01,2026-02-28,The Cali Calzone (2624 Pico Blvd),31671737,673879,31671737,924.20,24,24,38.51,239.80,147.56,901.81,3.00,17.48,USD
2026-02-01,2026-02-28,The Cali Calzone (4507 West Coast Hwy),40119617,673879,40119617,161.95,3,3,53.98,29.20,17.98,127.96,0.00,0.00,USD
2026-02-01,2026-02-28,The Calzone Empire,37994992,852992,37994992,196.25,5,5,39.25,32.80,37.24,196.25,0.00,0.00,USD
2026-02-01,2026-02-28,The Calzone Empire,35666855,852992,35666855,442.63,7,7,63.23,79.34,52.93,442.63,66.72,364.72,USD
2026-02-01,2026-02-28,The Calzone Empire,33950295,852992,33950295,413.39,16,16,25.84,68.61,85.16,374.92,77.45,288.18,USD
2026-02-01,2026-02-28,The Calzone Empire,33950297,852992,33950297,248.14,10,10,24.81,39.58,60.18,248.14,44.12,146.66,USD
2026-02-01,2026-02-28,The Calzone Empire (18300 Vanowen Street Suite 3),31314365,852992,31314365,27.99,1,1,27.99,6.72,6.59,27.99,0.00,0.00,USD
2026-02-01,2026-02-28,The Calzone Empire (2511 Washington Blvd),27667607,852992,27667607,293.72,11,11,26.70,73.94,58.16,293.72,0.00,0.00,USD
2026-02-01,2026-02-28,The Calzone Empire (4663 Trousdale Dr),33898959,852992,33898959,0.00,0,0,0.00,0.00,0.00,0.00,0.00,0.00,NULL
2026-02-01,2026-02-28,The Calzone Empire (7121 West US Highway 90 Suite #210),24974719,852992,24974719,57.72,2,2,28.86,17.32,0.00,0.00,5.10,24.85,USD
2026-02-01,2026-02-28,The Calzone Empire (Broad St),2705628,852992,2705628,337.78,12,12,28.15,86.76,53.48,249.44,9.00,66.33,USD
2026-02-01,2026-02-28,The Cheeseburger Paradise (468 9th Ave),33895329,1020570,33895329,76.29,3,3,25.43,12.21,18.22,76.29,0.00,0.00,USD
2026-02-01,2026-02-28,The Cheeseburger Paradise (5993 Broadway),24556258,1020570,24556258,220.91,12,12,18.41,56.36,41.99,190.15,0.00,0.00,USD
2026-02-01,2026-02-28,The Chicken Affair,33971361,14201665,33971361,25.16,1,1,25.16,4.03,6.02,25.16,0.00,0.00,USD
2026-02-01,2026-02-28,The Chicken Affair - 135 E 125th St,34349143,14201665,34349143,25.86,1,1,25.86,4.14,6.16,25.86,0.00,0.00,USD
2026-02-01,2026-02-28,The Chicken Dream,33899219,934688,33899219,46.11,2,2,23.06,9.22,0.00,0.00,0.00,0.00,USD
2026-02-01,2026-02-28,The Chinese Noodle Palace (4957 Winters Chapel Rd Suite B),25079119,813892,25079119,490.62,14,12,35.04,129.88,69.48,432.38,5.98,22.09,USD
2026-02-01,2026-02-28,The Chinese Noodle Palace (5874 Forbes Ave),24556108,813892,24556108,40.96,2,2,20.48,10.06,9.43,40.96,0.00,0.00,USD
2026-02-01,2026-02-28,The Chinese Noodle Palace (9737 Manchester Rd),1790286,813892,NULL,1093.55,41,41,26.67,271.55,200.20,1023.51,17.71,63.35,USD
2026-02-01,2026-02-28,The Chinese Noodle Palace (S Higley Rd),23087616,813892,23087616,46.13,1,0,46.13,11.74,7.99,46.13,0.00,0.00,USD
2026-02-01,2026-02-28,The Chopped Salad,37625025,56426,37625025,0.00,0,0,0.00,0.00,0.00,0.00,0.00,0.00,NULL
2026-02-01,2026-02-28,The Chopped Salad (353 W 125th St),1586799,56426,NULL,0.00,0,0,0.00,0.00,0.00,0.00,0.00,0.00,NULL
2026-02-01,2026-02-28,The Chopped Salad (Hillside Ave),2849967,56426,2849967,1704.15,63,63,27.05,345.02,361.56,1633.81,15.00,109.81,USD
2026-02-01,2026-02-28,The Craft Pizza,39042382,56428,39042382,0.00,0,0,0.00,0.00,0.00,0.00,0.00,0.00,NULL
2026-02-01,2026-02-28,The Craft Pizza (2700 Marina Bay Drive),27898091,56428,27898091,0.00,0,0,0.00,0.00,0.00,0.00,0.00,0.00,NULL
2026-02-01,2026-02-28,The Craft Pizza (3360 Broadway),34340201,56428,34340201,0.00,0,0,0.00,0.00,0.00,0.00,0.00,0.00,NULL
2026-02-01,2026-02-28,The Craft Pizza (4315 Bryan Street),35458617,56428,35458617,0.00,0,0,0.00,0.00,0.00,0.00,0.00,0.00,NULL
2026-02-01,2026-02-28,The Crimson Gyro (1428 Polk St),39846735,11522397,39846735,415.74,15,15,27.72,75.98,44.91,301.80,0.00,0.00,USD
2026-02-01,2026-02-28,The Dessert Dream (245 E Houston St),31636171,854888,31636171,18.88,1,1,18.88,5.66,0.00,0.00,0.00,0.00,USD
2026-02-01,2026-02-28,The Dessert Dream (Hoover Rd),2272718,854888,NULL,140.00,12,12,11.67,38.03,18.26,77.48,3.00,15.88,USD
2026-02-01,2026-02-28,The Dessert Shack,33951523,705436,33951523,26.57,1,1,26.57,4.25,6.30,26.57,8.36,26.57,USD
2026-02-01,2026-02-28,The Dessert Shack (83 Canal St #6019),23549559,705436,23549559,0.00,0,0,0.00,0.00,0.00,0.00,0.00,0.00,NULL
2026-02-01,2026-02-28,The Farmers Salad (28501 Hoover Rd),31619827,13591991,31619827,336.58,13,13,25.89,83.92,69.72,336.58,34.49,102.76,USD
2026-02-01,2026-02-28,The French Toast Flip (3001 S Bristol St),24438078,1054195,24438078,154.58,6,6,25.76,40.41,25.80,154.58,0.00,0.00,USD
2026-02-01,2026-02-28,The French Toast Flip (4th Ave),23556081,1054195,23556081,0.00,0,0,0.00,0.00,0.00,0.00,0.00,0.00,NULL
2026-02-01,2026-02-28,The Fried Chicken Crave (1338 Polk St),31313963,11225532,31313963,491.12,14,14,35.08,125.66,84.08,461.14,3.00,43.45,USD
2026-02-01,2026-02-28,The Fried Chicken Crave (1741 1st Ave),31672379,11225532,31672379,92.27,4,4,23.07,23.72,16.15,78.99,0.00,0.00,USD
2026-02-01,2026-02-28,The Gourmet Burger,33016935,656223,NULL,93.05,2,2,46.53,12.15,13.98,93.05,0.00,0.00,USD
2026-02-01,2026-02-28,The Gourmet Burger (S 101st E Ave),2272754,656223,NULL,92.86,3,3,30.95,17.45,17.97,92.86,0.00,0.00,USD
2026-02-01,2026-02-28,The Gyro Bar (1969 Bronxdale Ave),1477969,560974,NULL,464.47,19,19,24.45,120.42,75.93,356.56,0.00,0.00,USD
2026-02-01,2026-02-28,The Gyro Bar (319 Rogers Ave),24194631,560974,24194631,293.58,13,13,22.58,73.15,61.63,278.70,20.84,116.33,USD
2026-02-01,2026-02-28,The Gyro Bar (8770 E McDowell Rd),23907282,560974,23907282,1235.17,49,49,25.21,312.80,234.07,1127.96,155.59,704.45,USD
2026-02-01,2026-02-28,The Gyro Brothers (E 125th St),23056011,915472,23056011,78.30,3,3,26.10,19.20,16.29,78.30,12.03,62.92,USD
2026-02-01,2026-02-28,The Gyro Shop,33970497,706778,33970497,382.45,8,7,47.81,74.96,8.69,30.78,0.00,0.00,USD
2026-02-01,2026-02-28,The Gyro Shop(Virtual Brand),1556279,706778,NULL,151.06,6,4,25.18,34.67,41.45,151.06,3.00,30.07,USD
2026-02-01,2026-02-28,The Gyro Snob,1586776,560983,NULL,0.00,0,0,0.00,0.00,0.00,0.00,0.00,0.00,NULL
2026-02-01,2026-02-28,The Gyro Snob (7126 N 35th ave),23906819,560983,23906819,1705.14,66,66,25.84,427.11,334.76,1552.67,48.21,332.91,USD
2026-02-01,2026-02-28,The Hot Dog Village,34345716,1065469,34345716,1480.68,52,52,28.47,240.70,241.85,1192.62,174.07,835.45,USD
2026-02-01,2026-02-28,The Hot Dog Village,35686889,1065469,35686889,557.29,23,23,24.23,94.34,102.47,455.95,0.00,0.00,USD
2026-02-01,2026-02-28,The Ice Cream Lab (Fillmore St),129914,74518,NULL,265.75,15,15,17.72,61.42,46.11,130.86,0.00,0.00,USD
2026-02-01,2026-02-28,The Ice Cream Snob,635466,293287,NULL,191.83,6,5,31.97,40.26,35.74,177.84,13.74,46.96,USD
2026-02-01,2026-02-28,"The Ice Cream Snob (949 w Canal St. N, Belle Glade, Fl 33430)",34250437,293287,34250437,0.00,0,0,0.00,0.00,0.00,0.00,0.00,0.00,NULL
2026-02-01,2026-02-28,The Indian Spice Kitchen (100 N Almaden Ave ste 176),33017063,725298,33017063,20.98,1,1,20.98,3.36,5.19,20.98,0.00,0.00,USD
2026-02-01,2026-02-28,The Indian Spice Kitchen (2026 Agnew Rd),33017061,725298,33017061,716.22,26,26,27.55,113.49,157.98,709.24,77.25,247.59,USD
2026-02-01,2026-02-28,The Indian Spice Palace,33894883,922014,33894883,66.41,3,3,22.14,10.77,15.51,66.41,8.07,25.87,USD
2026-02-01,2026-02-28,The Indian Spice Palace (1740 Monument Blvd),27890496,922014,27890496,0.00,0,0,0.00,0.00,0.00,0.00,0.00,0.00,NULL
2026-02-01,2026-02-28,The Indian Spice Palace (3005 36th Ave),26000771,922014,26000771,137.71,8,8,17.21,32.72,32.80,129.33,7.55,18.18,USD
2026-02-01,2026-02-28,The Italian Pasta Bar,33963529,724577,33963529,839.41,20,20,41.97,141.15,153.43,839.41,59.09,265.75,USD
2026-02-01,2026-02-28,The Italian Pizza Co,37995313,349525,37995313,0.00,0,0,0.00,0.00,0.00,0.00,0.00,0.00,NULL
2026-02-01,2026-02-28,The Italian Pizza Co,35639147,14711327,35639147,0.00,0,0,0.00,0.00,0.00,0.00,0.00,0.00,NULL
2026-02-01,2026-02-28,The Italian Pizza Co,35639149,14711327,35639149,0.00,0,0,0.00,0.00,0.00,0.00,0.00,0.00,NULL
2026-02-01,2026-02-28,The Italian Pizza Co,35647715,349525,35647715,0.00,0,0,0.00,0.00,0.00,0.00,0.00,0.00,NULL
2026-02-01,2026-02-28,The Juice Affair (240 Sullivan St),1834918,732070,NULL,111.82,7,7,15.97,28.67,21.23,89.46,6.00,33.54,USD
2026-02-01,2026-02-28,The Juice Affair (5423 2nd Ave),33970187,732070,33970187,0.00,0,0,0.00,0.00,0.00,0.00,0.00,0.00,NULL
2026-02-01,2026-02-28,The Juice Affair (93 Avenue A),36238367,732070,36238367,0.00,0,0,0.00,0.00,0.00,0.00,0.00,0.00,NULL
2026-02-01,2026-02-28,The Juice Empire,33952685,13607210,33952685,0.00,0,0,0.00,0.00,0.00,0.00,0.00,0.00,NULL
2026-02-01,2026-02-28,The Juice Empire,35901427,13607210,35901427,17.97,1,1,17.97,2.59,5.00,17.97,0.00,0.00,USD
2026-02-01,2026-02-28,The Juice Empire (9th Ave),23060304,13607210,23060304,1225.58,47,47,26.08,298.89,243.04,1185.93,154.48,696.81,USD
2026-02-01,2026-02-28,The Juice Empire (Broadway),31672166,13607210,31672166,298.77,7,7,42.68,82.84,26.56,129.90,0.00,0.00,USD
2026-02-01,2026-02-28,The Kabob Snob (57 sip ave),31577153,888358,31577153,205.47,6,5,34.25,51.93,37.36,188.69,19.20,69.30,USD
2026-02-01,2026-02-28,The Mac N Cheese Bar,40385117,11135221,40385117,0.00,0,0,0.00,0.00,0.00,0.00,0.00,0.00,NULL
2026-02-01,2026-02-28,The Mac and Cheese Co,26175096,145229,26175096,2580.55,111,111,23.25,652.48,482.35,2207.05,126.67,811.68,USD
2026-02-01,2026-02-28,The Mac and Cheese Co (Hoover Rd),23045828,145229,23045828,517.44,14,14,36.96,139.66,64.75,513.95,21.82,55.73,USD
2026-02-01,2026-02-28,The Mexican Cocina,34250543,370675,34250543,73.94,2,1,36.97,12.29,12.49,73.94,0.00,0.00,USD
2026-02-01,2026-02-28,The Mexican Cocina,33950479,370675,33950479,0.00,0,0,0.00,0.00,0.00,0.00,0.00,0.00,NULL
2026-02-01,2026-02-28,The Mexican Cocina (1st Ave),833133,370675,NULL,371.37,10,10,37.14,82.68,40.79,317.73,3.00,14.99,USD
2026-02-01,2026-02-28,The Milk Snob (Post Street),873421,392317,NULL,294.70,18,17,16.37,65.18,42.12,182.82,3.00,35.97,USD
2026-02-01,2026-02-28,The Minister Wraps,1785496,823810,NULL,0.00,0,0,0.00,0.00,0.00,0.00,0.00,0.00,NULL
2026-02-01,2026-02-28,The Minister Wraps,35853725,823810,35853725,0.00,0,0,0.00,0.00,0.00,0.00,0.00,0.00,NULL
2026-02-01,2026-02-28,The Minister Wraps (265 Bedford Ave),24194630,823810,24194630,0.00,0,0,0.00,0.00,0.00,0.00,0.00,0.00,NULL
2026-02-01,2026-02-28,The Minister Wraps (Broadway),23106174,823810,23106174,220.56,10,9,22.06,56.15,40.34,192.20,27.32,86.35,USD
2026-02-01,2026-02-28,The Minister Wraps (Michelson Dr),22988570,823810,22988570,16.08,1,1,16.08,3.86,4.21,16.08,3.00,16.08,USD
2026-02-01,2026-02-28,The Montage Vegetarian (253 E 172nd St),33970427,911655,33970427,0.00,0,0,0.00,0.00,0.00,0.00,0.00,0.00,NULL
2026-02-01,2026-02-28,The Montage Vegetarian (Florida Ave NW),2408663,911655,NULL,0.00,0,0,0.00,0.00,0.00,0.00,0.00,0.00,NULL
2026-02-01,2026-02-28,The Montage Vegetarian (N Broadway),23022912,911655,23022912,93.95,1,1,93.95,25.79,8.99,93.95,0.00,0.00,USD
2026-02-01,2026-02-28,The Omelette Farm,34349153,393008,34349153,0.00,0,0,0.00,0.00,0.00,0.00,0.00,0.00,NULL
2026-02-01,2026-02-28,The Omelette Farm (147 1st Ave),23549638,393008,23549638,257.50,11,11,23.41,64.19,52.39,231.24,6.29,22.58,USD
2026-02-01,2026-02-28,The Omelette Farm (1741 1st Avenue),2162874,393008,1741,85.07,4,4,21.27,20.43,20.96,85.07,3.00,21.27,USD
2026-02-01,2026-02-28,The Omelette Farm (57 sip ave),35900955,393008,35900955,33.97,2,2,16.99,6.20,3.99,19.98,0.00,0.00,USD
2026-02-01,2026-02-28,The Omelette Farm (769 9th Ave #1),23984095,393008,23984095,113.78,6,6,18.96,29.84,17.23,71.24,0.00,0.00,USD
2026-02-01,2026-02-28,The Omelette Farm (New York),875183,393008,NULL,1894.84,75,75,25.26,386.68,383.20,1625.12,68.76,271.95,USD
2026-02-01,2026-02-28,The Omelette Farm (Sullivan St),2273066,393008,NULL,168.42,11,11,15.31,44.88,23.86,116.78,4.85,9.19,USD
2026-02-01,2026-02-28,The Pancake Flip (7701 Garrison Road),24227554,1011005,24227554,4518.59,157,157,28.78,1140.67,852.28,4132.38,291.56,1675.20,USD
2026-02-01,2026-02-28,The Pancake Flip (Broadway),23106170,1011005,23106170,84.01,5,5,16.80,18.00,24.99,84.01,6.00,22.46,USD
2026-02-01,2026-02-28,The Pancake Snob (1st Ave),1194035,609184,NULL,387.45,16,16,24.22,94.64,78.83,359.77,9.00,40.55,USD
2026-02-01,2026-02-28,"The Pancake Snob (Brooklyn, NY)",1184943,609184,NULL,1182.26,41,41,28.84,291.29,246.09,1141.48,94.07,357.70,USD
2026-02-01,2026-02-28,The Pancake Snob (The Bronx),1303675,609184,NULL,1002.60,31,31,32.34,247.26,205.21,950.70,4.80,18.98,USD
2026-02-01,2026-02-28,"The Pancake Snob (Virtual Brand)(New York, NY)",1180434,609184,NULL,123.33,8,8,15.42,26.19,36.99,112.65,0.00,0.00,USD
2026-02-01,2026-02-28,The Pancake Snob (Virtual Brand)(West Chester Pike),1166202,609184,NULL,2015.80,78,78,25.84,510.36,372.65,1778.08,138.95,1101.50,USD
2026-02-01,2026-02-28,The Pancake Spot,1567795,411280,NULL,54.53,3,2,18.18,11.05,2.58,10.59,0.00,0.00,USD
2026-02-01,2026-02-28,The Pancake Spot (8th Ave),919185,411280,NULL,115.88,3,3,38.63,27.08,9.57,42.94,0.00,0.00,USD
2026-02-01,2026-02-28,The Panini Project (265 Bedford Ave),1836485,739023,NULL,168.05,6,6,28.01,41.65,35.17,168.05,0.00,0.00,USD
2026-02-01,2026-02-28,The Panini Project (59 4th Ave),1860319,739023,NULL,322.67,14,14,23.05,77.69,76.54,310.68,6.00,43.93,USD
2026-02-01,2026-02-28,The Pasta Brothers,32882525,281355,NULL,1054.74,32,32,32.96,175.63,208.59,1054.74,0.00,0.00,USD
2026-02-01,2026-02-28,The Pasta Brothers (265 Bedford Ave),2400705,281355,NULL,118.89,6,6,19.82,28.16,29.95,118.89,6.00,48.95,USD
2026-02-01,2026-02-28,The Pasta Brothers (456 Grove St),32882523,281355,32882523,1503.88,44,44,34.18,238.97,307.87,1503.88,209.48,1070.87,USD
2026-02-01,2026-02-28,The Pasta Brothers (4663 Trousdale Dr),24328952,281355,24328952,194.35,3,3,64.78,52.01,23.97,194.35,18.38,75.43,USD
2026-02-01,2026-02-28,The Pasta Brothers (589 1st Avenue),32882529,281355,32882529,436.72,12,12,36.39,63.91,90.68,436.72,34.00,140.90,USD
2026-02-01,2026-02-28,The Pasta Story (1424 Lexington Ave),1465730,566645,NULL,1832.99,72,72,25.46,461.29,341.34,1618.98,26.71,82.64,USD
2026-02-01,2026-02-28,The Pasta Story (2138 W National Ave),33017373,566645,33017373,4720.14,172,169,27.44,797.59,847.20,4050.98,424.75,2231.42,USD
2026-02-01,2026-02-28,The Pasta Story (43 W Flagler St),28607208,566645,28607208,872.99,30,30,29.10,222.44,154.31,755.02,124.52,421.80,USD
2026-02-01,2026-02-28,The Pasta Twins (Chestnut St),31535791,321574,31535791,210.86,7,6,30.12,53.06,33.98,175.40,15.00,159.09,USD
2026-02-01,2026-02-28,"The Pasta Twins (New York, NY)",1185887,321574,NULL,53.98,2,2,26.99,12.96,10.80,53.98,0.00,0.00,USD
2026-02-01,2026-02-28,The Pizza Flip,34344857,11225535,34344857,0.00,0,0,0.00,0.00,0.00,0.00,0.00,0.00,NULL
2026-02-01,2026-02-28,The Pizza Flip (115-20 Queens Blvd),25295355,11225535,25295355,0.00,0,0,0.00,0.00,0.00,0.00,0.00,0.00,NULL
2026-02-01,2026-02-28,The Pizza Flip (493 Old Hickory Blvd),33884067,11225535,33884067,88.35,3,3,29.45,13.90,21.85,88.35,11.05,35.38,USD
2026-02-01,2026-02-28,The Pizza Obsession,34342003,962905,34342003,0.00,0,0,0.00,0.00,0.00,0.00,0.00,0.00,NULL
2026-02-01,2026-02-28,The Pizza Obsession,34250899,962905,34250899,119.94,1,1,119.94,22.39,8.99,119.94,0.00,0.00,USD
2026-02-01,2026-02-28,The Pizza Obsession (226 Newark Ave),34341988,962905,34341988,37.48,2,2,18.74,6.10,8.98,37.48,0.00,0.00,USD
2026-02-01,2026-02-28,The Salad Dream,35464012,282198,35464012,257.36,5,5,51.47,45.66,32.96,237.38,50.17,257.36,USD
2026-02-01,2026-02-28,The Salad Dream,37414507,282198,37414507,51.97,1,0,51.97,8.79,8.99,51.97,0.00,0.00,USD
2026-02-01,2026-02-28,The Salad Dream (31-00 47th Ave),35758085,282198,35758085,0.00,0,0,0.00,0.00,0.00,0.00,0.00,0.00,NULL
2026-02-01,2026-02-28,The Salad Dream (5155 3rd St),33899129,282198,33899129,0.00,0,0,0.00,0.00,0.00,0.00,0.00,0.00,NULL
2026-02-01,2026-02-28,The Salad God,33967261,733302,33967261,0.00,0,0,0.00,0.00,0.00,0.00,0.00,0.00,NULL
2026-02-01,2026-02-28,The Salad God,35492579,733302,35492579,30.98,1,1,30.98,4.96,7.19,30.98,5.24,30.98,USD
2026-02-01,2026-02-28,The Salad God(Virtual Brand),1580550,733302,NULL,105.99,9,9,11.78,27.04,24.78,105.99,29.55,67.74,USD
2026-02-01,2026-02-28,The Salad Prince,36977493,824240,36977493,0.00,0,0,0.00,0.00,0.00,0.00,0.00,0.00,NULL
2026-02-01,2026-02-28,The Salad Prince,34342099,824240,34342099,104.22,2,2,52.11,18.50,13.71,104.22,0.00,0.00,USD
2026-02-01,2026-02-28,The Salad Prince (135 E 125th St),34342097,824240,34342097,0.00,0,0,0.00,0.00,0.00,0.00,0.00,0.00,NULL
2026-02-01,2026-02-28,The Salad Snob,38214605,257890,38214605,0.00,0,0,0.00,0.00,0.00,0.00,0.00,0.00,NULL
2026-02-01,2026-02-28,The Salad Snob,34340355,257890,34340355,289.84,12,12,24.15,49.70,49.30,222.29,69.01,230.99,USD
2026-02-01,2026-02-28,The Salad Snob (Pico Blvd),564064,257890,NULL,283.58,13,13,21.81,56.39,69.07,283.58,0.00,0.00,USD
2026-02-01,2026-02-28,The Salad Snob (Virtual Brand)(3846 Mowry Ave Fremont),1478850,257890,NULL,488.31,22,22,22.20,117.20,107.70,463.16,0.00,0.00,USD
2026-02-01,2026-02-28,The Sandwich Cafe,36727494,124075,36727494,59.98,1,1,59.98,10.80,6.99,59.98,0.00,0.00,USD
2026-02-01,2026-02-28,The Sandwich Cafe,37995477,124075,37995477,277.77,6,6,46.30,49.13,37.14,256.78,58.81,277.77,USD
2026-02-01,2026-02-28,The Sandwich Cafe,33950507,124075,33950507,0.00,0,0,0.00,0.00,0.00,0.00,0.00,0.00,NULL
2026-02-01,2026-02-28,The Sandwich Cafe,1533372,124075,NULL,62.96,2,2,31.48,15.10,14.58,62.96,0.00,0.00,USD
2026-02-01,2026-02-28,The Sandwich Cafe (2841 E Anaheim St),1909205,124075,NULL,433.48,16,16,27.09,52.10,100.98,433.48,18.00,165.75,USD
2026-02-01,2026-02-28,The Sandwich Cafe (57 sip ave),23906853,124075,23906853,15.49,1,1,15.49,4.05,2.99,15.49,3.00,15.49,USD
2026-02-01,2026-02-28,The Sandwich Doctor (83 Canal St #6019),23549534,854844,23549534,0.00,0,0,0.00,0.00,0.00,0.00,0.00,0.00,NULL
2026-02-01,2026-02-28,The Sandwich Slut,1803495,485586,NULL,229.81,8,8,28.73,57.71,44.33,214.84,0.00,0.00,USD
2026-02-01,2026-02-28,The Sandwich Vibe,35117567,863183,35117567,195.87,2,2,97.94,36.37,15.98,195.87,18.00,195.87,USD
2026-02-01,2026-02-28,The Sandwich Vibe (119 Park Ave),35459941,863183,35459941,79.94,2,2,39.97,15.19,4.99,59.15,0.00,0.00,USD
2026-02-01,2026-02-28,The Sandwich Vibe (1306 Atlantic Ave),25130231,863183,25130231,366.70,15,15,24.45,91.30,75.27,356.51,6.00,44.24,USD
2026-02-01,2026-02-28,The Sandwich Vibe (137 S Las Posas Rd #153),24800718,863183,24800718,278.01,10,10,27.80,73.22,40.73,242.24,0.00,0.00,USD
2026-02-01,2026-02-28,The Sandwich Vibe (1741 1st Avenue),2162544,863183,1741,0.00,0,0,0.00,0.00,0.00,0.00,0.00,0.00,NULL
2026-02-01,2026-02-28,The Sandwich Vibe (257 Gold St),33017475,689548,33017475,32.16,1,1,32.16,5.43,5.99,32.16,0.00,0.00,USD
2026-02-01,2026-02-28,The Smooth Eaze,37012189,859164,37012189,0.00,0,0,0.00,0.00,0.00,0.00,0.00,0.00,NULL
2026-02-01,2026-02-28,The Smooth Eaze (1424 Lexington Ave),31636291,859164,31636291,84.54,5,5,16.91,22.34,13.02,56.63,0.00,0.00,USD
2026-02-01,2026-02-28,The Smoothie Savage (1404 Madison Ave),36030515,706784,36030515,0.00,0,0,0.00,0.00,0.00,0.00,0.00,0.00,NULL
2026-02-01,2026-02-28,The Smoothie Squeeze,37376751,884551,37376751,94.92,3,3,31.64,16.27,15.57,75.94,0.00,0.00,USD
2026-02-01,2026-02-28,The Smoothie Squeeze (128 East 4th Street),31619812,884551,31619812,20.97,1,1,20.97,5.03,5.18,20.97,0.00,0.00,USD
2026-02-01,2026-02-28,The Smoothie Squeeze (450 9th Ave),23007066,884551,23007066,572.12,23,22,24.87,147.04,98.43,507.00,59.69,178.83,USD
2026-02-01,2026-02-28,The Smoothie Squeeze (589 1st Avenue),35117657,884551,35117657,39.95,2,2,19.98,7.16,5.18,20.97,6.00,39.95,USD
2026-02-01,2026-02-28,The Smoothie Squeeze (730 Astor Ave),24099363,884551,24099363,0.00,0,0,0.00,0.00,0.00,0.00,0.00,0.00,NULL
2026-02-01,2026-02-28,The Smoothie Squeeze (766 Grand St),38213973,884551,38213973,61.91,2,2,30.96,10.38,11.98,61.91,0.00,0.00,USD
2026-02-01,2026-02-28,The Valley Gyro Spot,1743781,800835,NULL,289.57,15,15,19.30,74.48,50.69,212.64,15.00,96.19,USD
2026-02-01,2026-02-28,The Village Breakfast,33950568,757140,33950568,0.00,0,0,0.00,0.00,0.00,0.00,0.00,0.00,NULL
2026-02-01,2026-02-28,The Village Breakfast,35868685,757140,35868685,168.12,6,6,28.02,29.80,25.03,168.12,0.00,0.00,USD
2026-02-01,2026-02-28,The Village Smoothie Spot,1803513,825536,NULL,157.99,10,10,15.80,41.72,23.88,100.67,0.00,0.00,USD
2026-02-01,2026-02-28,The Water Distributor (San Francisco),651703,303359,NULL,0.00,0,0,0.00,0.00,0.00,0.00,0.00,0.00,NULL
2026-02-01,2026-02-28,The Wine & Cheese Bar (Fillmore St),129913,56433,NULL,85.85,9,9,9.54,18.65,6.78,23.98,0.00,0.00,USD
2026-02-01,2026-02-28,"The Wings Express (West Chester, PA)",1245296,11136775,NULL,2915.46,107,106,27.25,742.89,522.94,2493.89,361.50,1705.49,USD
2026-02-01,2026-02-28,Tia's Tortas,38217419,904619,38217419,0.00,0,0,0.00,0.00,0.00,0.00,0.00,0.00,NULL
2026-02-01,2026-02-28,Tia's Tortas,36031368,904619,36031368,109.43,3,3,36.48,11.15,19.96,109.43,0.00,0.00,USD
2026-02-01,2026-02-28,Tia's Tortas (3605 W Chandler Blvd #105),28607358,904619,28607358,0.00,0,0,0.00,0.00,0.00,0.00,0.00,0.00,NULL
2026-02-01,2026-02-28,Times Square Pizza Boy,457017,297479,NULL,176.72,6,6,29.45,37.36,32.27,159.76,0.00,0.00,USD
2026-02-01,2026-02-28,Tina's Tasty Pizza,34349415,11225539,34349415,0.00,0,0,0.00,0.00,0.00,0.00,0.00,0.00,NULL
2026-02-01,2026-02-28,Toast N Roast Breakfast Sandwiches (590 32nd St),23549308,917129,23549308,1438.07,69,69,20.84,359.18,286.44,1280.84,182.49,620.70,USD
2026-02-01,2026-02-28,Toast N Roast Breakfast Sandwiches (97 Lexington Ave),26152963,917129,26152963,298.22,13,13,22.94,75.23,60.35,298.22,82.12,219.90,USD
2026-02-01,2026-02-28,Toast N Roast Breakfast Sandwiches (Crenshaw Blvd),31492505,917129,31492505,1252.38,50,50,25.05,313.14,241.17,1105.53,59.40,527.93,USD
2026-02-01,2026-02-28,Top Notch Sandwiches,35460305,908472,35460305,0.00,0,0,0.00,0.00,0.00,0.00,0.00,0.00,NULL
2026-02-01,2026-02-28,Top Notch Sandwiches,33415843,908472,33415843,408.36,9,9,45.37,73.79,46.35,381.29,14.02,24.18,USD
2026-02-01,2026-02-28,Top Notch Sandwiches,34348517,908472,34348517,62.24,2,2,31.12,10.29,12.74,62.24,0.00,0.00,USD
2026-02-01,2026-02-28,Top Notch Sandwiches (164-01 Hillside Ave) MAIN,36256793,908472,36256793,105.28,6,6,17.55,18.47,16.96,80.11,0.00,0.00,USD
2026-02-01,2026-02-28,Top Notch Sandwiches (330 W Broadway),2291207,908472,NULL,137.51,2,2,68.76,37.65,13.98,137.51,0.00,0.00,USD
2026-02-01,2026-02-28,"Top Notch Sandwiches (872 Cypress Pkwy, Kissimmee, FL 34759)",34250457,908472,34250457,0.00,0,0,0.00,0.00,0.00,0.00,0.00,0.00,NULL
2026-02-01,2026-02-28,Top Notch Sandwiches (9061 Van Nuys Blvd),33415839,908472,33415839,423.91,11,11,38.54,60.18,77.55,423.91,56.88,253.91,USD
2026-02-01,2026-02-28,Top Notch Sandwiches (Smith Rd),2455636,908472,NULL,12.58,1,1,12.58,3.77,0.00,0.00,4.84,12.58,USD
2026-02-01,2026-02-28,Top Panini Shop,35493988,736753,35493988,0.00,0,0,0.00,0.00,0.00,0.00,0.00,0.00,NULL
2026-02-01,2026-02-28,Top Panini Shop,34349411,736753,34349411,0.00,0,0,0.00,0.00,0.00,0.00,0.00,0.00,NULL
2026-02-01,2026-02-28,Top Panini Shop (1424 Lexington Ave),23907042,736753,23907042,80.80,5,5,16.16,19.32,20.36,80.80,6.00,25.18,USD
2026-02-01,2026-02-28,Top Panini Shop (Hillside Ave),2849819,736753,2849819,1036.80,46,46,22.54,250.88,163.00,709.12,35.43,189.37,USD
2026-02-01,2026-02-28,Toretto's Breakfast Cafe,33022161,888348,NULL,243.41,6,6,40.57,41.89,39.94,243.41,0.00,0.00,USD
2026-02-01,2026-02-28,Toretto's Breakfast Cafe,33951729,888348,33951729,499.36,19,19,26.28,82.35,105.39,485.37,0.00,0.00,USD
2026-02-01,2026-02-28,Toss N' Chop Salad Bar (Lawrence Expy),22921336,909362,22921336,281.09,12,12,23.42,70.22,55.93,249.84,6.00,76.03,USD
2026-02-01,2026-02-28,Toss N' Chop Salad Bar (N 1st St),22921640,909362,22921640,31.16,2,2,15.58,7.94,6.66,31.16,0.00,0.00,USD
2026-02-01,2026-02-28,Toss N' Chop Salad Bar (Queens Plaza N),2359110,909362,NULL,82.53,4,4,20.63,19.80,20.47,82.53,3.00,24.47,USD
2026-02-01,2026-02-28,Toss N' Chop Salad Bar (Smith Rd),2459220,909362,NULL,111.85,7,7,15.98,31.23,9.67,38.45,0.00,0.00,USD
2026-02-01,2026-02-28,Twin Bridge Burger (783 Hillside Avenue),33971701,11225545,33971701,0.00,0,0,0.00,0.00,0.00,0.00,0.00,0.00,NULL
2026-02-01,2026-02-28,Two Hand Burger,37532343,304501,37532343,108.38,4,4,27.10,18.69,15.00,108.38,0.00,0.00,USD
2026-02-01,2026-02-28,Two Hand Burger (6600 W Sylvania Ave),27741763,304501,27741763,500.22,15,15,33.35,126.10,79.88,500.22,12.00,164.94,USD
2026-02-01,2026-02-28,Two Hand Burger (97 Lexington Ave),26152960,304501,26152960,45.86,2,2,22.93,11.35,8.00,45.86,0.00,0.00,USD
2026-02-01,2026-02-28,Vegan Falafel Joint (3846 Mowry Ave),35639573,14711421,35639573,529.34,24,24,22.06,101.64,26.05,105.55,0.00,0.00,USD
2026-02-01,2026-02-28,Vegan Indian Company (New York),610571,282200,NULL,716.73,25,25,28.67,185.16,117.30,629.82,6.00,61.42,USD
2026-02-01,2026-02-28,Vegetarian Chinese Snob (2711 La Frontera Blvd #260),24872465,833582,24872465,133.92,2,2,66.96,35.98,15.98,133.92,3.00,69.95,USD
2026-02-01,2026-02-28,Vegetarian Indian Cafe (11121 N Rodney Parham Rd Ste 36B),24920665,425158,24920665,127.27,6,6,21.21,32.13,24.10,100.70,11.95,42.65,USD
2026-02-01,2026-02-28,Vegetarian Pizza Empire (1368 N Arizona Ave),24872471,11329488,24872471,313.43,7,7,44.78,82.36,44.92,313.43,43.02,227.30,USD
2026-02-01,2026-02-28,Vegetarian Sandwich Boss (George St),23046141,1011010,23046141,350.91,13,13,26.99,90.57,61.08,350.91,3.00,73.39,USD
2026-02-01,2026-02-28,Veronica's Burrito Bar,36030439,378895,36030439,0.00,0,0,0.00,0.00,0.00,0.00,0.00,0.00,NULL
2026-02-01,2026-02-28,Veronica's Burrito Bar (1282 Essex Ave),38211845,378895,38211845,0.00,0,0,0.00,0.00,0.00,0.00,0.00,0.00,NULL
2026-02-01,2026-02-28,Veronica's Burrito Bar (4955 Voltaire St),24270701,378895,24270701,0.00,0,0,0.00,0.00,0.00,0.00,0.00,0.00,NULL
2026-02-01,2026-02-28,Village Breakfast Snob (4th Ave),842313,374421,NULL,4414.55,161,159,27.42,1134.54,741.25,3765.45,49.80,417.38,USD
2026-02-01,2026-02-28,Village Quesadilla,34344153,884548,34344153,252.76,14,14,18.05,41.60,54.79,198.40,0.00,0.00,USD
2026-02-01,2026-02-28,Village Quesadilla (Bedford Ave),23026318,884548,23026318,259.44,10,10,25.94,64.39,53.79,246.15,0.00,0.00,USD
2026-02-01,2026-02-28,Village Wraps Snob,34344089,848766,34344089,88.13,2,2,44.07,16.23,7.99,72.74,5.97,72.74,USD
2026-02-01,2026-02-28,Village Wraps Snob,33970681,848766,33970681,190.05,10,10,19.01,32.06,38.59,173.27,38.80,119.44,USD
2026-02-01,2026-02-28,Village Wraps Snob (226 Newark Ave),33899507,848766,33899507,36.36,1,1,36.36,5.87,7.99,36.36,0.00,0.00,USD
2026-02-01,2026-02-28,Village Wraps Snob (2755 Broadway),23557521,848766,23557521,102.20,6,6,17.03,25.41,17.50,87.42,18.08,51.05,USD
2026-02-01,2026-02-28,Viva Vegan Sandwiches (30th St),2477395,879128,NULL,1157.33,40,40,28.93,286.19,214.94,1076.22,55.20,526.52,USD
2026-02-01,2026-02-28,Willy's Wieners (103A E Dakin Ave),28608598,11181610,28608598,0.00,0,0,0.00,0.00,0.00,0.00,0.00,0.00,NULL
2026-02-01,2026-02-28,Wonderland Wraps,1744501,208329,60-84,0.00,0,0,0.00,0.00,0.00,0.00,0.00,0.00,NULL
2026-02-01,2026-02-28,Wonderland Wraps,1769351,208329,217,122.97,4,4,30.74,30.84,20.15,122.97,0.00,0.00,USD
2026-02-01,2026-02-28,Wonderland Wraps (25-02 Queens Plaza S),1786056,208329,NULL,14.09,1,1,14.09,4.23,0.00,0.00,0.00,0.00,USD
2026-02-01,2026-02-28,Wonderland Wraps (400 Commons Way Unit 3500),27682027,208329,27682027,58.06,3,3,19.35,15.04,7.94,43.37,0.00,0.00,USD
2026-02-01,2026-02-28,Wonderland Wraps (415 E Windmill Lane),27741749,208329,27741749,72.02,3,3,24.01,17.42,13.98,72.02,0.00,0.00,USD
2026-02-01,2026-02-28,Wonderland Wraps ,39042725,208329,39042725,0.00,0,0,0.00,0.00,0.00,0.00,0.00,0.00,NULL
2026-02-01,2026-02-28,Wonderland Wraps  (3661 Broadway),32918455,208329,32918455,110.16,6,6,18.36,18.41,22.09,90.58,9.00,50.34,USD
2026-02-01,2026-02-28,Wonderland Wraps  (3846 Mowry Ave),32918453,208329,32918453,566.56,27,27,20.98,95.90,78.58,358.40,66.59,212.54,USD
2026-02-01,2026-02-28,Wonderland Wraps  (468 9th Ave),32918457,208329,32918457,15.78,1,1,15.78,2.37,4.94,15.78,0.00,0.00,USD
2026-02-01,2026-02-28,Wonka's Smoothie Bar,35855559,802012,35855559,125.56,6,6,20.93,21.12,25.94,125.56,0.00,0.00,USD
2026-02-01,2026-02-28,Wonka's Smoothie Bar,34340507,802012,34340507,93.68,3,2,31.23,14.30,15.22,93.68,0.00,0.00,USD
2026-02-01,2026-02-28,Wonka's Smoothie Bar,35808351,802012,35808351,21.96,1,1,21.96,3.79,3.99,21.96,0.00,0.00,USD
2026-02-01,2026-02-28,Wonka's Smoothie Bar,37625155,802012,37625155,167.85,7,7,23.98,29.98,20.97,107.90,0.00,0.00,USD
2026-02-01,2026-02-28,Wonka's Smoothie Bar (59 4th Ave),1795228,802012,NULL,61.44,4,4,15.36,15.43,13.96,61.44,0.00,0.00,USD
2026-02-01,2026-02-28,Wraps On Tap,34341025,857878,34341025,32.88,1,1,32.88,5.26,7.57,32.88,10.13,32.88,USD
2026-02-01,2026-02-28,Wraps On Tap,34340759,857878,34340759,71.52,2,2,35.76,13.48,5.13,20.68,0.00,0.00,USD
2026-02-01,2026-02-28,Wraps On Tap,35636841,857878,35636841,0.00,0,0,0.00,0.00,0.00,0.00,0.00,0.00,NULL
2026-02-01,2026-02-28,Wraps On Tap,39883937,857878,39883937,0.00,0,0,0.00,0.00,0.00,0.00,0.00,0.00,NULL
2026-02-01,2026-02-28,Wraps On Tap (4410 Bergen Tpke),33963677,857878,33963677,30.05,1,1,30.05,5.21,4.99,30.05,7.88,30.05,USD
2026-02-01,2026-02-28,Wraps On Tap (769 9th Ave #1),23784999,857878,23784999,0.00,0,0,0.00,0.00,0.00,0.00,0.00,0.00,NULL
2026-02-01,2026-02-28,Wraps on Tap,37414755,857878,37414755,0.00,0,0,0.00,0.00,0.00,0.00,0.00,0.00,NULL
2026-02-01,2026-02-28,Xiu's Vegetarian Chinese (5874 Forbes Ave),24556111,11217047,24556111,328.81,7,7,46.97,81.84,43.95,328.81,9.00,135.93,USD
2026-02-01,2026-02-28,Xiu's Vegetarian Chinese (9737 Manchester Rd),34344011,11217047,34344011,253.47,10,10,25.35,42.49,50.82,253.47,67.97,188.72,USD
